iteration,t_M,tau_M,field,L,weighted_mean,weighted_variance,R2,residual_RMS,residual_RMS_over_original_SD,squared_residual_norm,original_mask_area,residual_mask_area,intersection_area,dice,jaccard,original_mask_recall,residual_squared_norm_fraction_in_original_mask,residual_concentration_over_area,residual_RMS_inside_original_mask,residual_RMS_outside_original_mask,residual_weighted_median,residual_mask_cutoff
9536,18.625,0.0,repsi2,2,-1.3489046922329573,1.254478389280521,0.8820805815235968,0.38461326310356736,0.3433939697729172,0.14792736215517394,0.051311043205178056,0.051311043205178056,0.051311043205178056,1.0,1.0,1.0,0.4741287023712496,9.240285769972473,1.1691411803165683,0.2863532177110244,0.048028821100165375,0.7074651732802721
9536,18.625,0.0,impsi2,2,4.417044230020168e-11,0.04884423429013,0.7233023098396113,0.1162544055325725,0.5260206176191088,0.013515086805731824,0.05007649582463101,0.050633373916685105,0.013508086420778567,0.26825744994955325,0.15490607997230232,0.26974903491818164,0.0956537204928844,1.9101520367532472,0.16067317943224246,0.113431188107897,-1.2326194331770766e-11,0.23351136457366128
9536,18.625,0.0,abs_npsigma,2,0.22660871138787755,0.03133377394447736,0.973140980517566,0.029010247238396653,0.16388721573824486,0.0008415944448329005,0.05003498077996214,0.050003786221965135,0.0026009421887649604,0.05199868544391101,0.026693352337783447,0.05198247602418542,0.07891432890053654,1.5771831560718799,0.03643279542711643,0.02856588190693809,0.00453690396190988,0.06415341618890315
9536,18.625,0.0,repsi2,4,-1.3489046922329573,1.254478389280521,0.944336762779576,0.26425050268716044,0.23593057712052493,0.06982832817041698,0.051311043205178056,0.05087836705762637,0.02153288212593316,0.42143079347568835,0.26697010921909037,0.41965395324022897,0.7290125796285575,14.207713078711858,0.9960425951792509,0.14123048968066337,-0.024924875016528514,0.32704675393222904
9536,18.625,0.0,impsi2,4,4.417044230020168e-11,0.04884423429013,0.8350123675532152,0.0897702321162456,0.40618669654087003,0.008058694574204613,0.05007649582463101,0.051759336636312325,0.013508086420778567,0.2652914223676478,0.15293140634015628,0.26974903491818164,0.13972636542506495,2.7902584460859594,0.1499527945724971,0.08542919967430007,3.0386176639231535e-10,0.18970317949233578
9536,18.625,0.0,abs_npsigma,4,0.22660871138787755,0.03133377394447736,0.9920662169359054,0.0157669072761549,0.08907178601608201,0.00024859536505486633,0.05003498077996214,0.050741173194080225,0.0,0.0,0.0,0.0,0.03019783960043192,0.6035345498229003,0.01224891390027901,0.015930678769235884,-0.0004791794957427209,0.034317797273543574
9536,18.625,0.0,repsi2,6,-1.3489046922329573,1.254478389280521,0.9575428462941696,0.23078470875325693,0.20605133754923893,0.05326158179432563,0.051311043205178056,0.050914329799008264,0.00280673244733114,0.05491263792632381,0.028231450677763347,0.054700358285599986,0.7955084475831979,15.50364985568875,0.9087072767945412,0.10714768530356128,-0.011964226577334758,0.20674445097934746
9536,18.625,0.0,impsi2,6,4.417044230020168e-11,0.04884423429013,0.9576463914596405,0.04548328900352055,0.20579992356742885,0.0020687295785777734,0.05007649582463101,0.05002042679907239,0.014151594315755568,0.28275783000754123,0.1646580982860344,0.28259953262933496,0.14023469453604578,2.8004094980437686,0.07611366474381114,0.04327105690794805,4.337761367042547e-10,0.09292312159428713
9536,18.625,0.0,abs_npsigma,6,0.22660871138787755,0.03133377394447736,0.9971417713242761,0.009463566516211431,0.05346240432045666,8.955909120675817e-05,0.05003498077996214,0.050187168544311926,0.0,0.0,0.0,0.0,0.020353375188232745,0.4067829120938486,0.00603581874525434,0.009610273677816366,0.000691860372503933,0.020219025268578387
9536,18.625,0.0,repsi2,8,-1.3489046922329573,1.254478389280521,0.9638844007742665,0.2128526221229116,0.19004104616038478,0.04530623874459899,0.051311043205178056,0.05024928672879237,0.00280673244733114,0.05527221995351808,0.028421571656778097,0.054700358285599986,0.834757997989407,16.26858363903167,0.8585268396424459,0.08883360893910384,-0.002290783691751397,0.19114133744821205
9536,18.625,0.0,impsi2,8,4.417044230020168e-11,0.04884423429013,0.990738026044619,0.021269556315675914,0.09623914980599604,0.00045239402586570916,0.05007649582463101,0.050126126050628064,0.006663869336882987,0.13300788366952612,0.07124180252616695,0.13307379494403931,0.09072457064419026,1.811719633137065,0.02862885150638814,0.020809509403372735,-1.396898923366985e-09,0.04567172137179112
9536,18.625,0.0,abs_npsigma,8,0.22660871138787755,0.03133377394447736,0.9989371310194238,0.005770935484821534,0.0326016714383821,3.330369636997235e-05,0.05003498077996214,0.05052743560991167,8.21730972646956e-05,0.0016342705399225086,0.0008178035260663018,0.0016423129575299856,0.01625082560193561,0.32478928438888677,0.0032888727113568996,0.00587265655199684,0.0002162360307050859,0.01110388969163513
9568,18.6875,0.0625,repsi2,2,-1.286223534658972,1.0985805793620798,0.9092356642668513,0.31577196920426115,0.3012711996410356,0.09971193653513684,0.050384133017637514,0.051267380755957576,0.048526557470041976,0.954763105213042,0.913441833114438,0.963131735402785,0.25771642056429145,5.1150313626330535,0.7141636245329929,0.2791801400846597,0.04416058666888967,0.6392711968815212
9568,18.6875,0.0625,impsi2,2,-9.69420556114507e-12,0.05066476064375142,0.7702243124198865,0.10789592306014095,0.479349233419762,0.011641530212999856,0.0500661906101203,0.0506331097916707,0.013014275466701065,0.2584779718384141,0.1484207306359902,0.25994139574242703,0.0955707429596577,1.9088878501640822,0.14907171287978652,0.10527994845479242,-7.440752231388076e-12,0.23025287481101117
9568,18.6875,0.0625,abs_npsigma,2,0.21948217310829898,0.027434251229900473,0.9740527470063234,0.02668039462516086,0.16108151040289093,0.0007118434573543125,0.050015686681310546,0.05053998557969801,0.002605428135470749,0.05182060995441287,0.026599506297620916,0.05209221962845357,0.09634598183556077,1.9263152868310525,0.037030189490904315,0.026021667538714,0.00459053414695991,0.06252322341615485
9568,18.6875,0.0625,repsi2,4,-1.286223534658972,1.0985805793620798,0.9794953033677564,0.15008684654523843,0.14319461104470266,0.02252606150589395,0.050384133017637514,0.05128496981740652,0.025674218197846814,0.5050544852255201,0.33784139972600274,0.5095695144512912,0.18059631541669244,3.584388667628214,0.2841516489271573,0.13941760174823203,-0.00932436068714182,0.28409783067710226
9568,18.6875,0.0625,impsi2,4,-9.69420556114507e-12,0.05066476064375142,0.8679582164281602,0.08179159712122812,0.36337554069012373,0.006689865359641292,0.0500661906101203,0.05043648202219796,0.013014275466701065,0.25898366930624517,0.14875430215123034,0.25994139574242703,0.13984082495482805,2.7931189341687372,0.13669524352754064,0.07783078830145304,3.1386655786134707e-10,0.1727365165564522
9568,18.6875,0.0625,abs_npsigma,4,0.21948217310829898,0.027434251229900473,0.993321088673718,0.013536282032650103,0.08172460661442135,0.000183230931267446,0.050015686681310546,0.050333471307127044,0.0,0.0,0.0,0.0,0.021650476814888794,0.4328737292530059,0.00890594501062299,0.01373688290489484,0.00033810053130809564,0.030328549781957273
9568,18.6875,0.0625,repsi2,6,-1.286223534658972,1.0985805793620798,0.9905786507777086,0.10173549669116187,0.09706363491180123,0.010350111286997407,0.050384133017637514,0.05037962871664432,0.0,0.0,0.0,0.0,0.055765108286710614,1.1067990049007974,0.10703033622791831,0.1014468463409361,-0.006510113420019503,0.13845047704869085
9568,18.6875,0.0625,impsi2,6,-9.69420556114507e-12,0.05066476064375142,0.9661737706597,0.04139804117354999,0.18391908367621881,0.0017137978130069402,0.0500661906101203,0.05151099082556498,0.013014275466701065,0.25624407534759563,0.14694950808478235,0.25994139574242703,0.1379542665570994,2.755437649159062,0.06871872391863651,0.039436491713884136,4.077203071381187e-10,0.09095730417119846
9568,18.6875,0.0625,abs_npsigma,6,0.21948217310829898,0.027434251229900473,0.9973832879685111,0.00847275252017725,0.05115380759522119,7.178753526816995e-05,0.050015686681310546,0.051563730849803584,0.0,0.0,0.0,0.0,0.015867755945852834,0.31725558517188507,0.004772315633898349,0.008623687986593402,0.0004608595318973119,0.01728480680749049
9568,18.6875,0.0625,repsi2,8,-1.286223534658972,1.0985805793620798,0.9942013689795498,0.07981393002448324,0.07614874273716013,0.006370263425953107,0.050384133017637514,0.050539731405552436,0.0037448358379631357,0.07421110674598107,0.03853543189803429,0.0743256976685937,0.018924559532912333,0.375605540861199,0.04891529658024606,0.08112522543628199,0.0007162097793642075,0.0959416228628786
9568,18.6875,0.0625,impsi2,8,-9.69420556114507e-12,0.05066476064375142,0.9922302345758646,0.019840698210292863,0.08814627288850875,0.00039365330547191837,0.0500661906101203,0.051627230087649585,0.009710027782220146,0.1909666862535402,0.10556283557766732,0.19394381046153283,0.0926775736209726,1.8511009623775714,0.026994295927143204,0.019390593476952066,-7.26425878426137e-10,0.03797168615760514
9568,18.6875,0.0625,abs_npsigma,8,0.21948217310829898,0.027434251229900473,0.9990000179277182,0.005237724639227847,0.03162249313829899,2.7433759396374474e-05,0.050015686681310546,0.05018547346504381,2.9971938325261167e-05,0.0005982353553887797,0.0002992071758499796,0.0005992507613908426,0.013671537377513972,0.27334499003534907,0.0027384084225758115,0.005336975739123036,0.00013437864333065708,0.009790698963074523
9600,18.75,0.125,repsi2,2,-1.2371997388849252,1.0076007456659608,0.9065494625578235,0.30685636902241703,0.3056968063983928,0.09416083120962178,0.05090363175258421,0.05019771614164365,0.0474855426645138,0.939365174719394,0.8856631446840071,0.9328517638056957,0.2682475247365599,5.269712896721595,0.7044150385897289,0.26944001010932356,0.045787852370046345,0.6074417559489507
9600,18.75,0.125,impsi2,2,-2.342586589357124e-11,0.052154405896262954,0.7991339554380693,0.10235257309349764,0.44818081681608235,0.010476049218859777,0.050078283076191825,0.05049535604561289,0.012629579402164696,0.2511508882932836,0.14360923799091124,0.25219673332149517,0.09614990919619305,1.9199921261259167,0.14182359469819658,0.09983965228517686,4.704731224393676e-11,0.22293779925836976
9600,18.75,0.125,abs_npsigma,2,0.21452990142073405,0.02496515096419731,0.9744829766077358,0.025239578862271666,0.15974048764250165,0.0006370363411448306,0.05000282897638813,0.05083015868747513,0.004285740617302669,0.08500671688097965,0.04439008618480691,0.08570996291682699,0.1078463080536559,2.1568041301139598,0.037067001653948974,0.024459117686179428,0.004694240535769223,0.05945733885380883
9600,18.75,0.125,repsi2,4,-1.2371997388849252,1.0076007456659608,0.9802015623052476,0.1412406477762463,0.1407069212752254,0.01994892058425366,0.05090363175258421,0.05038501516774486,0.02164239915732465,0.4273410656645059,0.2717315600569637,0.42516414668636954,0.1953618609672135,3.837876674826755,0.2766974828188331,0.13004835162878298,-0.007937188598957867,0.26440945382379577
9600,18.75,0.125,impsi2,4,-2.342586589357124e-11,0.052154405896262954,0.8876594210215705,0.07654447174461525,0.3351724615454402,0.005859056154662202,0.050078283076191825,0.051305716962221234,0.012629579402164696,0.2491434427006138,0.14229803216141582,0.25219673332149517,0.13848859538465752,2.7654421613048004,0.12729053741561167,0.07289545270624832,1.6210654984906007e-10,0.15824677551470312
9600,18.75,0.125,abs_npsigma,4,0.21452990142073405,0.02496515096419731,0.9940851169468122,0.012151787866746436,0.07690827688349158,0.0001476659483584059,0.05000282897638813,0.05116798569411428,0.0,0.0,0.0,0.0,0.018880972111385876,0.3775980779067855,0.007467153291075302,0.012349229813375535,0.00046961660531568555,0.02611420483739881
9600,18.75,0.125,repsi2,6,-1.2371997388849252,1.0076007456659608,0.9921904706881218,0.08870675035164226,0.0883715413007951,0.007868887557948583,0.05090363175258421,0.050276209125881294,0.0036763166125883253,0.07266895422387978,0.03770444853422501,0.0722211065500585,0.06323468356916301,1.2422430658094015,0.09886895875094216,0.08812860898941066,-0.00629501961647283,0.14347718735115111
9600,18.75,0.125,impsi2,6,-2.342586589357124e-11,0.052154405896262954,0.9712690489832229,0.038709762090648935,0.16950206788348365,0.0014984456811146414,0.050078283076191825,0.050540236547775626,0.012629579402164696,0.2510388634093224,0.1435359872539437,0.25219673332149517,0.1332592042297772,2.661017831362736,0.06314578906605366,0.03697610940290425,8.857968249028616e-11,0.0881897867064974
9600,18.75,0.125,abs_npsigma,6,0.21452990142073405,0.02496515096419731,0.9975538492164246,0.007814635218175386,0.049458576441051214,6.106852359314708e-05,0.05000282897638813,0.05106892181916234,0.0,0.0,0.0,0.0,0.013839988116282464,0.27678410201186526,0.004111301067049168,0.007961983043790786,0.0005190174091339594,0.015487746475626962
9600,18.75,0.125,repsi2,8,-1.2371997388849252,1.0076007456659608,0.995797978303511,0.06506888807015859,0.06482300283455686,0.004233960194686827,0.05090363175258421,0.05071320404260089,0.0,0.0,0.0,0.0,0.01591573111102988,0.31266396056744794,0.03638415538879123,0.06625739763830212,0.0006185565682249594,0.08820998089891041
9600,18.75,0.125,impsi2,8,-2.342586589357124e-11,0.052154405896262954,0.9931859804746073,0.01885155537647734,0.08254707460226982,0.00035538114011239173,0.050078283076191825,0.05009739466639306,0.009416290358491964,0.18799554084751813,0.10375004316239275,0.18803141362026146,0.0911246074085654,1.8196432028215397,0.02542964561326962,0.018439767992764672,-1.604803739224731e-10,0.039861459214479235
9600,18.75,0.125,abs_npsigma,8,0.21452990142073405,0.02496515096419731,0.9990451059822626,0.004882527348374404,0.030901359480408556,2.3839073307623992e-05,0.05000282897638813,0.05054732438951737,3.185189683012037e-05,0.0006335524266026768,0.000316876592268321,0.0006370018953359855,0.012298007936601853,0.24594624320974126,0.0024213902043272047,0.00497847686617857,0.00019314200383498126,0.00928347937125096
9632,18.8125,0.1875,repsi2,2,-1.2036768362968742,0.9378533232467181,0.9064299564389328,0.2962346642614383,0.30589220905584896,0.08775497631008708,0.05005739668519439,0.05002007603953283,0.048406862074553414,0.9673877798193641,0.9368354944028628,0.9670271584233393,0.2693847572424411,5.381517519510114,0.6872080779770626,0.25979546050398994,0.05233944156174933,0.5757788730931932
9632,18.8125,0.1875,impsi2,2,-2.6523410447358423e-11,0.05347275021565281,0.8205647215327938,0.09795354932493779,0.4235980151832704,0.00959489782535302,0.05056910612506413,0.05123788959239842,0.010783794158304286,0.2118478024483063,0.11847302636675142,0.21324866078578744,0.08492206194827304,1.6793269340820358,0.12693687544555554,0.09616511161255434,6.000589795373689e-11,0.2137765338454976
9632,18.8125,0.1875,abs_npsigma,2,0.21041242261939916,0.023092449565368028,0.9747430389900564,0.02415046786910325,0.15892438771297362,0.0005832450982965885,0.05000040519445437,0.05008049051551656,0.006219479744236313,0.12428905037500929,0.0662623686234056,0.12438858685341467,0.11688035371856796,2.3375881308164153,0.03692406829068214,0.02328485897459139,0.004366254226977207,0.055819272442694266
9632,18.8125,0.1875,repsi2,4,-1.2036768362968742,0.9378533232467181,0.9818712255810984,0.13039222114511642,0.13464313728854355,0.017002131335156948,0.05005739668519439,0.050485655319369854,0.028172465316358822,0.5604060102547893,0.3892805987290721,0.5628032455129947,0.21489640520007863,4.293000024582563,0.27016689330816374,0.11854042596738928,-0.01122273528088491,0.25572660402088365
9632,18.8125,0.1875,impsi2,4,-2.6523410447358423e-11,0.05347275021565281,0.9019996458240913,0.07239025113849153,0.3130500825361794,0.0052403484598938736,0.05056910612506413,0.05168817178082008,0.010783794158304286,0.21091494667459268,0.11788983775956371,0.21324866078578744,0.12517003400834126,2.4752273393715742,0.1138905341798125,0.06948806672185633,1.5151022294720068e-10,0.14895053036140124
9632,18.8125,0.1875,abs_npsigma,4,0.21041242261939916,0.023092449565368028,0.9946507002372932,0.011114334662063324,0.07313890731140857,0.00012352843498034227,0.05000040519445437,0.05120127164116513,0.0,0.0,0.0,0.0,0.018140813363083482,0.3628133270627077,0.006694606969947328,0.011299165336103227,0.00042363895286276487,0.026287998019247798
9632,18.8125,0.1875,repsi2,6,-1.2036768362968742,0.9378533232467181,0.9934682015413094,0.07826793015827559,0.08081954255432612,0.0061258688912607055,0.05005739668519439,0.050452197128234594,0.007185013410745753,0.1429716933108483,0.07698950672741703,0.14353549897793394,0.0835723538854913,1.669530567301949,0.10113023961824598,0.07687484571157638,-0.005244279597042822,0.12753355045127618
9632,18.8125,0.1875,impsi2,6,-2.6523410447358423e-11,0.05347275021565281,0.9749553218205331,0.036595188488680305,0.15825510475010537,0.0013392078205220394,0.05056910612506413,0.05099620692968675,0.010783794158304286,0.21235191098147962,0.11878843061223983,0.21324866078578744,0.12098419365143204,2.3924526835064484,0.05660381033093775,0.03521199658315557,3.700879418741164e-11,0.08022751386494319
9632,18.8125,0.1875,abs_npsigma,6,0.21041242261939916,0.023092449565368028,0.9977100046819894,0.007271973692615192,0.047853895536419444,5.288160138608743e-05,0.05000040519445437,0.050207483309890465,0.0,0.0,0.0,0.0,0.012914425155706307,0.2582864099897068,0.003695754182371878,0.007412556073573822,0.0004824634636833858,0.014379108894292322
9632,18.8125,0.1875,repsi2,8,-1.2036768362968742,0.9378533232467181,0.9967981833860305,0.0547981236160313,0.05658459696745658,0.0030028343518378473,0.05005739668519439,0.05075476588776021,0.0,0.0,0.0,0.0,0.017074235461380736,0.34109315689664754,0.032003847404742915,0.055741334829044566,-0.0002932024770753716,0.07653174287721837
9632,18.8125,0.1875,impsi2,8,-2.6523410447358423e-11,0.05347275021565281,0.9938990898492758,0.018061905895497752,0.07810832318469148,0.0003262324445778165,0.05056910612506413,0.05100061012794545,0.010783794158304286,0.21234270521031912,0.1187826692673225,0.21324866078578744,0.08359993639939939,1.6531820078576358,0.023223298812947733,0.017744936555022243,-5.374204030405819e-10,0.035675006123456074
9632,18.8125,0.1875,abs_npsigma,8,0.21041242261939916,0.023092449565368028,0.9990909299156755,0.0045817742277036826,0.03015078911611695,2.0992655073649674e-05,0.05000040519445437,0.05138016527585139,3.342968126945074e-05,0.0006594889161576034,0.0003298532253518409,0.0006685882072243383,0.011518687381758744,0.23037188072700462,0.002199117420869102,0.004673650223744118,0.00018008064837232718,0.008935103400567081
9664,18.875,0.25,repsi2,2,-1.1769466654033944,0.8870098258590982,0.9053124486828323,0.289808192439181,0.30771342401196555,0.08398878840486536,0.05091953593141527,0.05002149569397591,0.04782045227252393,0.9474928381947496,0.9002245994883481,0.9391376295521316,0.2669241868117803,5.24207815191613,0.6635328120771808,0.25470272217956846,0.05010788200827321,0.556819892605049
9664,18.875,0.25,impsi2,2,-2.514715371599804e-11,0.05471297836754899,0.8372470421171941,0.09436471302291216,0.403426521045414,0.008904699063896567,0.05007106891873907,0.0500540410100684,0.006119662424799468,0.12224031372651209,0.06509901912374334,0.12221952830148565,0.052418375280124274,1.0468794937290968,0.0965512653869539,0.09424805171883156,4.160006821773616e-11,0.19828714506791473
9664,18.875,0.25,abs_npsigma,2,0.20683399773948613,0.021584287971018974,0.9748888900883914,0.02328101002113243,0.15846485386863735,0.0005420054276040687,0.05001216102356934,0.05096414330632014,0.008711188820905767,0.17253926807315748,0.0944147609077406,0.1741814119329982,0.1233285998219228,2.465972221512313,0.03655913467767716,0.022364604077543454,0.0041803474011936625,0.05230841128121076
9664,18.875,0.25,repsi2,4,-1.1769466654033944,0.8870098258590982,0.9845182600706178,0.11718555985597018,0.12442564016062854,0.01373245543875717,0.05091953593141527,0.05062061333189788,0.031119426724599487,0.6129482170427153,0.44190723415954214,0.6111490640157243,0.23614383918437554,4.637588203915355,0.2523598093072142,0.10513041411103935,-0.0012369814008100222,0.23522882256877004
9664,18.875,0.25,impsi2,4,-2.514715371599804e-11,0.05471297836754899,0.9130253990951941,0.06898289250119086,0.29491456543345895,0.004758639457830853,0.05007106891873907,0.05095357773670968,0.006119662424799468,0.12115186991291307,0.0644819919038893,0.12221952830148565,0.0937337914872099,1.8720149881228136,0.09438349637586,0.06737887210467777,1.2224945483882176e-10,0.14164984477681108
9664,18.875,0.25,abs_npsigma,4,0.20683399773948613,0.021584287971018974,0.9950800087904872,0.01030507191052083,0.07014264900552847,0.00010619450708100542,0.05001216102356934,0.050079879967733734,0.0,0.0,0.0,0.0,0.017058334654645804,0.3410837345462174,0.006018406688109741,0.010482282890807831,0.0006068524055793459,0.024697770317559438
9664,18.875,0.25,repsi2,6,-1.1769466654033944,0.8870098258590982,0.9960273293780733,0.059361585866204374,0.06302912518769951,0.0035237978765507547,0.05091953593141527,0.05114347516358588,0.007087096503475535,0.13887688453319885,0.07461993426392224,0.13918226813813292,0.12687469412506003,2.4916702755490654,0.09370241419539002,0.05693669650825683,0.0017702225138502836,0.12286092405294768
9664,18.875,0.25,impsi2,6,-2.514715371599804e-11,0.05471297836754899,0.977794540155949,0.03485580072368212,0.14901496516810311,0.0012149268440890392,0.05007106891873907,0.05137909052246184,0.006119662424799468,0.12064372216874314,0.06419417307502961,0.12221952830148565,0.09790481564499906,1.9553170675043896,0.048739790664471906,0.033966882494847375,5.3007043507890594e-11,0.07872510849228115
9664,18.875,0.25,abs_npsigma,6,0.20683399773948613,0.021584287971018974,0.9978421787232998,0.006824590524440876,0.04645235491016753,4.65750358262882e-05,0.05001216102356934,0.05028559030335533,0.0,0.0,0.0,0.0,0.011550095359355054,0.23094573645621544,0.0032796807694311877,0.006961373053691119,0.0002708364857584855,0.012918555207988583
9664,18.875,0.25,repsi2,8,-1.1769466654033944,0.8870098258590982,0.9987510805709667,0.03328368677383594,0.03534005417416961,0.0011078038052588215,0.05091953593141527,0.050359669701648714,0.0,0.0,0.0,0.0,0.04534552065273148,0.8905328735479529,0.03140916595556933,0.03338128238564438,0.00029189417423491903,0.06762873997986718
9664,18.875,0.25,impsi2,8,-2.514715371599804e-11,0.05471297836754899,0.9944880817797013,0.017365870618857585,0.07424229401290539,0.00030157346235090113,0.05007106891873907,0.051387391697286865,0.006119662424799468,0.12063385128539657,0.06418858367109802,0.12221952830148565,0.06942277827291717,1.3864848458814454,0.020448154818210933,0.017188073913820205,-3.272934523599392e-10,0.0321715175000112
9664,18.875,0.25,abs_npsigma,8,0.20683399773948613,0.021584287971018974,0.9991327668171296,0.004326500983138538,0.02944882311520158,1.8718610757098734e-05,0.05001216102356934,0.05019464612729652,0.0,0.0,0.0,0.0,0.010415824434079193,0.20826583416722394,0.0019744485518186435,0.004415746717493423,0.00016731055523977467,0.008553771508470226
9696,18.9375,0.3125,repsi2,2,-1.1507304196760983,0.8346723786562655,0.9039104706278076,0.2832018291696734,0.3099831114305945,0.08020327604504887,0.051568715037414725,0.05036997917160054,0.04687417169710199,0.9196541521513139,0.8512590241195809,0.9089652837596071,0.2729369972886965,5.292685634898448,0.6515295288744978,0.2479585804399551,0.05640451942335134,0.5679705062126719
9696,18.9375,0.3125,impsi2,2,-2.273103684379235e-11,0.055883384988611416,0.8508958691856303,0.09128221921980043,0.38614004041845973,0.008332443545691702,0.050054770481513744,0.05050956413491578,0.005981274014960704,0.11895418067994701,0.06323832171347411,0.11949458478028005,0.05386785338320997,1.0761782116872252,0.094695270177487,0.09109883145888363,4.773905372996756e-11,0.20107035854786823
9696,18.9375,0.3125,abs_npsigma,2,0.203594149753814,0.020314785577825508,0.974963788061234,0.02255227875885332,0.15822835377632546,0.0005086052772170267,0.050124154097019494,0.05008734268528715,0.010085702470885142,0.2012883310743219,0.11190694681741069,0.20121441753138458,0.12970064590980035,2.5875877258447875,0.03627755191060532,0.021586952678015473,0.004483894791792092,0.04992120040757156
9696,18.9375,0.3125,repsi2,4,-1.1507304196760983,0.8346723786562655,0.9840933484642744,0.11522518246364544,0.1261215744261288,0.013276842673780383,0.051568715037414725,0.05057580848026555,0.03374108032052703,0.6606537317624622,0.49326581738404707,0.6542936021587277,0.2297311154610238,4.454854368474115,0.24320033014951706,0.10384023116007808,0.001741449985851684,0.23548132381705345
9696,18.9375,0.3125,impsi2,4,-2.273103684379235e-11,0.055883384988611416,0.9219520410876295,0.06604229050748714,0.27937064790770433,0.004361584135475326,0.050054770481513744,0.051593100000752484,0.005981274014960704,0.11768616472893474,0.06252207390909773,0.11949458478028005,0.09257568351885767,1.8494877237135225,0.0898147889520722,0.06454729556150127,1.1801212716135526e-10,0.137723188283382
9696,18.9375,0.3125,abs_npsigma,4,0.203594149753814,0.020314785577825508,0.9954168208018866,0.009649160723836175,0.06769918166501966,9.310630267442266e-05,0.050124154097019494,0.05002803356257068,0.0,0.0,0.0,0.0,0.01675996614576614,0.3343690571480932,0.005579593770140591,0.009817160579343401,0.0005494231798152463,0.022062502370242633
9696,18.9375,0.3125,repsi2,6,-1.1507304196760983,0.8346723786562655,0.995653014485934,0.06023544420862027,0.0659316730719463,0.0036283087390098054,0.051568715037414725,0.050598010676507425,0.006996304564398968,0.136958574633964,0.07351343495062404,0.13566955390148713,0.11146011394922341,2.161390173642209,0.0885561452155408,0.05830256284116396,-0.0008152268132778362,0.1144606106820748
9696,18.9375,0.3125,impsi2,6,-2.273103684379235e-11,0.055883384988611416,0.980070566400007,0.033372506805353634,0.1411716458783171,0.0011137242104733746,0.050054770481513744,0.05141371406356382,0.005981274014960704,0.11789422187149176,0.06263953027588127,0.11949458478028005,0.09457534971364814,1.8894372864735594,0.04587278114652217,0.032581097105641804,-1.6404551751606593e-11,0.07043124746163448
9696,18.9375,0.3125,abs_npsigma,6,0.203594149753814,0.020314785577825508,0.997956277755198,0.00644342914788276,0.04520754632582944,4.151777918378516e-05,0.050124154097019494,0.05025053589400794,0.0,0.0,0.0,0.0,0.011087337033550054,0.22119748918035775,0.003030450216023652,0.006574498100749257,0.00017334061005702672,0.013633868023418438
9696,18.9375,0.3125,repsi2,8,-1.1507304196760983,0.8346723786562655,0.9983182125131975,0.03746653923174278,0.04100960237313235,0.001403741562003721,0.051568715037414725,0.051081298274264664,0.0035143707561049948,0.06847287482436466,0.035450123341207736,0.06814927914250352,0.03583575722076767,0.6949127430219602,0.031232641568492675,0.03777601605461936,0.0010159202209085727,0.06442606309882182
9696,18.9375,0.3125,impsi2,8,-2.273103684379235e-11,0.055883384988611416,0.9949831945859816,0.016743836727719858,0.07082941065700323,0.0002803560683645405,0.050054770481513744,0.05048224848999005,0.005981274014960704,0.11898650021950691,0.06325659025487705,0.11949458478028005,0.06846036826686391,1.3677091635481124,0.01958176610417209,0.0165808337800952,-3.113657686185485e-10,0.03564824132367886
9696,18.9375,0.3125,abs_npsigma,8,0.203594149753814,0.020314785577825508,0.9991698062567259,0.004106727149770975,0.02881308284918708,1.686520788266604e-05,0.050124154097019494,0.0513686338018422,0.0,0.0,0.0,0.0,0.01022747162363125,0.20404277753665673,0.0018550536003340433,0.004192085434998756,0.00014782621616554747,0.008025977999044578
9728,19.0,0.375,repsi2,2,-1.1300914093547945,0.7944807342943427,0.9017012548443185,0.2794574372449198,0.31352630695953004,0.07809645923149827,0.05108282606351464,0.05161357138591934,0.04948402558336568,0.9636954520771929,0.9299345969375957,0.9687018005197859,0.2690103148023735,5.266159598685774,0.6413021272421656,0.24527717926209572,0.03664649367643755,0.5543740960406297
9728,19.0,0.375,impsi2,2,-2.0098239443357472e-11,0.05703404343673348,0.8623018852587827,0.08861986378519714,0.37107696606124346,0.007853480257306896,0.050654683537421114,0.05149430130641174,0.002924251626503902,0.05725463901524912,0.029470995100576398,0.05772914609847701,0.02980410324439829,0.5883780366011078,0.06797657901277318,0.08958776226021502,5.128747560705442e-11,0.20413465075182585
9728,19.0,0.375,abs_npsigma,2,0.20056965231429869,0.019213184138079695,0.9750002417274131,0.02191631718831187,0.15811311859737304,0.00048032495909869436,0.05002539870556366,0.0500418885359301,0.008713287314157193,0.1741485665166339,0.09537937387621545,0.17417726873985173,0.13519000895073044,2.702427415849762,0.03602836851683999,0.02091086168331853,0.0037939201285981036,0.050417167022373054
9728,19.0,0.375,repsi2,4,-1.1300914093547945,0.7944807342943427,0.984454293564666,0.11113399238697619,0.12468242231900231,0.012350764263868481,0.05108282606351464,0.050896109001843715,0.03341460896483679,0.6553237478587387,0.48734685900431557,0.6541260838484192,0.23221803572492547,4.5459120729967735,0.23695039222980163,0.0999658621500764,0.001734340638758658,0.22046468281398757
9728,19.0,0.375,impsi2,4,-2.0098239443357472e-11,0.05703404343673348,0.9293629233307275,0.06347218366339041,0.2657763658967301,0.004028718098999165,0.050654683537421114,0.05055656058216865,0.002924251626503902,0.05778511373792911,0.02975217322586824,0.05772914609847701,0.06529598849875219,1.2890414851869487,0.07206375484065082,0.06298083105445289,7.254296002129811e-11,0.1336825756323038
9728,19.0,0.375,abs_npsigma,4,0.20056965231429869,0.019213184138079695,0.9956888478826489,0.009101151546806555,0.06565936427769557,8.283095947793935e-05,0.05002539870556366,0.05065338018782464,0.0,0.0,0.0,0.0,0.01603413222330036,0.3205198286908825,0.0051525687712218405,0.009262545745162975,0.000494307210689604,0.019290963855827924
9728,19.0,0.375,repsi2,6,-1.1300914093547945,0.7944807342943427,0.9959678961824707,0.05659884099256487,0.06349884894649056,0.0032034288017016416,0.05108282606351464,0.05088885448379924,0.006909730877631531,0.1355225458783232,0.0726866101699071,0.13526524294173167,0.11394685087450486,2.230629345620527,0.08453201932807285,0.054691932775665884,-0.0009188119958647434,0.10687705206311038
9728,19.0,0.375,impsi2,6,-2.0098239443357472e-11,0.05703404343673348,0.9819712587202855,0.03206636888169398,0.13427114835181306,0.001028252013256872,0.050654683537421114,0.05012384953546492,0.002924251626503902,0.058033224682661255,0.029883737157747198,0.05772914609847701,0.07131593328000883,1.4078842922258952,0.03804812555059714,0.03171550824507957,-5.766275177254201e-11,0.07483377780869378
9728,19.0,0.375,abs_npsigma,6,0.20056965231429869,0.019213184138079695,0.9980585167024905,0.006107542557858906,0.044062266141332074,3.730207609605771e-05,0.05002539870556366,0.05049684875545105,0.0,0.0,0.0,0.0,0.010369107190757992,0.2072768525402032,0.0027806216798417563,0.006233717640876317,0.0001963695287274525,0.01278284113944754
9728,19.0,0.375,repsi2,8,-1.1300914093547945,0.7944807342943427,0.9984043512581616,0.03560494606219189,0.039945572243220796,0.0012677121840915938,0.05108282606351464,0.05009221185378061,0.003466523501601714,0.06852527210190712,0.03547821315605772,0.06786084030064345,0.035921043457583096,0.703192172902104,0.02985708099171518,0.03588826643897331,0.0010487789217275,0.05565976126041494
9728,19.0,0.375,impsi2,8,-2.0098239443357472e-11,0.05703404343673348,0.9954056483860959,0.016187478170210313,0.06778164658596117,0.0002620344495110354,0.050654683537421114,0.05049891574905527,0.002924251626503902,0.05781804398718724,0.029769632967800993,0.05772914609847701,0.05151015365140275,1.0168882727961306,0.016323595154755635,0.016180183129826727,-1.1984333766793876e-10,0.03321792044538851
9728,19.0,0.375,abs_npsigma,8,0.20056965231429869,0.019213184138079695,0.9992024004663499,0.003914642602903245,0.028241804716590966,1.5324426708465096e-05,0.05002539870556366,0.050654479951396984,0.0,0.0,0.0,0.0,0.010179631115427254,0.203489255035065,0.0017658867955633554,0.003995897270109066,0.0001647364126929271,0.00796694090849024
9760,19.0625,0.4375,repsi2,2,-1.1108042176743245,0.755042422305898,0.8997225436851749,0.27516128637331855,0.31666615909317675,0.07571373351861942,0.05073804014265729,0.051196033568317714,0.04782641938702151,0.9383794377261732,0.8839122668425994,0.9426146388892961,0.28279874655439474,5.573702605762175,0.649619760940746,0.2391744655984387,0.03924365849179012,0.5357763770383961
9760,19.0625,0.4375,impsi2,2,-1.7835080170402117e-11,0.05814809580131755,0.8719566330561714,0.08628718310255007,0.35783147841383184,0.007445477967773003,0.050087709694713864,0.05046010879083252,0.0,0.0,0.0,0.0,0.006480503683654141,0.12938311061042743,0.03103738229058428,0.08824553389518314,5.232348620639051e-11,0.20609592239857227
9760,19.0625,0.4375,abs_npsigma,2,0.19773200786880823,0.01824400645510887,0.9750016749096382,0.02135578620223268,0.1581085863903724,0.00045606960431547166,0.050022330058916716,0.050096003824820386,0.009128969934059105,0.18236360074989194,0.10033007747046035,0.18249789490627344,0.1395499951721151,2.7897539960204165,0.03566962294589806,0.020324584996898466,0.0035824951182391596,0.048894750218352157
9760,19.0625,0.4375,repsi2,4,-1.1108042176743245,0.755042422305898,0.9831903615211401,0.1126587331508961,0.12965198987620632,0.012691990155164817,0.05073804014265729,0.050301804951351385,0.035260348630862255,0.6979493802282773,0.5360385914570993,0.6949489679089441,0.30185375836264805,5.94925932326008,0.2747870825954878,0.09661510422109137,0.0030220760594136253,0.2057079106064167
9760,19.0625,0.4375,impsi2,4,-1.7835080170402117e-11,0.05814809580131755,0.9356175695347038,0.06118591124284828,0.2537369316148049,0.0037437157346177077,0.050087709694713864,0.05060059111642422,0.0,0.0,0.0,0.0,0.039786649255667425,0.7943395595080766,0.05453238952732298,0.06151677349990327,8.769325606249818e-11,0.13066521721977353
9760,19.0625,0.4375,abs_npsigma,4,0.19773200786880823,0.01824400645510887,0.9959038148370827,0.008644699448424194,0.06400144656894377,7.473082855358556e-05,0.050022330058916716,0.050613988026700786,0.0,0.0,0.0,0.0,0.01759274265143699,0.3516977843838164,0.00512666234771346,0.008791014193857643,0.00023411120452848655,0.01676898074414604
9760,19.0625,0.4375,repsi2,6,-1.1108042176743245,0.755042422305898,0.9948676780452381,0.062250468277573356,0.07164022581456525,0.0038751208007771665,0.05073804014265729,0.051106797318643364,0.012324335584211261,0.24202180280162564,0.13767053720423092,0.24290129357696164,0.41088461653601244,8.098157031307306,0.17714778226096653,0.0490399214337042,0.001817671825690148,0.10371009607493287
9760,19.0625,0.4375,impsi2,6,-1.7835080170402117e-11,0.05814809580131755,0.9835740734321703,0.030905280320546683,0.12816367101417517,0.0009551363516915701,0.050087709694713864,0.05113602328714142,0.0,0.0,0.0,0.0,0.0475362108260619,0.9490593823474176,0.030107824830000046,0.030946758838020533,-7.359164926685532e-11,0.06668915639513286
9760,19.0625,0.4375,abs_npsigma,6,0.19773200786880823,0.01824400645510887,0.9981443948222385,0.00581839091512539,0.04307673592278631,3.3853672841213676e-05,0.050022330058916716,0.05054414025446061,0.0,0.0,0.0,0.0,0.010792490694292112,0.21575345813720845,0.0027026000418370355,0.005937312396075733,0.00034497129319155384,0.011672184079754712
9760,19.0625,0.4375,repsi2,8,-1.1108042176743245,0.755042422305898,0.997329888019574,0.04490042112863554,0.0516731262884874,0.002016047817528821,0.05073804014265729,0.050706037931393944,0.005573345469448147,0.1098801541747911,0.05813396140857854,0.10984550159560531,0.6331839235417468,12.47947145300566,0.15861655394928137,0.02791139585437812,0.00103711476399182,0.05802662333398967
9760,19.0625,0.4375,impsi2,8,-1.7835080170402117e-11,0.05814809580131755,0.99577344087385,0.01567693735961543,0.06501199217182972,0.00024576636497730605,0.050087709694713864,0.05118903218452878,0.0,0.0,0.0,0.0,0.03338830866189186,0.6665968331431928,0.012799495325480076,0.01581413680598183,-1.734635070569881e-10,0.03276543232964897
9760,19.0625,0.4375,abs_npsigma,8,0.19773200786880823,0.01824400645510887,0.9992287405704056,0.003751114769249864,0.02777155792523054,1.407086201208446e-05,0.050022330058916716,0.050968520708406066,0.0,0.0,0.0,0.0,0.010574599776923656,0.211397585127858,0.0017246872905028227,0.003828204956321526,8.550112266794696e-05,0.007670094120098808
9792,19.125,0.5,repsi2,2,-1.0938399198000979,0.7196690915109105,0.898168440882723,0.27071207146536774,0.3191105750633737,0.07328502563707037,0.05038094559294822,0.050380945592948215,0.04871895095394855,0.9670114441196138,0.9361298715409854,0.9670114441196137,0.2849861925938127,5.656626513054213,0.6438524823501964,0.2349038453104476,0.04225580666389783,0.5187154018941631
9792,19.125,0.5,impsi2,2,-1.5997145111468322e-11,0.05925514423231909,0.8801979073875439,0.08425491248042889,0.34612438893041914,0.007098890277084733,0.050083313385686674,0.050213824805134415,0.0,0.0,0.0,0.0,0.008467253935651476,0.16906337387157247,0.03464335926246251,0.08608074247517056,4.1411296147502324e-11,0.19795447779739814
9792,19.125,0.5,abs_npsigma,2,0.19503917620640154,0.01737722150116077,0.9749749133324875,0.02085345233066002,0.15819319412513452,0.00043486647410710986,0.05007909273756755,0.05005518106809985,0.010572605787091419,0.21116857166428127,0.1180483349740489,0.2111181574813201,0.14278041298347627,2.851098236377743,0.03521146173317132,0.019809808776878653,0.0032363902521569954,0.04645073655237353
9792,19.125,0.5,repsi2,4,-1.0938399198000979,0.7196690915109105,0.982267035209913,0.11296843214047399,0.1331651785944321,0.012761866660276875,0.05038094559294822,0.050709772980127285,0.034697853029365754,0.6864696090627489,0.5226141806836523,0.6887098410122414,0.3333628433278633,6.616843717489174,0.29059125457330537,0.09465142340321991,-0.001598944246160361,0.20915958887715558
9792,19.125,0.5,impsi2,4,-1.5997145111468322e-11,0.05925514423231909,0.9409435560006834,0.059155710688211544,0.2430153163883229,0.003499398107027385,0.050083313385686674,0.05139553499778279,0.0,0.0,0.0,0.0,0.03938979462787276,0.7864853973325571,0.052461657528429566,0.05948774631016947,9.141422245893867e-11,0.1233051021593279
9792,19.125,0.5,abs_npsigma,4,0.19503917620640154,0.01737722150116077,0.9960730657789306,0.008260702499183146,0.06266525529405725,6.823920578001069e-05,0.05007909273756755,0.051335423547309855,0.0,0.0,0.0,0.0,0.019339326952728452,0.38617566524364727,0.0051334511478920075,0.008393297912156443,0.00023667147285746926,0.015635914599451187
9792,19.125,0.5,repsi2,6,-1.0938399198000979,0.7196690915109105,0.9937088313202614,0.06728714326146812,0.07931688773356244,0.004527559648289335,0.05038094559294822,0.05027928060643896,0.00886435905611815,0.1761243619413229,0.0965659929142914,0.17594665903529383,0.5062692930505788,10.048824750947922,0.21329944551058483,0.048517950759550045,0.00021465273353449277,0.1004588530253433
9792,19.125,0.5,impsi2,6,-1.5997145111468322e-11,0.05925514423231909,0.9849158475013117,0.029896716072707226,0.12281755777855331,0.0008938136319320705,0.050083313385686674,0.05031396521505019,0.0,0.0,0.0,0.0,0.045788169094333024,0.9142400132699455,0.02858601383051569,0.029964230352075516,-3.932110755195261e-11,0.06212870225093579
9792,19.125,0.5,abs_npsigma,6,0.19503917620640154,0.01737722150116077,0.9982149120572045,0.005569548328276683,0.04225030109709924,3.1019868581009596e-05,0.05007909273756755,0.05151334294725034,0.0,0.0,0.0,0.0,0.01140978084988922,0.22783521478075838,0.0026584616643136345,0.005681779928633307,0.000479635188643579,0.01136457685461741
9792,19.125,0.5,repsi2,8,-1.0938399198000979,0.7196690915109105,0.9959491428733357,0.053993302067821,0.0636463441735993,0.0029152766681869633,0.05038094559294822,0.050096510916029284,0.002176814908134278,0.04332941903121886,0.022144462871090814,0.04320710702259953,0.7150774984147049,14.193411616212176,0.20341514625690282,0.02957525873308448,-0.00016493100807257743,0.061053321621212686
9792,19.125,0.5,impsi2,8,-1.5997145111468322e-11,0.05925514423231909,0.9960761024604481,0.015248315141647224,0.06264102122053782,0.000232511114658988,0.050083313385686674,0.050652014061848126,0.0,0.0,0.0,0.0,0.03238293140982254,0.6465812507340473,0.012261212310606806,0.015389725055724874,-1.7820495320283893e-10,0.031682283434414954
9792,19.125,0.5,abs_npsigma,8,0.19503917620640154,0.01737722150116077,0.9992483276488359,0.0036141357116850708,0.027416643688900507,1.3061976942477354e-05,0.05007909273756755,0.05034254253748144,0.0,0.0,0.0,0.0,0.010923084404943356,0.21811665922512308,0.0016879084020078661,0.003687871381239557,3.292735019139181e-05,0.007306065553632224
9824,19.1875,0.5625,repsi2,2,-1.0781568191131237,0.6851154155773946,0.8991230807896249,0.2628922448969985,0.31761127059721156,0.06911233242698342,0.050277629280302855,0.050034188291117,0.044555269360099445,0.8883354013275067,0.7991037965842596,0.8861847704015502,0.2637660768891187,5.246191609763384,0.6021432873574348,0.23146607812349934,0.04102681769700145,0.4986111286499393
9824,19.1875,0.5625,impsi2,2,-1.4566550451670826e-11,0.06034392040405868,0.8873024536987436,0.08246582179142904,0.33570455210088584,0.006800611763735733,0.050085414513606194,0.05065887155775628,0.0,0.0,0.0,0.0,0.0108819920693782,0.21726868340925878,0.03843904218739562,0.08415031916141404,4.79130929822561e-11,0.19113367934724068
9824,19.1875,0.5625,abs_npsigma,2,0.1924421676352406,0.016590525975963152,0.974939210703827,0.02039048002858923,0.1583059989266766,0.00041577167579629626,0.05003150136551318,0.050054740352144564,0.012928669366887326,0.2583505813588039,0.14833673102843192,0.25841058161406855,0.14536260485369235,2.9054216021166837,0.0347561794276473,0.01934032615540926,0.0031145748478885737,0.04359834556673686
9824,19.1875,0.5625,repsi2,4,-1.0781568191131237,0.6851154155773946,0.9839299198717756,0.10492787820884622,0.12676781976599724,0.011009859625410467,0.050277629280302855,0.051113273884545965,0.025696260845618546,0.5068750754461604,0.3394726503528295,0.5110873605905183,0.20651616469927186,4.1075159599893505,0.21265741023678406,0.09590949380040774,-0.004205923525975486,0.19523120713581088
9824,19.1875,0.5625,impsi2,4,-1.4566550451670826e-11,0.06034392040405868,0.9455595125232252,0.05731624938057835,0.23332485396282743,0.0032851524430566486,0.050085414513606194,0.051092444373014294,0.0,0.0,0.0,0.0,0.03938842196437467,0.7864249971151666,0.050828397580031055,0.05763806519950055,6.377732622491689e-11,0.12167998305428511
9824,19.1875,0.5625,abs_npsigma,4,0.1924421676352406,0.016590525975963152,0.9962080061788608,0.00793165632073785,0.061579167103324325,6.291117199030069e-05,0.05003150136551318,0.05028645517909591,0.0,0.0,0.0,0.0,0.021093171652087964,0.42159781490442205,0.005150069188291265,0.00805155872444531,0.0002299889666313691,0.01450904006581557
9824,19.1875,0.5625,repsi2,6,-1.0781568191131237,0.6851154155773946,0.9954373387062939,0.055910192169016604,0.06754747436955823,0.0031259495883763653,0.050277629280302855,0.05000767532667886,0.006625271037185422,0.13212845218249814,0.07073744034319837,0.1317737357950763,0.08520417458374815,1.6946736710421704,0.07278368267974998,0.05487249884681171,0.0010375207970239608,0.09623712075755803
9824,19.1875,0.5625,impsi2,6,-1.4566550451670826e-11,0.06034392040405868,0.9860893821285874,0.028972766826863373,0.11794328243445043,0.0008394212176037948,0.050085414513606194,0.051275196551465535,0.0,0.0,0.0,0.0,0.04480847662751191,0.8946412256474238,0.02740402939261874,0.029053129709986025,-3.4726070323657264e-11,0.058835751572358874
9824,19.1875,0.5625,abs_npsigma,6,0.1924421676352406,0.016590525975963152,0.9982747056415968,0.005350097276617517,0.04153666282217617,2.8623540869270175e-05,0.05003150136551318,0.05091794951173671,0.0,0.0,0.0,0.0,0.012040040562126215,0.24064919567705478,0.002624544167587807,0.005456029983046906,0.0002605266441482179,0.010479572189677884
9824,19.1875,0.5625,repsi2,8,-1.0781568191131237,0.6851154155773946,0.9977033079676888,0.03966735580008072,0.047923814876439326,0.0015734991161701975,0.050277629280302855,0.051242072055993654,0.0030724566418113535,0.060529268730479466,0.031209168436823375,0.061109815355097546,0.024850048636998898,0.4942565708191484,0.027887493206547674,0.04019486916857912,4.7082350477789525e-05,0.046909478978532815
9824,19.1875,0.5625,impsi2,8,-1.4566550451670826e-11,0.06034392040405868,0.9963533046829782,0.014834280971729412,0.06038787392367559,0.0002200558919482133,0.050085414513606194,0.05102903652446989,0.0,0.0,0.0,0.0,0.03063797580539016,0.611714530126671,0.011602214725848973,0.014985361475662696,-1.1237958437760658e-10,0.031399557911236435
9824,19.1875,0.5625,abs_npsigma,8,0.1924421676352406,0.016590525975963152,0.9992627624504618,0.00349730735224551,0.027152118693359727,1.2231158716070499e-05,0.05003150136551318,0.051059275364036656,0.0,0.0,0.0,0.0,0.011333403532681889,0.22652535349446914,0.001664532232131546,0.0035678298066045885,4.4948063331551324e-05,0.007154036559056411
9856,19.25,0.625,repsi2,2,-1.0648852306268315,0.6573513173740843,0.8980570063788089,0.258867458661663,0.3192851290323291,0.06701236115394779,0.05145988942255293,0.0507473321442384,0.04852445047664649,0.9495307617756986,0.9039110591955765,0.9429567576058577,0.26370628841136096,5.124501653044525,0.5860076411684596,0.2280736724474378,0.03909611649084899,0.5002547936145765
9856,19.25,0.625,impsi2,2,-1.3317111844692031e-11,0.0614095778113021,0.893423800315324,0.0808999346561478,0.32646010427719346,0.0065447994273689835,0.05005508304651378,0.05118553384381981,0.0,0.0,0.0,0.0,0.013182865513630489,0.2633671689522578,0.04151728912810333,0.08245505772578185,5.0261815821662824e-11,0.18699713835147802
9856,19.25,0.625,abs_npsigma,2,0.1899351263521623,0.015867565475086047,0.9749076671323191,0.019953802512317802,0.158405596074384,0.00039815423470058027,0.05001921637772093,0.050032685932409005,0.012473908474417575,0.2493487517259256,0.14243199607674722,0.24938232498927315,0.147910028573342,2.9570640902567726,0.0343127904696886,0.018897788596482664,0.003125852483921887,0.043403485898610636
9856,19.25,0.625,repsi2,4,-1.0648852306268315,0.6573513173740843,0.9845704315469616,0.10071071020064572,0.12421581402155872,0.010142647149118444,0.05145988942255293,0.05052440062936657,0.03330398737383104,0.6531199532178183,0.4849132294877937,0.6471834228084283,0.2098430356668788,4.077798029136699,0.20337076130777537,0.09191883142416818,0.0021362877359367705,0.19341436934615186
9856,19.25,0.625,impsi2,4,-1.3317111844692031e-11,0.0614095778113021,0.9495679963569648,0.055650768655040574,0.22457070967300094,0.0030970080518968462,0.05005508304651378,0.05053876775798387,0.0,0.0,0.0,0.0,0.03913188543871326,0.7817764561962645,0.04920536535402631,0.055969811805361896,4.7404128544887287e-11,0.1226176098683678
9856,19.25,0.625,abs_npsigma,4,0.1899351263521623,0.015867565475086047,0.9963210803857903,0.007640385975593862,0.0606540980825677,5.837549785605138e-05,0.05001921637772093,0.05092066877902379,0.0,0.0,0.0,0.0,0.022849921999107545,0.45682287036558084,0.005164035484930482,0.007748872660370829,0.0002527583151596402,0.014093399515853474
9856,19.25,0.625,repsi2,6,-1.0648852306268315,0.6573513173740843,0.9961688907581118,0.050183510311248916,0.061895954971938054,0.002518384707159226,0.05145988942255293,0.05073787835327486,0.009747599025582967,0.1907595290528157,0.10543624914213208,0.18942129753801923,0.09502370373118568,1.8465586459177343,0.06819343850218927,0.04901757121813559,0.0019079635802398132,0.09212944466388973
9856,19.25,0.625,impsi2,6,-1.3317111844692031e-11,0.0614095778113021,0.9871068699301938,0.02813825997202031,0.11354791970708297,0.0007917616742530004,0.05005508304651378,0.05134498989139376,0.0,0.0,0.0,0.0,0.043131823402429686,0.8616871809472249,0.026119932715631615,0.028240610550265915,-2.0054618653247692e-11,0.06160617499252647
9856,19.25,0.625,abs_npsigma,6,0.1899351263521623,0.015867565475086047,0.9983371777986869,0.00513662731301021,0.04077771697033946,2.638494015276249e-05,0.05001921637772093,0.05012743846182433,0.0,0.0,0.0,0.0,0.012947586372396475,0.2588522433982685,0.0026133887867042715,0.00523589289324136,2.061373860734461e-05,0.009493323097697445
9856,19.25,0.625,repsi2,8,-1.0648852306268315,0.6573513173740843,0.9983224730854278,0.0332072962950089,0.04095762339995071,0.001102724527224512,0.05145988942255293,0.0500288426166074,0.0,0.0,0.0,0.0,0.029948915235142693,0.5819856119243274,0.025333176049613722,0.03358172259749631,-0.0007620033442170548,0.05453907112976064
9856,19.25,0.625,impsi2,8,-1.3317111844692031e-11,0.0614095778113021,0.996603443282355,0.014442337554659393,0.05827998556661676,0.00020858111404272505,0.05005508304651378,0.05036570119952947,0.0,0.0,0.0,0.0,0.028783533360709622,0.5750371712291931,0.010951798655516012,0.014603141664296333,-6.490884189462681e-11,0.032142577340590464
9856,19.25,0.625,abs_npsigma,8,0.1899351263521623,0.015867565475086047,0.9992843834021431,0.0033697319213185865,0.026751011155785282,1.1355093221553451e-05,0.05001921637772093,0.050312434255646556,0.0,0.0,0.0,0.0,0.011902311740263155,0.23795478222574806,0.0016437757555967966,0.003436670408393367,6.22492236229677e-06,0.007020198379717582
9888,19.3125,0.6875,repsi2,2,-1.0524832056663376,0.6312615417818341,0.8970749743549156,0.2548972545490649,0.3208193037288816,0.06497261037665081,0.05088757892796696,0.050260171516785454,0.046395948582142195,0.9173896281061431,0.8473866978581722,0.9117342494878207,0.2640861753196517,5.1895999157962365,0.5806736203236106,0.22445010351365718,0.03483081792514997,0.5025387274635176
9888,19.3125,0.6875,impsi2,2,-1.2149957382624386e-11,0.06247920341941494,0.8987945888072568,0.07951876176762898,0.3181279792673746,0.006323233473056933,0.0501055074487005,0.05103108725838129,0.0,0.0,0.0,0.0,0.01519862219877037,0.3033323674913615,0.043795449302216134,0.08096666436278374,4.042581328793894e-11,0.18462042118902547
9888,19.3125,0.6875,abs_npsigma,2,0.18750512772473427,0.015201779465537678,0.9748695496770959,0.019545525413210012,0.15852586641587585,0.00038202756367843846,0.05003015364425183,0.05001466519966074,0.01577524793875312,0.3153636164480495,0.1871998132814424,0.31531480096834763,0.14986501287335435,2.9954937564053026,0.033828407910711546,0.01848997756497709,0.0032234715877168807,0.04182617614861853
9888,19.3125,0.6875,repsi2,4,-1.0524832056663376,0.6312615417818341,0.9846675481574955,0.09838082734656754,0.12382427808190334,0.009678787189395133,0.05088757892796696,0.051072536869740434,0.03135432784342304,0.615031232519021,0.4440758860126915,0.616148940546103,0.21002775290253992,4.127289160284891,0.1998678399630486,0.08975477427314742,0.0016162147590901288,0.1886410473939475
9888,19.3125,0.6875,impsi2,4,-1.2149957382624386e-11,0.06247920341941494,0.9531235689572451,0.05411840787288976,0.21650965577256556,0.002928802070696457,0.0501055074487005,0.05108605176192614,0.0,0.0,0.0,0.0,0.03819699326967244,0.7623312329244376,0.04725163799854642,0.054456583596090145,3.920995768339722e-11,0.12080020047536259
9888,19.3125,0.6875,abs_npsigma,4,0.18750512772473427,0.015201779465537678,0.9964053478547048,0.007392233029883452,0.059955417981156826,5.464510916809989e-05,0.05003015364425183,0.05077980996617523,0.0,0.0,0.0,0.0,0.024583644651084768,0.4913765571437393,0.005181826474107822,0.007490585326665438,8.54236143333631e-05,0.01318383402943657
9888,19.3125,0.6875,repsi2,6,-1.0524832056663376,0.6312615417818341,0.9962312622239318,0.04877560065332156,0.06139004622956623,0.0023790592190923022,0.05088757892796696,0.051257212347712376,0.009668368560503605,0.18930712843515582,0.1045495519466822,0.18999466597122844,0.09359530857463559,1.8392564658484307,0.06614907445574605,0.04766557870093355,0.0005924657547726753,0.09219328391183379
9888,19.3125,0.6875,impsi2,6,-1.2149957382624386e-11,0.06247920341941494,0.9880217446080954,0.02735675154766205,0.10944521639571361,0.00074839185524051,0.0501055074487005,0.05058387288233185,0.0,0.0,0.0,0.0,0.04115960934142269,0.8214587864131127,0.024794617665278226,0.027485269612656044,-2.390867479179078e-11,0.06304204220437942
9888,19.3125,0.6875,abs_npsigma,6,0.18750512772473427,0.015201779465537678,0.998386006835802,0.004953339090050504,0.04017453377698284,2.4535568141022355e-05,0.05003015364425183,0.05113054925362093,0.0,0.0,0.0,0.0,0.013675517446431213,0.27334550166832133,0.0025897272408933413,0.005047229537150081,0.00018112515954410435,0.009295076341178106
9888,19.3125,0.6875,repsi2,8,-1.0524832056663376,0.6312615417818341,0.9983105905573108,0.032656687056295104,0.04110242623847441,0.0010664592094927923,0.05088757892796696,0.05013981149975355,0.0,0.0,0.0,0.0,0.02904878080604398,0.5708422648120769,0.02467346733794346,0.033030260712865335,-0.0001335206198127964,0.049503223576121066
9888,19.3125,0.6875,impsi2,8,-1.2149957382624386e-11,0.06247920341941494,0.9968292812263031,0.014074941678300737,0.056309135792488516,0.00019810398324756717,0.0501055074487005,0.05094155339144863,0.0,0.0,0.0,0.0,0.02737576135331998,0.5463623211749346,0.010403679739454745,0.014242343740796071,-5.66671194936464e-11,0.032413459797542336
9888,19.3125,0.6875,abs_npsigma,8,0.18750512772473427,0.015201779465537678,0.9993005586729096,0.003260790211515001,0.02644695307763167,1.0632752803512047e-05,0.05003015364425183,0.05108775892830258,0.0,0.0,0.0,0.0,0.012437551866302242,0.24860111273576396,0.0016258272289506681,0.003324682920036235,1.593797534424346e-05,0.006928348907797824
9920,19.375,0.75,repsi2,2,-1.0389601517620408,0.6017543090477743,0.8972218648666425,0.24869094413024445,0.3205902917016633,0.061847185692392365,0.050327220088942776,0.05067298202502546,0.047480557256765546,0.9402071731141423,0.887161291586478,0.9434369149111286,0.27097160404564824,5.384195740729628,0.5770592290060815,0.2178939632572548,0.03385561505699575,0.46203712769586347
9920,19.375,0.75,impsi2,2,-1.1016881614064281e-11,0.06354555315596083,0.903389172032257,0.07835297380486334,0.31082282407787076,0.0061391885040656,0.05008843736889321,0.05051558002917733,0.0,0.0,0.0,0.0,0.017186844864293956,0.34312998702106906,0.04589705515302617,0.07969835871415296,3.1673282583124275e-11,0.17990630869053487
9920,19.375,0.75,abs_npsigma,2,0.18513111417809888,0.014583520685215371,0.9748283581045281,0.01915962317644709,0.15865573388778584,0.00036709116026344845,0.05002445301475683,0.050061273174849985,0.013427174773501808,0.2683134805469618,0.15494344821238776,0.2684122257077133,0.15152308023174246,3.0289802506594987,0.03334534262276617,0.018107177824850367,0.0029819515743267355,0.041487630993798374
9920,19.375,0.75,repsi2,4,-1.0389601517620408,0.6017543090477743,0.9849674466002736,0.09510995628364126,0.12260731381009224,0.00904590378427615,0.050327220088942776,0.05080991297958653,0.031157590153730732,0.6161454098687714,0.4452385490952076,0.6191001628674552,0.2263375308652307,4.497318359035662,0.20169856014135373,0.08584494993844777,0.0012837154426076358,0.1821745092212116
9920,19.375,0.75,impsi2,4,-1.1016881614064281e-11,0.06354555315596083,0.9562130808522781,0.05274906632574002,0.20925324166598203,0.0027824639982373203,0.05008843736889321,0.05024168599025004,0.0,0.0,0.0,0.0,0.03724417465592833,0.7435683086224278,0.04548573456559894,0.05310449306200276,4.318333897811597e-11,0.12036384459844635
9920,19.375,0.75,abs_npsigma,4,0.18513111417809888,0.014583520685215371,0.9964640098165537,0.007181029590734699,0.05946419244760903,5.156718598300736e-05,0.05002445301475683,0.050632787533697536,0.0,0.0,0.0,0.0,0.026106592631780712,0.5218766235001003,0.005187649651259575,0.007270867260693658,0.00024188905393759952,0.012565096354247442
9920,19.375,0.75,repsi2,6,-1.0389601517620408,0.6017543090477743,0.9967410401962945,0.044284230882937176,0.05708729984598608,0.0019610931048932865,0.050327220088942776,0.05070526498735089,0.009588868210108629,0.18981752656816647,0.1048609901786868,0.1905304563447439,0.11377772106864431,2.26075910546154,0.06658497648528038,0.04277927726510778,3.091803694846296e-05,0.0878063883649374
9920,19.375,0.75,impsi2,6,-1.1016881614064281e-11,0.06354555315596083,0.9888160847341466,0.026658733691194925,0.10575403191298872,0.0007106880820180513,0.05008843736889321,0.051079871381181585,0.0,0.0,0.0,0.0,0.03928813463621977,0.7843753309145789,0.023610298590021186,0.026809857553931588,-2.746433901603114e-11,0.06139078917529814
9920,19.375,0.75,abs_npsigma,6,0.18513111417809888,0.014583520685215371,0.9984203988379708,0.004799598547883187,0.03974419658301264,2.30361462208424e-05,0.05002445301475683,0.05032505527676821,0.0,0.0,0.0,0.0,0.014493437960074945,0.28972706519748437,0.0025834463489735546,0.004888531976032718,0.0003427962838970511,0.009282426682163836
9920,19.375,0.75,repsi2,8,-1.0389601517620408,0.6017543090477743,0.9988526986795859,0.02627534040379619,0.03387183668498159,0.0006903935133353644,0.050327220088942776,0.051172520280009154,0.0016142310065055808,0.031807588879298514,0.016160812682529887,0.03207471033871466,0.04040384903559949,0.8028229845438349,0.023542807412999862,0.026412262488463432,0.0004744288415721165,0.048664504833381805
9920,19.375,0.75,impsi2,8,-1.1016881614064281e-11,0.06354555315596083,0.9970315834286243,0.01373425181891568,0.05448317695743968,0.00018862967302538865,0.05008843736889321,0.0511824850718176,0.0,0.0,0.0,0.0,0.026130434563490155,0.5216859605949322,0.00991995222614292,0.013906371139238025,-6.067334885938627e-11,0.03135867601873888
9920,19.375,0.75,abs_npsigma,8,0.18513111417809888,0.014583520685215371,0.9993096957960785,0.003172863948703069,0.026273640857739006,1.0067065636979632e-05,0.05002445301475683,0.05136913377239182,0.0,0.0,0.0,0.0,0.013139830905061626,0.26266815753458567,0.0016261296327922876,0.003233873646740809,0.00014737607022563548,0.006384369182209974
9952,19.4375,0.8125,repsi2,2,-1.0292959181050994,0.5801221508672465,0.8966167439425591,0.2448977681966537,0.3215326671699797,0.059974916867701934,0.050001293934579846,0.05014091286224656,0.048567884923979524,0.969978323376007,0.9417067090813228,0.9713325616637891,0.270405916247226,5.407978373540028,0.5695112407805425,0.21461692707906327,0.03647196769843175,0.4847862866679371
9952,19.4375,0.8125,impsi2,2,-1.0027950588710629e-11,0.0645957582472985,0.9073799737826671,0.07734895488882372,0.3043353844319338,0.005982860822393287,0.05011664385635275,0.0500209645515539,0.0,0.0,0.0,0.0,0.019201994094896712,0.383146049243333,0.047878068959312736,0.0785975661914826,2.5186504446825393e-11,0.18532419967403757
9952,19.4375,0.8125,abs_npsigma,2,0.18279958255758422,0.014005815440031134,0.9747852408436279,0.018792372471537033,0.15879155883223803,0.00035315326310898294,0.050014735660326534,0.05033357758678145,0.01575627087930363,0.31403160390955,0.1862618567689347,0.315032573326226,0.15297809324316536,3.05866043723816,0.03286602978993667,0.017744775071378033,0.00294191911816305,0.04018457627799468
9952,19.4375,0.8125,repsi2,4,-1.0292959181050994,0.5801221508672465,0.9853790878296261,0.09209731275079842,0.12091696394788387,0.008481915015918377,0.050001293934579846,0.0504608171453563,0.03385436260417515,0.6739727493330846,0.5082646295497435,0.6770697304047603,0.23172121007582477,4.63430427178548,0.1982618848674448,0.0828218397357799,0.0033258432561245055,0.1807176865401645
9952,19.4375,0.8125,impsi2,4,-1.0027950588710629e-11,0.0645957582472985,0.9589514499817563,0.05149332202704165,0.20260441756843242,0.0026515622133806123,0.05011664385635275,0.05124086477165293,0.0,0.0,0.0,0.0,0.03662051309346224,0.7307056154523454,0.044017171638332964,0.05185784544513279,3.969161946655591e-11,0.10989907690309271
9952,19.4375,0.8125,abs_npsigma,4,0.18279958255758422,0.014005815440031134,0.9964972573932235,0.007004196348221901,0.0591839725498085,4.9058766484445016e-05,0.050014735660326534,0.05092458979412871,0.0,0.0,0.0,0.0,0.02756277217362146,0.5510930290787327,0.005199610006988892,0.007086481636065333,0.000371760628640444,0.011593838982719998
9952,19.4375,0.8125,repsi2,6,-1.0292959181050994,0.5801221508672465,0.9970729856365981,0.04120710943655261,0.054101888723055505,0.0016980258681160232,0.050001293934579846,0.05027715898210442,0.009508516056044006,0.18964225672576135,0.1047540230268365,0.190165399889144,0.12611635013371786,2.522261729840924,0.0654436067422094,0.03952186688928829,0.00039667336761761707,0.08350944776345404
9952,19.4375,0.8125,impsi2,6,-1.0027950588710629e-11,0.0645957582472985,0.9895267483360366,0.026010144800606056,0.1023389059154111,0.0006765276325484942,0.05011664385635275,0.05028723080127464,0.0,0.0,0.0,0.0,0.037469168659176655,0.7476392227415103,0.02248996650423718,0.02618273171545541,-2.7697102379719596e-11,0.053544810579316836
9952,19.4375,0.8125,abs_npsigma,6,0.18279958255758422,0.014005815440031134,0.9984393671692015,0.004675247094840813,0.039504845662254186,2.1857935397817462e-05,0.050014735660326534,0.0502480810897342,0.0,0.0,0.0,0.0,0.015004344074518419,0.2999984679799157,0.002560731757242294,0.004760617537969697,0.0003956314947864137,0.008730487271868592
9952,19.4375,0.8125,repsi2,8,-1.0292959181050994,0.5801221508672465,0.9990757697161662,0.023155268518294633,0.030401155962131256,0.0005361664601543265,0.050001293934579846,0.050438689862611144,0.003192493168382118,0.06357016494204976,0.03282854033290978,0.06384821105947934,0.056886783970120466,1.1377062370535727,0.0246981765686561,0.023071202448518416,0.00039220965759079185,0.048734882468043805
9952,19.4375,0.8125,impsi2,8,-1.0027950588710629e-11,0.0645957582472985,0.9972163770689544,0.013409333835260351,0.05276005052163616,0.0001798102339054581,0.05011664385635275,0.05049815024318661,0.0,0.0,0.0,0.0,0.024886053178521935,0.4965626439362499,0.009449182247945576,0.013586254575542162,-3.1542167163671726e-11,0.02665760017246639
9952,19.4375,0.8125,abs_npsigma,8,0.18279958255758422,0.014005815440031134,0.9993097226381734,0.0031093242565185496,0.02627313003482031,9.667897332174632e-06,0.050014735660326534,0.05061522348228643,0.0,0.0,0.0,0.0,0.013444956261623503,0.26881990045762694,0.0016121176131007754,0.0031686060063618525,0.0001349437841885459,0.005814959008978899
9984,19.5,0.875,repsi2,2,-1.019580597729862,0.5591018804193175,0.8955794646735722,0.2416230900708738,0.3231416644854511,0.05838171765539758,0.050307981055813175,0.05139159724074773,0.042078093496535365,0.8274978952977289,0.7057538677151051,0.8364099018374972,0.26913117138753645,5.349671478347626,0.5588586671046845,0.2119662711293501,0.03321260485698002,0.4680080005768023
9984,19.5,0.875,impsi2,2,-9.209816997847887e-12,0.06565335225150695,0.9108213469153283,0.0765171714341486,0.2986279509434301,0.005854877524282888,0.050106834793656456,0.05078432315493629,0.0,0.0,0.0,0.0,0.021126576222521076,0.42163062802753026,0.04968496440159402,0.07767563186350177,2.7984644994205955e-11,0.1764915761506109
9984,19.5,0.875,abs_npsigma,2,0.18051277213154324,0.013462890571863161,0.9747596871802879,0.01843387017127382,0.1588720013712677,0.0003398075694913787,0.0501228500597511,0.050028150814103764,0.01745993769739671,0.3486722557947946,0.21114661036753354,0.3483428750875667,0.15457968357432147,3.0840162398995288,0.032372396617368314,0.017390783330767903,0.0029071454092554627,0.0392328495018634
9984,19.5,0.875,repsi2,4,-1.019580597729862,0.5591018804193175,0.9853518593315785,0.09049753031083857,0.12102950329742543,0.008189802992361146,0.050307981055813175,0.050194902988880415,0.03054017161293154,0.6077471687150856,0.4365206915429246,0.6070641471191095,0.22139699003951036,4.4008323409736105,0.1898471750513696,0.08194139861492575,0.002424055030771255,0.1757028152645146
9984,19.5,0.875,impsi2,4,-9.209816997847887e-12,0.06565335225150695,0.9613888219380985,0.05034831947685722,0.1964972724032106,0.0025349532741436804,0.050106834793656456,0.05112701918651609,0.0,0.0,0.0,0.0,0.03547806723662556,0.7080484605089663,0.04236590330937836,0.05073453120141732,3.0245167399878535e-11,0.11188930250036147
9984,19.5,0.875,abs_npsigma,4,0.18051277213154324,0.013462890571863161,0.9965195757584915,0.0068451859512425675,0.05899512048897339,4.685657070708861e-05,0.0501228500597511,0.050427276440812664,0.0,0.0,0.0,0.0,0.028917254077683203,0.5769275698251625,0.005199312211089225,0.006921172108437623,0.0002387301423716348,0.011341583273094924
9984,19.5,0.875,repsi2,6,-1.019580597729862,0.5591018804193175,0.9970826383791507,0.04038690837486845,0.05401260612902648,0.0016311023680800193,0.050307981055813175,0.0512177324989052,0.009427003579046371,0.18570671899716493,0.10235760719706635,0.18738584576844322,0.12677638944542416,2.5200055097574805,0.06411229955741818,0.03872683007093908,-0.0006585666742229268,0.08799751518267929
9984,19.5,0.875,impsi2,6,-9.209816997847887e-12,0.06565335225150695,0.9901651983574451,0.02541038560436181,0.0991705684291208,0.000645687696562358,0.050106834793656456,0.05015983891665119,0.0,0.0,0.0,0.0,0.03704006804346597,0.7392218685534544,0.021847344588182844,0.0255845617753838,-2.9554260583467853e-11,0.05357216119775002
9984,19.5,0.875,abs_npsigma,6,0.18051277213154324,0.013462890571863161,0.998453287399053,0.004563246924358967,0.03932826719990367,2.0823222492671568e-05,0.0501228500597511,0.05033822040786096,0.0,0.0,0.0,0.0,0.015643776796770464,0.3121086845245557,0.0025493349289079027,0.004645328115797909,0.0005141703470494807,0.008191530011334006
9984,19.5,0.875,repsi2,8,-1.019580597729862,0.5591018804193175,0.9990213344854652,0.023391744900241748,0.03128363013678035,0.0005471737294779858,0.050307981055813175,0.05071606982804308,0.006049130871386196,0.119756252465874,0.06369187645108787,0.12024197243525057,0.06731113363393282,1.3379812153315362,0.02705749751112332,0.02318139788373785,0.0009396408648103538,0.05024588482475156
9984,19.5,0.875,impsi2,8,-9.209816997847887e-12,0.06565335225150695,0.9973800581610406,0.0131151806861996,0.0511853674301495,0.000172007964431663,0.050106834793656456,0.050570108726675014,0.0,0.0,0.0,0.0,0.02455425872139085,0.49003811201619596,0.009180983506239465,0.013290412339295437,-3.4653750544890744e-11,0.02669526506166056
9984,19.5,0.875,abs_npsigma,8,0.18051277213154324,0.013462890571863161,0.9993094465214547,0.003049072960044444,0.026278384245330844,9.296845915674189e-06,0.0501228500597511,0.05045561336936635,0.0,0.0,0.0,0.0,0.013889742063878314,0.2771139719174079,0.0016050812745766507,0.0031066822391201143,0.00011804205425837433,0.005702786755603749
10016,19.5625,0.9375,repsi2,2,-1.0106005135902538,0.5375177739487902,0.8958214086273879,0.23663863701375368,0.3227670853302921,0.055997844527727075,0.05009950364076121,0.05106215376427447,0.04186997165399589,0.8277834256185617,0.7061693578726022,0.8357362570740176,0.2711702141971971,5.412632750648085,0.5505413401884324,0.20728107601620535,0.0329392812446509,0.4511400612328644
10016,19.5625,0.9375,impsi2,2,-8.538990894983679e-12,0.0667022467171119,0.9138177719169223,0.07581918121575741,0.2935680978633028,0.005748548240227862,0.05010531957621434,0.05000451201776619,0.0,0.0,0.0,0.0,0.02313729427961242,0.46177321041568603,0.05152208823523618,0.07688792261054052,2.697812528775845e-11,0.18525046751193522
10016,19.5625,0.9375,abs_npsigma,2,0.17826540075836814,0.012949194633367824,0.9747859302932438,0.018069363467817283,0.158789387890867,0.00032650189613208985,0.050157416976449876,0.05092331560397153,0.020219538213843896,0.4000671086897182,0.25005243086294643,0.4031216006066951,0.15596025309728767,3.109415566007213,0.031862675313978114,0.01703328783101766,0.0029491360049710424,0.037461637587584515
10016,19.5625,0.9375,repsi2,4,-1.0106005135902538,0.5375177739487902,0.9854559239483459,0.0884177549105777,0.12059882276230574,0.007817699383426985,0.05009950364076121,0.050523296883736385,0.030080216343283565,0.5978807225895137,0.42641216922265984,0.6004094683047947,0.22609655484596555,4.512949997812199,0.18783206972009128,0.07980752008233465,0.001157149449024189,0.17041763812194172
10016,19.5625,0.9375,impsi2,4,-8.538990894983679e-12,0.0667022467171119,0.9635670471511372,0.0492966510988095,0.1908741806763368,0.0024301598095577558,0.05010531957621434,0.05040263559609184,0.0,0.0,0.0,0.0,0.035037706150873836,0.6992811631024243,0.04122335476586438,0.04968609450211854,2.243159671647408e-11,0.11338994266813511
10016,19.5625,0.9375,abs_npsigma,4,0.17826540075836814,0.012949194633367824,0.9965562101384388,0.006677896764234662,0.05868381260246537,4.459430519377576e-05,0.050157416976449876,0.05062413135109437,0.0,0.0,0.0,0.0,0.030274012430861183,0.6035799739263998,0.005188085346842811,0.0067474301926811805,7.251153134665844e-05,0.011364161101698161
10016,19.5625,0.9375,repsi2,6,-1.0106005135902538,0.5375177739487902,0.9970052050956115,0.04012175831690457,0.0547247193175856,0.0016097554904401011,0.05009950364076121,0.05108009540757803,0.009343934244221228,0.18469996584503365,0.10174624710510329,0.18650752133637818,0.1280625056627385,2.5561631624339327,0.06414668880923438,0.03844001751035876,0.0011602586448338226,0.08041602041976881
10016,19.5625,0.9375,impsi2,6,-8.538990894983679e-12,0.0667022467171119,0.9907401031433778,0.02485268445672266,0.09622835786098718,0.000617655924705424,0.05010531957621434,0.05018514465265679,0.0,0.0,0.0,0.0,0.03636323305879478,0.7257359770649361,0.021172036416132422,0.025031810303550835,-3.02330735290848e-11,0.0562365680103255
10016,19.5625,0.9375,abs_npsigma,6,0.17826540075836814,0.012949194633367824,0.9984813432976648,0.0044345666326943735,0.03896994614231772,1.9665381219806315e-05,0.050157416976449876,0.0501862146781835,0.0,0.0,0.0,0.0,0.0161177073576548,0.3213424520090908,0.002513826131789167,0.004513328444446506,0.0004876433845311112,0.007454126813566938
10016,19.5625,0.9375,repsi2,8,-1.0106005135902538,0.5375177739487902,0.9989282164294615,0.024002139883575385,0.0327381057872697,0.0005761027189907201,0.05009950364076121,0.05051431629454744,0.003118870591125197,0.06199686271986348,0.03199007345616175,0.06225352277916917,0.06391709088271885,1.2758028770312124,0.027110763662314363,0.023826928587132087,0.0003155903823259809,0.04524837060595388
10016,19.5625,0.9375,impsi2,8,-8.538990894983679e-12,0.0667022467171119,0.9975310870906509,0.012832849956360701,0.04968815663062084,0.00016468203800246685,0.05010531957621434,0.05054742229330058,0.0,0.0,0.0,0.0,0.023986225531308296,0.47871614699160353,0.008878961127928523,0.013008084880774009,-3.661196490145793e-11,0.02904438174250748
10016,19.5625,0.9375,abs_npsigma,8,0.17826540075836814,0.012949194633367824,0.9993235672313678,0.002959604631940784,0.02600832114212934,8.759259577405342e-06,0.050157416976449876,0.05052138676644047,0.0,0.0,0.0,0.0,0.014487914842109635,0.28884890242478123,0.0015906295970424058,0.00301466360295006,0.0001391016045594884,0.0054604859936207666
10048,19.625,1.0,repsi2,2,-1.0018449327415433,0.5169231401476663,0.8962240927768855,0.23161210640518173,0.32214268146756725,0.05364416783344522,0.051300519782397906,0.05005017717440863,0.04704687607158414,0.928397682191263,0.8663640109417591,0.9170838087244242,0.27452869934513474,5.351382413075087,0.5357895634556044,0.20253824537120904,0.028688452168059708,0.43455661141367674
10048,19.625,1.0,impsi2,2,-8.00854254602839e-12,0.0677500696846761,0.9163734197744978,0.07527088838169065,0.28918260705910753,0.005665706637768932,0.05010348669683326,0.05081630389221061,0.0,0.0,0.0,0.0,0.024786537714998363,0.4947068427588089,0.05294208007594993,0.07626736446769253,2.7553612771288273e-11,0.18089263695790253
10048,19.625,1.0,abs_npsigma,2,0.17604413221591778,0.012462856814861228,0.9748150577611175,0.017716555224245575,0.15869764408737297,0.0003138763290137432,0.0500357239907044,0.05023988288980505,0.020905771771657224,0.4169662477649024,0.26339694095352323,0.4178169136823339,0.15788911562750294,3.1555277516686973,0.03147134358102242,0.016680546907466367,0.0027318614210386505,0.03596347770948921
10048,19.625,1.0,repsi2,4,-1.0018449327415433,0.5169231401476663,0.985870230981724,0.08546346921631753,0.11886870495751199,0.007304004570488454,0.051300519782397906,0.05013155653833301,0.02972586595482413,0.5861235820674744,0.41455078720709376,0.5794457070008789,0.22763995503390522,4.437381063573793,0.1800295852612617,0.07711273138559437,4.100511624094416e-05,0.16749819380532371
10048,19.625,1.0,impsi2,4,-8.00854254602839e-12,0.0677500696846761,0.9655118402267865,0.048338134303378515,0.1857098806558593,0.0023365752279314585,0.05010348669683326,0.05095188153709236,0.0,0.0,0.0,0.0,0.034518999091893356,0.6889540303005518,0.0401222247686218,0.04873305115767782,1.6047415492142366e-11,0.11256502954171996
10048,19.625,1.0,abs_npsigma,4,0.17604413221591778,0.012462856814861228,0.9965777580208989,0.00653076655311956,0.05849993144526894,4.265091177134514e-05,0.0500357239907044,0.050367484129515014,0.0,0.0,0.0,0.0,0.03125156141130322,0.6245849748693376,0.005161309781136949,0.006595018692110887,0.0002979355585884247,0.010933861752047053
10048,19.625,1.0,repsi2,6,-1.0018449327415433,0.5169231401476663,0.9971688255596718,0.0382557130635446,0.05320878160913088,0.0014634995820002566,0.051300519782397906,0.05039006609733651,0.00760016583604057,0.1494762916407817,0.08077512920562151,0.14814987973373941,0.11979280852328143,2.3351188064255135,0.05845892059493296,0.0368488913725336,0.0013531818621093095,0.07854476826949108
10048,19.625,1.0,impsi2,6,-8.00854254602839e-12,0.0677500696846761,0.9912607377768493,0.024332809632492434,0.0934840212183381,0.0005920856246111166,0.05010348669683326,0.0507401248123823,0.0,0.0,0.0,0.0,0.036287944920032865,0.7242598731622086,0.020708062666073192,0.024509122216518867,-2.149279536723273e-11,0.05357251637182554
10048,19.625,1.0,abs_npsigma,6,0.17604413221591778,0.012462856814861228,0.998499631381787,0.004324220075146435,0.03873459201041067,1.8698879258299445e-05,0.0500357239907044,0.050846825167660537,0.0,0.0,0.0,0.0,0.016515777672828833,0.33007971816091086,0.0024843753330574636,0.004399849793486203,0.00011654569622217281,0.007451319253581043
10048,19.625,1.0,repsi2,8,-1.0018449327415433,0.5169231401476663,0.9990561720157375,0.0220881535078013,0.03072178354624718,0.0004878865253841949,0.051300519782397906,0.05027643656345419,0.005688848333534346,0.11201060827545953,0.059327986039765836,0.11089260611129885,0.05459210830095641,1.0641628687685911,0.02278575705317655,0.022049801907696502,0.0005842494365890794,0.04137382607993001
10048,19.625,1.0,impsi2,8,-8.00854254602839e-12,0.0677500696846761,0.9976687084886492,0.01256762357605092,0.04828344966291043,0.0001579451623493109,0.05010348669683326,0.051290039962596935,0.0,0.0,0.0,0.0,0.022909539443570794,0.45724441458919,0.008498208240306027,0.012746249173035816,-3.7692033604380696e-11,0.02727469686249166
10048,19.625,1.0,abs_npsigma,8,0.17604413221591778,0.012462856814861228,0.9993328575007984,0.002883487721953963,0.02582910178851916,8.314501442659253e-06,0.0500357239907044,0.051047777337228144,0.0,0.0,0.0,0.0,0.015212320453306396,0.30402918634958753,0.0015899217303106982,0.0029358629140836946,0.0001491771360605798,0.005127563498480592
10080,19.6875,1.0625,repsi2,2,-0.9935195320008576,0.49844907954255663,0.8958382871917869,0.22785809152371558,0.3227409376081892,0.05191930987282995,0.0505919828390596,0.050894719602023644,0.04635512591454659,0.9135211766577487,0.8408090033890893,0.9162543808968495,0.2700088843900133,5.336989563128026,0.5263960627855259,0.1998006033843608,0.02986163002483444,0.42023349259674236
10080,19.6875,1.0625,impsi2,2,-7.529452840431211e-12,0.06880549694507967,0.91850238333391,0.07488313571525922,0.2854778742146053,0.00560748401454993,0.050018536823026656,0.05062919559569681,0.0,0.0,0.0,0.0,0.026502581182431217,0.5298551870119964,0.05450829745273772,0.07580430297625092,2.6314831310812447e-11,0.1763839895122298
10080,19.6875,1.0625,abs_npsigma,2,0.17384789784109372,0.012000704867379497,0.9748438174837548,0.017375037322762504,0.15860700651687848,0.00030189192196739,0.0500647794290831,0.05001651177358519,0.0217886688497501,0.4354194193123917,0.2782978548289483,0.4352095245044235,0.15856393031376925,3.1671752501851227,0.030921588307943306,0.01635269412847869,0.002491615031618391,0.03480690160325635
10080,19.6875,1.0625,repsi2,4,-0.9935195320008576,0.49844907954255663,0.986164943897751,0.08304258533779917,0.11762251528618584,0.006896070979585658,0.0505919828390596,0.050458799385522786,0.023912219313359753,0.4732713352028399,0.3099904692401373,0.4726483915332588,0.21982076021601465,4.344972224458887,0.17309892219247547,0.0752786130520894,-0.000565115953576556,0.16206491483718455
10080,19.6875,1.0625,impsi2,4,-7.529452840431211e-12,0.06880549694507967,0.9672320526889835,0.04748278528692982,0.18101919044956677,0.0022546148986046792,0.050018536823026656,0.05021048040980016,0.0,0.0,0.0,0.0,0.03381694707535153,0.6760882909270445,0.03904252468138157,0.04788597434555383,1.7390797133620606e-11,0.1083293246241853
10080,19.6875,1.0625,abs_npsigma,4,0.17384789784109372,0.012000704867379497,0.9965839292287926,0.006402753870901354,0.0584471622168901,4.099525713134228e-05,0.0500647794290831,0.051291455070724676,0.0,0.0,0.0,0.0,0.03230979834037023,0.6453598459599158,0.005143606986091589,0.006462312925187203,0.0006519080886367434,0.010277404382410519
10080,19.6875,1.0625,repsi2,6,-0.9935195320008576,0.49844907954255663,0.9975155354199697,0.03519061072320553,0.0498444036982117,0.0012383790830721878,0.0505919828390596,0.05002742965193462,0.009119930937111193,0.1812757739551989,0.09967194111084188,0.1802643507000508,0.11773355441723732,2.3271188004582615,0.05368291391412682,0.033923467529032,0.0009418685467044163,0.07277637715681462
10080,19.6875,1.0625,impsi2,6,-7.529452840431211e-12,0.06880549694507967,0.9917290010051719,0.02385561141684276,0.09094503282108404,0.0005690901960713987,0.050018536823026656,0.05002584769391351,0.0,0.0,0.0,0.0,0.0351095816316762,0.7019314010703541,0.019986552445677052,0.02404207697609496,-2.3417774159587913e-11,0.057290873765526266
10080,19.6875,1.0625,abs_npsigma,6,0.17384789784109372,0.012000704867379497,0.9985079021911661,0.004231574817615642,0.03862768189826909,1.7906225437078853e-05,0.0500647794290831,0.050846450100554094,0.0,0.0,0.0,0.0,0.016811368429806076,0.33579231990064845,0.0024520956303090446,0.004305002945715798,0.00016509865274705326,0.0075693035582792695
10080,19.6875,1.0625,repsi2,8,-0.9935195320008576,0.49844907954255663,0.9993300135159361,0.018274412337681668,0.02588409712668986,0.000333954146287612,0.0505919828390596,0.05017178669942653,0.0030742882556242888,0.06101971511595907,0.03147000286266877,0.060766312824781815,0.04152648310997054,0.8208115353389543,0.016556370844697355,0.01836145241084414,0.000341709929363998,0.038322345032714256
10080,19.6875,1.0625,impsi2,8,-7.529452840431211e-12,0.06880549694507967,0.9977967875141188,0.01231231619016751,0.04693839032051707,0.000151593129966661,0.050018536823026656,0.050264051460939686,0.0,0.0,0.0,0.0,0.02185207031485985,0.4368794391602431,0.008138053919726797,0.01249350987736821,-3.254977166233519e-11,0.02757630150593428
10080,19.6875,1.0625,abs_npsigma,8,0.17384789784109372,0.012000704867379497,0.9993365956859941,0.002821581007189205,0.025756636310005115,7.96131938013085e-06,0.0500647794290831,0.0500855100800099,0.0,0.0,0.0,0.0,0.015655923183746707,0.3127133158735547,0.0015778499871943186,0.0028722285472259743,5.018753576824242e-05,0.0049392881394780645
10112,19.75,1.125,repsi2,2,-0.9863592707777412,0.48189221772549096,0.8954066503303926,0.22450550378916076,0.3234089511278367,0.05040272123162488,0.050261483432090345,0.050660330121215,0.04617976802077686,0.9151592979724927,0.8435886450997927,0.9187903911187102,0.2725281806102721,5.422207264902803,0.5227752875117445,0.1964866525763856,0.02936796805536368,0.40412980323533476
10112,19.75,1.125,impsi2,2,-7.054598179291626e-12,0.06983757626090491,0.9203737018309682,0.0745714936872885,0.2821813214389496,0.00556090767075331,0.050077608653644703,0.05015524635941302,0.0,0.0,0.0,0.0,0.02775656053742155,0.5542708864034664,0.055518008104364414,0.07544253802129391,2.1526672773241587e-11,0.17744151270351669
10112,19.75,1.125,abs_npsigma,2,0.17168325267974743,0.011557189596206038,0.9748957187453621,0.017033347825261256,0.15844330612126845,0.00029013493813633234,0.05008531929112463,0.050502062297218486,0.02151059718500835,0.42769971432482684,0.2720216476594769,0.42947908667560664,0.16005329553586098,3.1956129620645792,0.030449285197788608,0.016017088688640803,0.002666211244799682,0.03453475641812282
10112,19.75,1.125,repsi2,4,-0.9863592707777412,0.48189221772549096,0.986147502112981,0.08170318799051406,0.11769663498596311,0.006675410927813281,0.050261483432090345,0.05084501622845196,0.02378227411009272,0.47044006448526987,0.30756562953968625,0.47317095489681665,0.22626009133728844,4.501659638498227,0.17335059256929883,0.07374532196318835,8.526939892794516e-05,0.15838298014543994
10112,19.75,1.125,impsi2,4,-7.054598179291626e-12,0.06983757626090491,0.9688108642364347,0.04667090793416929,0.17660446133539567,0.0021781736473997057,0.050077608653644703,0.050734824747117734,0.0,0.0,0.0,0.0,0.032634562677720004,0.6516797338194148,0.03767587587236565,0.04709745833138869,1.2240769831848276e-11,0.10227940828263832
10112,19.75,1.125,abs_npsigma,4,0.17168325267974743,0.011557189596206038,0.9965916040837468,0.006276263046038863,0.058381468945661465,3.939147782307302e-05,0.05008531929112463,0.050063070943012454,4.7184426575256354e-05,0.0009422902647749766,0.0004713672147562878,0.0009420809778808313,0.03313367857978141,0.661544721062662,0.005104823621704366,0.006332016730947419,0.0006659465606060622,0.010132036201489059
10112,19.75,1.125,repsi2,6,-0.9863592707777412,0.48189221772549096,0.9974122403659965,0.03531318774863627,0.05087002687244686,0.0012470212289704347,0.050261483432090345,0.050608284488430286,0.00905813956874904,0.17960068225568468,0.0986600470045389,0.18022029892905447,0.12127365954871261,2.4128547600981323,0.05485326889315473,0.03396735422902576,-0.0004752852973059496,0.0688129735030713
10112,19.75,1.125,impsi2,6,-7.054598179291626e-12,0.06983757626090491,0.9921598075629771,0.023399573441000132,0.08854486115536536,0.0005475400372207588,0.050077608653644703,0.050118431424575435,0.0,0.0,0.0,0.0,0.0341760746177022,0.6824621929149333,0.01933068479155364,0.023594612972080004,-1.762475445037344e-11,0.04748564899880125
10112,19.75,1.125,abs_npsigma,6,0.17168325267974743,0.011557189596206038,0.9985266819241576,0.004126429005572237,0.03838382570617971,1.702741633802788e-05,0.05008531929112463,0.05086850819548313,0.0,0.0,0.0,0.0,0.017273134960973914,0.34487421075570146,0.0024232863575702527,0.004197092029201935,0.00021423963360492349,0.007090456801633185
10112,19.75,1.125,repsi2,8,-0.9863592707777412,0.48189221772549096,0.9992067133255256,0.01955194810893747,0.028165345275257558,0.0003822786748545835,0.050261483432090345,0.05037025989972471,0.0030447219533744655,0.060512157547247154,0.031200070566423915,0.06057763809315879,0.041782647649715815,0.8313055006856191,0.017826675663213953,0.01963902965800493,0.00010534702387854367,0.03709435127540739
10112,19.75,1.125,impsi2,8,-7.054598179291626e-12,0.06983757626090491,0.9979135408631274,0.012071174304374913,0.04567777508671572,0.00014571324908660118,0.050077608653644703,0.050565028493087534,0.0,0.0,0.0,0.0,0.020708864485601948,0.4135354111821139,0.007762576142989478,0.012256356090865046,-3.4431501809165586e-11,0.02465578882176973
10112,19.75,1.125,abs_npsigma,8,0.17168325267974743,0.011557189596206038,0.9993530690491376,0.0027343561682362173,0.02543483734688454,7.4767036547714495e-06,0.05008531929112463,0.05097225427454681,0.0,0.0,0.0,0.0,0.01661616894637616,0.3317572730203325,0.0015749447024223197,0.002782110116754127,5.019604600864369e-05,0.005071222359410215
10144,19.8125,1.1875,repsi2,2,-0.9788658821421907,0.4646718023945161,0.8951353100126573,0.2207434359249685,0.3238281797301505,0.04872766450396068,0.05006782488789664,0.05031377608980978,0.04599302739702619,0.9163636951205968,0.8456376839668343,0.9186144494993732,0.2770048805877407,5.532592662212966,0.5192208769698962,0.19257911298174082,0.029312788625391606,0.40608845489677153
10144,19.8125,1.1875,impsi2,2,-6.617586707292119e-12,0.07087660579006834,0.9219070629467699,0.07439732733445742,0.2794511353586348,0.005534962314510405,0.050063656468577675,0.05120179367920147,0.0,0.0,0.0,0.0,0.029268883591756823,0.5846333579355587,0.05688517912408284,0.07520722386833284,1.7941505841210072e-11,0.17873018456694953
10144,19.8125,1.1875,abs_npsigma,2,0.16953696835325566,0.011132673925507697,0.9749472726277557,0.016700414509222123,0.15828053377545917,0.0002789038447798368,0.050120048039052054,0.051355200427198336,0.020235007769008197,0.3988166193204868,0.24907616712286648,0.4037308135307787,0.16106362683834974,3.2135569126520735,0.02993782521088473,0.015694858402589277,0.0024691028102037382,0.034691398692211814
10144,19.8125,1.1875,repsi2,4,-0.9788658821421907,0.4646718023945161,0.9860426915425873,0.0805330222795728,0.11814105322627133,0.0064855676774821696,0.05006782488789664,0.050862179837325494,0.03205918698382595,0.6352756461491464,0.4654974056530786,0.6403151536062817,0.2342395891749949,4.678445482692015,0.17419062777144412,0.07230596952897508,-0.0015020458800041325,0.1602202345582433
10144,19.8125,1.1875,impsi2,4,-6.617586707292119e-12,0.07087660579006834,0.9702268442335171,0.04593713339322887,0.1725489952636144,0.002110220224387303,0.050063656468577675,0.050988883651637736,0.0,0.0,0.0,0.0,0.03191386538081774,0.6374657312705154,0.0366768738918802,0.04637390187011681,1.325014532634107e-11,0.10609971382379843
10144,19.8125,1.1875,abs_npsigma,4,0.16953696835325566,0.011132673925507697,0.9965822156479304,0.0061683935298660385,0.05846181960963563,3.8049078739293204e-05,0.050120048039052054,0.051041636635845086,9.570410170572149e-05,0.0018921017777290944,0.0009469467486778412,0.001909497405731768,0.03381385907985359,0.6746573557452865,0.005066565982082515,0.0062211133444317335,0.0005875012374347566,0.010070037473600284
10144,19.8125,1.1875,repsi2,6,-0.9788658821421907,0.4646718023945161,0.9973034393218079,0.035397961955481234,0.05192841879156431,0.001253015710601697,0.05006782488789664,0.051251731806444226,0.008994003390333452,0.17753736166585113,0.09741618726852584,0.17963639144443153,0.12230008376011281,2.4426881741706645,0.05532383445077553,0.034025536967584945,0.0003508072811563845,0.07085360141861768
10144,19.8125,1.1875,impsi2,6,-6.617586707292119e-12,0.07087660579006834,0.9925567088525608,0.022968570099981357,0.0862745104155292,0.0005275552124377576,0.050063656468577675,0.0506725994163143,0.0,0.0,0.0,0.0,0.03253309585787812,0.6498345936497354,0.018515496944513536,0.023179537486557485,-2.0043078577938834e-11,0.05019011996595296
10144,19.8125,1.1875,abs_npsigma,6,0.16953696835325566,0.011132673925507697,0.998535362129922,0.004037986605540971,0.03827058753243779,1.6305335826528296e-05,0.050120048039052054,0.051004702933444446,0.0,0.0,0.0,0.0,0.017584246937196117,0.3508425794702949,0.0023917788527597194,0.0041065599953044015,0.0002786027823542536,0.0071852933443301605
10144,19.8125,1.1875,repsi2,8,-0.9788658821421907,0.4646718023945161,0.9991037404591593,0.02040751176051953,0.029937594105751534,0.0004164665362557429,0.05006782488789664,0.05001772393357021,0.005762073849299204,0.11514297352912803,0.06108843902325947,0.11508536394781799,0.04221938802321567,0.8432439020018573,0.018739873721172473,0.020491642818654076,0.00017182879233679227,0.038129274453796325
10144,19.8125,1.1875,impsi2,8,-6.617586707292119e-12,0.07087660579006834,0.9980183927382987,0.011851143266298622,0.044515247519262814,0.00014044959671833515,0.050063656468577675,0.0504980190009682,0.0,0.0,0.0,0.0,0.019611872191873332,0.39173870978007114,0.007417516013300674,0.012039598887652995,-3.276221345872365e-11,0.02679712480810095
10144,19.8125,1.1875,abs_npsigma,8,0.16953696835325566,0.011132673925507697,0.9993643885047803,0.0026600856226043114,0.02521133664087996,7.076055519586168e-06,0.050120048039052054,0.050896252748799144,0.0,0.0,0.0,0.0,0.01735779643960784,0.34632441744834647,0.0015654426867991163,0.0027055711633146113,9.12401210586139e-05,0.0048788809461285665
10176,19.875,1.25,repsi2,2,-0.9732042962034635,0.45014897352668887,0.8952571616315732,0.21714023389464057,0.3236399826480449,0.04714988117581921,0.05045817278857664,0.051272344986185936,0.04247878493116649,0.8351237339657909,0.7169205505482121,0.8418613394733029,0.2736906395304565,5.424109205801802,0.5057134609027351,0.18990835498547362,0.03400093392683212,0.41405325570101525
10176,19.875,1.25,impsi2,2,-6.224788520465922e-12,0.07191074684560819,0.9231744274842333,0.07432754735930829,0.2771742638048611,0.005524584296450216,0.05000122984968006,0.05052263575866488,0.0,0.0,0.0,0.0,0.03036893334405622,0.607363727559404,0.05792609180246973,0.07509163173656194,1.9744731278639417e-11,0.18491963567413203
10176,19.875,1.25,abs_npsigma,2,0.16740738618073858,0.010726107589977555,0.9749849724671995,0.016380289273485633,0.15816139710055818,0.00026831387668306843,0.05008035187881649,0.050023865033292494,0.01824363193785625,0.36449277564149113,0.22286222293176067,0.36428721551321874,0.16202290465250385,3.2352589104118894,0.029462940456207933,0.01538488328070315,0.002301835524593343,0.03457839133466628
10176,19.875,1.25,repsi2,4,-0.9732042962034635,0.45014897352668887,0.9864982909869225,0.07796012091507339,0.11619685457480104,0.006077780453092863,0.05045817278857664,0.0505090989297303,0.03190880903926607,0.6320624197569659,0.46205501543767125,0.6323813819609813,0.22156876025592104,4.391137213476002,0.1633657489283268,0.0705871394219674,-0.001690970005344239,0.15587490132270343
10176,19.875,1.25,impsi2,4,-6.224788520465922e-12,0.07191074684560819,0.9715028744445002,0.04526863794780063,0.16881091657680128,0.0020492495816490553,0.05000122984968006,0.050590959254340914,0.0,0.0,0.0,0.0,0.03085714632830678,0.6171277470788896,0.03556190064557065,0.04572248276287714,1.200655506775826e-11,0.11018437265970381
10176,19.875,1.25,abs_npsigma,4,0.16740738618073858,0.010726107589977555,0.9965490117623583,0.006084050552772536,0.0587451124574776,3.70156711286918e-05,0.05008035187881649,0.05054286645352889,9.6958381773452e-05,0.0019271572382670392,0.0009645079984187792,0.0019360563202125679,0.03419074442853101,0.6827177355156199,0.005027052334278147,0.006134724444350431,0.0005694070026598178,0.010013083768021201
10176,19.875,1.25,repsi2,6,-0.9732042962034635,0.45014897352668887,0.9975740732024653,0.033045853866425695,0.04925369831327151,0.001092028457761162,0.05045817278857664,0.050983528939105446,0.00869448851854195,0.17141842793375262,0.09374393275770271,0.17231080790365674,0.11911806890139048,2.36072894277214,0.050773843527623534,0.031828691058400756,0.0015065554921348534,0.06964604706252986
10176,19.875,1.25,impsi2,6,-6.224788520465922e-12,0.07191074684560819,0.9929161829725943,0.022569948448287972,0.08416541467494622,0.0005094025729583767,0.05000122984968006,0.050249882479454284,0.0,0.0,0.0,0.0,0.03097193394290353,0.6194234429036091,0.017763330080979595,0.02279487544339883,-2.422820784489329e-11,0.05191612386014565
10176,19.875,1.25,abs_npsigma,6,0.16740738618073858,0.010726107589977555,0.9985270826783867,0.00397475403802114,0.03837860499827027,1.5798669662765355e-05,0.05008035187881649,0.050411781490744566,0.0,0.0,0.0,0.0,0.017571286661964572,0.3508618850059849,0.0023543897337664215,0.004042195808490547,0.0003866791184762297,0.007009903707794238
10176,19.875,1.25,repsi2,8,-0.9732042962034635,0.45014897352668887,0.9992779328055176,0.018028804908078434,0.0268713080158449,0.00032503780641355304,0.05045817278857664,0.05045277147593163,0.002750053227501794,0.05450455840138292,0.02801577286482688,0.05450164117168321,0.048532036240971584,0.9618270650489921,0.0176813506094051,0.018047081273888443,-0.000269597421485801,0.03946076338283
10176,19.875,1.25,impsi2,8,-6.224788520465922e-12,0.07191074684560819,0.9981151708081157,0.011642142193977812,0.04341461956396971,0.0001355394748647985,0.05000122984968006,0.05013278857171559,0.0,0.0,0.0,0.0,0.01818293796980895,0.3636498147040137,0.007020605737375038,0.011835501513715459,-2.5699373270226987e-11,0.02791382389302728
10176,19.875,1.25,abs_npsigma,8,0.16740738618073858,0.010726107589977555,0.9993645429026299,0.00261074341811035,0.025208274383029434,6.8159811952065135e-06,0.05008035187881649,0.05112828224058849,0.0,0.0,0.0,0.0,0.017661658077503684,0.35266641337187565,0.001550408862759637,0.002654919174860853,7.113647914052529e-05,0.0046607052825925754
10208,19.9375,1.3125,repsi2,2,-0.9676864896571077,0.43636174738133565,0.8950914215415714,0.21395815154233283,0.32389593769979363,0.045778090611411866,0.05031562437267177,0.050713487833998525,0.04490503545954874,0.8889523916173532,0.8001028802999739,0.8924670223100378,0.2763836935217057,5.49299938076133,0.5014569008209194,0.18676408446518794,0.032452955319440924,0.42808180220902925
10208,19.9375,1.3125,impsi2,2,-5.9094489572613556e-12,0.07293912748704753,0.9242370909874873,0.07433761147126837,0.275250629449803,0.00552608047925325,0.050025699672755976,0.05062944753896574,0.0,0.0,0.0,0.0,0.031442380384139,0.6285245501776067,0.058934516605024447,0.07506118312420103,2.137536226493007e-11,0.17401014719782948
10208,19.9375,1.3125,abs_npsigma,2,0.16529450009431226,0.010336173168638234,0.9749992931410095,0.01607518694861393,0.15811611827701347,0.0002584116354328876,0.0500523479539048,0.050304180854526176,0.019257486775450066,0.38378144409937465,0.2374564025999042,0.3847469212270532,0.16259835549974314,3.2485659943362983,0.02897356124828475,0.015092914096458994,0.002205423898278172,0.033679597852875914
10208,19.9375,1.3125,repsi2,4,-0.9676864896571077,0.43636174738133565,0.9866666030731587,0.0762770239425045,0.11547032920556392,0.005818184381525405,0.05031562437267177,0.05083058780500369,0.03445975002830953,0.6813848840483882,0.5167428128234747,0.6848717561979786,0.2288258796087638,4.547809601127545,0.1626652845306323,0.06873537667606248,0.0014680412370779994,0.1526835773875581
10208,19.9375,1.3125,impsi2,4,-5.9094489572613556e-12,0.07293912748704753,0.9726859732696713,0.044634754148175464,0.16526955778463456,0.001992261277868067,0.050025699672755976,0.05110844830151194,0.0,0.0,0.0,0.0,0.03009205200639117,0.6015318566904386,0.034618039018529695,0.04510061643533092,1.0666767236183696e-11,0.10943682645175992
10208,19.9375,1.3125,abs_npsigma,4,0.16529450009431226,0.010336173168638234,0.996486361628419,0.00602640644668391,0.05927595103902603,3.6317574660633394e-05,0.0500523479539048,0.05041000428937704,9.817659435396759e-05,0.001954495234517722,0.0009782035643613274,0.0019614782995671315,0.034260473670877874,0.6844928374275211,0.004985892069423765,0.006076291294906223,0.000530834185247242,0.009945386624521227
10208,19.9375,1.3125,repsi2,6,-0.9676864896571077,0.43636174738133565,0.9976282174148258,0.0321707195019825,0.04870095055719347,0.0010349551932752371,0.05031562437267177,0.05027025510866269,0.008659074815454554,0.17217277136919407,0.09419532036305518,0.17209514784750657,0.12580802861099255,2.500376973942977,0.05087020871126938,0.030865586545110468,0.0009901815520751978,0.06927103874863771
10208,19.9375,1.3125,impsi2,6,-5.9094489572613556e-12,0.07293912748704753,0.9932582839353284,0.02217509611078515,0.08210795372356813,0.0004917348875225587,0.050025699672755976,0.051324409080144115,0.0,0.0,0.0,0.0,0.029621863107573386,0.5921329097113153,0.01706377478037316,0.02241197266630182,-1.778427441785574e-11,0.046254872654021256
10208,19.9375,1.3125,abs_npsigma,6,0.16529450009431226,0.010336173168638234,0.9984977719100173,0.00394046820528401,0.03875858730633423,1.552728967685419e-05,0.0500523479539048,0.05003130951589897,0.0,0.0,0.0,0.0,0.017539731988515266,0.3504277562496829,0.0023326365516511305,0.00400733351673741,0.00026841827519857864,0.00664654507619299
10208,19.9375,1.3125,repsi2,8,-0.9676864896571077,0.43636174738133565,0.9992955745740807,0.017532378896030532,0.02654101403336496,0.00030738430975397676,0.05031562437267177,0.050160671474774904,0.002751609061688036,0.054771307769263484,0.028156744750897748,0.05468697041912361,0.048276691943401076,0.9594771513880266,0.017173474369041358,0.017551189445289172,0.00031536086521621876,0.033921950446989646
10208,19.9375,1.3125,impsi2,8,-5.9094489572613556e-12,0.07293912748704753,0.9982089822243496,0.011429578901680169,0.042320417952217755,0.00013063527386973246,0.050025699672755976,0.05072291942278651,0.0,0.0,0.0,0.0,0.0171394190486573,0.3426122805033237,0.006690085880964854,0.011625730748954663,-1.9479131026741547e-11,0.0254417398709857
10208,19.9375,1.3125,abs_npsigma,8,0.16529450009431226,0.010336173168638234,0.9993505105113553,0.002590991282471387,0.02548508364994665,6.713235825842723e-06,0.0500523479539048,0.05038344567465076,0.0,0.0,0.0,0.0,0.017729512684998717,0.35421940048300093,0.001542063023851818,0.002634702980922571,7.493012563386525e-05,0.0048413259359824535
10240,20.0,1.375,repsi2,2,-0.9617711748300278,0.4219961840534453,0.8952645387741904,0.21023312054091098,0.32362858530390903,0.044197964972369205,0.05125210912970417,0.05050390231343425,0.044761175038299496,0.8797745588389573,0.7853549174236988,0.8733528394904099,0.2814820755037381,5.492107159753932,0.49268647218216005,0.1829551034061132,0.0326759172305231,0.4220744387913722
10240,20.0,1.375,impsi2,2,-5.647538897445665e-12,0.0739637719020981,0.9250509248581407,0.0744547936540401,0.27376828731951275,0.005543516298065691,0.050093519182628755,0.05008475257127186,0.0,0.0,0.0,0.0,0.03243192512066277,0.6474275644804247,0.05990847398752709,0.07514377417054036,2.109121210250861e-11,0.1746758316273923
10240,20.0,1.375,abs_npsigma,2,0.16319438207959913,0.009961520786619396,0.9749831398005059,0.015786258989805423,0.15816719065436471,0.0002492059728932125,0.050151171505314646,0.050083896003830335,0.021597005727215984,0.4309271448387177,0.27463807268173246,0.43063811031667115,0.1631086437516235,3.2523396534084648,0.028469325027243444,0.014817895204251932,0.002152916998558546,0.03230791063791347
10240,20.0,1.375,repsi2,4,-0.9617711748300278,0.4219961840534453,0.9868157577617876,0.07459021325993032,0.11482265559641265,0.005563699914161884,0.05125210912970417,0.05072062227968145,0.03700270131037933,0.7257371808905687,0.5695349263959366,0.7219742160607726,0.2355258180863234,4.595436599307086,0.15989881241929602,0.0669557452859373,-0.0003251718318495467,0.15945198383106685
10240,20.0,1.375,impsi2,4,-5.647538897445665e-12,0.0739637719020981,0.9737498515557526,0.04406313642861265,0.16201897556844203,0.0019415599919265312,0.050093519182628755,0.050443313589278664,0.0,0.0,0.0,0.0,0.029690556922699528,0.5927025572800145,0.03392296526436655,0.04453383654521878,1.0555504197708898e-11,0.10336407504217557
10240,20.0,1.375,abs_npsigma,4,0.16319438207959913,0.009961520786619396,0.9963905901365581,0.0059962664535614186,0.06007836435391652,3.595521138210604e-05,0.050151171505314646,0.05041505680006982,9.936106490829155e-05,0.00197603244314914,0.0009889933630603033,0.001981231184156127,0.03405518081668605,0.679050554443721,0.004941194817466753,0.00604685892084015,0.0005081897494940146,0.009553701826137823
10240,20.0,1.375,repsi2,6,-0.9617711748300278,0.4219961840534453,0.9976207604056645,0.031686432897353095,0.048777449649766734,0.0010040300297584604,0.05125210912970417,0.05002131533388857,0.00872646107412887,0.17233466964012825,0.09429224638528058,0.17026540414258343,0.13164235976655353,2.5685257056135007,0.050782644088728714,0.030314279768841563,0.0021166584249797116,0.06475869306807097
10240,20.0,1.375,impsi2,6,-5.647538897445665e-12,0.0739637719020981,0.9935820061540819,0.02178758896455859,0.08011238260043259,0.0004746990328885552,0.050093519182628755,0.050902924773287464,0.0,0.0,0.0,0.0,0.02868375358216856,0.5726040823283864,0.016486800905855678,0.022031754041672253,-1.2321412638875164e-11,0.04327156301630166
10240,20.0,1.375,abs_npsigma,6,0.16319438207959913,0.009961520786619396,0.9984450824221783,0.003935650362132037,0.039432443213953006,1.5489343772950035e-05,0.050151171505314646,0.05047363664824444,0.0,0.0,0.0,0.0,0.01740661382378376,0.34708289559973965,0.002318638886859119,0.004002913283324104,0.00015444978326045744,0.006664099516784525
10240,20.0,1.375,repsi2,8,-0.9617711748300278,0.4219961840534453,0.9992481712124357,0.017812043100489106,0.02741949648633877,0.0003172688794136816,0.05125210912970417,0.05028787251034411,0.0024430813478929225,0.048120578878051504,0.0246534587932648,0.04766791824528031,0.05469352021860801,1.067146721322134,0.018400338161127846,0.01777970877245752,-0.00037143002415213067,0.03228162265601858
10240,20.0,1.375,impsi2,8,-5.647538897445665e-12,0.0739637719020981,0.9983043294710507,0.011199026217681183,0.04117852023748819,0.00012541818822431048,0.050093519182628755,0.050701324957454656,0.0,0.0,0.0,0.0,0.01637643465490658,0.3269172324508105,0.0064032309807851235,0.011396048751523863,-1.369959148482419e-11,0.024985538697446318
10240,20.0,1.375,abs_npsigma,8,0.16319438207959913,0.009961520786619396,0.999319831095753,0.0026029822661841296,0.026080048010827053,6.775516678069067e-06,0.050151171505314646,0.05105621982917847,0.0,0.0,0.0,0.0,0.017513575097346443,0.3492156727682919,0.0015382186499599696,0.002647324889603764,4.8844718611482096e-05,0.0048978286780051675
10272,20.0625,1.4375,repsi2,2,-0.9566850008145178,0.40905921208267176,0.8950546153210995,0.20719284825607256,0.32395275068889356,0.04292887636846391,0.051000543229481776,0.051316361310132515,0.04561844959260919,0.8917089467839986,0.8045801183691484,0.8944698762784673,0.28251263349435934,5.539404398560364,0.487647830489097,0.18015607354870616,0.030276325285493844,0.40675136321399874
10272,20.0625,1.4375,impsi2,2,-5.4299789762225076e-12,0.07497497306880536,0.925705720934586,0.07463385004202668,0.2725697691700494,0.005570211572095725,0.05012391924483084,0.05065318719281703,0.0,0.0,0.0,0.0,0.03331867660312047,0.664726084973025,0.06084952695617798,0.07529116787909074,1.7959244783653398e-11,0.1738993258881346
10272,20.0625,1.4375,abs_npsigma,2,0.16110575978579753,0.009601221323312476,0.9749278373459277,0.015515262894834812,0.15834191692054359,0.00024072338269583792,0.05004207152015142,0.050087040875341285,0.022258729064234192,0.44460054686824857,0.2858433220952073,0.4448003127782357,0.1632001503298049,3.2612588842187695,0.028018944849083738,0.0145618901195361,0.0019741245121477624,0.0312602909910881
10272,20.0625,1.4375,repsi2,4,-0.9566850008145178,0.40905921208267176,0.986704328617925,0.07374765663844314,0.1153068574807021,0.005438716859661706,0.051000543229481776,0.05040812678869757,0.035382470969259915,0.6978194460674213,0.5358853224769868,0.6937665508787453,0.23327534179935208,4.573977589801497,0.157723077047616,0.06628800647319616,0.0024861323728528895,0.15292008686315728
10272,20.0625,1.4375,impsi2,4,-5.4299789762225076e-12,0.07497497306880536,0.9747370302673146,0.04352114974752085,0.1589432909332301,0.0018940904753461342,0.05012391924483084,0.05121408728398645,0.0,0.0,0.0,0.0,0.02929522355331351,0.5844559642317805,0.033271796992507874,0.043995723864821305,6.3563153369919e-12,0.0951767594872328
10272,20.0625,1.4375,abs_npsigma,4,0.16110575978579753,0.009601221323312476,0.9962566666397967,0.005995045627703797,0.06118278646975188,3.594057207825042e-05,0.05004207152015142,0.05041481677820035,0.00010051354523652123,0.002001127985131317,0.0010015661235650711,0.0020085808237583743,0.03345899292244093,0.6686172635552735,0.004902090059716454,0.0060471459298195454,0.0005368610045363986,0.009664970748393897
10272,20.0625,1.4375,repsi2,6,-0.9566850008145178,0.40905921208267176,0.9975328527871664,0.03176805462998453,0.04967038567228588,0.0010092092949736814,0.051000543229481776,0.05014823269185325,0.0101196820082282,0.20009499701901354,0.1111697543412669,0.1984230239017991,0.12044170942084283,2.36157699103133,0.04881931431457018,0.03058369487905762,0.0006510175770307325,0.06035965079621969
10272,20.0625,1.4375,impsi2,6,-5.4299789762225076e-12,0.07497497306880536,0.9938830261791777,0.02141541378257128,0.07821108502522109,0.00045861994747874396,0.05012391924483084,0.05088017003323677,0.0,0.0,0.0,0.0,0.027805551324546058,0.5547361767289093,0.015950331540001656,0.02166554223096964,-9.060757304333727e-12,0.04253392963785597
10272,20.0625,1.4375,abs_npsigma,6,0.16110575978579753,0.009601221323312476,0.9983657946230174,0.003961106854422959,0.040425306145810795,1.569036751215655e-05,0.05004207152015142,0.05086259300012407,0.0,0.0,0.0,0.0,0.016846530294356492,0.33664734057966744,0.0022982864259454513,0.004029721479920122,0.00023840994300264318,0.006554749538869309
10272,20.0625,1.4375,repsi2,8,-0.9566850008145178,0.40905921208267176,0.9991632823167819,0.01850046151404955,0.02892607272372254,0.0003422670762328285,0.051000543229481776,0.05021841747956821,0.0024565851474250304,0.04854001918645243,0.02487369439480716,0.048167823161635606,0.03949005663955889,0.7743065884978839,0.01627942419599006,0.01861232010342925,-0.0005960503726025745,0.030358976477844468
10272,20.0625,1.4375,impsi2,8,-5.4299789762225076e-12,0.07497497306880536,0.9983876156537166,0.010994929419471788,0.040154505927522836,0.00012088847293916624,0.05012391924483084,0.05106443968546392,0.0,0.0,0.0,0.0,0.015730958874632283,0.3138413578115119,0.006159529404994196,0.011192210832794298,-8.748892796398096e-12,0.02365453460244588
10272,20.0625,1.4375,abs_npsigma,8,0.16110575978579753,0.009601221323312476,0.9992698701586944,0.0026476665577692383,0.027020914886538367,7.010138201129607e-06,0.05004207152015142,0.05001448381002571,0.0,0.0,0.0,0.0,0.01680000084184034,0.33571753389695613,0.0015340881034543214,0.002693593397414682,-1.0533823990410696e-05,0.004643784069455672
10304,20.125,1.5,repsi2,2,-0.9518407129357862,0.3964098604396268,0.8956694318318884,0.20336584267548002,0.32300242749569485,0.04135766596710809,0.050717478404886725,0.051104643701524524,0.04405253900470063,0.8652842445900438,0.7625559444862289,0.8685869327536616,0.27962722699836307,5.513429212037097,0.47751708208683613,0.1771572431309027,0.027621870380844515,0.39198914987716027
10304,20.125,1.5,impsi2,2,-5.191907271267322e-12,0.07598706766413278,0.9261680149084206,0.07490177599317045,0.27172041714155265,0.005610276046931085,0.05008288598182746,0.05041278838713533,0.0,0.0,0.0,0.0,0.03411350563317982,0.681140971899221,0.061817383309466914,0.07552875154281116,1.7519785576723144e-11,0.1779338752021066
10304,20.125,1.5,abs_npsigma,2,0.15903990634063564,0.009250067712575938,0.9748947072805199,0.015238951984937521,0.15844649797165025,0.00023222565759923122,0.05012110804294362,0.05097581118999577,0.021046531724925523,0.41636346358748666,0.26291605050404715,0.41991353636661255,0.16314474872050247,3.2550108146196712,0.027493581558568587,0.014303626297272163,0.0018328742665669473,0.031010973974625766
10304,20.125,1.5,repsi2,4,-0.9518407129357862,0.3964098604396268,0.9872567294103266,0.07107431403817306,0.11288609564367716,0.005051558115996844,0.050717478404886725,0.05001555221631766,0.030991209106159354,0.6153137439634557,0.4443705144620259,0.6110557953759249,0.23307535057170037,4.595562671925801,0.15236387994842782,0.06388387964214713,0.0009915093591191804,0.14213740005911168
10304,20.125,1.5,impsi2,4,-5.191907271267322e-12,0.07598706766413278,0.9756374673943049,0.04302600857131176,0.15608501723642496,0.0018512374135785932,0.05008288598182746,0.05039766342489646,0.0,0.0,0.0,0.0,0.028719377706022137,0.5734369564174665,0.03258171186491973,0.043507143026196085,2.625299935505617e-12,0.10090760714190257
10304,20.125,1.5,abs_npsigma,4,0.15903990634063564,0.009250067712575938,0.9961249170841725,0.005987050973830999,0.062250163982334336,3.584477936325071e-05,0.05012110804294362,0.05035640018215067,5.084251708255506e-05,0.0010120178730677783,0.0005062651112044138,0.0010143933178610766,0.032926282262810455,0.6569344443582396,0.0048525941736498835,0.006040997104377016,0.000582005539798959,0.009802425332063679
10304,20.125,1.5,repsi2,6,-0.9518407129357862,0.3964098604396268,0.9978393625663617,0.02926598680258664,0.0464826573426935,0.0008564979835291753,0.050717478404886725,0.05051132487755109,0.008626885701252009,0.17044330114586442,0.0931609833423661,0.1700968970180661,0.13020442217889852,2.5672495217418594,0.04689183338906832,0.028013929267535,0.00016258376927913432,0.06232170394165637
10304,20.125,1.5,impsi2,6,-5.191907271267322e-12,0.07598706766413278,0.9941614158108859,0.021063164335895695,0.07641062877057152,0.0004436568918409483,0.05008288598182746,0.05027472975074857,0.0,0.0,0.0,0.0,0.026904717987122,0.5372038264105699,0.015438075654380561,0.021318588342892714,-1.0871910868970486e-11,0.047164676055888526
10304,20.125,1.5,abs_npsigma,6,0.15903990634063564,0.009250067712575938,0.9983015571664859,0.0039636739542934915,0.04121216851263814,1.57107112159446e-05,0.05012110804294362,0.05038985946362806,0.0,0.0,0.0,0.0,0.01675218384506268,0.3342341081268486,0.0022915181760788457,0.004032694283868154,0.00018122454638333507,0.00664097734204816
10304,20.125,1.5,repsi2,8,-0.9518407129357862,0.3964098604396268,0.9994150541490127,0.015227550793040936,0.024185653825922693,0.00023187830315464164,0.050717478404886725,0.05077441838361844,0.0,0.0,0.0,0.0,0.05009662191514548,0.9877585300123789,0.015134059992804098,0.015232529594509263,-0.0004887978030634899,0.03336945539823105
10304,20.125,1.5,impsi2,8,-5.191907271267322e-12,0.07598706766413278,0.9984653204688622,0.010798879449986172,0.039174986038770704,0.00011661579737533366,0.05008288598182746,0.05018327224044327,0.0,0.0,0.0,0.0,0.01564164711406434,0.31231521122284966,0.006034972028866279,0.010992904433704502,-4.569307148195511e-12,0.02529958152994503
10304,20.125,1.5,abs_npsigma,8,0.15903990634063564,0.009250067712575938,0.9992360298560446,0.0026583407535479176,0.02764000984000162,7.06677556197371e-06,0.05012110804294362,0.05026391964507546,0.0,0.0,0.0,0.0,0.016657908652047325,0.33235316022492717,0.0015325355430208618,0.002704760686755263,5.4333771423192845e-05,0.004466875867088691
10336,20.1875,1.5625,repsi2,2,-0.9484583862659398,0.38648440469309703,0.8956442290864359,0.20082798111273742,0.32304143838455784,0.04033187799781802,0.0504452606923776,0.05087619396484115,0.043913777175457525,0.8668208983777917,0.7649460682224812,0.8705233469453157,0.2752412823386228,5.456236692225329,0.4691058223877104,0.17545305860119356,0.027971643438138072,0.3773368800816894
10336,20.1875,1.5625,impsi2,2,-4.900416012172258e-12,0.0769876081816007,0.9264890715429344,0.07522918686997919,0.27112898859595524,0.005659430557118249,0.050048574496307056,0.05068145699676148,0.0,0.0,0.0,0.0,0.03482854813088212,0.6958949077251345,0.06275642521146828,0.07582944932744988,1.738123110452217e-11,0.17655955555265204
10336,20.1875,1.5625,abs_npsigma,2,0.15700052762414243,0.008908159442151165,0.9749683514100455,0.014932712973174469,0.15821393298301673,0.00022298591673921309,0.05009557282360714,0.05010457042863306,0.02085484169445081,0.4162637101616031,0.2628365043046897,0.41630109247145153,0.1641101315337091,3.275940812405952,0.027027553815277914,0.01400790836993564,0.0018943960398478121,0.03075825620523298
10336,20.1875,1.5625,repsi2,4,-0.9484583862659398,0.38648440469309703,0.9875204336303298,0.06944895808584878,0.11171197952623611,0.004823157779209981,0.0504452606923776,0.05100762704014969,0.030833515536585195,0.6078390911429822,0.4366155429849169,0.6112272017903203,0.23016062270854246,4.562581688537498,0.14834436748441326,0.06253250009944276,0.0008961857590303879,0.13949840881917153
10336,20.1875,1.5625,impsi2,4,-4.900416012172258e-12,0.0769876081816007,0.9764715211896762,0.04256056047279345,0.15338995668010297,0.001811401307758308,0.050048574496307056,0.050981335020374115,0.0,0.0,0.0,0.0,0.02839339792314724,0.5673168158913758,0.03205679993728191,0.04304293405322581,1.1891849128231071e-12,0.09177365139274149
10336,20.1875,1.5625,abs_npsigma,4,0.15700052762414243,0.008908159442151165,0.9960620796190939,0.005922805300160417,0.06275285157589347,3.5079622623608325e-05,0.05009557282360714,0.050550331490518116,5.138951217941434e-05,0.0010211943055133744,0.0005108579953945986,0.0010258294153130721,0.0327780748715981,0.6543108107978693,0.004790926457517006,0.00597655013205763,0.000535043202147284,0.009780263214024504
10336,20.1875,1.5625,repsi2,6,-0.9484583862659398,0.38648440469309703,0.9978897661569213,0.028558229472526894,0.04593728162482751,0.0008155724706055037,0.0504452606923776,0.05032138060463955,0.008572742400093272,0.170150404732147,0.0929860056106089,0.16994148275635007,0.13193490099550442,2.6154072589705164,0.046184999294556155,0.027305329639114702,-0.00013076342090090343,0.06292020985406044
10336,20.1875,1.5625,impsi2,6,-4.900416012172258e-12,0.0769876081816007,0.9944245213098355,0.02071817484295494,0.07466912809297112,0.0004292427688232509,0.050048574496307056,0.0510361163380068,0.0,0.0,0.0,0.0,0.02628685895445303,0.5252269264211045,0.015014987850728377,0.020975692611194204,-1.1653540934398839e-11,0.046017108851643646
10336,20.1875,1.5625,abs_npsigma,6,0.15700052762414243,0.008908159442151165,0.9983003834595892,0.003891073776285575,0.04122640586336455,1.5140455132497283e-05,0.05009557282360714,0.0510030493451234,5.1383860961030136e-05,0.001016509619196828,0.0005085132639105411,0.0010257166065743817,0.016819984076836565,0.335757894935384,0.0022546679009669956,0.003958640200336961,0.0002794278355877644,0.006266254282794674
10336,20.1875,1.5625,repsi2,8,-0.9484583862659398,0.38648440469309703,0.9994009785535052,0.01521553308783267,0.02447491463712947,0.0002315124471469308,0.0504452606923776,0.050601641618225085,0.0,0.0,0.0,0.0,0.04559322716362954,0.9038158696743297,0.01446529031020586,0.01525435770977364,-0.00047420345896065363,0.03501637131914026
10336,20.1875,1.5625,impsi2,8,-4.900416012172258e-12,0.0769876081816007,0.9985384283622348,0.010607681394989295,0.038230506637567954,0.00011252290457760204,0.050048574496307056,0.050765756333630195,0.0,0.0,0.0,0.0,0.01531164762085346,0.3059357389286535,0.005867263242632551,0.010799885921570636,-1.0749905619325355e-12,0.023664188828636235
10336,20.1875,1.5625,abs_npsigma,8,0.15700052762414243,0.008908159442151165,0.9992554463657114,0.0025753839495259454,0.02728651011559721,6.632602487475857e-06,0.05009557282360714,0.05081179416247491,5.138951217941434e-05,0.0010185482728233785,0.0005095336287104234,0.0010258294153130721,0.017189681522515366,0.3431377376009336,0.0015086073750180298,0.0026196114654812525,0.00010490279974231798,0.004173192635170665
10368,20.25,1.625,repsi2,2,-0.944571858500218,0.3757608514815022,0.8958058052048489,0.19786889436102753,0.3227912557600517,0.03915209935565547,0.05126495172220347,0.05021712982817555,0.04744265639642462,0.9349957287360634,0.8779267407316776,0.925440379881927,0.27976806346461786,5.457296926380347,0.46223871697961066,0.17240158021950316,0.02560945863318348,0.37206915107525035
10368,20.25,1.625,impsi2,2,-4.545013137344949e-12,0.07797370746427261,0.9266906510086861,0.07560556680989161,0.2707569925067753,0.005716201732644984,0.050088001612962715,0.05046318994417493,0.0,0.0,0.0,0.0,0.035542503453958325,0.7096011481671883,0.06368848649983883,0.07618222164824293,1.4959756475480726e-11,0.17737293738520554
10368,20.25,1.625,abs_npsigma,2,0.15497455761932818,0.008578191465446876,0.97500348280283,0.014643254777769166,0.15810286903522647,0.00021442491048665952,0.05003205188827309,0.05006685178721934,0.021483831110521205,0.429252076130004,0.273278779877306,0.4294013597223015,0.16491724272844308,3.296231845472196,0.02658560171236777,0.013729284377466568,0.001606847813525436,0.029777776453879468
10368,20.25,1.625,repsi2,4,-0.944571858500218,0.3757608514815022,0.9875623232732923,0.06836367454488783,0.11152433244233158,0.0046735919972793446,0.05126495172220347,0.05030122825424805,0.030665126991658874,0.6038452366480397,0.4325059459728497,0.5981694307999794,0.23408848475528804,4.566248028941408,0.14608483920535062,0.06142458418548484,0.0013036378172306406,0.1366614136350599
10368,20.25,1.625,impsi2,4,-4.545013137344949e-12,0.07797370746427261,0.9772474377510233,0.04212008586012573,0.15083952482349156,0.0017741016328643635,0.050088001612962715,0.05041005828767437,0.0,0.0,0.0,0.0,0.028003295296653484,0.5590819037469098,0.031493937803048856,0.042606902017023524,1.9068198157966912e-12,0.09575087903870798
10368,20.25,1.625,abs_npsigma,4,0.15497455761932818,0.008578191465446876,0.9959677241401702,0.0058812952967114,0.0635002036203808,3.4589634367119636e-05,0.05003205188827309,0.0512753947953693,5.192264420498358e-05,0.0010250508902297166,0.0005127882621471649,0.0010377876230407738,0.032365536893912576,0.6468960530779004,0.004730316897365058,0.005935730484085961,0.0005667212392953813,0.00958786335665898
10368,20.25,1.625,repsi2,6,-0.944571858500218,0.3757608514815022,0.9978609394529997,0.028350929658678505,0.046249978886485375,0.0008037752125113364,0.05126495172220347,0.050575635424028834,0.014105996079731117,0.27702110671212843,0.1607803251631849,0.2751586728525415,0.13496538347041534,2.6327028298353046,0.04600110081867682,0.027071453595865182,-0.000678252466143614,0.06077953075661646
10368,20.25,1.625,impsi2,6,-4.545013137344949e-12,0.07797370746427261,0.9946719831833896,0.02038247346675824,0.07299326555655934,0.0004154452246231037,0.050088001612962715,0.050320714234104676,0.0,0.0,0.0,0.0,0.025721853046921754,0.5135332258946615,0.014606331722346811,0.020642233183226916,-1.1962788784286435e-11,0.041030064434909946
10368,20.25,1.625,abs_npsigma,6,0.15497455761932818,0.008578191465446876,0.9982809678037882,0.003840076472464164,0.041461213154125647,1.474618731437282e-05,0.05003205188827309,0.05078171940386723,0.0,0.0,0.0,0.0,0.016718639781895302,0.33415858736375254,0.002219811956444083,0.00390682807648809,0.0002658324978593446,0.0062933021749774914
10368,20.25,1.625,repsi2,8,-0.944571858500218,0.3757608514815022,0.9993926565603399,0.0151068159460678,0.02464433889679453,0.00022821588802836832,0.05126495172220347,0.050514895263951816,0.0,0.0,0.0,0.0,0.04625386807354675,0.9022512753779429,0.014349497414024826,0.01514665943053979,-0.0006119100768385843,0.029328333376147042
10368,20.25,1.625,impsi2,8,-4.545013137344949e-12,0.07797370746427261,0.9986074721497235,0.010420199577422377,0.03731658947809294,0.00010858055923331349,0.050088001612962715,0.050612073365727234,0.0,0.0,0.0,0.0,0.015413572904098102,0.3077298436300379,0.005780439301137036,0.010608678122211997,-2.2170635797324185e-12,0.024004420104859345
10368,20.25,1.625,abs_npsigma,8,0.15497455761932818,0.008578191465446876,0.9992631903784661,0.0025140592688122397,0.02714423735406542,6.320494007100733e-06,0.05003205188827309,0.05001323197512601,0.0,0.0,0.0,0.0,0.017626558150737645,0.3523053219983788,0.001492227756195564,0.002556579735400674,0.00015425989049777655,0.0045758019460597835
10400,20.3125,1.6875,repsi2,2,-0.9400911770301414,0.3640900567563368,0.8964357813940751,0.19418213674320525,0.3218139502972562,0.03770670223015687,0.05111218304940482,0.05002481821633393,0.047288416715043406,0.935135828099006,0.878173811059492,0.9251887494090132,0.28658671416900267,5.607013769926226,0.459806479535682,0.16837299486789706,0.020999624554465024,0.3793476104022646
10400,20.3125,1.6875,impsi2,2,-4.127674264737505e-12,0.0789491746001989,0.92678271249302,0.07602923395077398,0.27058693151551116,0.005780444415141523,0.05006419485182849,0.05092442565914491,0.0,0.0,0.0,0.0,0.03601264026295728,0.7193292605532035,0.06448288770528694,0.07658948611100523,1.423640520515039e-11,0.17943160459620866
10400,20.3125,1.6875,abs_npsigma,2,0.15296124972626118,0.008259727735172667,0.9749896755316798,0.014372837947902,0.15814652847381813,0.00020657847067665177,0.05012014419088828,0.05004610250418225,0.022116071488156114,0.4415873054619408,0.2833571023963168,0.4412611305331552,0.16551317096113707,3.3023283079705696,0.02611876588839479,0.013471561354696588,0.001526785859669623,0.0288299464567661
10400,20.3125,1.6875,repsi2,4,-0.9400911770301414,0.3640900567563368,0.9878115290125665,0.066616072336844,0.11040140844859503,0.004437701093587631,0.05111218304940482,0.05028606881350108,0.035889547712439206,0.7078928295719175,0.5478592223409677,0.7021720766211164,0.25361519198850346,4.9619322998464,0.14838993359839528,0.05908170005649911,0.0010460126449194362,0.13664993325307218
10400,20.3125,1.6875,impsi2,4,-4.127674264737505e-12,0.0789491746001989,0.9779760347976888,0.041698607580421355,0.14840473443361304,0.0017387738741459736,0.05006419485182849,0.050724150747993295,0.0,0.0,0.0,0.0,0.02782133438268095,0.5557132091112583,0.03108471665498134,0.04218397174672546,2.7512882702230836e-12,0.09489530042671833
10400,20.3125,1.6875,abs_npsigma,4,0.15296124972626118,0.008259727735172667,0.9958359667815885,0.005864621101511484,0.06452932061018075,3.439378066429377e-05,0.05012014419088828,0.05000062223971809,5.244253062341723e-05,0.0010475854808755407,0.0005240672430551839,0.0010463363876944143,0.03180093668493965,0.634494118050063,0.004671472094425737,0.005920903036484455,0.0005223932471078996,0.009676404224390506
10400,20.3125,1.6875,repsi2,6,-0.9400911770301414,0.3640900567563368,0.9979117498028718,0.027573739913073665,0.0456973762608772,0.0007603111327938317,0.05111218304940482,0.05104982622501409,0.019371249022854548,0.37922607749072645,0.23397839280608035,0.37899474972787567,0.16214925241593442,3.1724188391484205,0.049112374828442454,0.025910248024077057,0.0003960661003141741,0.059436125149049834
10400,20.3125,1.6875,impsi2,6,-4.127674264737505e-12,0.0789491746001989,0.9949089630475295,0.02004827087947124,0.07135150280456926,0.00040193316525665454,0.05006419485182849,0.05048984874020185,0.0,0.0,0.0,0.0,0.025496417337214698,0.5092744907348389,0.014307141854525822,0.020305865859286117,-8.989753188780328e-12,0.04079787736640235
10400,20.3125,1.6875,abs_npsigma,6,0.15296124972626118,0.008259727735172667,0.9982395630559256,0.003813230894267154,0.04195756122648628,1.454072985299348e-05,0.05012014419088828,0.050742210669421986,0.0,0.0,0.0,0.0,0.016559668633110338,0.3303994611436262,0.0021918597829387,0.0038800093451276892,0.0002267986505321562,0.006252566211579574
10400,20.3125,1.6875,repsi2,8,-0.9400911770301414,0.3640900567563368,0.9993718365206444,0.015123097462187868,0.025063189728276515,0.00022870807685083314,0.05111218304940482,0.050398072362237104,0.008216616498871978,0.1618874165088474,0.08807263383256557,0.16075651652229042,0.071658737271705,1.401989369196772,0.017906599129770745,0.014958468900637263,-0.00014227624424245633,0.029815629554049927
10400,20.3125,1.6875,impsi2,8,-4.127674264737505e-12,0.0789491746001989,0.9986747561428516,0.010228729572427103,0.0364038989278392,0.00010462690866584475,0.05006419485182849,0.05095695339770763,0.0,0.0,0.0,0.0,0.015235339244354473,0.3043160743810111,0.005642663388844888,0.010414556866238385,-5.159797294219606e-12,0.020046576229590614
10400,20.3125,1.6875,abs_npsigma,8,0.15296124972626118,0.008259727735172667,0.9992562882970605,0.0024784786018325206,0.02727107814039401,6.142856179741685e-06,0.05012014419088828,0.05019655702842732,0.0,0.0,0.0,0.0,0.017892041963869797,0.3569830504821757,0.001480842847069692,0.0025201735545835363,0.00015543224069886757,0.004452513652092684
10432,20.375,1.75,repsi2,2,-0.9359424125774722,0.3533459588491538,0.8967131248449,0.19103926281843658,0.3213827549124254,0.03649599993821168,0.050790490801087156,0.051051665985981785,0.04561701880253753,0.8958376421252224,0.8113278230653277,0.8981409331362695,0.2860490158251674,5.631940375324048,0.45336882953048097,0.16568217675075356,0.02670595486719618,0.3918997626048555
10432,20.375,1.75,impsi2,2,-3.671113973658649e-12,0.0799171053287394,0.9267640825802091,0.07650361119767018,0.2706213543307159,0.005852802526284288,0.05003804988553533,0.05065403896879501,0.0,0.0,0.0,0.0,0.03643783685534821,0.728202576613231,0.06528419318677872,0.07704930034473931,1.3929400562339816e-11,0.17929767653707035
10432,20.375,1.75,abs_npsigma,2,0.1509600914956883,0.007952351315601108,0.9749126614694839,0.014124564756766154,0.1583898308936409,0.00019950332956808053,0.050040987179931336,0.05001390541327477,0.020080628702111726,0.40139223943308167,0.2510886343318732,0.40128362435993176,0.16538383770470888,3.3049675281193327,0.0256778508830898,0.01323933085911621,0.0012969188012017796,0.028439767317119585
10432,20.375,1.75,repsi2,4,-0.9359424125774722,0.3533459588491538,0.9878951957252998,0.06540018098694574,0.11002183544506129,0.004277183673125258,0.050790490801087156,0.05094762697580413,0.03295280059488674,0.6477965449911559,0.4790673641541014,0.6487986250013043,0.250374329837551,4.929551297665188,0.1452053591511242,0.05811926790003732,-0.0012741876580564249,0.1379216775708032
10432,20.375,1.75,impsi2,4,-3.671113973658649e-12,0.0799171053287394,0.9786636819947668,0.041293301797648695,0.146069565636491,0.0017051367733516968,0.05003804988553533,0.050779694224702326,0.0,0.0,0.0,0.0,0.02772793272050175,0.5541369574539946,0.03073888910855483,0.04177538005258082,2.1488833640439774e-12,0.09174790879857057
10432,20.375,1.75,abs_npsigma,4,0.1509600914956883,0.007952351315601108,0.9956599900593274,0.005874800742274563,0.0658787518147742,3.4513283761429765e-05,0.050040987179931336,0.05045365358995652,5.294981198404639e-05,0.0010537837954023958,0.000527169659123304,0.0010581288453334434,0.03098886856730695,0.619269728950009,0.004623097649857221,0.0059334199883432056,0.0005597466375111271,0.009385699516768181
10432,20.375,1.75,repsi2,6,-0.9359424125774722,0.3533459588491538,0.9979303031086522,0.027042910949089984,0.04549392147691631,0.0007313190326004109,0.050790490801087156,0.051359640686824255,0.01240219001527519,0.24282279101604254,0.13818913071177868,0.24418330714397674,0.15677990126847807,3.086796343088739,0.04751245011007265,0.02548841752795294,-4.243045327456674e-05,0.05794230678533008
10432,20.375,1.75,impsi2,6,-3.671113973658649e-12,0.0799171053287394,0.9951404280386599,0.019706925794933404,0.06971063018894734,0.0003883629242870115,0.05003804988553533,0.050421730331854556,0.0,0.0,0.0,0.0,0.025587388814667468,0.5113586335438725,0.014092293435864463,0.01995892858241296,-5.639432624508301e-12,0.04047192213464146
10432,20.375,1.75,abs_npsigma,6,0.1509600914956883,0.007952351315601108,0.9981717886995795,0.0038129487985149244,0.042757587635653384,1.4538578540096406e-05,0.050040987179931336,0.050735719265441334,0.0,0.0,0.0,0.0,0.01610503159049755,0.3218368081466703,0.0021631111188134336,0.0038804573056994253,0.00020228404437314107,0.006402148482114081
10432,20.375,1.75,repsi2,8,-0.9359424125774722,0.3533459588491538,0.9993527753581958,0.015122639043802124,0.025440610091038814,0.0002286942116491284,0.050790490801087156,0.050202077924415056,0.005422606335224051,0.10738624442680914,0.05673965124188083,0.10676420427715146,0.07270762423483433,1.431520410377252,0.01809365722320566,0.014947029464094586,-0.000360615277047005,0.027414525149414226
10432,20.375,1.75,impsi2,8,-3.671113973658649e-12,0.0799171053287394,0.9987402863920364,0.01003357688422623,0.03549244437853879,0.00010067266509167893,0.05003804988553533,0.05068757935651085,0.0,0.0,0.0,0.0,0.015098285180184154,0.30173608313517963,0.00551149486469351,0.010216429078343307,-6.32771440892342e-12,0.022380252456855904
10432,20.375,1.75,abs_npsigma,8,0.1509600914956883,0.007952351315601108,0.9992314389227785,0.0024722191839644343,0.027722934138028146,6.111867693561773e-06,0.050040987179931336,0.050483449176849216,5.294981198404639e-05,0.0010534714523763621,0.0005270133229335473,0.0010581288453334434,0.01768717189586988,0.3534536965122707,0.0014697830550402106,0.002513966268483691,0.00016164270299455497,0.0041188801928110225
10464,20.4375,1.8125,repsi2,2,-0.9327744097299517,0.34422320762889536,0.8969010345372518,0.18838539379370123,0.32109027618840813,0.03548905659480789,0.050287774243583806,0.05075095444839183,0.04533764897964057,0.8974311052122577,0.8139456041747158,0.9015640413917341,0.2847057458400506,5.661530066154719,0.44824364014559237,0.1634908987147199,0.02897692314846223,0.3560894985861245
10464,20.4375,1.8125,impsi2,2,-3.217412576324904e-12,0.08086836779369551,0.9266529173174792,0.07701596496158886,0.27082666538308364,0.005931458858964683,0.05013512787005675,0.05085099840223235,0.0,0.0,0.0,0.0,0.0370434540485066,0.73887223633932,0.06620113497424275,0.07754489149802334,1.3319740592330528e-11,0.1838531788716054
10464,20.4375,1.8125,abs_npsigma,2,0.14898593213806086,0.007651614618623673,0.974847681004861,0.013872845840543751,0.15859482650811493,0.00019245585171549207,0.0501748998847224,0.0501256109615454,0.021663912644334045,0.43198010581498775,0.2754940211007412,0.431767929664179,0.16469981360504407,3.2825140455375976,0.025134419356770587,0.013009632492493851,0.001374803727576035,0.02774204674952445
10464,20.4375,1.8125,repsi2,4,-0.9327744097299517,0.34422320762889536,0.9880765562258199,0.06406501433646185,0.10919452263818052,0.004104326061931062,0.050287774243583806,0.050591417833970635,0.030063897590461464,0.5960376361331042,0.4245396112267952,0.5978371093705207,0.24840746856685994,4.939718893972607,0.142387559130512,0.05699229440488547,0.000331958170499691,0.12929926087812982
10464,20.4375,1.8125,impsi2,4,-3.217412576324904e-12,0.08086836779369551,0.9793012487211891,0.04091300809382155,0.1438706060278156,0.0016738742312851077,0.05013512787005675,0.05079985727819328,0.0,0.0,0.0,0.0,0.027523927568392705,0.5489948612424183,0.030314160904462248,0.041397104011956364,1.2721963195794726e-12,0.09286382843533027
10464,20.4375,1.8125,abs_npsigma,4,0.14898593213806086,0.007651614618623673,0.9954918525044745,0.005873210985455473,0.06714273970821812,3.449460727967484e-05,0.0501748998847224,0.050057804123696134,5.3444965680381e-05,0.0010664177168340618,0.0005334933217821114,0.0010651733397210883,0.030024281747635,0.5983924595089626,0.004543271166228183,0.005935184346673551,0.00042158076026101166,0.009260803146698735
10464,20.4375,1.8125,repsi2,6,-0.9327744097299517,0.34422320762889536,0.9980334572098105,0.026017872072452767,0.04434571896124281,0.0006769296671785177,0.050287774243583806,0.050218356422766716,0.010968742111274528,0.21827011026197757,0.12250460157800407,0.21811945897911805,0.16333533038863282,3.2480127197014035,0.04689004339237769,0.02442032697725272,-3.2774797501522457e-06,0.05715249102493092
10464,20.4375,1.8125,impsi2,6,-3.217412576324904e-12,0.08086836779369551,0.9953530966509058,0.01938523894968292,0.06816819895738908,0.0003757874891363039,0.05013512787005675,0.05120200459782105,0.0,0.0,0.0,0.0,0.025292439496420124,0.5044853892060392,0.013768779819420764,0.019637102751414504,-5.494565956809188e-12,0.044768401776074954
10464,20.4375,1.8125,abs_npsigma,6,0.14898593213806086,0.007651614618623673,0.9981278828317133,0.0037848010638128603,0.04326796931087374,1.4324719092638959e-05,0.0501748998847224,0.050824047926615996,0.0,0.0,0.0,0.0,0.016082837940133096,0.320535526270778,0.002142797557642833,0.0038521261763574933,0.000171260379244198,0.006430577986140912
10464,20.4375,1.8125,repsi2,8,-0.9327744097299517,0.34422320762889536,0.9994034806684982,0.014329542829491294,0.024423745239047414,0.00020533579770222539,0.050287774243583806,0.05095201091539628,0.005393306540055466,0.10654519923340777,0.05627026279701603,0.10724886160066223,0.09177541781026634,1.8250045700118835,0.019358170605550437,0.014013058875722559,-0.0004443524022614831,0.027831057533775683
10464,20.4375,1.8125,impsi2,8,-3.217412576324904e-12,0.08086836779369551,0.9987999555052095,0.009851174527614267,0.034641658372405924,9.704563957351617e-05,0.05013512787005675,0.050044668215106114,0.0,0.0,0.0,0.0,0.014917339515862164,0.2975426641879886,0.005373566613203124,0.010032136603884077,-4.64218282562935e-12,0.023815988028414246
10464,20.4375,1.8125,abs_npsigma,8,0.14898593213806086,0.007651614618623673,0.9992292416289874,0.0024284863637803003,0.027762535385166775,5.897546019066864e-06,0.0501748998847224,0.05034928251505786,5.3444965680381e-05,0.001063325548231424,0.000531945589783655,0.0010651733397210883,0.018480094482794522,0.36831352977789333,0.0014738202031828983,0.0024686720724215404,8.089440201705655e-05,0.004267659322497935
10496,20.5,1.875,repsi2,2,-0.9304164142399771,0.3361570098395438,0.897296315727713,0.18580786690685783,0.3204741553889909,0.03452456340447659,0.050149055870049086,0.05054227326854078,0.04519193128559936,0.8976330270384641,0.8142778666771475,0.901152185251601,0.2829373019905925,5.6419267936721695,0.44134460380925716,0.16144140691846443,0.02718418647527865,0.3471968894538908
10496,20.5,1.875,impsi2,2,-2.7824777529793232e-12,0.0818035239174697,0.926465389279869,0.07755894717443025,0.27117265850400746,0.006015390286806063,0.050130604808603124,0.050359182293487605,0.0,0.0,0.0,0.0,0.0375259626237159,0.7485639314943177,0.06710368248139797,0.07807184976847949,1.0791333413782103e-11,0.18745481288171664
10496,20.5,1.875,abs_npsigma,2,0.1470278563827916,0.007361229444166656,0.9747006144774466,0.01364677916681967,0.15905780560083607,0.00018623458162794336,0.05004783500357867,0.0500044895246801,0.023943649796796328,0.47862255893982125,0.3145981700677059,0.478415295988013,0.1640909528423093,3.2786823412156783,0.024710403357841564,0.01280143950484081,0.0015021964709348717,0.026598487527905404
10496,20.5,1.875,repsi2,4,-0.9304164142399771,0.3361570098395438,0.9882832073815107,0.06275891945804539,0.1082441343375676,0.003938681971541428,0.050149055870049086,0.050062809293609636,0.032505393490834825,0.6487334296742084,0.48009285800491475,0.6481755823093825,0.25040666366074543,4.993247815265407,0.14023842251474625,0.05575201736558431,2.7447631012922358e-05,0.12922176709518718
10496,20.5,1.875,impsi2,4,-2.7824777529793232e-12,0.0818035239174697,0.9799029087868798,0.04054642871726246,0.14176420991604394,0.0016440128817240458,0.050130604808603124,0.05041736012204693,0.0,0.0,0.0,0.0,0.02752471746109163,0.5490601513023836,0.03004433326906211,0.04102607280939195,-3.5682964741622053e-13,0.08904713099787759
10496,20.5,1.875,abs_npsigma,4,0.1470278563827916,0.007361229444166656,0.9952662259523761,0.005903083677316541,0.06880242762885547,3.484639690140098e-05,0.05004783500357867,0.050074533261730926,5.392842052964764e-05,0.0010772501982123561,0.0005389153724520749,0.0010775375303605339,0.0289524125533624,0.5784948050458558,0.0044898173216765145,0.005968268155388478,0.00034425425134623766,0.00938312854279448
10496,20.5,1.875,repsi2,6,-0.9304164142399771,0.3361570098395438,0.9981063120826358,0.025230467056128983,0.04351652464712873,0.0006365764678704099,0.050149055870049086,0.05080960515388851,0.016349549053257244,0.3238860121051074,0.1932362682038651,0.3260190799129643,0.176896733848686,3.5274190267325736,0.047386410971251035,0.023486847245257184,0.000614786024938585,0.05382569914993929
10496,20.5,1.875,impsi2,6,-2.7824777529793232e-12,0.0818035239174697,0.9955579694122139,0.019062364896048234,0.06664856028292057,0.000363373755430092,0.050130604808603124,0.05034823482652214,0.0,0.0,0.0,0.0,0.02521680733089208,0.5030222042436743,0.013519802787790459,0.019310736925595356,-5.519065158136988e-12,0.043302430451806186
10496,20.5,1.875,abs_npsigma,6,0.1470278563827916,0.007361229444166656,0.9980497049061992,0.003789006422441213,0.04416214548457619,1.4356569669300757e-05,0.05004783500357867,0.05063892143200245,0.0,0.0,0.0,0.0,0.015600939405691272,0.3117205650269532,0.002115475835164101,0.0038570926254160153,0.00015586053723964932,0.006395149302582337
10496,20.5,1.875,repsi2,8,-0.9304164142399771,0.3361570098395438,0.9994703612484489,0.013343229707104848,0.023013881714111065,0.00017804177901656532,0.050149055870049086,0.0500108451157178,0.005362039741882314,0.10706958950856553,0.05656287675190795,0.10692204766081603,0.11555208770791846,2.3041727446942932,0.02025435791692381,0.012875655961182382,-0.0001119219040787156,0.027692466288713358
10496,20.5,1.875,impsi2,8,-2.7824777529793232e-12,0.0818035239174697,0.998859208073375,0.009660269129507619,0.03377561141748464,9.332079965451788e-05,0.050130604808603124,0.05017226735335814,0.0,0.0,0.0,0.0,0.014411045491957816,0.287470010525081,0.005179472102337576,0.009840228700922932,-5.281240019053226e-12,0.022927182542619363
10496,20.5,1.875,abs_npsigma,8,0.1470278563827916,0.007361229444166656,0.9992039043901833,0.002420793763077465,0.028215166308507456,5.860242443354754e-06,0.05004783500357867,0.050162986821180845,0.0,0.0,0.0,0.0,0.01837722262685246,0.36719315881572895,0.0014669154488931655,0.002460816538390694,0.00010421496762264004,0.004585213841452801
10528,20.5625,1.9375,repsi2,2,-0.9275668930493316,0.32729706958571375,0.8981367803530308,0.18259116432352068,0.3191601786673413,0.03333953328901893,0.05063851010621935,0.050141476564193425,0.0421711908253633,0.8368961381842298,0.7195368923268093,0.8327889334995244,0.2787115962320128,5.503945429029947,0.42836779973766415,0.1591543185961473,0.02732058887198352,0.34510748662303514
10528,20.5625,1.9375,impsi2,2,-2.3731223607173285e-12,0.08273058791315777,0.9261950226440951,0.07814044514572016,0.27167071493980505,0.006105929167571301,0.050053886430593705,0.05086537708035364,0.0,0.0,0.0,0.0,0.03796789327356582,0.7585403648168918,0.0680558134057307,0.07863595744734118,8.494442318063978e-12,0.1883770853406667
10528,20.5625,1.9375,abs_npsigma,2,0.14508542226272056,0.00708101635002167,0.9744576563673729,0.013448633866698288,0.159819722289294,0.0001808657528805041,0.050112198572532185,0.05011900698316357,0.02292514868768624,0.45744533472556825,0.296550485388591,0.4574764097509008,0.16297246603254648,3.2521515853402603,0.024252893537969677,0.012624433156946387,0.0016508989863274481,0.026526173066307696
10528,20.5625,1.9375,repsi2,4,-0.9275668930493316,0.32729706958571375,0.9886420174112297,0.06097076691095545,0.10657383632379125,0.00371743441771006,0.05063851010621935,0.05080342704128271,0.03225028080175877,0.6358372426359548,0.4661007194365687,0.6368726239004776,0.23381427755902517,4.6173214233313,0.13101369995814094,0.05477380101129797,7.781153056996004e-05,0.12328535743868363
10528,20.5625,1.9375,impsi2,4,-2.3731223607173285e-12,0.08273058791315777,0.9804721786968559,0.040193881836321804,0.1397419811765388,0.0016155481370722,0.050053886430593705,0.051007072255731416,0.0,0.0,0.0,0.0,0.027414473435620323,0.5476991976164347,0.029746166448555517,0.040670018265829735,-5.122586120320482e-13,0.0929137607446534
10528,20.5625,1.9375,abs_npsigma,4,0.14508542226272056,0.00708101635002167,0.994976555582571,0.005964150572649826,0.07087626131102653,3.557109205323925e-05,0.050112198572532185,0.05078437407032607,5.4400669773232624e-05,0.001078345246984626,0.0005394634874361122,0.0010855773907922505,0.027923622807596294,0.557222065744726,0.004452077873836191,0.00603340722003471,0.0005142822977351746,0.00892240860864324
10528,20.5625,1.9375,repsi2,6,-0.9275668930493316,0.32729706958571375,0.99823272311108,0.024050458350935465,0.04203899248221853,0.0005784245468900815,0.05063851010621935,0.050722507414022164,0.010899881742260658,0.2150704878250454,0.12049242637205311,0.21524886335314888,0.15116057968440896,2.9850913734889613,0.04155297973835142,0.02274156363915046,0.0005002632464483625,0.05255357253838522
10528,20.5625,1.9375,impsi2,6,-2.3731223607173285e-12,0.08273058791315777,0.9957520618885793,0.018746584152227234,0.06517620817001112,0.0003514344173765373,0.050053886430593705,0.05109864455177715,0.0,0.0,0.0,0.0,0.0251837982209989,0.5031337228113055,0.013297312011781906,0.01899039638905226,-4.286531826589278e-12,0.03640907951793072
10528,20.5625,1.9375,abs_npsigma,6,0.14508542226272056,0.00708101635002167,0.9979334265008322,0.003825368052374732,0.04545958093920224,1.4633440736129252e-05,0.050112198572532185,0.050397125150098844,0.0,0.0,0.0,0.0,0.015177956672732848,0.302879480547323,0.0021052716995150207,0.0038950761414843368,0.00023595256814587517,0.006297019472258872
10528,20.5625,1.9375,repsi2,8,-0.9275668930493316,0.32729706958571375,0.9995249230569881,0.012469614720412754,0.02179625983997946,0.00015549129127553443,0.05063851010621935,0.05116929062488071,0.005444827620608786,0.10696287674438507,0.05650331704030823,0.10752345614410286,0.07930416621456281,1.5660841136165808,0.015604885166906644,0.012279913809833445,0.00021841383466891795,0.025578899427789348
10528,20.5625,1.9375,impsi2,8,-2.3731223607173285e-12,0.08273058791315777,0.9989150331532044,0.0094741725286003,0.032938834933791995,8.97599451016846e-05,0.050053886430593705,0.0508051801039544,0.0,0.0,0.0,0.0,0.013948861619460812,0.2786768943267321,0.005001402077005551,0.009652538075148919,-6.3737265088492345e-12,0.022083196929566153
10528,20.5625,1.9375,abs_npsigma,8,0.14508542226272056,0.00708101635002167,0.9991525633647004,0.0024496352116517147,0.029110764938414403,6.000712670163941e-06,0.050112198572532185,0.05084405923357238,0.0,0.0,0.0,0.0,0.017760729367788462,0.354419280608526,0.0014583443584071532,0.0024910010328175643,0.00011485028124266772,0.0045158656187409135
10560,20.625,2.0,repsi2,2,-0.9249311157728372,0.3187321976088794,0.8989145909956298,0.17949700431526797,0.31793931654384966,0.03221917455815533,0.050533145354304455,0.05071736865502248,0.04678685381977556,0.9241800750851631,0.8590471822301694,0.9258646674719649,0.2798703858863981,5.538352776660449,0.42242295732579127,0.15632291186802683,0.024615129059819385,0.3323410846186195
10560,20.625,2.0,impsi2,2,-1.980997083969485e-12,0.08364176617552702,0.9258542737326575,0.07875074284962458,0.2722971286432205,0.0062016794993676955,0.05014476281546395,0.05088755823149086,0.0,0.0,0.0,0.0,0.03746609274263703,0.7471586390888861,0.0680708338043028,0.07927458314478135,6.475922994324509e-12,0.1828859819649368
10560,20.625,2.0,abs_npsigma,2,0.1431593883702743,0.006810641699425828,0.9741080551940913,0.013279335788146697,0.16090974117780654,0.00017634075897435364,0.05007141519222362,0.05007073114667973,0.021116878777871093,0.42173809030229625,0.2672167957110964,0.4217352095362918,0.16037879966673974,3.2030011345005382,0.02376593467662361,0.012484540788216638,0.001655231778547886,0.026410992585807938
10560,20.625,2.0,repsi2,4,-0.9249311157728372,0.3187321976088794,0.9888507705139025,0.05961223377587512,0.10558991185760856,0.003553618415749587,0.050533145354304455,0.05001953564786864,0.03209591505147899,0.6383900405556635,0.46884942059045015,0.6351458003740714,0.23715606331379505,4.693079396721026,0.12914105997227526,0.05343346540405648,0.0023240547296331515,0.11972514640924536
10560,20.625,2.0,impsi2,4,-1.980997083969485e-12,0.08364176617552702,0.9810045928318294,0.03985987211180001,0.13782382656192133,0.0015888094047690525,0.05014476281546395,0.05035420379540662,0.0,0.0,0.0,0.0,0.025618494883973657,0.510890738046791,0.028490489806567803,0.04037120441394698,1.9525351883817245e-13,0.09050126239877075
10560,20.625,2.0,abs_npsigma,4,0.1431593883702743,0.006810641699425828,0.9946180651227046,0.006054290222553145,0.07336167171824433,3.665443009890261e-05,0.05007141519222362,0.05047987532753867,5.486214835721898e-05,0.0010912271353978576,0.0005459114243788317,0.0010956780060360544,0.026531899223832384,0.5298811531884352,0.004407095607117164,0.0061288447441979746,0.0004904895481359361,0.008987616992675845
10560,20.625,2.0,repsi2,6,-0.9249311157728372,0.3187321976088794,0.9983065722132572,0.02323251944926491,0.041151279284401314,0.0005397499599604724,0.050533145354304455,0.050248858708649737,0.010807975688059634,0.21448225382198902,0.12012328316596062,0.21387894246996447,0.15120839801166688,2.9922617512030016,0.04018797283271543,0.021966301598836068,-0.0005420497657947498,0.05232142180533661
10560,20.625,2.0,impsi2,6,-1.980997083969485e-12,0.08364176617552702,0.995933113773208,0.018443468948215847,0.06377214303120081,0.00034016154684380213,0.05014476281546395,0.050240036032216814,0.0,0.0,0.0,0.0,0.024561283089436153,0.48980754340833765,0.012907892609622334,0.01869019759539024,-2.734067715666115e-12,0.03772853727359308
10560,20.625,2.0,abs_npsigma,6,0.1431593883702743,0.006810641699425828,0.9977768753656471,0.003891131626884985,0.047150022633641334,1.5140905337744589e-05,0.05007141519222362,0.050483837032239395,0.0,0.0,0.0,0.0,0.014689156769202929,0.29336412228037523,0.002107557449973236,0.003962936148524074,0.0002853066003291327,0.006363310697708804
10560,20.625,2.0,repsi2,8,-0.9249311157728372,0.3187321976088794,0.9995570003959556,0.011882686452858166,0.021047555773638243,0.00014119823733693896,0.050533145354304455,0.05034932778959265,0.0027184744570059017,0.05389389003436334,0.027693191937676498,0.0537958687895991,0.06324590204967342,1.2515726382404195,0.013293601860244258,0.011802867568281087,-0.0003536576380701595,0.02406337137933867
10560,20.625,2.0,impsi2,8,-1.980997083969485e-12,0.08364176617552702,0.9989665567484994,0.009297258671118209,0.0321472121886256,8.643901879768273e-05,0.05014476281546395,0.050755639260660984,0.0,0.0,0.0,0.0,0.0130207804947241,0.25966381659120485,0.00473762445993825,0.009477203536328055,-4.836507632912771e-12,0.018566301287913964
10560,20.625,2.0,abs_npsigma,8,0.1431593883702743,0.006810641699425828,0.9990735449521797,0.0025119222482648845,0.030437724090678093,6.309753381328112e-06,0.05007141519222362,0.05105569672381001,0.0,0.0,0.0,0.0,0.016994069438455522,0.33939662726159175,0.00146338956415412,0.002555281691586714,0.0001457997426165536,0.0044221870424382605
10592,20.6875,2.0625,repsi2,2,-0.9224737802458357,0.31048507926184793,0.8997478820729482,0.17642785148821827,0.3166261485206991,0.031126786780748802,0.05033077810448238,0.050528784571150065,0.0465877380898375,0.923814001448036,0.8584148118364778,0.9256311911793883,0.2810361492400188,5.58378312086914,0.4168995402171101,0.1535092292761688,0.02346057786896938,0.32975373809014963
10592,20.6875,2.0625,impsi2,2,-1.6281105712337473e-12,0.08453513364164081,0.9254775566742848,0.0793710571042174,0.2729879911749145,0.006299764705840939,0.050234826499164456,0.05090191703289065,0.0,0.0,0.0,0.0,0.03657386896619192,0.7280580329425492,0.06772439958933155,0.07993983637009697,5.38074734402902e-12,0.18450748263299346
10592,20.6875,2.0625,abs_npsigma,2,0.14126000311282505,0.006547493634428756,0.9737236004101268,0.013116575736464194,0.16209996788979697,0.00017204455905040118,0.05010833791581301,0.05000482157961606,0.021622658566512652,0.43196436263705956,0.27548121505932094,0.4315181757343632,0.15848282795233942,3.1628035281993654,0.02332687588109717,0.012345677411144979,0.0017070041082774615,0.025875188612625784
10592,20.6875,2.0625,repsi2,4,-0.9224737802458357,0.31048507926184793,0.9890770457710987,0.05823585072387944,0.10451293809333533,0.0033914143095339693,0.05033077810448238,0.05076901135731908,0.030603900626534307,0.6054196707916466,0.4341231968583113,0.6080553843813666,0.24101366266610114,4.788594012311462,0.12743667547414197,0.05206204481539047,0.0022672261556201945,0.11750905192257971
10592,20.6875,2.0625,impsi2,4,-1.6281105712337473e-12,0.08453513364164081,0.9815242942628123,0.0395202005766265,0.13592536826210064,0.0015618462536167899,0.050234826499164456,0.05050771433128891,0.0,0.0,0.0,0.0,0.025742302447876023,0.5124393621286656,0.02829048422962099,0.04002653009588058,6.54317235698828e-13,0.0891814675097962
10592,20.6875,2.0625,abs_npsigma,4,0.14126000311282505,0.006547493634428756,0.9942484945354684,0.006136606995514962,0.07583868053000163,3.765794541740317e-05,0.05010833791581301,0.05000951284952452,0.0,0.0,0.0,0.0,0.0254070111755118,0.5070415869350546,0.004369684703174106,0.006215884190211862,0.0006233862901764697,0.009175577568077964
10592,20.6875,2.0625,repsi2,6,-0.9224737802458357,0.31048507926184793,0.9983492804872597,0.02263898802403166,0.040629047647468844,0.000512523778752249,0.05033077810448238,0.0511702821504233,0.0093867466725504,0.18495859351571112,0.10190323639721997,0.18650112368746455,0.15794644864782822,3.138168226208324,0.040104685981273216,0.02131771658849116,0.0003306366976878472,0.049934882716184514
10592,20.6875,2.0625,impsi2,6,-1.6281105712337473e-12,0.08453513364164081,0.99611152180456,0.018130444669508947,0.06235766348605426,0.00032871302391412535,0.050234826499164456,0.050119020362163536,0.0,0.0,0.0,0.0,0.02434204015029349,0.4845650288191672,0.012620730403038636,0.018375921694272487,-1.9736153953600842e-12,0.03898033735319445
10592,20.6875,2.0625,abs_npsigma,6,0.14126000311282505,0.006547493634428756,0.9976312489324864,0.003938195340011872,0.04866981680172569,1.5509382536091223e-05,0.05010833791581301,0.050543299265388364,0.0,0.0,0.0,0.0,0.014236712816190588,0.2841186398980082,0.0020991676140347058,0.004011867083136816,0.00021592756393976065,0.0063767982280956564
10592,20.6875,2.0625,repsi2,8,-0.9224737802458357,0.31048507926184793,0.9995548567007838,0.011756289913915325,0.021098419353501714,0.0001382103525400272,0.05033077810448238,0.050461188441076374,0.002692065781203605,0.05341826086877212,0.027442084652768314,0.05348746597191697,0.07760551425896263,1.54190968591545,0.014598215003049411,0.011586238252943231,-0.00045187987300232546,0.0242044554662314
10592,20.6875,2.0625,impsi2,8,-1.6281105712337473e-12,0.08453513364164081,0.9990175887961422,0.009113081938025392,0.0313434395664835,8.304826240916462e-05,0.050234826499164456,0.05017928490894836,0.0,0.0,0.0,0.0,0.012101266362354512,0.24089396153395273,0.004472787154588838,0.009294229007981901,-2.8620842841318727e-12,0.021612742190824444
10592,20.6875,2.0625,abs_npsigma,8,0.14126000311282505,0.006547493634428756,0.9990067964660432,0.0025500968248821847,0.031515131825153225,6.5029938162742e-06,0.05010833791581301,0.05073249058223685,0.0,0.0,0.0,0.0,0.01633076244793444,0.32590908274331004,0.0014558106847208333,0.0025950407241895467,0.00012450955252923945,0.004169503051624156
10624,20.75,2.125,repsi2,2,-0.9200484015021023,0.30263249224253,0.9003949234041781,0.17361950515481164,0.3156027195634123,0.030143732570201663,0.05108221999807053,0.050351490769667814,0.042524793254271914,0.8384745649628191,0.7218736152221921,0.8324773914657224,0.2795472963936693,5.472497013720789,0.406154510590276,0.15128189630953306,0.020553889597143882,0.32565392257234416
10624,20.75,2.125,impsi2,2,-1.3025569274035089e-12,0.08541259254200896,0.9250409023587515,0.08001531643472157,0.2737865914197562,0.006402450864148624,0.050070083393074186,0.050746650274455754,0.0,0.0,0.0,0.0,0.0356137803303691,0.7112786302108552,0.06748278655067483,0.08062186538666823,4.488192219886333e-12,0.18558079238755862
10624,20.75,2.125,abs_npsigma,2,0.13939535613342272,0.006289220533532773,0.9734634692146539,0.012918749719068152,0.16290037073421942,0.00016689409430392348,0.05004166425118427,0.05003438286853344,0.019783664946718734,0.39537262943753526,0.24639529194802817,0.39534386481262046,0.15635777804422601,3.1245519185650528,0.022835701490309005,0.012174394175059767,0.0014722899766485553,0.02576189668971568
10624,20.75,2.125,repsi2,4,-0.9200484015021023,0.30263249224253,0.9892418922247846,0.057059205811395376,0.10372129856117016,0.003255752967827176,0.05108221999807053,0.051245959169614545,0.027776806340476523,0.5428965230576164,0.37258611460926705,0.5437666245031189,0.2301851969183682,4.506170580038666,0.1211238136763221,0.05139306978476454,0.0006022332544690645,0.11505903466408829
10624,20.75,2.125,impsi2,4,-1.3025569274035089e-12,0.08541259254200896,0.9820103019155464,0.039198810599828084,0.1341256801826317,0.0015365467524411946,0.050070083393074186,0.05030916857036536,0.0,0.0,0.0,0.0,0.025114536593553168,0.5015876725507326,0.027761716613393442,0.039710367309093664,6.771880901880735e-13,0.09122890506488333
10624,20.75,2.125,abs_npsigma,4,0.13939535613342272,0.006289220533532773,0.9939983863990675,0.006143734328021858,0.07747008197318814,3.774547149331419e-05,0.05004166425118427,0.050662978642194184,0.0,0.0,0.0,0.0,0.024620833285916795,0.4920066839170747,0.004309411127092887,0.0062253946188896925,0.00044686078827728404,0.009165984295151003
10624,20.75,2.125,repsi2,6,-0.9200484015021023,0.30263249224253,0.9983695182350533,0.022213436476191985,0.040379224422302774,0.0004934367600818166,0.05108221999807053,0.05000055850384603,0.008055108902660365,0.15937648375005123,0.08658831224473423,0.1576890922705517,0.1447703372761533,2.8340651068340716,0.03739561343496228,0.02108836141176626,0.00037750948581116717,0.04478228351627567
10624,20.75,2.125,impsi2,6,-1.3025569274035089e-12,0.08541259254200896,0.996278017705529,0.0178298669979959,0.06100805106271633,0.0003179041571662234,0.050070083393074186,0.050827499537066605,0.0,0.0,0.0,0.0,0.024171179862972583,0.4827469463794821,0.012388190388968733,0.018071289408545414,-7.964269725803646e-13,0.03722861952785816
10624,20.75,2.125,abs_npsigma,6,0.13939535613342272,0.006289220533532773,0.997602811909701,0.0038828397546445963,0.04896108751140003,1.5076444560248509e-05,0.05004166425118427,0.05035583798725579,0.0,0.0,0.0,0.0,0.014445510190680931,0.28866965970939046,0.0020861716422275584,0.003954918232307372,0.0002173328776299971,0.006394872193874648
10624,20.75,2.125,repsi2,8,-0.9200484015021023,0.30263249224253,0.9995483943610758,0.011690617606372192,0.021251015009270235,0.00013667054001841947,0.05108221999807053,0.05029831019432698,0.002664599383311519,0.052566294105085204,0.02699259746093854,0.05216295187272922,0.07352340680250259,1.4393150259577543,0.014025404160104326,0.011551553369945521,-0.0005611148417702383,0.02396520355122783
10624,20.75,2.125,impsi2,8,-1.3025569274035089e-12,0.08541259254200896,0.9990667889096353,0.008927932493976653,0.030548503897322072,7.970797861700418e-05,0.050070083393074186,0.05004106054909741,0.0,0.0,0.0,0.0,0.01177791595164993,0.23522860665494877,0.004330080455298763,0.009106099525079335,-2.2119364891865816e-12,0.02138314926790259
10624,20.75,2.125,abs_npsigma,8,0.13939535613342272,0.006289220533532773,0.9990345836387106,0.0024640853075391317,0.03107114998337635,6.071716402830217e-06,0.05004166425118427,0.05087465475317486,0.0,0.0,0.0,0.0,0.017124170511347885,0.3421982615404849,0.001441433591122167,0.0025064138851069537,0.00018294641139246504,0.004105314820522239
10656,20.8125,2.1875,repsi2,2,-0.9182196997566934,0.29582274335516656,0.9007989551533009,0.17130652419055567,0.3149619736518983,0.02934592523024944,0.05097639687894011,0.05015471661628355,0.04242028138392535,0.8389165295985557,0.7225290437633226,0.8321553499488398,0.27857363351075715,5.464757232103322,0.400460181709454,0.1493590015627092,0.01856964196849381,0.32047272969654933
10656,20.8125,2.1875,impsi2,2,-9.92547156389214e-13,0.08627548780249684,0.9245524769338868,0.0806800586019808,0.2746771251235044,0.006509271856019055,0.05000649232146259,0.05015862385341412,0.0,0.0,0.0,0.0,0.034861864919788856,0.6971467763762003,0.0673640697329074,0.08132060937612866,3.5336197229538665e-12,0.18677614431457434
10656,20.8125,2.1875,abs_npsigma,2,0.13755087662551926,0.006040572336065918,0.9730751571784269,0.012753096122154728,0.1640879118691355,0.00016264146070091797,0.05005343643236777,0.050064746637768415,0.020348844861552317,0.4064964872024747,0.255096072231957,0.4065424137071525,0.15450368836085288,3.0867748425149255,0.022406194885376533,0.012031558962524664,0.0016937741817264207,0.025383271311863104
10656,20.8125,2.1875,repsi2,4,-0.9182196997566934,0.29582274335516656,0.9894145571210079,0.05595904531077054,0.10288558149221955,0.00313141475209287,0.05097639687894011,0.05020946019776927,0.02891696347161639,0.5715613684962777,0.4001301532251288,0.5672618160967524,0.22956548720362274,4.5033682499922465,0.1187514790313467,0.05041963000725885,9.545709066993702e-05,0.11340872447010186
10656,20.8125,2.1875,impsi2,4,-9.92547156389214e-13,0.08627548780249684,0.9824710984641772,0.03888848840781864,0.1323967580261041,0.0015123145306450445,0.05000649232146259,0.050016207682408505,0.0,0.0,0.0,0.0,0.02605868029718804,0.5211059421979045,0.028072692930878,0.039375595911563206,2.6656714280250435e-13,0.08677522849147906
10656,20.8125,2.1875,abs_npsigma,4,0.13755087662551926,0.006040572336065918,0.9936793971812989,0.006179001418830243,0.0795022189545745,3.818005853390616e-05,0.05005343643236777,0.050295636119943754,0.0,0.0,0.0,0.0,0.023834832127990244,0.47618772709434004,0.004263903762233575,0.006263691509854157,0.00011847161666617145,0.009106515418333697
10656,20.8125,2.1875,repsi2,6,-0.9182196997566934,0.29582274335516656,0.9984129580793942,0.021667558578973813,0.03983769472002371,0.00046948309477326164,0.05097639687894011,0.05033579427536752,0.007994663142923922,0.15782233217614114,0.08567161296802314,0.15683068306906484,0.1398503707479265,2.7434338107506164,0.035888658316755195,0.02062806426141506,0.00045202080834927383,0.046490772809472225
10656,20.8125,2.1875,impsi2,6,-9.92547156389214e-13,0.08627548780249684,0.9964357331519091,0.01753593057061141,0.05970148112141628,0.00030750886097730384,0.05000649232146259,0.05010301244904563,0.0,0.0,0.0,0.0,0.024499855099321784,0.48993348587272423,0.012274318237497405,0.01776978477762978,-4.444450433768581e-13,0.03698130420476376
10656,20.8125,2.1875,abs_npsigma,6,0.13755087662551926,0.006040572336065918,0.9975375406055513,0.0038567686081474916,0.0496231739658863,1.487466409679194e-05,0.05005343643236777,0.05018406001146438,0.0,0.0,0.0,0.0,0.014373107134229459,0.2871552516409219,0.0020667215370698774,0.003928531754650744,0.00013207121450120596,0.006345805404700047
10656,20.8125,2.1875,repsi2,8,-0.9182196997566934,0.29582274335516656,0.9995506061618006,0.011530000783307456,0.021198911250332048,0.00013294091806307054,0.05097639687894011,0.05019919647197463,0.0026361171156361425,0.05210974363141324,0.026751888850535352,0.05171250376711505,0.05714041465021126,1.1209190556545139,0.012207211324995613,0.01149249544118414,-0.0007746567009399019,0.024603746979115937
10656,20.8125,2.1875,impsi2,8,-9.92547156389214e-13,0.08627548780249684,0.9991138393181246,0.00874379466251341,0.02976845111650006,7.6453945100198e-05,0.05000649232146259,0.05068245997640583,0.0,0.0,0.0,0.0,0.011160099183496154,0.22317300545205973,0.004130672669999156,0.008920775759894863,-1.6738626899572735e-12,0.0216596094151661
10656,20.8125,2.1875,abs_npsigma,8,0.13755087662551926,0.006040572336065918,0.9990367879460716,0.0024121260511682455,0.031035657781466445,5.818352086724513e-06,0.05005343643236777,0.050669205687251154,0.0,0.0,0.0,0.0,0.01733354779730845,0.3463008543025722,0.0014194718377853969,0.002453315913687447,0.00017921191438594053,0.003952619068962257
10688,20.875,2.25,repsi2,2,-0.9166190782601525,0.28951559410736005,0.9011634448290539,0.16915887203998892,0.31438281627809456,0.028614723989841346,0.05055138145774185,0.05098082012081274,0.043241449646167295,0.8517780364037859,0.7418235005155533,0.855396003021495,0.27343107497548363,5.4089733473269535,0.3934161656594312,0.14797810341280707,0.022126272608556263,0.3195960345427973
10688,20.875,2.25,impsi2,2,-7.09466365254245e-13,0.08711871141322473,0.9240412763559663,0.08134756372787977,0.2756061023345341,0.006617426124461461,0.05011336890291681,0.0509920541188991,0.0,0.0,0.0,0.0,0.03504925323196814,0.6993992620984643,0.0680310440052146,0.08199006607542081,2.576119462584635e-12,0.187286668804781
10688,20.875,2.25,abs_npsigma,2,0.1357284674779743,0.0058013559503455586,0.9725420043105295,0.012621157105339932,0.16570454335796153,0.00015929360667767264,0.05012982918182493,0.050007753451574946,0.02099939227390768,0.4194108090423095,0.2653509282751614,0.4189001362390682,0.15118651447773024,3.015899254900003,0.02191833638051773,0.011930899388914175,0.0015125940106652733,0.024634065636322748
10688,20.875,2.25,repsi2,4,-0.9166190782601525,0.28951559410736005,0.9895812853035229,0.05492158387360711,0.10207210537887976,0.003016380375185661,0.05055138145774185,0.05020042339481012,0.026165086711833,0.5193968832642755,0.3508008847160785,0.5175939006475136,0.21391239558216596,4.231583577216082,0.11297816451984218,0.04997384826830214,-0.00012181748864670272,0.11387519273064317
10688,20.875,2.25,impsi2,4,-7.09466365254245e-13,0.08711871141322473,0.982917159044525,0.03857765015288046,0.13070134259247282,0.001488235091318038,0.05011336890291681,0.05063342600122072,0.0,0.0,0.0,0.0,0.02595807716202905,0.5179870707219243,0.027764843516530146,0.039065079035442235,8.833986762302838e-14,0.09069132221811668
10688,20.875,2.25,abs_npsigma,4,0.1357284674779743,0.0058013559503455586,0.993283872558303,0.006242006560167032,0.08195198253670895,3.896264589716827e-05,0.05012982918182493,0.050060961829325484,0.0,0.0,0.0,0.0,0.022818643460968183,0.4551909279044843,0.004211346926999231,0.006331107419967121,0.0004004318282503916,0.009301910487077441
10688,20.875,2.25,repsi2,6,-0.9166190782601525,0.28951559410736005,0.9984816963889847,0.02096598607217068,0.03896541557606355,0.00043957257197845505,0.05055138145774185,0.05111114274735223,0.010560812783045983,0.2077621594706932,0.1159233193119805,0.20891244667317818,0.11691813030468894,2.3128572737903514,0.03188524142074359,0.020219948435733267,-1.9571421988384685e-05,0.046767971919587925
10688,20.875,2.25,impsi2,6,-7.09466365254245e-13,0.08711871141322473,0.9965871146731986,0.01724314854868567,0.05841990522759691,0.0002973261718720407,0.05011336890291681,0.05102059016870384,0.0,0.0,0.0,0.0,0.024770005582217196,0.49427939339307675,0.012122796701784533,0.017471661500478318,-5.561015277283067e-13,0.03236607563629589
10688,20.875,2.25,abs_npsigma,6,0.1357284674779743,0.0058013559503455586,0.9974305836118682,0.0038608417543592784,0.0506894110059669,1.490609905220403e-05,0.05012982918182493,0.05017645306155369,0.0,0.0,0.0,0.0,0.014334776006669438,0.2859530192029191,0.002064568727002207,0.003932915302249238,0.00022420840378312157,0.006436151194092896
10688,20.875,2.25,repsi2,8,-0.9166190782601525,0.28951559410736005,0.9996005308884265,0.010754186959725808,0.019986723382622883,0.00011565253716473662,0.05055138145774185,0.05017755987972497,0.002659273779714735,0.05280059026542354,0.02711617002421997,0.052605363157834574,0.051376223207400644,1.0163168982898778,0.010841569436692271,0.010749514547952489,-0.0005927718378512248,0.023790405682046933
10688,20.875,2.25,impsi2,8,-7.09466365254245e-13,0.08711871141322473,0.9991577523959715,0.00856595154981873,0.029021502442646466,7.337552595384187e-05,0.05011336890291681,0.050761585532401426,0.0,0.0,0.0,0.0,0.010874385997978478,0.21699570865102114,0.003990259922861581,0.008741087147534021,-1.448318426035813e-12,0.01986759581369565
10688,20.875,2.25,abs_npsigma,8,0.1357284674779743,0.0058013559503455586,0.9990095670268138,0.0023970511513967696,0.031471145088577006,5.745854222412579e-06,0.05012982918182493,0.050666208285610595,0.0,0.0,0.0,0.0,0.0174786624042094,0.34866790271343,0.0014154133463499985,0.002437901599488195,0.00015211782117549588,0.004228360399878187
10720,20.9375,2.3125,repsi2,2,-0.9152675525143952,0.28339697839479566,0.9018494062623212,0.16678003985163603,0.31328995154278205,0.0278155816929133,0.05006755909972457,0.050602147405679754,0.0429527285556813,0.8533396996319929,0.7441957302944241,0.8578953982982883,0.2730932635454947,5.4544952551321195,0.3895124623972068,0.14589387530148387,0.02269660381673666,0.3192539713990439
10720,20.9375,2.3125,impsi2,2,-4.2629227852233366e-13,0.08794156621087122,0.9235183266830309,0.08201169512894159,0.27655320160318,0.006725918137922462,0.05009876255072951,0.050431255704680614,0.0,0.0,0.0,0.0,0.04627630086105785,0.9237014749455923,0.0788209395044381,0.08217653954169599,1.6167291394718284e-12,0.18660599186764568
10720,20.9375,2.3125,abs_npsigma,2,0.13393614648062624,0.005569440435325657,0.9719267289438319,0.012504095767870607,0.16755080141905626,0.00015635241097207965,0.0500291847351247,0.050070086767245225,0.01929190854515827,0.38545552341410433,0.23873948906578643,0.38561309058497856,0.14742403272944904,2.946760646010387,0.021464695002756662,0.011845781096436928,0.0014998193014832822,0.02440694569227307
10720,20.9375,2.3125,repsi2,4,-0.9152675525143952,0.28339697839479566,0.9898237321404336,0.053702174655568626,0.10087748935994797,0.0028839235627371976,0.05006755909972457,0.05003596414542507,0.02603863926252341,0.5202342219015766,0.35156524742051065,0.5200700759280005,0.22002142280136122,4.394490699319344,0.1125760865992264,0.04866165219051963,-0.0005169295778614247,0.11100871759038478
10720,20.9375,2.3125,impsi2,4,-4.2629227852233366e-13,0.08794156621087122,0.9833576718057635,0.03825640347440541,0.12900514793695833,0.0014635524067964983,0.05009876255072951,0.05011444584582669,0.0,0.0,0.0,0.0,0.02665818899798646,0.5321127237622415,0.027906537899733616,0.038725550673149554,1.9691892062122824e-13,0.08803470916177011
10720,20.9375,2.3125,abs_npsigma,4,0.13393614648062624,0.005569440435325657,0.9928614582120853,0.00630536940098468,0.08448989163157138,3.975768328287391e-05,0.0500291847351247,0.0501410199784256,0.0,0.0,0.0,0.0,0.021848974736536433,0.43672458090640465,0.004166912234439631,0.006398208088181923,0.0006533969502328651,0.00911205022572742
10720,20.9375,2.3125,repsi2,6,-0.9152675525143952,0.28339697839479566,0.998540494308145,0.02033763759687266,0.03820347748379793,0.00041361950302172844,0.05006755909972457,0.05016923422368809,0.01048072535265685,0.20911932645013753,0.11676898943558515,0.20933166188072677,0.12815632563323776,2.5596679354385135,0.03253810964633213,0.019483790670876817,0.0005249236561153392,0.04524877163366048
10720,20.9375,2.3125,impsi2,6,-4.2629227852233366e-13,0.08794156621087122,0.9967354150278327,0.01694381053602964,0.05713654672945625,0.0002870927154808691,0.05009876255072951,0.050042194011514156,0.0,0.0,0.0,0.0,0.025920647896344125,0.5173909808669852,0.01218766514400577,0.017158093440922634,-4.820996434180234e-13,0.03382317190798535
10720,20.9375,2.3125,abs_npsigma,6,0.13393614648062624,0.005569440435325657,0.9973234526080123,0.003860941759726773,0.05173535920420154,1.490687127200207e-05,0.0500291847351247,0.050787536946710794,0.0,0.0,0.0,0.0,0.014275026416447007,0.2853339803961414,0.0020623862187508046,0.00393292802643196,0.0001119153200941636,0.006413812999333621
10720,20.9375,2.3125,repsi2,8,-0.9152675525143952,0.28339697839479566,0.9996268991792905,0.01028278392390361,0.01931581788870198,0.0001057356452256905,0.05006755909972457,0.05036984321916091,0.0026370155662973366,0.052510628618707166,0.026963242721814204,0.05266914572457843,0.05943900075609162,1.187175924388505,0.011203874881558797,0.010231936435638106,-0.00019065756647718146,0.022708136835380532
10720,20.9375,2.3125,impsi2,8,-4.2629227852233366e-13,0.08794156621087122,0.9992001813829224,0.0083867336830507,0.02828106463833353,7.033730187041716e-05,0.05009876255072951,0.050494299983916545,0.0,0.0,0.0,0.0,0.014421910247096305,0.2878695902417315,0.004499774468586838,0.00854277849626114,-7.024295198868797e-13,0.016996545554269375
10720,20.9375,2.3125,abs_npsigma,8,0.13393614648062624,0.005569440435325657,0.9989837604679646,0.0023790513953453832,0.03187851207373829,5.659885541694815e-06,0.0500291847351247,0.050170150804929356,0.0,0.0,0.0,0.0,0.017583135021053086,0.35145755650717697,0.0014103933999400167,0.0024193382814394738,0.0001235985819926788,0.004201871988886663
10752,21.0,2.375,repsi2,2,-0.9134615715060271,0.2766062681439277,0.9027415416158988,0.16401920381180288,0.31186288394757916,0.026902299219057735,0.051215003212210765,0.05020396631848144,0.04515303644440194,0.890425857279833,0.8024933377565173,0.8816368956828744,0.27782866710707066,5.424751531419026,0.3820187022742163,0.14309712803094232,0.022141145943698648,0.32162999325192243
10752,21.0,2.375,impsi2,2,-1.507252676347711e-13,0.08875013743290722,0.9229432976570386,0.08269699464348414,0.2775908902377046,0.006838792923064445,0.050012430844165116,0.05073306220088869,0.0,0.0,0.0,0.0,0.051668372948421415,1.0331106102284067,0.08405491972497992,0.08262488782431489,5.578674762742703e-13,0.18949112338930196
10752,21.0,2.375,abs_npsigma,2,0.1321760674998345,0.005344672128119945,0.9712292830048637,0.01240040520426378,0.16961932966244261,0.0001537700492299322,0.05000602557826273,0.05002111978143977,0.019766387074037675,0.3952204574659565,0.246277103484183,0.39528010565650684,0.14427461876137054,2.885144681925806,0.02106297319409604,0.011769083880246235,0.0016994970306668244,0.02391752105776876
10752,21.0,2.375,repsi2,4,-0.9134615715060271,0.2766062681439277,0.9900741029415984,0.05239814255586995,0.09962879633118955,0.0027455653433052694,0.051215003212210765,0.050622235099865354,0.02590155796034852,0.5086853962196862,0.34109864875608825,0.5057416056975474,0.22461044812970715,4.385637685094495,0.10973174033290913,0.04736875390272284,-6.279238764950179e-05,0.1088825383262817
10752,21.0,2.375,impsi2,4,-1.507252676347711e-13,0.08875013743290722,0.9837648643043307,0.0379588003529161,0.12741717190264917,0.0014408705242325434,0.050012430844165116,0.05035088332810828,0.0,0.0,0.0,0.0,0.025460550964171814,0.5090844522935694,0.02708366263367775,0.038446183041808996,9.992120621588177e-14,0.08701094315897895
10752,21.0,2.375,abs_npsigma,4,0.1321760674998345,0.005344672128119945,0.9924154316594146,0.006366869797141097,0.08708942726063457,4.0537031013747514e-05,0.05000602557826273,0.05034052062868998,0.0,0.0,0.0,0.0,0.02099419260897654,0.4198332574165336,0.004125384076240256,0.006463357486250794,0.000495397496203448,0.009511073971386057
10752,21.0,2.375,repsi2,6,-0.9134615715060271,0.2766062681439277,0.9985876670425836,0.019765124556339837,0.03758101857875067,0.000390660148727628,0.051215003212210765,0.050854794352915504,0.010396380004366153,0.2037111908198442,0.11340670262975142,0.20299481308804118,0.13155644069154182,2.5687090196291527,0.03167794576114941,0.01890977888402571,2.8824097562440976e-05,0.04618330634952261
10752,21.0,2.375,impsi2,6,-1.507252676347711e-13,0.08875013743290722,0.9968711985780155,0.016663779769350056,0.0559356900554959,0.00027768155620140026,0.050012430844165116,0.05077285890533585,0.0,0.0,0.0,0.0,0.02982257979781779,0.5963033448772497,0.012867884083003505,0.01683992439694087,-1.0567950673586795e-13,0.033306368170565745
10752,21.0,2.375,abs_npsigma,6,0.1321760674998345,0.005344672128119945,0.9972207848406319,0.0038540879336521365,0.052718262104967745,1.4853993800322996e-05,0.05000602557826273,0.05071891310309171,0.0,0.0,0.0,0.0,0.014059673189257098,0.2811595808039729,0.002043610205044892,0.003926327384335173,0.0002701947512340902,0.006474497891022793
10752,21.0,2.375,repsi2,8,-0.9134615715060271,0.2766062681439277,0.9996238950180657,0.010199656635552544,0.019393426255673488,0.00010403299548317104,0.051215003212210765,0.05009098189710768,0.0026136819113532356,0.0515997531346807,0.02648313826571152,0.051033520402671326,0.07059881325509432,1.3784791335961888,0.011975279265180324,0.010094928768970491,-0.0004322455506899914,0.022157070865188255
10752,21.0,2.375,impsi2,8,-1.507252676347711e-13,0.08875013743290722,0.9992391372409939,0.00821746155630642,0.027583740845036193,6.752667442937392e-05,0.050012430844165116,0.050029369811509114,0.0,0.0,0.0,0.0,0.014627605260193471,0.29247938988952493,0.004444115270599073,0.008369103050164282,-2.794311481335951e-13,0.020310963816818673
10752,21.0,2.375,abs_npsigma,8,0.1321760674998345,0.005344672128119945,0.9989623124175087,0.0023550159022473214,0.0322131585301933,5.546099899837765e-06,0.05000602557826273,0.050658862202948574,0.0,0.0,0.0,0.0,0.01745592129241306,0.34907635810995197,0.0013914066101428928,0.002395021630491972,7.563893522871679e-05,0.004088328686478522
10784,21.0625,2.4375,repsi2,2,-0.9116610532614446,0.27006486780473526,0.903452757820967,0.16147451252749556,0.31072052101371267,0.02607401819599232,0.05103726036943304,0.051179221522849504,0.048666356187180335,0.952221310814938,0.9088000363469444,0.9535456220594342,0.28151243278562577,5.515821788785271,0.3792355965447311,0.14050411074085822,0.021931877444074432,0.31544103751350194
10784,21.0625,2.4375,impsi2,2,1.2616086662506614e-13,0.08953398344714554,0.92236300297644,0.08337355459852663,0.2786341634178406,0.006951149606393502,0.0504261742703073,0.0503520150386356,0.0,0.0,0.0,0.0,0.052967628255615615,1.0503995003008748,0.08544872189256172,0.08326190871415652,-4.205686250872573e-13,0.19028744710329484
10784,21.0625,2.4375,abs_npsigma,2,0.13044111619591667,0.005129226101797846,0.9703518340118776,0.012331753600227034,0.17218642800210004,0.00015207214685671242,0.0500521714202621,0.05002970042366254,0.015666853142474686,0.31308073787642143,0.1855931963704651,0.31301045884559636,0.13973239515302718,2.791734927537245,0.020604492808255614,0.011735233783899915,0.00177811247049188,0.024679836453070383
10784,21.0625,2.4375,repsi2,4,-0.9116610532614446,0.27006486780473526,0.9901700087812044,0.051524123272751965,0.09914631217950366,0.0026547352790257405,0.05103726036943304,0.05013253722645299,0.030778941079993304,0.608461058762559,0.43725765821650553,0.603068049836532,0.23673624486015643,4.638498288241609,0.11096839661586314,0.046208657400535876,-0.00047387782515573296,0.10877524306435149
10784,21.0625,2.4375,impsi2,4,1.2616086662506614e-13,0.08953398344714554,0.9841584968600493,0.03766102600713698,0.1258630332542112,0.0014183528799102479,0.0504261742703073,0.05099972490908244,0.0,0.0,0.0,0.0,0.027310798484734413,0.5415996529567377,0.02771604999868451,0.03811665902091135,-9.170036099185242e-14,0.08217348576876204
10784,21.0625,2.4375,abs_npsigma,4,0.13044111619591667,0.005129226101797846,0.9918809686131816,0.006453243193200201,0.09010566789507952,4.164434771058473e-05,0.0500521714202621,0.05046393854167264,0.0,0.0,0.0,0.0,0.02002569668248674,0.4000964616368261,0.004081881449304795,0.006554438588806358,0.00042980105518272693,0.009602038556419584
10784,21.0625,2.4375,repsi2,6,-0.9116610532614446,0.27006486780473526,0.9985915898260064,0.019502874338272243,0.037528791267420876,0.000380362107454438,0.05103726036943304,0.05019316680287837,0.010307845076892624,0.20365112278637168,0.11336947147052034,0.20196705313489247,0.14864714886220884,2.9125221022097767,0.033283825573454454,0.018472634597883557,-0.0003753432478741381,0.04411600192949683
10784,21.0625,2.4375,impsi2,6,1.2616086662506614e-13,0.08953398344714554,0.9970003875934943,0.01638802146544653,0.05476871740789378,0.0002685672475519363,0.0504261742703073,0.05057016348765694,0.0,0.0,0.0,0.0,0.03014766547504631,0.5978574799952315,0.012671422091882828,0.016562083288956267,1.1174714597410259e-13,0.03504224061616146
10784,21.0625,2.4375,abs_npsigma,6,0.13044111619591667,0.005129226101797846,0.9970726841080243,0.003874901944737362,0.05410467532455673,1.5014865081329392e-05,0.0500521714202621,0.05005786956930661,0.0,0.0,0.0,0.0,0.013946961415225128,0.2786484785668884,0.002045450882030545,0.003947853041755401,0.00022977980155161615,0.006551667477349074
10784,21.0625,2.4375,repsi2,8,-0.9116610532614446,0.27006486780473526,0.9996103007013548,0.010258854203673217,0.019740802887553376,0.00010524408957222363,0.05103726036943304,0.05005568890572925,0.00258929607613429,0.051226046815323424,0.026286294894084596,0.05073344567070565,0.083040830006916,1.627062844005051,0.013085822392731171,0.01008438172097655,-0.0008163903588892518,0.02258809852160837
10784,21.0625,2.4375,impsi2,8,1.2616086662506614e-13,0.08953398344714554,0.9992756353788371,0.008053275731085538,0.0269140227606881,6.48552500008913e-05,0.0504261742703073,0.050138712476486005,0.0,0.0,0.0,0.0,0.01288447656943347,0.25551168130199203,0.004070782967561493,0.008210927021991513,1.8966262765449357e-13,0.018501293588413282
10784,21.0625,2.4375,abs_npsigma,8,0.13044111619591667,0.005129226101797846,0.9989078569374089,0.0023668224909231643,0.03304758784829998,5.601848703539732e-06,0.0500521714202621,0.050014437274567614,0.0,0.0,0.0,0.0,0.01731626871697791,0.3459643852727625,0.0013921351023198666,0.002407258303734006,7.825986701904403e-05,0.004156478118290889
10816,21.125,2.5,repsi2,2,-0.9102899190200275,0.2640828094549443,0.9041929915522078,0.1590628302161336,0.30952707223729586,0.025300983956366548,0.0504695539514774,0.051019641262904605,0.04349028525173666,0.8570426666576556,0.7498465967678863,0.861713287451465,0.2742910439067529,5.434782407042129,0.37081712809269757,0.139057846575994,0.0219472602809323,0.31335245703783676
10816,21.125,2.5,impsi2,2,3.8674329377549367e-13,0.09030052337621702,0.9217508161796952,0.08405915924356686,0.2797305557501803,0.0070659422527353305,0.05027751198962806,0.05086981767779731,0.0,0.0,0.0,0.0,0.05690766917939409,1.1318712268644835,0.08943006612184255,0.08376523046455937,-1.1963440177625312e-12,0.18828727335963444
10816,21.125,2.5,abs_npsigma,2,0.12873313366612243,0.004922981961068544,0.9692777959493488,0.012298164755182889,0.17527750583189836,0.0001512448563456226,0.050009146220361636,0.05059637756556085,0.01484230734081365,0.29505949141314447,0.17306145870022488,0.29679185634188016,0.13536947631452237,2.7068943692425123,0.020233730501784845,0.011732643546919793,0.0017067179945476768,0.024479692584678553
10816,21.125,2.5,repsi2,4,-0.9102899190200275,0.2640828094549443,0.9901996959686692,0.05087329183477774,0.09899648494431929,0.0025880918221064635,0.0504695539514774,0.05103450355837351,0.025566343060593424,0.5037501689646687,0.3366751718301605,0.5065696258218073,0.2198553256635796,4.356197121832177,0.10618021541934057,0.04611295643324095,-0.0007727564489761196,0.10395758675855515
10816,21.125,2.5,impsi2,4,3.8674329377549367e-13,0.09030052337621702,0.984529235126074,0.037376706183743724,0.12438152947253035,0.0013970181651459066,0.05027751198962806,0.05072458566638414,0.0,0.0,0.0,0.0,0.025929935004735546,0.5157362402913799,0.026841998735398075,0.03785277857029222,-2.0704102713683848e-13,0.0849253345689472
10816,21.125,2.5,abs_npsigma,4,0.12873313366612243,0.004922981961068544,0.9912525127257429,0.006562295486782391,0.09352800262091103,4.306372205584454e-05,0.050009146220361636,0.050074880852729355,0.0,0.0,0.0,0.0,0.019081716719774128,0.3815645369287438,0.004053589664071396,0.006668259380205409,0.00040958648335676084,0.009494004292138286
10816,21.125,2.5,repsi2,6,-0.9102899190200275,0.2640828094549443,0.9985742668916492,0.019403906946442895,0.03775888118510424,0.00037651160478621487,0.0504695539514774,0.050478837744954076,0.010290477321461832,0.20387600334251985,0.11350886894330542,0.20389475467437926,0.13334407651186944,2.6420696453959063,0.03153997276702943,0.018537795664774634,-0.00036095640859445943,0.04347294029267834
10816,21.125,2.5,impsi2,6,3.8674329377549367e-13,0.09030052337621702,0.9971211630373141,0.016123290124702563,0.053654794405400996,0.0002599604844453311,0.05027751198962806,0.05059336530749176,0.0,0.0,0.0,0.0,0.0339143696239697,0.6745435142249289,0.01324215461083915,0.016261594199216554,3.580563814870472e-13,0.03211577054144787
10816,21.125,2.5,abs_npsigma,6,0.12873313366612243,0.004922981961068544,0.9968763955909011,0.003921408950811943,0.05588921549904682,1.5377448159508024e-05,0.050009146220361636,0.050385975179638325,0.0,0.0,0.0,0.0,0.013391410119644507,0.26777921903797836,0.0020292267145270034,0.003996270433840983,0.00024399520150883425,0.006542853431501239
10816,21.125,2.5,repsi2,8,-0.9102899190200275,0.2640828094549443,0.9996073301675312,0.010183189703946343,0.019815898477454512,0.0001036973525465588,0.0504695539514774,0.050564098320045506,0.005165900526830639,0.10226098751626912,0.05388569600117539,0.10235677002014434,0.08482783448777084,1.6807724230994054,0.013201956313693548,0.009997255429267805,-0.0004058372113503461,0.0226041030074432
10816,21.125,2.5,impsi2,8,3.8674329377549367e-13,0.09030052337621702,0.9993094562868808,0.007896610583587028,0.026278198437472554,6.235645870881866e-05,0.05027751198962806,0.050108653196322545,0.0,0.0,0.0,0.0,0.013007189013134909,0.25870788944007833,0.0040164795313204155,0.008050064414434168,4.924161021339047e-13,0.019105790093422923
10816,21.125,2.5,abs_npsigma,8,0.12873313366612243,0.004922981961068544,0.9988187166473995,0.0024115216432291837,0.034369802917684725,5.815436635762782e-06,0.050009146220361636,0.05003218453377862,0.0,0.0,0.0,0.0,0.01635420562187581,0.32702429171280395,0.0013790536780020621,0.0024538658786365758,7.005087981029612e-05,0.0041841208408986
10848,21.1875,2.5625,repsi2,2,-0.9092339190221841,0.2587093518854673,0.9048366630577669,0.15690648560076628,0.30848555386311544,0.024619645223583477,0.050331613094368934,0.05066218547877115,0.04321797814471708,0.8558540970893072,0.7480288090111803,0.8586646739035726,0.2787155307328877,5.53758390795685,0.3692334643687143,0.13674397338189453,0.021379938736144632,0.3092288694213774
10848,21.1875,2.5625,impsi2,2,6.192496619243692e-13,0.09104502340371225,0.9211351736944087,0.08473635557847806,0.28082882029021056,0.007180249956722269,0.050211820125587156,0.05067663756961457,0.0,0.0,0.0,0.0,0.06993716383812706,1.3928426347263239,0.10000479122379395,0.08385183030875967,-2.076136622326903e-12,0.18844235000795842
10848,21.1875,2.5625,abs_npsigma,2,0.12706491592129707,0.004722920858932871,0.9681366385281631,0.01226736053644208,0.178503113339339,0.00015048813453105651,0.05003572142951216,0.050014966448217194,0.012577606423190894,0.2514246866260794,0.14378830851783506,0.25137254073391546,0.13025240580345354,2.603188323904686,0.01979264900657423,0.011738000129367682,0.0018781935583932208,0.024749718375196322
10848,21.1875,2.5625,repsi2,4,-0.9092339190221841,0.2587093518854673,0.9902955428909476,0.050106225252789446,0.09851120296216287,0.0025106338090832747,0.050331613094368934,0.0507350530948608,0.02790986878101648,0.5523061130513618,0.38150752588689807,0.5545196560397747,0.2327142767947607,4.623620474043512,0.10774143995001774,0.045038534904136895,-0.0003990432477485317,0.10029540494774536
10848,21.1875,2.5625,impsi2,4,6.192496619243692e-13,0.09104502340371225,0.9848891788441191,0.03709130714583249,0.12292608004764843,0.0013757650657864845,0.050211820125587156,0.05046228507099319,0.0,0.0,0.0,0.0,0.02846390002043427,0.5668764834503482,0.027926490337077434,0.0375135556403797,-5.144059120965366e-13,0.08053069461644748
10848,21.1875,2.5625,abs_npsigma,4,0.12706491592129707,0.004722920858932871,0.9906308095760584,0.006652063205092675,0.09679457848423943,4.424994488454784e-05,0.05003572142951216,0.05029703330939895,0.0,0.0,0.0,0.0,0.018229283793040296,0.3643253913850489,0.004015143644856275,0.006762507606868064,0.00035356805215508436,0.009440505771694474
10848,21.1875,2.5625,repsi2,6,-0.9092339190221841,0.2587093518854673,0.9985863288303988,0.019124067351552487,0.03759881872614181,0.00036572995206671574,0.050331613094368934,0.050748388484301354,0.010209175743085577,0.2020018912472969,0.11234822231677902,0.2028382385429203,0.1562095189512284,3.1036064482643217,0.03369097561006004,0.018026507134829697,-0.0004157994025728584,0.03974258774651673
10848,21.1875,2.5625,impsi2,6,6.192496619243692e-13,0.09104502340371225,0.9972375264855278,0.015859049964523586,0.05255923814585013,0.00025150946577725554,0.050211820125587156,0.050218125079241796,0.0,0.0,0.0,0.0,0.03418830320086948,0.6808815756003167,0.01308618207640455,0.01599226646813445,3.7675309120110075e-13,0.031431436512846356
10848,21.1875,2.5625,abs_npsigma,6,0.12706491592129707,0.004722920858932871,0.9967087107599513,0.0039426512151859525,0.05736975893315823,1.554449860460727e-05,0.05003572142951216,0.05008131995721514,0.0,0.0,0.0,0.0,0.013271831602079797,0.2652471319070815,0.002030550090937357,0.004018217907909677,0.00019303201455120322,0.006350306340153655
10848,21.1875,2.5625,repsi2,8,-0.9092339190221841,0.2587093518854673,0.9996061529962229,0.010094151925208922,0.01984557894789341,0.000101891903089199,0.050331613094368934,0.050321373556966746,0.007349781451947502,0.14604199431075637,0.07877308647908804,0.14602713881168633,0.10237599630491383,2.034029708385555,0.014396220265311748,0.009813661528878139,-0.0005382583009265751,0.02241098465466984
10848,21.1875,2.5625,impsi2,8,6.192496619243692e-13,0.09104502340371225,0.9993418692380588,0.0077407706737533605,0.025654059365745722,5.991953062364005e-05,0.050211820125587156,0.050461824810076425,0.0,0.0,0.0,0.0,0.016261361836867307,0.32385525551942246,0.004405139600594152,0.007877904029470037,1.1162908147824843e-12,0.016977504947601346
10848,21.1875,2.5625,abs_npsigma,8,0.12706491592129707,0.004722920858932871,0.998751729555174,0.00242806147398668,0.03533087098878332,5.895482521458369e-06,0.05003572142951216,0.050065593364770705,0.0,0.0,0.0,0.0,0.016227196445867575,0.32431223098736855,0.001382742596899799,0.0024708901993592512,0.00011255837502271993,0.004146118532482382
10880,21.25,2.625,repsi2,2,-0.9080060044666589,0.2535182791761222,0.9053574913347171,0.15489869571346862,0.307640226019425,0.023993605933733744,0.05023214157209363,0.05047914524295427,0.0431224350719489,0.85635754314492,0.7487983136791115,0.8584630024196597,0.28009539814833123,5.576019444568887,0.3657715314671479,0.13485793385357828,0.019691737172945256,0.3038249393391155
10880,21.25,2.625,impsi2,2,8.284110346350659e-13,0.09177184762471985,0.920500254770705,0.08541568067624887,0.2819569918077845,0.0072958385053869135,0.05006573030341978,0.05030289181367704,0.0,0.0,0.0,0.0,0.06888417439931112,1.3758747546843622,0.10019061839222244,0.08456539513056639,-2.6193441136829955e-12,0.1869184277427153
10880,21.25,2.625,abs_npsigma,2,0.1254321121577215,0.004530658526224306,0.966844131591262,0.012256341946128135,0.18208752952560484,0.00015021791790042,0.05003352533137936,0.05098335762291596,0.009643637790275234,0.19093120888789372,0.10554115455748962,0.1927435199979216,0.12507815291467073,2.499886867580484,0.01937853968271457,0.011762275847736463,0.0019028968319109718,0.025216098704410505
10880,21.25,2.625,repsi2,4,-0.9080060044666589,0.2535182791761222,0.9904647829170324,0.04916657224623965,0.09764843615218616,0.0024173518264447033,0.05023214157209363,0.05039514309730415,0.02777717190747327,0.5520803229210202,0.38129209213786086,0.5529760634952666,0.23879040450331654,4.75373728911403,0.10719820669338687,0.04401627886276314,0.00011519143779259444,0.10217533575411997
10880,21.25,2.625,impsi2,4,8.284110346350659e-13,0.09177184762471985,0.985231197369852,0.036815218382803425,0.121526962564478,0.0013553603045735074,0.05006573030341978,0.05004709992153332,0.0,0.0,0.0,0.0,0.02975475849173307,0.5943138811999042,0.028381498252124843,0.03720671811325863,-6.631990945914085e-13,0.07955724467663612
10880,21.25,2.625,abs_npsigma,4,0.1254321121577215,0.004530658526224306,0.9899610591392098,0.006744109504241488,0.1001945151232847,4.548301300520036e-05,0.05003352533137936,0.05042791862718732,0.0,0.0,0.0,0.0,0.01744083273626586,0.34858292756212306,0.003981783749489525,0.006858826701265017,0.00048556413724323844,0.009595760425412374
10880,21.25,2.625,repsi2,6,-0.9080060044666589,0.2535182791761222,0.998656183215348,0.01845757618900625,0.03665810667031269,0.0003406821187729706,0.05023214157209363,0.0509535651708082,0.015191486104898911,0.30026940748653896,0.17665705895339467,0.30242561096257364,0.17024502912025533,3.389165259377168,0.03397981756037483,0.017252056311853843,-4.560987531176952e-05,0.038581686175335084
10880,21.25,2.625,impsi2,6,8.284110346350659e-13,0.09177184762471985,0.9973470406399537,0.015603428538136791,0.051506886530310506,0.00024346698214474166,0.05006573030341978,0.050591523489451146,0.0,0.0,0.0,0.0,0.03338987805190405,0.6669208228771872,0.012742574311158501,0.01573978978630488,8.742927437122952e-13,0.03220640950650671
10880,21.25,2.625,abs_npsigma,6,0.1254321121577215,0.004530658526224306,0.9965296943179733,0.003965194828363265,0.058909300471374375,1.5722770026878784e-05,0.05003352533137936,0.05062627935596115,0.0,0.0,0.0,0.0,0.013061851403523596,0.26106198427980126,0.002025985572898277,0.004041618900079737,0.00017242396963981776,0.006451765677356183
10880,21.25,2.625,repsi2,8,-0.9080060044666589,0.2535182791761222,0.999626258776469,0.009733973076125783,0.019332387941765946,9.475023184674165e-05,0.05023214157209363,0.05000826683353606,0.007315519812249005,0.14595949734454897,0.07872508563620824,0.14563424101179728,0.12044112717100543,2.3976904707147955,0.015072548822178351,0.00936728779690358,-0.00041764750149897445,0.020355135993218143
10880,21.25,2.625,impsi2,8,8.284110346350659e-13,0.09177184762471985,0.9993722105085471,0.007590349237684453,0.0250557277174883,5.7613401550016964e-05,0.05006573030341978,0.0504957609612418,0.0,0.0,0.0,0.0,0.01483494681886025,0.29630940623364754,0.004131754204255891,0.007729821758487728,1.917192290447821e-12,0.016502309213227203
10880,21.25,2.625,abs_npsigma,8,0.1254321121577215,0.004530658526224306,0.9986755210914253,0.0024496452110331973,0.03639339100131537,6.000761659937877e-06,0.05003352533137936,0.05009040201046946,0.0,0.0,0.0,0.0,0.015939890331532387,0.3185841938172488,0.0013826596890488868,0.002493215757931309,9.328157026447514e-05,0.004024093195385811
10912,21.3125,2.6875,repsi2,2,-0.9071573876254738,0.24854496476022053,0.9060058407908069,0.15284559198195885,0.3065846689076168,0.02336177498831544,0.05090400441214737,0.050294913843509426,0.04292373743352762,0.8483042738676364,0.7365697854210336,0.843229092273232,0.2777603064132847,5.456551201048575,0.35703602251190175,0.13333326817867178,0.019495896263707513,0.2989611148610929
10912,21.3125,2.6875,impsi2,2,1.0107430859748788e-12,0.0924786544030422,0.9198578841364997,0.08608969181074588,0.2830938287273325,0.007411435036069206,0.050206124401553864,0.05094939079015328,0.0,0.0,0.0,0.0,0.07356094422656505,1.4651787028653491,0.10420689407385042,0.08502465889836892,-2.8870747250867845e-12,0.19013798125354292
10912,21.3125,2.6875,abs_npsigma,2,0.12383865623946302,0.004345776854396631,0.9655113237477065,0.012242552470624573,0.18571127120423656,0.00014988009099599584,0.05000196786675074,0.05091849701941739,0.01239961505026928,0.24573043860341423,0.14007564402347983,0.24798254107343873,0.12029760303248337,2.4058573725150594,0.018989210671219184,0.01178090106581456,0.0024200308531113213,0.024529933095115315
10912,21.3125,2.6875,repsi2,4,-0.9071573876254738,0.24854496476022053,0.9905597911492361,0.048438789994613304,0.0971607371872196,0.00234631637614225,0.05090400441214737,0.05014077386299311,0.025151038181636973,0.4978196520586508,0.3313980593214947,0.4940876159368537,0.2226174020705718,4.373278775244016,0.10129706613614411,0.04383849363474011,0.00034517373641884674,0.10044995582554517
10912,21.3125,2.6875,impsi2,4,1.0107430859748788e-12,0.0924786544030422,0.98555919642843,0.036544029372763916,0.12016989461412504,0.0013354660827974317,0.050206124401553864,0.05012056671039074,0.0,0.0,0.0,0.0,0.03267462296891328,0.65080950498346,0.029481079021426555,0.036879756039186015,-2.887002127321904e-13,0.07580603594970318
10912,21.3125,2.6875,abs_npsigma,4,0.12383865623946302,0.004345776854396631,0.9893543298496873,0.006801742933893501,0.10317785687982055,4.626370693877017e-05,0.05000196786675074,0.05069985150119054,0.0,0.0,0.0,0.0,0.016840621919914353,0.3367991828800137,0.00394735084505776,0.006919438033186335,0.0004672034614248144,0.009778254423752228
10912,21.3125,2.6875,repsi2,6,-0.9071573876254738,0.24854496476022053,0.9986967733983523,0.017997511210751244,0.036100229938986934,0.0003239104097811167,0.05090400441214737,0.050563523168633814,0.012594501635509408,0.24824694039149753,0.14171343331175798,0.2474167166405468,0.13494483633668336,2.6509670092768003,0.02930317065252615,0.017182220326735262,-0.000154051786904974,0.03917844876553467
10912,21.3125,2.6875,impsi2,6,1.0107430859748788e-12,0.0924786544030422,0.997449700188475,0.01535735312136066,0.05050049318100785,0.000235848294894166,0.050206124401553864,0.05046422942620156,0.0,0.0,0.0,0.0,0.03751469036007325,0.7472134287846401,0.013275127611472544,0.015459617440085643,1.3055593320927583e-12,0.03270630839586102
10912,21.3125,2.6875,abs_npsigma,6,0.12383865623946302,0.004345776854396631,0.9964253218106656,0.003941415194714467,0.05978861253896466,1.553475373712608e-05,0.05000196786675074,0.05011628076387167,0.0,0.0,0.0,0.0,0.012965582117870276,0.2593014369438819,0.002007033623685994,0.0040175101446174475,0.00022098711336895893,0.006521494743635808
10912,21.3125,2.6875,repsi2,8,-0.9071573876254738,0.24854496476022053,0.9996494207416807,0.009334597442023822,0.018723761863453404,8.713470940463768e-05,0.05090400441214737,0.05098496291816448,0.007301027800043742,0.14331341245955873,0.07718772431560808,0.14342737637947944,0.07329598793338063,1.4398864839774728,0.01120107541073814,0.009223824788131541,-0.0003309774922439779,0.019053244930947066
10912,21.3125,2.6875,impsi2,8,1.0107430859748788e-12,0.0924786544030422,0.9993992121589167,0.0074538614908709975,0.024510973890958934,5.5560051125089605e-05,0.050206124401553864,0.05097716784029098,0.0,0.0,0.0,0.0,0.014431507570431922,0.28744516216800975,0.003996306783233026,0.0075929412834184066,1.7599950998109254e-12,0.0165249611258369
10912,21.3125,2.6875,abs_npsigma,8,0.12383865623946302,0.004345776854396631,0.9986555756437621,0.0024171405109810486,0.036666392735554075,5.842568249825725e-06,0.05000196786675074,0.05064628311294789,0.0,0.0,0.0,0.0,0.01601299988216999,0.32024739355944387,0.0013678696040558289,0.0024600006662126987,7.782624908642122e-05,0.004024203423727113
10944,21.375,2.75,repsi2,2,-0.9063189280356811,0.24357828502087334,0.9070287537430793,0.15048513786920628,0.30491186637604095,0.02264577671951402,0.05076264911722713,0.05010119602590335,0.04162063192966803,0.8252834674427971,0.7025383950681819,0.8199066174334741,0.2795214417037153,5.506439213962439,0.3531254634814229,0.13110423824065537,0.01725504190638172,0.29183515355241063
10944,21.375,2.75,impsi2,2,1.171730876049575e-12,0.09316682006001321,0.919196913053548,0.08676500828003013,0.2842588379390375,0.007528166661833696,0.050005888152842876,0.05039921045470574,0.0,0.0,0.0,0.0,0.07187888260989508,1.4374083785932859,0.10402427522057725,0.08576033778701522,-3.3250675787921076e-12,0.18934466543384693
10944,21.375,2.75,abs_npsigma,2,0.12228036032593799,0.004169573854711666,0.9639895066940036,0.012253506085359899,0.18976430988464718,0.0001501484113839521,0.050114328186641396,0.050827106078664384,0.009760603030263743,0.19339140762771043,0.10704665550924053,0.19476671410045068,0.11553925227872686,2.3055133423802996,0.018605621886486557,0.011823988108377812,0.0025851962279065666,0.024619414805986034
10944,21.375,2.75,repsi2,4,-0.9063189280356811,0.24357828502087334,0.9907828895969175,0.04738235900449524,0.09600578317519441,0.0022450879448308717,0.05076264911722713,0.050341576041566555,0.029892933254614094,0.591329060831324,0.41977799384453507,0.5888765416001396,0.23174883631512785,4.56534165070751,0.10124027609621432,0.04262661858582289,0.0007463760814200304,0.09843815003817225
10944,21.375,2.75,impsi2,4,1.171730876049575e-12,0.09316682006001321,0.9858653290134299,0.03628887361731234,0.11888932242455634,0.0013168823484132673,0.050005888152842876,0.05075506742485124,0.0,0.0,0.0,0.0,0.03569591767012192,0.7138342900943471,0.030660002875364533,0.03656116569787203,-6.428493753603064e-13,0.08081239042214541
10944,21.375,2.75,abs_npsigma,4,0.12228036032593799,0.004169573854711666,0.9886959151600196,0.006865363544651122,0.10632066986235726,4.713321660022462e-05,0.050114328186641396,0.05065036748856174,0.0,0.0,0.0,0.0,0.01626717399454971,0.32460125842584736,0.003911457710635633,0.006986609224517608,0.0003700220936201648,0.01005646267037899
10944,21.375,2.75,repsi2,6,-0.9063189280356811,0.24357828502087334,0.998787121932862,0.017188099357779426,0.03482639899757031,0.0002954307595328975,0.05076264911722713,0.050341006241827774,0.012502558999520162,0.24732160187718522,0.1411106579176625,0.24629445501647815,0.1591105667782736,3.134402351832281,0.03043022950099968,0.01617744357518186,-7.538399829531972e-06,0.03821746256700004
10944,21.375,2.75,impsi2,6,1.171730876049575e-12,0.09316682006001321,0.997545486075581,0.015122144594307217,0.04954305122233517,0.00022867925713113496,0.050005888152842876,0.050705772490107354,0.0,0.0,0.0,0.0,0.036393960965943724,0.727793512130125,0.012900824768160239,0.015230097589797369,1.2722903889523925e-12,0.032423848655249915
10944,21.375,2.75,abs_npsigma,6,0.12228036032593799,0.004169573854711666,0.9963045003839757,0.003925386424171748,0.06079062111892168,1.5408658579071868e-05,0.050114328186641396,0.050540157248461524,0.0,0.0,0.0,0.0,0.01280530171582102,0.2555217675098842,0.001984249902376408,0.004001733426206353,0.00020191635429211985,0.006358803899867246
10944,21.375,2.75,repsi2,8,-0.9063189280356811,0.24357828502087334,0.999717650471782,0.00829302199802986,0.016803259452203245,6.877421385980717e-05,0.05076264911722713,0.05047375236127904,0.007488114649361284,0.14793324416911657,0.07987468254228776,0.14751229062275378,0.10117014237739173,1.9930035988420864,0.011707572580604871,0.008069825678250346,-0.00012918431771902217,0.01909970605866762
10944,21.375,2.75,impsi2,8,1.171730876049575e-12,0.09316682006001321,0.9994251980001696,0.007317955622189214,0.023975028672148825,5.355247448833073e-05,0.050005888152842876,0.050797578304404865,0.0,0.0,0.0,0.0,0.018629606476610622,0.37254825711062817,0.00446664091175785,0.007437822170107635,2.3669047142038966e-12,0.016887652769193427
10944,21.375,2.75,abs_npsigma,8,0.12228036032593799,0.004169573854711666,0.9986224156176521,0.0023966517943366473,0.0371158238807646,5.743939823297071e-06,0.050114328186641396,0.050182704709640605,0.0,0.0,0.0,0.0,0.01590867802530723,0.3174476961171334,0.0013503334638307345,0.002439422208556633,4.096674416946555e-05,0.004060030244677965
10976,21.4375,2.8125,repsi2,2,-0.905345873353915,0.23858637595320117,0.9079179418430393,0.14822120140513353,0.3034502564786537,0.021969524545981157,0.05065810116450031,0.05078905853332006,0.04598307876159083,0.9065424581340702,0.8290605015967073,0.9077142195336448,0.2816356407382376,5.559538045527839,0.34948591896604353,0.12893516885922046,0.018455420568467273,0.2863389349075818
10976,21.4375,2.8125,impsi2,2,1.3102733636716777e-12,0.09382781306102694,0.9185562954130656,0.08741673002909904,0.2853834343246546,0.007641684688980387,0.050107607870876494,0.05006282263466553,0.0,0.0,0.0,0.0,0.0708732012924795,1.4144199714166032,0.10396418344488804,0.08645594168987397,-3.7662862640762686e-12,0.18742443285900703
10976,21.4375,2.8125,abs_npsigma,2,0.12077068877595584,0.003998975184089372,0.9624319256258917,0.012256989725706838,0.19382485489252482,0.000150233797136083,0.05006605395018379,0.050030742070433676,0.00671731773535016,0.13421643853548634,0.07193569570852877,0.1341691067171772,0.11074039087117037,2.2118857416116344,0.018229097448680138,0.01185909100169773,0.0028476791033096444,0.025595653144472666
10976,21.4375,2.8125,repsi2,4,-0.905345873353915,0.23858637595320117,0.9909916760518394,0.0463601484489005,0.09491219072469399,0.002149263364204091,0.05065810116450031,0.050821253935798436,0.029753826685397847,0.5864015721422386,0.4148289645673286,0.5873458736398205,0.2382614594251829,4.703323929404394,0.10054194055941675,0.04152756420313417,0.0004240440123733924,0.09531527672360263
10976,21.4375,2.8125,impsi2,4,1.3102733636716777e-12,0.09382781306102694,0.986168704201177,0.03602443943496884,0.117606529575628,0.001297760236603738,0.050107607870876494,0.05046572776517048,0.0,0.0,0.0,0.0,0.03709134921122334,0.7402338843794926,0.030994291424945242,0.036270418877726245,-5.31462841045752e-13,0.0829883702677226
10976,21.4375,2.8125,abs_npsigma,4,0.12077068877595584,0.003998975184089372,0.988097167836427,0.006899212305945469,0.10910010157453126,4.75991304425094e-05,0.05006605395018379,0.050708323489338396,0.0,0.0,0.0,0.0,0.015782270417534217,0.31522896598237454,0.003873580342661348,0.007022607528769798,0.00035501619987858557,0.009915710843138227
10976,21.4375,2.8125,repsi2,6,-0.905345873353915,0.23858637595320117,0.9988469806329865,0.016585979385601954,0.033956138870807055,0.000275094712179613,0.05065810116450031,0.05034868844047388,0.014935945655497048,0.2957414192433953,0.17353083773948264,0.29483824525905666,0.1635206858782006,3.227927658543803,0.029799091096268687,0.015568881017856064,3.015692760399702e-05,0.03652732869893205
10976,21.4375,2.8125,impsi2,6,1.3102733636716777e-12,0.09382781306102694,0.9976393167368532,0.01488280040552959,0.04858686307168622,0.00022149774791083173,0.050107607870876494,0.050335471466164364,0.0,0.0,0.0,0.0,0.035604982240817706,0.7105703854905436,0.012545506770086529,0.014995982736933793,1.2231867179594238e-12,0.03101786940405654
10976,21.4375,2.8125,abs_npsigma,6,0.12077068877595584,0.003998975184089372,0.9962439102700718,0.0038756302221956366,0.06128694583619169,1.5020509619196198e-05,0.05006605395018379,0.05081041781409545,0.0,0.0,0.0,0.0,0.012835990090994544,0.25638110212892906,0.0019623900760826585,0.0039508476846197215,0.00020131218215220514,0.0064678156656122615
10976,21.4375,2.8125,repsi2,8,-0.905345873353915,0.23858637595320117,0.9997339539975261,0.007967116891768088,0.01631091666565528,6.34749515670964e-05,0.05065810116450031,0.050683250612540726,0.0024987455035673147,0.049313443323012934,0.025280044686942862,0.04932568426623857,0.09214922330251633,1.8190421903751055,0.010745399710227851,0.007791069876422132,-2.8130083557564856e-05,0.01827788631227628
10976,21.4375,2.8125,impsi2,8,1.3102733636716777e-12,0.09382781306102694,0.9994505698250082,0.007179960428108869,0.023439926940835545,5.155183174920928e-05,0.050107607870876494,0.050650890871496414,0.0,0.0,0.0,0.0,0.016649079897121766,0.33226650811240444,0.004138713220568436,0.007305317743342058,2.3511890589470283e-12,0.017444423000680817
10976,21.4375,2.8125,abs_npsigma,8,0.12077068877595584,0.003998975184089372,0.9986330914180973,0.0023379977540509927,0.036971726790922935,5.466233497947487e-06,0.05006605395018379,0.05081017163433793,0.0,0.0,0.0,0.0,0.016297090176073746,0.3255117767477642,0.001333912807508434,0.0023791913043321156,6.0627563637165316e-05,0.004089284385073787
11008,21.5,2.875,repsi2,2,-0.904438845722119,0.23369457162676313,0.9089212173732636,0.1458924846941824,0.30179261526209755,0.021284617090242243,0.05115444211214204,0.05062910822984537,0.039798899201484515,0.7820300837957075,0.642076683004489,0.7780145293000436,0.2730818813981656,5.3383806004473415,0.33708364980001493,0.12769617933626412,0.01901301418186202,0.2840500967318404
11008,21.5,2.875,impsi2,2,1.433765815626745e-12,0.09447037199930165,0.9179026952372982,0.0880668094180349,0.2865262723777731,0.007755762921072479,0.05005172806462401,0.05034960929304563,0.0,0.0,0.0,0.0,0.0755670708670309,1.509779457953238,0.10821040402378428,0.08687603418257243,-3.646037317515306e-12,0.1934990385698605
11008,21.5,2.875,abs_npsigma,2,0.11929967322902164,0.003836887010729436,0.9606477671217601,0.012287801722591325,0.19837397228023604,0.00015099007117371833,0.05005027675328765,0.05053865466878414,0.006862451918451081,0.1364454681331923,0.07321785641362942,0.1371111682814083,0.1054327570103381,2.106536943442826,0.01783440952261945,0.011924230987174428,0.0029016418883500567,0.025106677323548127
11008,21.5,2.875,repsi2,4,-0.904438845722119,0.23369457162676313,0.9912279136332842,0.045276803837535,0.09365941686085721,0.002049988965742624,0.05115444211214204,0.05004794742909401,0.027115938523840852,0.5358754599918247,0.3660040149240532,0.5300798406597147,0.21817440233763022,4.265013815600664,0.09350524723629797,0.0410991594707485,-0.0001058284403390175,0.09352983762845923
11008,21.5,2.875,impsi2,4,1.433765815626745e-12,0.09447037199930165,0.9864506899351635,0.0357772045045304,0.11640150370522084,0.00128000836215899,0.05005172806462401,0.05035400379122299,0.0,0.0,0.0,0.0,0.03853545053312886,0.7699124890028577,0.03139258549489512,0.03599341574713044,-8.666031760864084e-13,0.07950261389174983
11008,21.5,2.875,abs_npsigma,4,0.11929967322902164,0.003836887010729436,0.9874286892643364,0.006945120507918575,0.11212185663671288,4.823469886951117e-05,0.05005027675328765,0.050768477277856515,0.0,0.0,0.0,0.0,0.015293026982312302,0.30555329509357304,0.003839045607625075,0.007071034922577533,0.0003976602711079913,0.010276885321604673
11008,21.5,2.875,repsi2,6,-0.904438845722119,0.23369457162676313,0.9988909073288812,0.01609934584607396,0.03330304297085832,0.0002591889366714988,0.05115444211214204,0.05044285860278188,0.014887675732231797,0.2930722691935634,0.17169576889766833,0.29103387931774655,0.15233548635183247,2.977952257164272,0.02778222955403143,0.015216769665802087,0.0003887948305741906,0.03478062157331363
11008,21.5,2.875,impsi2,6,1.433765815626745e-12,0.09447037199930165,0.9977249136435034,0.014660431590808357,0.047697865324316364,0.00021492825442877167,0.05005172806462401,0.050729118769590534,0.0,0.0,0.0,0.0,0.04171602136779011,0.8334581638006324,0.01338408414069036,0.014724613055588297,9.277466604534177e-13,0.030562325467968405
11008,21.5,2.875,abs_npsigma,6,0.11929967322902164,0.003836887010729436,0.9961527265281173,0.0038420767315334383,0.06202639334898249,1.4761553610990666e-05,0.05005027675328765,0.05024754371026399,0.0,0.0,0.0,0.0,0.012905739727359707,0.2578555117881934,0.0019509864072183723,0.003916472100037265,0.00016376219194183528,0.00655483575139236
11008,21.5,2.875,repsi2,8,-0.904438845722119,0.23369457162676313,0.9997411387578868,0.007777818915762954,0.016089165364093043,6.0494467086400015e-05,0.05115444211214204,0.05003586066113817,0.002475071090712972,0.04891913598200096,0.025072838796265123,0.048384284697838356,0.10165979746843284,1.9873112338039325,0.010964548965816378,0.0075679888072104785,9.747507956014978e-05,0.018068787052403223
11008,21.5,2.875,impsi2,8,1.433765815626745e-12,0.09447037199930165,0.999473314606287,0.007053805006567059,0.02294962731098373,4.975616507067051e-05,0.05005172806462401,0.050140258734432605,0.0,0.0,0.0,0.0,0.016733916413283693,0.33433244086353603,0.004078614975219687,0.007176439054275425,1.3572782757547216e-12,0.015393882091769003
11008,21.5,2.875,abs_npsigma,8,0.11929967322902164,0.003836887010729436,0.9986173947185688,0.002303236906027917,0.037183400616822807,5.304900245289052e-06,0.05005027675328765,0.05085343602046043,0.0,0.0,0.0,0.0,0.01650903498160617,0.3298490248712109,0.0013228061736126127,0.002343546029317165,4.472759706530827e-05,0.003903420474318464
11040,21.5625,2.9375,repsi2,2,-0.9036753847633214,0.22917249114634822,0.9095691946108581,0.1439592058445735,0.30071715180405323,0.020724252947400282,0.051079333006106495,0.050448898745568384,0.03971182057770652,0.7822813397329046,0.6424154981425005,0.7774537810225323,0.2766667601125487,5.416412937096759,0.33503897053322695,0.1256879668237851,0.01978432322286927,0.27933137947155384
11040,21.5625,2.9375,impsi2,2,1.545535087646324e-12,0.09509270689201385,0.9172544067969857,0.08870457959463002,0.28765533751872974,0.007868502441060053,0.05000648811320804,0.05008464983968488,0.003544611047783308,0.07082767006708526,0.03671401925485228,0.07088302301410929,0.10352210887293121,2.070173547051953,0.12762901554269013,0.08616988514462827,-4.046272037228376e-12,0.19213199891005925
11040,21.5625,2.9375,abs_npsigma,2,0.11786711284510908,0.003683666178312151,0.9585906822108049,0.012350631700728412,0.20349279542331486,0.0001525381034070376,0.050025108160589346,0.050007642870145,0.0022776934807440625,0.045538955137688006,0.023300006545229526,0.04553100561886379,0.09998581094537203,1.9987125389994178,0.017460808112880567,0.012021475781447738,0.0029598213385052113,0.025355870646775927
11040,21.5625,2.9375,repsi2,4,-0.9036753847633214,0.22917249114634822,0.991344369027965,0.044537989540444724,0.09303564355683829,0.0019836325123047636,0.051079333006106495,0.050748316936793644,0.02700344584304771,0.5303755091704442,0.36089185535487656,0.5286569783481603,0.22812381263078568,4.46606874454515,0.09412246896394016,0.04016885733458009,0.0005359855571143157,0.09162116766742767
11040,21.5625,2.9375,impsi2,4,1.545535087646324e-12,0.09509270689201385,0.9867249771387289,0.035529675736370614,0.115217285427453,0.0012623578579316426,0.05000648811320804,0.05002634274296427,0.0,0.0,0.0,0.0,0.0500797913300843,1.00146587412238,0.03555570721626512,0.03552830494291981,-1.013992536492338e-12,0.07650054682745758
11040,21.5625,2.9375,abs_npsigma,4,0.11786711284510908,0.003683666178312151,0.986665130673683,0.007008652304799113,0.11547670469110624,4.912120712956591e-05,0.050025108160589346,0.050006852148191505,0.0,0.0,0.0,0.0,0.014779402510726427,0.2954396912702709,0.003809508402560885,0.007137484750828867,0.00040950391074290327,0.010233898816400116
11040,21.5625,2.9375,repsi2,6,-0.9036753847633214,0.22917249114634822,0.9989066183697495,0.015829497527659095,0.03306632169217666,0.0002505729919781654,0.051079333006106495,0.050372658414194284,0.017292208503381826,0.3408944124466267,0.20546878691990433,0.3385363019778382,0.16809655952911948,3.2908918272097183,0.028715999223785177,0.014821379819233904,0.00020245684913960948,0.03401741757368276
11040,21.5625,2.9375,impsi2,6,1.545535087646324e-12,0.09509270689201385,0.9978089088757959,0.014434569132732679,0.046809092324079066,0.00020835678604763904,0.05000648811320804,0.050556981146713566,0.0,0.0,0.0,0.0,0.04041531843984413,0.8082014947410269,0.012976681622168982,0.014507252113161518,1.1162270419427756e-12,0.029977457802332335
11040,21.5625,2.9375,abs_npsigma,6,0.11786711284510908,0.003683666178312151,0.9960134584697657,0.0038321127597398005,0.06313906500918609,1.468508820336059e-05,0.050025108160589346,0.05002501815606739,0.0,0.0,0.0,0.0,0.012795397562764535,0.25577950819594575,0.0019380775625525558,0.003906481769834288,0.00021038882238182122,0.006583394164100753
11040,21.5625,2.9375,repsi2,8,-0.9036753847633214,0.22917249114634822,0.9997421894391612,0.0076865524437990055,0.016056480337821012,5.9083088471272466e-05,0.051079333006106495,0.05017132021703089,0.007369220807669349,0.14556391634193158,0.07849497624894765,0.14427010640073087,0.11388412308722627,2.229553840760049,0.01147732228462246,0.007427829066411102,5.907788768289013e-05,0.017494892520421135
11040,21.5625,2.9375,impsi2,8,1.545535087646324e-12,0.09509270689201385,0.9994957949164185,0.006924321354940014,0.02245451143047859,4.794622622647831e-05,0.05000648811320804,0.05027501205213185,0.0,0.0,0.0,0.0,0.022970319639447404,0.45934678690984365,0.004692967607131471,0.0070221608623762975,1.3773674886743192e-12,0.01567371106785823
11040,21.5625,2.9375,abs_npsigma,8,0.11786711284510908,0.003683666178312151,0.9985621830504066,0.0023013990674850713,0.03791855679734397,5.296437667821156e-06,0.050025108160589346,0.05005395325502482,0.0,0.0,0.0,0.0,0.016223570017659995,0.32430854453286734,0.0013106029113580258,0.0023419848208517187,4.577654498805206e-05,0.004190465504416006
11072,21.625,3.0,repsi2,2,-0.9027148768133414,0.2244400429128704,0.9103718316874749,0.14183141380619843,0.2993796391081482,0.020116149942265092,0.05060643038560987,0.05019629517836206,0.040662721316939446,0.8067782113913946,0.6761343273258229,0.8035089811136342,0.26914958640800735,5.318485899067504,0.3270893758767846,0.12444101296668858,0.016906343664491175,0.27528489537699374
11072,21.625,3.0,impsi2,2,1.6403312762995961e-12,0.09568849709398533,0.9166258479792949,0.08931935570382675,0.28874582597971016,0.007977947303346727,0.050018857217890816,0.05014324625230716,0.003523950904523053,0.07036495405812962,0.0364654208608571,0.07045244734744961,0.10090910787325445,2.0174212984050572,0.12686560135562705,0.0868940197873405,-4.501023082618752e-12,0.19496521539201492
11072,21.625,3.0,abs_npsigma,2,0.11647647926614053,0.0035386429071720023,0.9562865547245349,0.012437293639376533,0.20907760586792903,0.00015468627307207598,0.0501068716684836,0.05000786728301211,0.00154051913869378,0.0307750717791941,0.015628012492711722,0.03074466809435124,0.09499726454092541,1.8958929459704652,0.017125087268560414,0.01213985392233731,0.002981359613301829,0.025639675883434285
11072,21.625,3.0,repsi2,4,-0.9027148768133414,0.2244400429128704,0.9915070280766489,0.04365962646352716,0.09215732159384346,0.001906162982934721,0.05060643038560987,0.05045918008644748,0.024454713960431855,0.48393739168464434,0.3192067326443689,0.4832333316950497,0.21306686327810406,4.21027252178392,0.08958496318630559,0.03974896176229142,0.0012576610369452457,0.0890919730733628
11072,21.625,3.0,impsi2,4,1.6403312762995961e-12,0.09568849709398533,0.9869895060558401,0.03528391435154347,0.11406355221612145,0.0012449546119670553,0.050018857217890816,0.05087108013061926,0.0,0.0,0.0,0.0,0.05254505682951083,1.050504944577511,0.03616394579752005,0.03523696944796287,-7.564030768373217e-13,0.07492340352581463
11072,21.625,3.0,abs_npsigma,4,0.11647647926614053,0.0035386429071720023,0.9858312594597762,0.007080827156217234,0.11903251883508062,5.013811321622344e-05,0.0501068716684836,0.05005686883532075,0.0,0.0,0.0,0.0,0.014250164948855256,0.2843954227104219,0.003776115716186523,0.007213233266131083,0.00027405893497093464,0.010704192648553067
11072,21.625,3.0,repsi2,6,-0.9027148768133414,0.2244400429128704,0.9989515191155679,0.015340179095932103,0.03238025454551173,0.00023532109469527227,0.05060643038560987,0.050768076138506237,0.014754351663733728,0.291086036709314,0.17033393310731604,0.29155092645951936,0.14672871424715672,2.899408496689377,0.026120719389207448,0.01454289446693196,-6.840841127564445e-05,0.0323348689016727
11072,21.625,3.0,impsi2,6,1.6403312762995961e-12,0.09568849709398533,0.9978881000947595,0.01421564377527094,0.045955412143082366,0.0002020845279453994,0.050018857217890816,0.05098602382331996,0.0,0.0,0.0,0.0,0.03954313612611886,0.7905645655569878,0.01263965454594957,0.014293808918259503,2.0892987683832697e-12,0.028970843064913692
11072,21.625,3.0,abs_npsigma,6,0.11647647926614053,0.0035386429071720023,0.9958421696790788,0.003835762867325441,0.064481240069661,1.4713076774352688e-05,0.0501068716684836,0.05044075105894826,0.0,0.0,0.0,0.0,0.012504689412727189,0.2495603695928284,0.0019161943736623161,0.003910946712018549,0.00019716873416417147,0.006230352124949337
11072,21.625,3.0,repsi2,8,-0.9027148768133414,0.2244400429128704,0.9997598786731263,0.007341174354817799,0.015495848698078024,5.389284090783453e-05,0.05060643038560987,0.0509030378835267,0.0048827543470029156,0.09620293417471269,0.05053213701272785,0.0964848599238753,0.08298567192231665,1.639824648567071,0.009400787674549979,0.0072149023347697966,-3.92582765520455e-05,0.01773095289004356
11072,21.625,3.0,impsi2,8,1.6403312762995961e-12,0.09568849709398533,0.99951679242679,0.006799809296214808,0.0219819829226101,4.623740646488933e-05,0.050018857217890816,0.05009308679260099,0.0,0.0,0.0,0.0,0.020583091743076827,0.4115066374550164,0.0043619949173523175,0.0069043538217528205,2.231929810246668e-12,0.015521935651446044
11072,21.625,3.0,abs_npsigma,8,0.11647647926614053,0.0035386429071720023,0.9984798653013136,0.0023193132322850874,0.03898890481517025,5.3792138694527e-06,0.0501068716684836,0.05009722173196246,0.0,0.0,0.0,0.0,0.015583546838181762,0.31100618177254036,0.001293432938530783,0.0023610841438482856,-1.8258403587656513e-06,0.004317547499247926
11104,21.6875,3.0625,repsi2,2,-0.9021035227837676,0.22031462624559767,0.9109307332755663,0.14008305467958312,0.2984447465184029,0.019623262208363076,0.05053756436171967,0.05105334712501097,0.042756150806904286,0.8417318081153138,0.7267158107360977,0.846027135397338,0.2744052454781916,5.429728340569642,0.3264184169852832,0.12245986524135527,0.018742907448661694,0.26745124389102937
11104,21.6875,3.0625,impsi2,2,1.7250745323454117e-12,0.0962615438270164,0.9160086257808893,0.08991740293449461,0.2898126536559622,0.008085139350484261,0.05003399096266864,0.05004220877028463,0.00654790881201503,0.1308584624413735,0.0700099269166603,0.1308692088324626,0.10449948924747833,2.088569934895809,0.12994760085074467,0.08730168794935132,-4.967190922792868e-12,0.19099132688764953
11104,21.6875,3.0625,abs_npsigma,2,0.11514169149420678,0.0033989653057669897,0.9539379396318777,0.012512527526578809,0.21462073610935714,0.00015656334510339242,0.050026037406868146,0.05004492297746482,0.0021328402105712362,0.04262655624328658,0.021777426468745295,0.042634602321678504,0.09016334345090371,1.8023283099077734,0.016798171006800255,0.01224534174436046,0.0030422008387359784,0.024555481686367855
11104,21.6875,3.0625,repsi2,4,-0.9021035227837676,0.22031462624559767,0.9916506125846728,0.04288930132081326,0.09137498243680939,0.0018394921677875142,0.05053756436171967,0.050066770996774285,0.02434622642245044,0.48399954804522066,0.3192608204180521,0.4817451479892016,0.22477413876279578,4.447664655027457,0.09045133662842338,0.03875468435750012,0.0012256142567030892,0.0860913201823521
11104,21.6875,3.0625,impsi2,4,1.7250745323454117e-12,0.0962615438270164,0.9872418864008208,0.035044481896262095,0.11295181981349034,0.0012281157113774417,0.05003399096266864,0.05056416066201895,0.0,0.0,0.0,0.0,0.05375455231144542,1.0743606751568702,0.03632408601529057,0.0349757883544797,-5.049791624826213e-13,0.07912789509657947
11104,21.6875,3.0625,abs_npsigma,4,0.11514169149420678,0.0033989653057669897,0.9850768891358479,0.007122017697350062,0.12216018526570804,5.0723136081367476e-05,0.050026037406868146,0.051114596093381065,0.0,0.0,0.0,0.0,0.01379783381040747,0.27581304707762333,0.0037403345732614484,0.007256549690812943,0.0002788270997356457,0.01040027022018443
11104,21.6875,3.0625,repsi2,6,-0.9021035227837676,0.22031462624559767,0.9989712340790269,0.015054971915397451,0.032074381069213835,0.00022665217937340598,0.05053756436171967,0.05101302208952447,0.01685209869384444,0.3318956449736579,0.1989657565329099,0.33345688314590166,0.16467264669177167,3.258420716778846,0.027175874535576242,0.014121128582566176,0.0002064110520396123,0.03200829834162061
11104,21.6875,3.0625,impsi2,6,1.7250745323454117e-12,0.0962615438270164,0.9979627776076049,0.014003791365588339,0.04513560005577821,0.00019610617261092654,0.05003399096266864,0.05047704788422094,0.0,0.0,0.0,0.0,0.0411704060040605,0.8228487316708069,0.012702980571728716,0.014068970332177674,3.0926104048596283e-12,0.02692732038804377
11104,21.6875,3.0625,abs_npsigma,6,0.11514169149420678,0.0033989653057669897,0.9957398226471549,0.0038052851428946655,0.06527003411095429,1.4480195018734875e-05,0.050026037406868146,0.05075273008622423,0.0,0.0,0.0,0.0,0.012398614925916663,0.24784323461554922,0.00189441768660114,0.0038799148955653215,0.00014225834152611916,0.006283756364010767
11104,21.6875,3.0625,repsi2,8,-0.9021035227837676,0.22031462624559767,0.999757779619506,0.007305114139943924,0.015563430871566523,5.336469259760866e-05,0.05053756436171967,0.05028435650344581,0.009495083679271904,0.18835355640506363,0.10396816501971803,0.18788170342581997,0.12905218944514743,2.553589415616944,0.01167353905998114,0.006996553806073235,8.692643613994466e-05,0.017671883881832717
11104,21.6875,3.0625,impsi2,8,1.7250745323454117e-12,0.0962615438270164,0.9995369587988189,0.006676305930768499,0.021518392160688047,4.4573060881214636e-05,0.05003399096266864,0.05089494983193068,0.0,0.0,0.0,0.0,0.01947819116143499,0.38929917015750465,0.004165603871281664,0.006782828325984213,2.289482415156832e-12,0.01647738753508623
11104,21.6875,3.0625,abs_npsigma,8,0.11514169149420678,0.0033989653057669897,0.9984469456813703,0.0022975590845490616,0.03940881016511021,5.278777746993922e-06,0.050026037406868146,0.05076727204063491,0.0,0.0,0.0,0.0,0.015411060810931203,0.3080607941338843,0.0012752193790855062,0.0023390435823288603,3.159248874631815e-05,0.004005162929749357
11136,21.75,3.125,repsi2,2,-0.9015657080042131,0.21633387874521226,0.9115615843657873,0.13831928818581468,0.29738597080933843,0.019132225484230454,0.05013124021171523,0.050832528543966235,0.04031060818897463,0.798516313045342,0.6646085350266405,0.8041015546141306,0.2733325351385524,5.452339379281444,0.32297892566073366,0.12098145438022556,0.018245201535696864,0.26197158928823816
11136,21.75,3.125,impsi2,2,1.7899223075256874e-12,0.09681383795925977,0.9153932931565596,0.09050469604726284,0.29087232051785267,0.008191100006607433,0.05050247337340101,0.05059317258801459,0.003479571436888668,0.06883721655464152,0.03564547595093463,0.06889903017544706,0.11050754637872896,2.1881610740461643,0.13387847544724157,0.0875982296562318,-5.102584639345677e-12,0.19250632216404934
11136,21.75,3.125,abs_npsigma,2,0.11385126533894274,0.0032676098609140942,0.9513009701947287,0.012614651402581596,0.220678566710207,0.0001591294300086538,0.050095028720575585,0.05016327625636778,0.00018502340269535393,0.003690934187205822,0.00184887913921438,0.0036934483804250033,0.08548290292535077,1.7064148900315987,0.016478495951057184,0.012377447356295574,0.0028941596183070517,0.025114317386053533
11136,21.75,3.125,repsi2,4,-0.9015657080042131,0.21633387874521226,0.9917856412671964,0.042155000724374565,0.0906330995431782,0.0017770440860720204,0.05013124021171523,0.0508698386678811,0.028948480279615996,0.5732311100186476,0.4017687195479428,0.5774539021448544,0.23205439096688776,4.6289377638947515,0.09069634214302477,0.03790378061023235,0.0016127948554778282,0.08432426252735836
11136,21.75,3.125,impsi2,4,1.7899223075256874e-12,0.09681383795925977,0.987479923138698,0.03481546628278246,0.11189314930460188,0.0012121166924875621,0.05050247337340101,0.05026972900119909,0.0,0.0,0.0,0.0,0.05292197603545233,1.047908597350514,0.03563968999654438,0.034771079729931896,-1.0707646259127989e-12,0.08112150698126246
11136,21.75,3.125,abs_npsigma,4,0.11385126533894274,0.0032676098609140942,0.9842374561229109,0.007176757192901779,0.12554897003595492,5.1505843805867426e-05,0.050095028720575585,0.05049946960924197,0.0,0.0,0.0,0.0,0.013329400316776853,0.26608229713025505,0.0037019985461230697,0.007314325221259478,0.0005751993103152997,0.010347986183958456
11136,21.75,3.125,repsi2,6,-0.9015657080042131,0.21633387874521226,0.9989888775812056,0.014789862566772819,0.031798151185161286,0.0002187400347440279,0.05013124021171523,0.05078825772324948,0.014561391004399762,0.28857438458093637,0.1686163757168467,0.29046540526234366,0.18955529656873293,3.7811810712880694,0.028759271181777415,0.013661362971220822,0.0007264442142981276,0.029547661202598996
11136,21.75,3.125,impsi2,6,1.7899223075256874e-12,0.09681383795925977,0.9980335097215157,0.013797951701960647,0.04434512688542339,0.0001903834711696387,0.05050247337340101,0.05014474621426202,0.0,0.0,0.0,0.0,0.04029339190869335,0.7978498718424224,0.012324667463003283,0.01387193177269062,3.5087106344715733e-12,0.02842718624922345
11136,21.75,3.125,abs_npsigma,6,0.11385126533894274,0.0032676098609140942,0.9955953502781779,0.0037937681617223906,0.0663675351495151,1.4392676864898488e-05,0.050095028720575585,0.05038131059328627,0.0,0.0,0.0,0.0,0.012222220432090437,0.24398070515668535,0.0018739091361616883,0.0038686579536686056,0.00014285325783358616,0.006332480921622044
11136,21.75,3.125,repsi2,8,-0.9015657080042131,0.21633387874521226,0.9997580764792092,0.007234379974286605,0.015553890856976633,5.233625361235907e-05,0.05013124021171523,0.050354932685443825,0.011518745126875299,0.2292603010896628,0.12947148653793839,0.2297717965529899,0.17456062196407188,3.4820726801663806,0.013499579211436723,0.006743915268162023,2.736740073594479e-05,0.016617900014303966
11136,21.75,3.125,impsi2,8,1.7899223075256874e-12,0.09681383795925977,0.9995555594080359,0.006559573115144641,0.021081759697996857,4.302799945292838e-05,0.05050247337340101,0.050319479590805245,0.0,0.0,0.0,0.0,0.021193482040655194,0.41965235809257456,0.004249329527634613,0.006660043789987507,3.928441093306204e-12,0.015332465628658115
11136,21.75,3.125,abs_npsigma,8,0.11385126533894274,0.0032676098609140942,0.9983741390187885,0.002304925025826745,0.04032196648492704,5.312679374682421e-06,0.050095028720575585,0.0506733503810954,0.0,0.0,0.0,0.0,0.014895976571992802,0.2973543873002025,0.0012568804717955938,0.0023472414698644988,8.376224903158813e-05,0.004138131589479503
11168,21.8125,3.1875,repsi2,2,-0.9010373449407405,0.21239311146219841,0.9121897589841753,0.13656606572496902,0.2963279281738808,0.01865029030759656,0.05004927308932622,0.0506284913306199,0.04019861502619078,0.7985599453423441,0.6646689880585758,0.803180796541154,0.27603881395532787,5.515341121191976,0.3207221742500126,0.119220214782871,0.016294683159310597,0.2599093757541008
11168,21.8125,3.1875,impsi2,2,1.859453891995275e-12,0.09734669922206103,0.9147890400937269,0.09107692179920814,0.2919091637929052,0.008295005684419075,0.05016874149202348,0.050299655731622823,0.0034982658810404047,0.06963912986992592,0.036075705298167074,0.0697299907671913,0.1062244249493186,2.11734282723053,0.1325268681729905,0.0883485357531704,-4.716686018201714e-12,0.1991499825747146
11168,21.8125,3.1875,abs_npsigma,2,0.11260559658275998,0.0031445231797883836,0.9483572326239604,0.012743307227026103,0.2272504507719172,0.0001623918790823757,0.050157996839038946,0.050035377824032064,0.0,0.0,0.0,0.0,0.08082914505808733,1.6114906924507886,0.01617692806656574,0.012535873208202908,0.0029399640069845065,0.026415459540653004
11168,21.8125,3.1875,repsi2,4,-0.9010373449407405,0.21239311146219841,0.9919148518775855,0.04143947111574134,0.08991745171219251,0.001717229766352361,0.05004927308932622,0.05057202879771103,0.028817744421639226,0.572796095482675,0.4013414577059979,0.5757874718820852,0.24004994041359012,4.796272265236645,0.09075407154169246,0.037064333159043866,0.001223122305733182,0.08347408163219538
11168,21.8125,3.1875,impsi2,4,1.859453891995275e-12,0.09734669922206103,0.9877095598523402,0.03458950390452261,0.11086225754358348,0.001196433780360985,0.05016874149202348,0.050225728628619085,0.0,0.0,0.0,0.0,0.05443519203535475,1.085042008558449,0.03603027771402909,0.03451173193278453,-1.6612488622791292e-12,0.07704139161892093
11168,21.8125,3.1875,abs_npsigma,4,0.11260559658275998,0.0031445231797883836,0.9833051866780215,0.007245497048043115,0.12920841041502895,5.249722747320149e-05,0.050157996839038946,0.05055785449054885,0.0,0.0,0.0,0.0,0.01284809088513223,0.2561523923366156,0.0036670547321113254,0.007386428417197305,0.0003952122708178879,0.010521865285062541
11168,21.8125,3.1875,repsi2,6,-0.9010373449407405,0.21239311146219841,0.9990051361119984,0.014536238738203137,0.03154146299716595,0.00021130223665403753,0.05004927308932622,0.050600606238714096,0.01689634763212162,0.3357450151937624,0.20173892718299521,0.33759426639355183,0.20047044270486733,4.005461624728786,0.029092318576165562,0.013335790648787885,0.00030821672280767487,0.030132968054035203
11168,21.8125,3.1875,impsi2,6,1.859453891995275e-12,0.09734669922206103,0.9981023797230891,0.013591433711501072,0.04356168358673574,0.00018472707033412777,0.05016874149202348,0.05049274306402028,0.0,0.0,0.0,0.0,0.03850658061765634,0.7675412911001296,0.011907378135651897,0.013674617914527174,3.3349562202548215e-12,0.028022768822481434
11168,21.8125,3.1875,abs_npsigma,6,0.11260559658275998,0.0031445231797883836,0.9954030055667097,0.003802019930621048,0.0678011388790067,1.4455355552839678e-05,0.050157996839038946,0.050464910760313175,0.0,0.0,0.0,0.0,0.011930601936394135,0.2378604148542933,0.0018542806876696845,0.003877773408646028,0.00019469810252107506,0.006305130385010259
11168,21.8125,3.1875,repsi2,8,-0.9010373449407405,0.21239311146219841,0.9997515839407535,0.007263735936867256,0.015761220106529694,5.276185976053683e-05,0.05004927308932622,0.050277839130948916,0.013628470464759065,0.27168070849755577,0.15719358675987535,0.27230106699922374,0.16662202459836442,3.329159732269901,0.013253401786501865,0.006803470676187337,-4.7034888133179464e-05,0.016493722652198173
11168,21.8125,3.1875,impsi2,8,1.859453891995275e-12,0.09734669922206103,0.9995741561126165,0.006438516663073344,0.0206359852535197,4.14544968206731e-05,0.05016874149202348,0.05092180591256936,0.0,0.0,0.0,0.0,0.02225071238902321,0.44351745184919444,0.004287865762543817,0.0065324538334991245,4.793975355884046e-12,0.014648534315519874
11168,21.8125,3.1875,abs_npsigma,8,0.11260559658275998,0.0031445231797883836,0.9982569154680127,0.0023411898075903427,0.04175026385530253,5.481169715164905e-06,0.050157996839038946,0.05035585974122481,0.0,0.0,0.0,0.0,0.014020896091565913,0.27953461013525116,0.0012378112293131645,0.0023853098130900067,-1.7322543514192157e-07,0.0042368850416412
11200,21.875,3.25,repsi2,2,-0.9006187955388691,0.20875865719889863,0.9124439938354456,0.13519642849058874,0.2958986417078565,0.018278074276610875,0.050578729667964874,0.050225318804053024,0.03980318507429785,0.7897140179909893,0.6525019951731621,0.7869550171701535,0.27431692100947286,5.423562885234292,0.31485279935262184,0.11819775794212523,0.015480919847173868,0.2606169310703494
11200,21.875,3.25,impsi2,2,1.8991353865763835e-12,0.09785744734610849,0.9141984693318203,0.09163142893994894,0.2929189831133853,0.008396318769576912,0.05010342543272187,0.05064380270202609,0.006514409516566169,0.12932186100154022,0.0691310056527296,0.13001924439904056,0.10944938932958818,2.1844691931603597,0.1354307929833347,0.0887228739663778,-4.248141751700325e-12,0.19693232777307165
11200,21.875,3.25,abs_npsigma,2,0.11141547533371211,0.0030274076563586013,0.9452870231243962,0.012870061580869546,0.23390805218205696,0.0001656384850953743,0.05007571493058464,0.05101634833547167,0.0,0.0,0.0,0.0,0.0762055583714117,1.5218066976587048,0.015876704822102794,0.012691817014784178,0.0028379356433722858,0.025316676409133813
11200,21.875,3.25,repsi2,4,-0.9006187955388691,0.20875865719889863,0.9919475434582954,0.04100024408218495,0.0897354809520995,0.0016810200147987424,0.050578729667964874,0.05025667960941936,0.026315267354725932,0.5219449703890481,0.3531295925608619,0.5202832797003455,0.233859870427242,4.623680190516176,0.08816177710485511,0.03683079293738194,0.0013689546938923103,0.08214495960434609
11200,21.875,3.25,impsi2,4,1.8991353865763835e-12,0.09785744734610849,0.9879269051041719,0.03437211439631075,0.10987763601310382,0.001181442248073073,0.05010342543272187,0.0500210853986953,0.0,0.0,0.0,0.0,0.05483967951681939,1.0945295464969214,0.03596002569514827,0.03428631637046264,-1.983266484897935e-12,0.07515222340386325
11200,21.875,3.25,abs_npsigma,4,0.11141547533371211,0.0030274076563586013,0.9824072918049203,0.007297965434685685,0.13263750674330285,5.326029948586702e-05,0.05007571493058464,0.05002258741624975,0.0,0.0,0.0,0.0,0.012416877159422855,0.2479620545934338,0.0036340794279675825,0.00744121986024733,0.0002788848752417472,0.010651286662452658
11200,21.875,3.25,repsi2,6,-0.9006187955388691,0.20875865719889863,0.9990258983522681,0.014260159604848735,0.031210601527877753,0.00020335215195575965,0.050578729667964874,0.05021489116164626,0.014416904376007497,0.2860677939207856,0.16690729826192674,0.28503887841095293,0.18690343748302587,3.6952971873748974,0.02741252697524895,0.01319671902888773,-0.0001753509312505397,0.03023557032541424
11200,21.875,3.25,impsi2,6,1.8991353865763835e-12,0.09785744734610849,0.9981671928493,0.013392304851861438,0.042811296998572106,0.0001793538292451914,0.05010342543272187,0.05030542187232237,0.0,0.0,0.0,0.0,0.038113858288281496,0.7607036436951844,0.01168054414047141,0.013476558466488776,3.732311597374467e-12,0.025819725886278323
11200,21.875,3.25,abs_npsigma,6,0.11141547533371211,0.0030274076563586013,0.995244116438417,0.003794469436836493,0.06896291439304864,1.4397998307086255e-05,0.05007571493058464,0.05018359396702232,0.0,0.0,0.0,0.0,0.011724987424349388,0.23414518276179702,0.0018360887628371225,0.0038703074967126037,0.0001994593096307229,0.00616782437155293
11200,21.875,3.25,repsi2,8,-0.9006187955388691,0.20875865719889863,0.999762674871827,0.007038726807949329,0.01540536037140853,4.954367507694455e-05,0.050578729667964874,0.050255665445473795,0.010296336566356286,0.20422270703905965,0.1137238497443801,0.20357048573479086,0.14525719778880777,2.8719028481415094,0.01192831176490934,0.006678552694199261,-0.00012980014025210096,0.016641587744651076
11200,21.875,3.25,impsi2,8,1.8991353865763835e-12,0.09785744734610849,0.9995915367945336,0.006322275430709433,0.020210472668060298,3.997116662175214e-05,0.05010342543272187,0.05008399305152534,0.0,0.0,0.0,0.0,0.019797623037488152,0.39513512033368065,0.003974168055450553,0.006422337536523283,4.157636974673459e-12,0.01523476037829267
11200,21.875,3.25,abs_npsigma,8,0.11141547533371211,0.0030274076563586013,0.9981623732904736,0.002358653253437064,0.042867548443156704,5.563245169949246e-06,0.05007571493058464,0.05075261826343069,0.0,0.0,0.0,0.0,0.013406592789906125,0.26772643802470825,0.0012204211622258417,0.0024037467438440315,5.553728662395507e-05,0.00403165525048182
11232,21.9375,3.3125,repsi2,2,-0.8998629561920871,0.20472584723450987,0.9127977021811687,0.1336134884723705,0.2953003518772561,0.017852564301756284,0.05037168837943106,0.05004579209184086,0.03849635601202112,0.7667261881368237,0.6216998859146187,0.7642458938847253,0.2736917845901827,5.433444726501224,0.31144970919861475,0.11685140922166826,0.013357321937221334,0.25548056071500475
11232,21.9375,3.3125,impsi2,2,1.9453495973522023e-12,0.09834706494043449,0.9136224649083451,0.09216819979284416,0.293900553064561,0.008494977053053639,0.050525032759948414,0.050732639146224,0.004217838387731542,0.08330901369409094,0.04346502085589429,0.08348017126027586,0.1166403592766611,2.3085657327692584,0.14004004043608673,0.08890130212327065,-3.701322170623514e-12,0.19904838137368752
11232,21.9375,3.3125,abs_npsigma,2,0.11028419259642476,0.0029156225454964506,0.9422605355464523,0.012974840435460258,0.24029037528279754,0.00016834648432565455,0.050003289713010546,0.05046065161691847,0.0,0.0,0.0,0.0,0.07199964653238326,1.4398981936112376,0.015569258128803456,0.012823750085714767,0.00260349113044335,0.0257247982292179
11232,21.9375,3.3125,repsi2,4,-0.8998629561920871,0.20472584723450987,0.9919465012104539,0.04060491796435412,0.08974128809832248,0.001648759362891928,0.05037168837943106,0.050161383604852935,0.026167777919798733,0.5205804896500021,0.3518815900480076,0.5194937625017979,0.23248228136198637,4.615336289917154,0.08723290044986354,0.036504467323643514,0.0008259324881161323,0.08258683120785038
11232,21.9375,3.3125,impsi2,4,1.9453495973522023e-12,0.09834706494043449,0.988134060386501,0.034161093860531865,0.10893089375149309,0.0011669803337480678,0.050525032759948414,0.05066857545979627,0.0,0.0,0.0,0.0,0.0524602604369668,1.0383023537305345,0.03480917159726533,0.03412626239198323,-1.9601585578492287e-12,0.07441542209239815
11232,21.9375,3.3125,abs_npsigma,4,0.11028419259642476,0.0029156225454964506,0.9816952123335053,0.007305467241111774,0.13529518715199992,5.3369851610957273e-05,0.050003289713010546,0.05087137010907553,0.0,0.0,0.0,0.0,0.012091821897724802,0.24182052755178196,0.003592481826247978,0.007449810696894607,0.00033918883430555935,0.011314108789396198
11232,21.9375,3.3125,repsi2,6,-0.8998629561920871,0.20472584723450987,0.9990084860317937,0.014247404577181471,0.03148831478828819,0.00020298853718589153,0.05037168837943106,0.050664807694933436,0.011975970417085287,0.23706226724788199,0.1344700172012341,0.2377520151175952,0.19392337373827692,3.8498485950584937,0.027954876760559744,0.013126444118904122,-0.0001643490993028518,0.03021626865547633
11232,21.9375,3.3125,impsi2,6,1.9453495973522023e-12,0.09834706494043449,0.998228976996698,0.01319753440293836,0.04208352413120797,0.0001741749143167416,0.050525032759948414,0.05093967071468952,0.0,0.0,0.0,0.0,0.041247243278725185,0.8163724202752461,0.011924411782221877,0.013261857469646037,3.736317209696477e-12,0.026816593376532194
11232,21.9375,3.3125,abs_npsigma,6,0.11028419259642476,0.0029156225454964506,0.9952214732273328,0.0037326103992577193,0.06912688892657615,1.393238039264687e-05,0.050003289713010546,0.05061046845081793,0.0,0.0,0.0,0.0,0.01173396051269208,0.23466377072464847,0.00180815511450447,0.0038070497032889027,0.00027248105652370735,0.005933329574496271
11232,21.9375,3.3125,repsi2,8,-0.8998629561920871,0.20472584723450987,0.9997532480063397,0.0071074968138516515,0.01570834153118368,5.051651095891138e-05,0.05037168837943106,0.05032051017930279,0.00941471841748972,0.18699995734025227,0.10314393432992723,0.1869049603136622,0.1590773492293512,3.15807062155791,0.012630705014485384,0.0066883327585827755,-0.00029202293112506883,0.01769609280834572
11232,21.9375,3.3125,impsi2,8,1.9453495973522023e-12,0.09834706494043449,0.9996080102478473,0.006208948510895444,0.019798731074307366,3.855104161095075e-05,0.050525032759948414,0.050364891977205166,0.0,0.0,0.0,0.0,0.01970911988932858,0.39008623671694387,0.0038779157731356267,0.006308901980710953,3.490732339846458e-12,0.014861352299340911
11232,21.9375,3.3125,abs_npsigma,8,0.11028419259642476,0.0029156225454964506,0.9981630059304479,0.0023142993162357847,0.04286016879985559,5.35598132512942e-06,0.050003289713010546,0.05056960175467867,0.0,0.0,0.0,0.0,0.013293402891845635,0.26585056639557003,0.0011932689004955054,0.0023585902140663383,5.898801424171485e-05,0.004240814399511336
11264,22.0,3.375,repsi2,2,-0.8994673996704743,0.2012739384776805,0.9133651242522052,0.13205053067399294,0.2943380297341729,0.017437342651283154,0.050304127335974856,0.05098643057841187,0.04179030350122652,0.8251569418059422,0.7023550388716217,0.8307529762342244,0.27625177237242554,5.491632337191244,0.3094502783622446,0.11527672564869487,0.014295981350862075,0.2537054478885872
11264,22.0,3.375,impsi2,2,1.9076996587790405e-12,0.09881485258357735,0.9130671950869823,0.09268361398951129,0.2948436957321925,0.008590252302156733,0.05028261507976143,0.05055501248020398,0.007960191897202255,0.15788137999316862,0.0857064134081567,0.15830902757494417,0.11154840368050778,2.218428844712287,0.1380465989818678,0.08964429411219565,-3.627317795191528e-12,0.19775590416867622
11264,22.0,3.375,abs_npsigma,2,0.1092032388915418,0.002811128923257804,0.9390225183368808,0.013092576613127637,0.24693618945614107,0.00017141556237061675,0.05006442848658095,0.05000639649330112,0.0,0.0,0.0,0.0,0.06818952790305235,1.3620354803676542,0.015279858567275895,0.012967069604371438,0.0028985791861201593,0.025575816881092242
11264,22.0,3.375,repsi2,4,-0.8994673996704743,0.2012739384776805,0.9920843322813927,0.03991513018148287,0.08897003831969101,0.0015932176174047246,0.050304127335974856,0.05011816569183369,0.026050737629015844,0.5188237958637726,0.35027824131588264,0.5178648156447738,0.24028080206537727,4.776562377487883,0.08723590619949043,0.03570029668343286,0.0005307191962085067,0.08053059963298637
11264,22.0,3.375,impsi2,4,1.9076996587790405e-12,0.09881485258357735,0.9883323085251191,0.03395498804418905,0.10801708880950703,0.001152941213081021,0.05028261507976143,0.05039663041807775,0.0,0.0,0.0,0.0,0.055876723680723654,1.1112533346185058,0.03579399066401216,0.0338548380245881,-2.541706870859326e-12,0.07846756405106749
11264,22.0,3.375,abs_npsigma,4,0.1092032388915418,0.002811128923257804,0.9809761965580412,0.00731289026897447,0.13792680465362311,5.34783640860615e-05,0.05006442848658095,0.05025607488170714,0.0,0.0,0.0,0.0,0.011772719695925889,0.2351513849615081,0.0035461967486749993,0.007458824707373234,0.00042582652056075143,0.011306717999249694
11264,22.0,3.375,repsi2,6,-0.8994673996704743,0.2012739384776805,0.9990374115902529,0.0139191939552101,0.03102560893434739,0.0001937439603627574,0.050304127335974856,0.0508187913409644,0.016643047651980353,0.3291647011326967,0.197006073163432,0.3308485512694328,0.2119220932752672,4.2128172080168795,0.028569352288170004,0.01267962435725584,0.00010755807704065923,0.028766792908174743
11264,22.0,3.375,impsi2,6,1.9076996587790405e-12,0.09881485258357735,0.9982887912554711,0.013003570272442729,0.041366758931888126,0.00016909283983035625,0.05028261507976143,0.05027573882401917,0.0,0.0,0.0,0.0,0.03683738155725887,0.7326067170298346,0.011130074135483956,0.013095293131863021,3.6027135426879093e-12,0.02665526090022106
11264,22.0,3.375,abs_npsigma,6,0.1092032388915418,0.002811128923257804,0.9951997455127806,0.0036734362969868812,0.06928386888172068,1.3494134228020692e-05,0.05006442848658095,0.05048574781029016,0.0,0.0,0.0,0.0,0.011747171252434326,0.2346410736633693,0.0017794038730486106,0.0037467910196907817,0.0001439486813838986,0.006021604596290163
11264,22.0,3.375,repsi2,8,-0.8994673996704743,0.2012739384776805,0.9997663953103884,0.006857006338410489,0.015284131954798526,4.7018535925001625e-05,0.050304127335974856,0.050717145691946436,0.011890357392350021,0.23540304009163776,0.1334032900656604,0.2363694198079581,0.16978292501124476,3.375129119670166,0.01259736598518638,0.006411182006895873,-0.00010687030999284586,0.015275901984363516
11264,22.0,3.375,impsi2,8,1.9076996587790405e-12,0.09881485258357735,0.9996239964413508,0.00609546849871411,0.019390811191106676,3.715473621881604e-05,0.05028261507976143,0.05101482761591848,0.0,0.0,0.0,0.0,0.01902629004956018,0.37838704330272976,0.0037495160731127217,0.006194961068062939,3.869323974317614e-12,0.015490559293091592
11264,22.0,3.375,abs_npsigma,8,0.1092032388915418,0.002811128923257804,0.998152373639045,0.0022790164331689482,0.042984024485324575,5.193915902654115e-06,0.05006442848658095,0.05055462177937761,0.0,0.0,0.0,0.0,0.01300698676053155,0.25980495840510565,0.0011616389736267758,0.002323043919137627,3.3502260980991516e-05,0.0040069370640745325
