iteration,t_M,L,index,singular_value
9536,18.625,2,0,0.42002190559482977
9536,18.625,2,1,0.3710524253033821
9536,18.625,2,2,0.30906521250878694
9536,18.625,2,3,0.29912007809435387
9536,18.625,2,4,0.2292436859920818
9536,18.625,2,5,0.22022680297158337
9536,18.625,2,6,0.2028209823315208
9536,18.625,2,7,0.19996695819448557
9536,18.625,2,8,0.18689346203230725
9536,18.625,4,0,0.4618423052817725
9536,18.625,4,1,0.4466853433426261
9536,18.625,4,2,0.4053038667032001
9536,18.625,4,3,0.397889391465086
9536,18.625,4,4,0.36704916703720153
9536,18.625,4,5,0.3579918349304528
9536,18.625,4,6,0.3230212986060641
9536,18.625,4,7,0.32042560473761156
9536,18.625,4,8,0.29804073577697426
9536,18.625,4,9,0.26683946872905673
9536,18.625,4,10,0.2641836804833777
9536,18.625,4,11,0.2435359599664836
9536,18.625,4,12,0.2403532295827305
9536,18.625,4,13,0.2397820915664101
9536,18.625,4,14,0.22197764510651452
9536,18.625,4,15,0.2125989624974356
9536,18.625,4,16,0.18925186309253028
9536,18.625,4,17,0.18821687824296124
9536,18.625,4,18,0.18158709583069554
9536,18.625,4,19,0.1811405583848417
9536,18.625,4,20,0.17924994981989983
9536,18.625,4,21,0.17450517592420275
9536,18.625,4,22,0.17229389498957956
9536,18.625,4,23,0.16981887795166864
9536,18.625,4,24,0.16467894565787364
9536,18.625,6,0,0.47704063987665934
9536,18.625,6,1,0.47105564360469176
9536,18.625,6,2,0.4460600824291638
9536,18.625,6,3,0.44164053782960677
9536,18.625,6,4,0.4299394832377129
9536,18.625,6,5,0.42417160499455303
9536,18.625,6,6,0.3970906625534356
9536,18.625,6,7,0.3950464344669749
9536,18.625,6,8,0.3776214925671924
9536,18.625,6,9,0.36604429708272085
9536,18.625,6,10,0.36366635397236363
9536,18.625,6,11,0.343119913628403
9536,18.625,6,12,0.3339473466690997
9536,18.625,6,13,0.3334719314309628
9536,18.625,6,14,0.3106881941760652
9536,18.625,6,15,0.29942120459275984
9536,18.625,6,16,0.29096257094553224
9536,18.625,6,17,0.29045996986354194
9536,18.625,6,18,0.26808404061111973
9536,18.625,6,19,0.2677464313122606
9536,18.625,6,20,0.26766309852909287
9536,18.625,6,21,0.2572368052989589
9536,18.625,6,22,0.2447927358592566
9536,18.625,6,23,0.2393501042171051
9536,18.625,6,24,0.22886558374360405
9536,18.625,6,25,0.22314119594667017
9536,18.625,6,26,0.22302173842292528
9536,18.625,6,27,0.211291661530957
9536,18.625,6,28,0.2112647056313104
9536,18.625,6,29,0.2069389090625955
9536,18.625,6,30,0.20187360440035415
9536,18.625,6,31,0.19673716227002788
9536,18.625,6,32,0.19399499318660712
9536,18.625,6,33,0.1938196688466486
9536,18.625,6,34,0.18813276333789986
9536,18.625,6,35,0.18216857029693428
9536,18.625,6,36,0.1768517517551219
9536,18.625,6,37,0.17662647157158912
9536,18.625,6,38,0.1737161284122139
9536,18.625,6,39,0.17358828034143928
9536,18.625,6,40,0.1714666595162133
9536,18.625,6,41,0.16943497340062944
9536,18.625,6,42,0.16810437329475333
9536,18.625,6,43,0.16689868663516408
9536,18.625,6,44,0.16409971516528335
9536,18.625,6,45,0.16368020652602477
9536,18.625,6,46,0.1604546216741395
9536,18.625,6,47,0.16027954657795668
9536,18.625,6,48,0.1575145481652589
9536,18.625,8,0,0.48408835456912575
9536,18.625,8,1,0.4811473282032058
9536,18.625,8,2,0.4647119148850408
9536,18.625,8,3,0.46203419399755186
9536,18.625,8,4,0.4569928229660688
9536,18.625,8,5,0.4535835869407884
9536,18.625,8,6,0.43473060112649564
9536,18.625,8,7,0.43338807547772484
9536,18.625,8,8,0.4217514515730461
9536,18.625,8,9,0.41907126855844845
9536,18.625,8,10,0.4173920372914222
9536,18.625,8,11,0.4030972964404163
9536,18.625,8,12,0.3936048957080573
9536,18.625,8,13,0.39321083299325094
9536,18.625,8,14,0.375222900408405
9536,18.625,8,15,0.36784408947391545
9536,18.625,8,16,0.3674028755488059
9536,18.625,8,17,0.36544927613838857
9536,18.625,8,18,0.3465898865626738
9536,18.625,8,19,0.342959028214323
9536,18.625,8,20,0.34288558850596124
9536,18.625,8,21,0.3357973646533848
9536,18.625,8,22,0.31759791897171813
9536,18.625,8,23,0.3119299966924653
9536,18.625,8,24,0.3085371513809874
9536,18.625,8,25,0.30846138953373003
9536,18.625,8,26,0.29949437031518955
9536,18.625,8,27,0.2881864106658736
9536,18.625,8,28,0.2881760025416837
9536,18.625,8,29,0.2828262947328708
9536,18.625,8,30,0.27713950673227133
9536,18.625,8,31,0.26515875524916055
9536,18.625,8,32,0.26110268189075725
9536,18.625,8,33,0.25873068567499524
9536,18.625,8,34,0.25040579280477193
9536,18.625,8,35,0.25039269212992293
9536,18.625,8,36,0.2492046476724656
9536,18.625,8,37,0.24009284126226965
9536,18.625,8,38,0.2371471169828496
9536,18.625,8,39,0.23714466499004072
9536,18.625,8,40,0.22791575302055092
9536,18.625,8,41,0.22545903818651042
9536,18.625,8,42,0.21756183554698494
9536,18.625,8,43,0.21587837363262205
9536,18.625,8,44,0.21487601387024446
9536,18.625,8,45,0.2098039916784472
9536,18.625,8,46,0.20835894162856822
9536,18.625,8,47,0.20284668954449084
9536,18.625,8,48,0.2027651601924237
9536,18.625,8,49,0.2027584624154984
9536,18.625,8,50,0.19665278354428092
9536,18.625,8,51,0.1964149222198371
9536,18.625,8,52,0.19641309607153534
9536,18.625,8,53,0.1896970518905852
9536,18.625,8,54,0.18819206535283997
9536,18.625,8,55,0.1846889884642417
9536,18.625,8,56,0.1838467247058368
9536,18.625,8,57,0.183687875874785
9536,18.625,8,58,0.1802066713287788
9536,18.625,8,59,0.17916118830535574
9536,18.625,8,60,0.1767117675428108
9536,18.625,8,61,0.17451756544922586
9536,18.625,8,62,0.17294400833728135
9536,18.625,8,63,0.17152785901129813
9536,18.625,8,64,0.17144828405753743
9536,18.625,8,65,0.1699369553318011
9536,18.625,8,66,0.16988395181902022
9536,18.625,8,67,0.1692470334502416
9536,18.625,8,68,0.16802257063511594
9536,18.625,8,69,0.16700614674947353
9536,18.625,8,70,0.16603335239668396
9536,18.625,8,71,0.1653995642213996
9536,18.625,8,72,0.1633842715263762
9536,18.625,8,73,0.16317733809478366
9536,18.625,8,74,0.16078660094442224
9536,18.625,8,75,0.16062224944515954
9536,18.625,8,76,0.15842985615203217
9536,18.625,8,77,0.15799459422248432
9536,18.625,8,78,0.15625817647957038
9536,18.625,8,79,0.15566572039599005
9536,18.625,8,80,0.15436917487597138
9568,18.6875,2,0,0.4138943623040056
9568,18.6875,2,1,0.3669754283707043
9568,18.6875,2,2,0.3079850263171766
9568,18.6875,2,3,0.298302975238276
9568,18.6875,2,4,0.2325492757806237
9568,18.6875,2,5,0.22356717993455213
9568,18.6875,2,6,0.20798862678771232
9568,18.6875,2,7,0.2049699686569497
9568,18.6875,2,8,0.19247048535497135
9568,18.6875,4,0,0.45471592175493
9568,18.6875,4,1,0.4397691704522616
9568,18.6875,4,2,0.39918914909248504
9568,18.6875,4,3,0.3919782306762173
9568,18.6875,4,4,0.36276699986331185
9568,18.6875,4,5,0.3540019773656492
9568,18.6875,4,6,0.32109348215846134
9568,18.6875,4,7,0.31852670044644715
9568,18.6875,4,8,0.297556711127321
9568,18.6875,4,9,0.26836331314008266
9568,18.6875,4,10,0.26566534152568827
9568,18.6875,4,11,0.24630414281641352
9568,18.6875,4,12,0.24360192564614502
9568,18.6875,4,13,0.24298052450055882
9568,18.6875,4,14,0.2264830507877022
9568,18.6875,4,15,0.21724097863511846
9568,18.6875,4,16,0.19532823822027415
9568,18.6875,4,17,0.19415923590951673
9568,18.6875,4,18,0.1881376845005685
9568,18.6875,4,19,0.18760612224029535
9568,18.6875,4,20,0.18559742512943492
9568,18.6875,4,21,0.18126910103456617
9568,18.6875,4,22,0.17860708262747715
9568,18.6875,4,23,0.17645589299489162
9568,18.6875,4,24,0.17128821017332047
9568,18.6875,6,0,0.4699672816098539
9568,18.6875,6,1,0.463927043200338
9568,18.6875,6,2,0.4387830341667843
9568,18.6875,6,3,0.43435992763655706
9568,18.6875,6,4,0.4229735831598253
9568,18.6875,6,5,0.41729470018162035
9568,18.6875,6,6,0.39100378741782643
9568,18.6875,6,7,0.3890166492981239
9568,18.6875,6,8,0.3723682210718856
9568,18.6875,6,9,0.36155154198077555
9568,18.6875,6,10,0.3592318620193443
9568,18.6875,6,11,0.33984039171959585
9568,18.6875,6,12,0.3312406101190532
9568,18.6875,6,13,0.33076097733540716
9568,18.6875,6,14,0.3096629547061933
9568,18.6875,6,15,0.298885346446814
9568,18.6875,6,16,0.2910448629504349
9568,18.6875,6,17,0.2905214312596729
9568,18.6875,6,18,0.26988817171211793
9568,18.6875,6,19,0.26940890358984554
9568,18.6875,6,20,0.26931646700271045
9568,18.6875,6,21,0.25939973503689323
9568,18.6875,6,22,0.24833243307616
9568,18.6875,6,23,0.24291323018417021
9568,18.6875,6,24,0.23286294487095482
9568,18.6875,6,25,0.22753200424360553
9568,18.6875,6,26,0.2273924180905449
9568,18.6875,6,27,0.21645965743460008
9568,18.6875,6,28,0.21642611330660128
9568,18.6875,6,29,0.21252138917900087
9568,18.6875,6,30,0.20736806445490236
9568,18.6875,6,31,0.2029359840860775
9568,18.6875,6,32,0.20004507976376232
9568,18.6875,6,33,0.19948114805651282
9568,18.6875,6,34,0.19426200394631016
9568,18.6875,6,35,0.1883432881434546
9568,18.6875,6,36,0.183674232093408
9568,18.6875,6,37,0.1833958416048576
9568,18.6875,6,38,0.18070642889619462
9568,18.6875,6,39,0.1805439180808496
9568,18.6875,6,40,0.17846349845837733
9568,18.6875,6,41,0.17657091899098434
9568,18.6875,6,42,0.17495347941115622
9568,18.6875,6,43,0.17389272341083956
9568,18.6875,6,44,0.17087983634967527
9568,18.6875,6,45,0.17059080265843446
9568,18.6875,6,46,0.16730010213941598
9568,18.6875,6,47,0.16701812761511545
9568,18.6875,6,48,0.16431719249143356
9568,18.6875,8,0,0.4771353927369419
9568,18.6875,8,1,0.4741370080375236
9568,18.6875,8,2,0.4574036935093928
9568,18.6875,8,3,0.45463207686696605
9568,18.6875,8,4,0.4496519448947793
9568,18.6875,8,5,0.44617998587901364
9568,18.6875,8,6,0.42739838223627113
9568,18.6875,8,7,0.42607190883045815
9568,18.6875,8,8,0.41463425764346273
9568,18.6875,8,9,0.4121303972695277
9568,18.6875,8,10,0.41049047109327585
9568,18.6875,8,11,0.39663654752857463
9568,18.6875,8,12,0.3874740208572959
9568,18.6875,8,13,0.3870925067174968
9568,18.6875,8,14,0.37003458555072977
9568,18.6875,8,15,0.36306604678720605
9568,18.6875,8,16,0.3626311659296564
9568,18.6875,8,17,0.3606845957244688
9568,18.6875,8,18,0.34316082123760894
9568,18.6875,8,19,0.33960512162681594
9568,18.6875,8,20,0.33952961558891676
9568,18.6875,8,21,0.3328677183947657
9568,18.6875,8,22,0.31620041242498753
9568,18.6875,8,23,0.31072200725068305
9568,18.6875,8,24,0.30747594885671364
9568,18.6875,8,25,0.3073953246325393
9568,18.6875,8,26,0.2990210546852796
9568,18.6875,8,27,0.28855450595055937
9568,18.6875,8,28,0.28854249797692566
9568,18.6875,8,29,0.2838820452188973
9568,18.6875,8,30,0.27832154284450566
9568,18.6875,8,31,0.2669863133276601
9568,18.6875,8,32,0.2637303086712058
9568,18.6875,8,33,0.2613146181213003
9568,18.6875,8,34,0.2532885133926636
9568,18.6875,8,35,0.25327290280638326
9568,18.6875,8,36,0.25233782954499634
9568,18.6875,8,37,0.24357684156586784
9568,18.6875,8,38,0.2409585421972152
9568,18.6875,8,39,0.24095539199329505
9568,18.6875,8,40,0.2325874015777959
9568,18.6875,8,41,0.23003345625297308
9568,18.6875,8,42,0.222457859997835
9568,18.6875,8,43,0.2212488937981969
9568,18.6875,8,44,0.22014653577787804
9568,18.6875,8,45,0.21488793913014187
9568,18.6875,8,46,0.21393961854656712
9568,18.6875,8,47,0.20846936474316854
9568,18.6875,8,48,0.2084612636109509
9568,18.6875,8,49,0.20846045201618668
9568,18.6875,8,50,0.20249569730027667
9568,18.6875,8,51,0.20249253803382267
9568,18.6875,8,52,0.202381309351492
9568,18.6875,8,53,0.19625250030921174
9568,18.6875,8,54,0.19460312850019784
9568,18.6875,8,55,0.1914596399371373
9568,18.6875,8,56,0.1904983819408578
9568,18.6875,8,57,0.19015225393797944
9568,18.6875,8,58,0.18691309554687002
9568,18.6875,8,59,0.18560256579787965
9568,18.6875,8,60,0.18335464386535058
9568,18.6875,8,61,0.1809679629497373
9568,18.6875,8,62,0.17956238364110766
9568,18.6875,8,63,0.17862792007195102
9568,18.6875,8,64,0.17852459139228863
9568,18.6875,8,65,0.17711247970162491
9568,18.6875,8,66,0.17704237714396456
9568,18.6875,8,67,0.17585429036091116
9568,18.6875,8,68,0.1752464204599562
9568,18.6875,8,69,0.17428827703099442
9568,18.6875,8,70,0.1731295828666361
9568,18.6875,8,71,0.17256949535218255
9568,18.6875,8,72,0.1703953980092966
9568,18.6875,8,73,0.17026638945876987
9568,18.6875,8,74,0.16779939704140054
9568,18.6875,8,75,0.1675587166479994
9568,18.6875,8,76,0.16537602367592097
9568,18.6875,8,77,0.16487194638059516
9568,18.6875,8,78,0.16315143079178213
9568,18.6875,8,79,0.16250280353699448
9568,18.6875,8,80,0.16122585851039417
9600,18.75,2,0,0.40947899444643143
9600,18.75,2,1,0.3640453254362263
9600,18.75,2,2,0.3072189993863457
9600,18.75,2,3,0.2977079592056907
9600,18.75,2,4,0.23488095007037119
9600,18.75,2,5,0.22590784616722726
9600,18.75,2,6,0.21160596971087253
9600,18.75,2,7,0.20845943460971822
9600,18.75,2,8,0.19633088786377764
9600,18.75,4,0,0.4494985185431639
9600,18.75,4,1,0.43474850511164426
9600,18.75,4,2,0.39486759263174953
9600,18.75,4,3,0.38779252535369574
9600,18.75,4,4,0.359753719152199
9600,18.75,4,5,0.35118227740913593
9600,18.75,4,6,0.319742741051839
9600,18.75,4,7,0.3171903595725186
9600,18.75,4,8,0.2971723324945219
9600,18.75,4,9,0.26940793390405077
9600,18.75,4,10,0.2666729426194861
9600,18.75,4,11,0.24816820132205453
9600,18.75,4,12,0.24582995618199202
9600,18.75,4,13,0.24516784380216075
9600,18.75,4,14,0.22954285031549423
9600,18.75,4,15,0.22038958895839653
9600,18.75,4,16,0.19957466980027475
9600,18.75,4,17,0.19829848024303723
9600,18.75,4,18,0.19271521902426683
9600,18.75,4,19,0.19211220039837087
9600,18.75,4,20,0.1899970689333061
9600,18.75,4,21,0.1859722264854875
9600,18.75,4,22,0.1829834712030498
9600,18.75,4,23,0.18106838282004928
9600,18.75,4,24,0.1758816227314225
9600,18.75,6,0,0.46472126304029104
9600,18.75,6,1,0.4586694847174525
9600,18.75,6,2,0.43354530551262316
9600,18.75,6,3,0.42912267059362835
9600,18.75,6,4,0.41800841792666293
9600,18.75,6,5,0.41239038679740536
9600,18.75,6,6,0.38674692013198864
9600,18.75,6,7,0.3847918483149941
9600,18.75,6,8,0.36869733914465525
9600,18.75,6,9,0.3584221626288514
9600,18.75,6,10,0.35613672886236186
9600,18.75,6,11,0.3375382347352345
9600,18.75,6,12,0.32935906493167544
9600,18.75,6,13,0.3288754352296102
9600,18.75,6,14,0.30891111066508586
9600,18.75,6,15,0.2984552169191479
9600,18.75,6,16,0.29107706928169813
9600,18.75,6,17,0.2905370262435041
9600,18.75,6,18,0.27106617635534336
9600,18.75,6,19,0.270516242404209
9600,18.75,6,20,0.27041657916916473
9600,18.75,6,21,0.2608133617254358
9600,18.75,6,22,0.2506977669368203
9600,18.75,6,23,0.24528625755629685
9600,18.75,6,24,0.23552634150428697
9600,18.75,6,25,0.2305400777565614
9600,18.75,6,26,0.2303833274513751
9600,18.75,6,27,0.22000121775072734
9600,18.75,6,28,0.2199616725204116
9600,18.75,6,29,0.21633807413534387
9600,18.75,6,30,0.21111582741935284
9600,18.75,6,31,0.20719856118530738
9600,18.75,6,32,0.204193325210167
9600,18.75,6,33,0.20334297941151627
9600,18.75,6,34,0.19846202299236723
9600,18.75,6,35,0.19257834824550363
9600,18.75,6,36,0.18844435206460577
9600,18.75,6,37,0.18811924310047218
9600,18.75,6,38,0.18559785264694825
9600,18.75,6,39,0.1854037029947329
9600,18.75,6,40,0.1833430711995821
9600,18.75,6,41,0.18155911456789273
9600,18.75,6,42,0.17972530826560512
9600,18.75,6,43,0.17877569734036702
9600,18.75,6,44,0.17560136642304688
9600,18.75,6,45,0.17541210006401692
9600,18.75,6,46,0.17207465679987002
9600,18.75,6,47,0.1717116688753948
9600,18.75,6,48,0.16906278625906518
9600,18.75,8,0,0.47194250013543887
9600,18.75,8,1,0.4689166657147248
9600,18.75,8,2,0.4520553941013652
9600,18.75,8,3,0.4492252728532739
9600,18.75,8,4,0.44432012778124175
9600,18.75,8,5,0.44081012074226406
9600,18.75,8,6,0.4221844373403749
9600,18.75,8,7,0.42086077901641233
9600,18.75,8,8,0.40960074673127655
9600,18.75,8,9,0.40723899588629675
9600,18.75,8,10,0.40561784640624915
9600,18.75,8,11,0.39210152041504776
9600,18.75,8,12,0.38320909371621237
9600,18.75,8,13,0.3828330397619084
9600,18.75,8,14,0.36644080661699435
9600,18.75,8,15,0.35975554665074316
9600,18.75,8,16,0.3593234467130897
9600,18.75,8,17,0.35737328535656016
9600,18.75,8,18,0.34077615629796
9600,18.75,8,19,0.33728709760121306
9600,18.75,8,20,0.33721017519523117
9600,18.75,8,21,0.3308128103463813
9600,18.75,8,22,0.3151982257172424
9600,18.75,8,23,0.3098411569576168
9600,18.75,8,24,0.30672080992890866
9600,18.75,8,25,0.3066366810636979
9600,18.75,8,26,0.298624669713881
9600,18.75,8,27,0.28876741774690384
9600,18.75,8,28,0.28875424874511674
9600,18.75,8,29,0.2845397686786226
9600,18.75,8,30,0.2790571902794801
9600,18.75,8,31,0.2681487319434124
9600,18.75,8,32,0.2654558022281614
9600,18.75,8,33,0.2630025463590373
9600,18.75,8,34,0.2552235691992473
9600,18.75,8,35,0.2552058851029196
9600,18.75,8,36,0.2543880612221798
9600,18.75,8,37,0.24586402213535063
9600,18.75,8,38,0.24352501691146647
9600,18.75,8,39,0.2435213329473635
9600,18.75,8,40,0.235739034993723
9600,18.75,8,41,0.23310832760735967
9600,18.75,8,42,0.22574683569429824
9600,18.75,8,43,0.22489597795553645
9600,18.75,8,44,0.22371309263748404
9600,18.75,8,45,0.2183082842990741
9600,18.75,8,46,0.21771415691819038
9600,18.75,8,47,0.2123830806218126
9600,18.75,8,48,0.212372074892927
9600,18.75,8,49,0.21226174188201333
9600,18.75,8,50,0.20667389723847868
9600,18.75,8,51,0.20667027499949772
9600,18.75,8,52,0.20626437127305608
9600,18.75,8,53,0.20078127176963753
9600,18.75,8,54,0.1990183939694346
9600,18.75,8,55,0.19615383850644724
9600,18.75,8,56,0.1950958296691632
9600,18.75,8,57,0.19459984875170766
9600,18.75,8,58,0.19154322855087846
9600,18.75,8,59,0.1900363392675453
9600,18.75,8,60,0.18794149870087487
9600,18.75,8,61,0.18541144359639383
9600,18.75,8,62,0.1841336108788448
9600,18.75,8,63,0.18360054952231483
9600,18.75,8,64,0.1834748613037866
9600,18.75,8,65,0.18214223048216818
9600,18.75,8,66,0.18205565904445664
9600,18.75,8,67,0.1804210111908203
9600,18.75,8,68,0.18030494971154074
9600,18.75,8,69,0.17939442359649974
9600,18.75,8,70,0.17809217246554945
9600,18.75,8,71,0.1775903514500286
9600,18.75,8,72,0.17529455541845496
9600,18.75,8,73,0.17522653777030295
9600,18.75,8,74,0.17270320998895386
9600,18.75,8,75,0.17240325896572095
9600,18.75,8,76,0.17023123979760316
9600,18.75,8,77,0.16967423184117678
9600,18.75,8,78,0.1679689015466903
9600,18.75,8,79,0.1672777780595372
9600,18.75,8,80,0.16601848324402405
9632,18.8125,2,0,0.40580010580768194
9632,18.8125,2,1,0.36160898763309784
9632,18.8125,2,2,0.3065868717553518
9632,18.8125,2,3,0.29721000090074334
9632,18.8125,2,4,0.23679151486870115
9632,18.8125,2,5,0.22781820205373157
9632,18.8125,2,6,0.2145551032707854
9632,18.8125,2,7,0.2112967375851473
9632,18.8125,2,8,0.19945326565474902
9632,18.8125,4,0,0.44510290182309203
9632,18.8125,4,1,0.43054320142712366
9632,18.8125,4,2,0.3913119471234294
9632,18.8125,4,3,0.3843513757851284
9632,18.8125,4,4,0.35728323884512264
9632,18.8125,4,5,0.3488679374530834
9632,18.8125,4,6,0.31864041373960483
9632,18.8125,4,7,0.3160959999970213
9632,18.8125,4,8,0.2968329262266842
9632,18.8125,4,9,0.2702473556635032
9632,18.8125,4,10,0.2674768463535093
9632,18.8125,4,11,0.2496453573810333
9632,18.8125,4,12,0.24762114556651305
9632,18.8125,4,13,0.24692115056791936
9632,18.8125,4,14,0.23198197704361415
9632,18.8125,4,15,0.2228991138963133
9632,18.8125,4,16,0.20303329251346577
9632,18.8125,4,17,0.20166116999602435
9632,18.8125,4,18,0.1964437310804418
9632,18.8125,4,19,0.19577453059733085
9632,18.8125,4,20,0.1935575751678173
9632,18.8125,4,21,0.18978618775878645
9632,18.8125,4,22,0.18652757255650562
9632,18.8125,4,23,0.1848094791143896
9632,18.8125,4,24,0.179608444817133
9632,18.8125,6,0,0.46026312819731036
9632,18.8125,6,1,0.4542181338960726
9632,18.8125,6,2,0.4291789539514502
9632,18.8125,6,3,0.4247686818224
9632,18.8125,6,4,0.41389738847910845
9632,18.8125,6,5,0.4083378122839067
9632,18.8125,6,6,0.3832705658894155
9632,18.8125,6,7,0.3813419810347967
9632,18.8125,6,8,0.3657070798752878
9632,18.8125,6,9,0.3558762120831915
9632,18.8125,6,10,0.35361666426553034
9632,18.8125,6,11,0.33565731900791324
9632,18.8125,6,12,0.327832959304873
9632,18.8125,6,13,0.3273442773301168
9632,18.8125,6,14,0.308278843887275
9632,18.8125,6,15,0.2980736535833466
9632,18.8125,6,16,0.29109023144680246
9632,18.8125,6,17,0.29053384276752775
9632,18.8125,6,18,0.271977837722332
9632,18.8125,6,19,0.2713879525787057
9632,18.8125,6,20,0.2712812925702594
9632,18.8125,6,21,0.26190907476193936
9632,18.8125,6,22,0.252561662055512
9632,18.8125,6,23,0.24715165558600785
9632,18.8125,6,24,0.23762150481260258
9632,18.8125,6,25,0.2329557357677662
9632,18.8125,6,26,0.2327824712421928
9632,18.8125,6,27,0.2228454681403632
9632,18.8125,6,28,0.22279987902718765
9632,18.8125,6,29,0.21939550539543975
9632,18.8125,6,30,0.21411419087483125
9632,18.8125,6,31,0.21062789957769998
9632,18.8125,6,32,0.20752417863920478
9632,18.8125,6,33,0.20643372767065227
9632,18.8125,6,34,0.20183338682862254
9632,18.8125,6,35,0.19598122596258752
9632,18.8125,6,36,0.1923313780070987
9632,18.8125,6,37,0.19196153061083723
9632,18.8125,6,38,0.1895859735580905
9632,18.8125,6,39,0.18936066835752555
9632,18.8125,6,40,0.18730830764906903
9632,18.8125,6,41,0.1856193387346697
9632,18.8125,6,42,0.18360199832550556
9632,18.8125,6,43,0.18274829611060656
9632,18.8125,6,44,0.1794368431134066
9632,18.8125,6,45,0.17933330792969124
9632,18.8125,6,46,0.17595787397296725
9632,18.8125,6,47,0.1755257575084896
9632,18.8125,6,48,0.17292358244588094
9632,18.8125,8,0,0.46750866805361413
9632,18.8125,8,1,0.46446829226423175
9632,18.8125,8,2,0.4475477361786746
9632,18.8125,8,3,0.4446822840057041
9632,18.8125,8,4,0.4398483188337184
9632,18.8125,8,5,0.4363202167832764
9632,18.8125,8,6,0.41787222090752474
9632,18.8125,8,7,0.41655549642975703
9632,18.8125,8,8,0.40546498130719827
9632,18.8125,8,9,0.40322014077848334
9632,18.8125,8,10,0.40161710893187563
9632,18.8125,8,11,0.3883951195514346
9632,18.8125,8,12,0.3797408670706471
9632,18.8125,8,13,0.379369696044406
9632,18.8125,8,14,0.3635293951559268
9632,18.8125,8,15,0.35707354440194167
9632,18.8125,8,16,0.356642966661851
9632,18.8125,8,17,0.35468677011781774
9632,18.8125,8,18,0.3388399758779081
9632,18.8125,8,19,0.33541389834907326
9632,18.8125,8,20,0.3353357113369697
9632,18.8125,8,21,0.3291350630048909
9632,18.8125,8,22,0.3143693340488846
9632,18.8125,8,23,0.30910280122134837
9632,18.8125,8,24,0.3060992047188005
9632,18.8125,8,25,0.306011642438701
9632,18.8125,8,26,0.29826528419533216
9632,18.8125,8,27,0.2889167384461203
9632,18.8125,8,28,0.2889024462909789
9632,18.8125,8,29,0.2850310683574816
9632,18.8125,8,30,0.27960498847953746
9632,18.8125,8,31,0.26903095795151827
9632,18.8125,8,32,0.2667993397087223
9632,18.8125,8,33,0.2643102302456615
9632,18.8125,8,34,0.25675473899338164
9632,18.8125,8,35,0.256734969064816
9632,18.8125,8,36,0.25597841073206873
9632,18.8125,8,37,0.24764358157486016
9632,18.8125,8,38,0.24556011085343932
9632,18.8125,8,39,0.24555585150012998
9632,18.8125,8,40,0.23824044733077837
9632,18.8125,8,41,0.2355419700810642
9632,18.8125,8,42,0.228348623166736
9632,18.8125,8,43,0.22780517714586315
9632,18.8125,8,44,0.22654990582565007
9632,18.8125,8,45,0.2210181815085575
9632,18.8125,8,46,0.2207137837465397
9632,18.8125,8,47,0.21552869374882316
9632,18.8125,8,48,0.21551548405147974
9632,18.8125,8,49,0.2152852123732329
9632,18.8125,8,50,0.21003605865475453
9632,18.8125,8,51,0.21003165436211754
9632,18.8125,8,52,0.20935702174456303
9632,18.8125,8,53,0.20443743311283347
9632,18.8125,8,54,0.2025749397441998
9632,18.8125,8,55,0.1999537489744291
9632,18.8125,8,56,0.19880879452888703
9632,18.8125,8,57,0.1981794917193755
9632,18.8125,8,58,0.19527847929062597
9632,18.8125,8,59,0.1936071647843239
9632,18.8125,8,60,0.1916433681843211
9632,18.8125,8,61,0.1889930262883762
9632,18.8125,8,62,0.18782446787860133
9632,18.8125,8,63,0.1876572733157457
9632,18.8125,8,64,0.18750906683619376
9632,18.8125,8,65,0.18624785612800102
9632,18.8125,8,66,0.18614438870259578
9632,18.8125,8,67,0.1844276694743606
9632,18.8125,8,68,0.1841108194761052
9632,18.8125,8,69,0.1835600547681541
9632,18.8125,8,70,0.18213418896448272
9632,18.8125,8,71,0.18168364086769465
9632,18.8125,8,72,0.17928330087529795
9632,18.8125,8,73,0.17926857733008383
9632,18.8125,8,74,0.17669817557785605
9632,18.8125,8,75,0.1763467873792136
9632,18.8125,8,76,0.17418603136498842
9632,18.8125,8,77,0.17358344194285488
9632,18.8125,8,78,0.17189304530664806
9632,18.8125,8,79,0.17116568774044422
9632,18.8125,8,80,0.16992315446826603
9664,18.875,2,0,0.40260070066915477
9664,18.875,2,1,0.3594927336488351
9664,18.875,2,2,0.3060372626215733
9664,18.875,2,3,0.2967742865679124
9664,18.875,2,4,0.23842926735121164
9664,18.875,2,5,0.22945342351312903
9664,18.875,2,6,0.2170745890372762
9664,18.875,2,7,0.21371709885861628
9664,18.875,2,8,0.20210726425674755
9664,18.875,4,0,0.4412483578399944
9664,18.875,4,1,0.4268718317314523
9664,18.875,4,2,0.3882500772509482
9664,18.875,4,3,0.381389013549399
9664,18.875,4,4,0.35515913841809854
9664,18.875,4,5,0.3468773599021571
9664,18.875,4,6,0.31769128471719665
9664,18.875,4,7,0.31515359851323493
9664,18.875,4,8,0.2965222941048651
9664,18.875,4,9,0.27095135583395397
9664,18.875,4,10,0.2681493698400453
9664,18.875,4,11,0.2508780045779616
9664,18.875,4,12,0.249131155829528
9664,18.875,4,13,0.24839675161362942
9664,18.875,4,14,0.23402710643750654
9664,18.875,4,15,0.2250061162754195
9664,18.875,4,16,0.2059873753785391
9664,18.875,4,17,0.20452797149957505
9664,18.875,4,18,0.19962965615234954
9664,18.875,4,19,0.19889827145596475
9664,18.875,4,20,0.19658425003022
9664,18.875,4,21,0.19303314641528704
9664,18.875,4,22,0.18954388954337079
9664,18.875,4,23,0.1879965602033758
9664,18.875,4,24,0.18278539770964727
9664,18.875,6,0,0.4563271879422017
9664,18.875,6,1,0.45029973070345486
9664,18.875,6,2,0.42538390014624455
9664,18.875,6,3,0.4209891899382747
9664,18.875,6,4,0.4103420800990958
9664,18.875,6,5,0.40483597043957387
9664,18.875,6,6,0.3802939016980855
9664,18.875,6,7,0.37838724605879737
9664,18.875,6,8,0.36314981445557365
9664,18.875,6,9,0.35369920672016875
9664,18.875,6,10,0.35146154159434706
9664,18.875,6,11,0.3340433921171965
9664,18.875,6,12,0.32652682274155675
9664,18.875,6,13,0.3260346836396026
9664,18.875,6,14,0.3077187950202792
9664,18.875,6,15,0.2977242895733144
9664,18.875,6,16,0.2910860551199008
9664,18.875,6,17,0.2905157744068692
9664,18.875,6,18,0.2727193111952246
9664,18.875,6,19,0.27210661329307656
9664,18.875,6,20,0.2719938877394322
9664,18.875,6,21,0.2628063150380882
9664,18.875,6,22,0.2541065781167859
9664,18.875,6,23,0.24869775794811505
9664,18.875,6,24,0.23936115369162286
9664,18.875,6,25,0.23499329069751215
9664,18.875,6,26,0.23480431669061255
9664,18.875,6,27,0.22524605173760567
9664,18.875,6,28,0.22519443368092437
9664,18.875,6,29,0.22197015192524402
9664,18.875,6,30,0.2166386518191591
9664,18.875,6,31,0.21352657001408176
9664,18.875,6,32,0.21033664470674876
9664,18.875,6,33,0.20903832328353764
9664,18.875,6,34,0.20468039717443984
9664,18.875,6,35,0.1988584852742185
9664,18.875,6,36,0.19565447751958104
9664,18.875,6,37,0.19524139091329382
9664,18.875,6,38,0.19299732156070867
9664,18.875,6,39,0.19274120431390301
9664,18.875,6,40,0.1906893911904469
9664,18.875,6,41,0.1890860167718581
9664,18.875,6,42,0.18690850102048215
9664,18.875,6,43,0.1861401706288511
9664,18.875,6,44,0.18270891889187868
9664,18.875,6,45,0.18268134149475865
9664,18.875,6,46,0.17927421524457995
9664,18.875,6,47,0.17878144379746647
9664,18.875,6,48,0.17622233146774804
9664,18.875,8,0,0.46357934543652124
9664,18.875,8,1,0.46053242600021355
9664,18.875,8,2,0.44359619201041967
9664,18.875,8,3,0.44070653412334426
9664,18.875,8,4,0.4359434408373448
9664,18.875,8,5,0.43240569506920806
9664,18.875,8,6,0.41414854741701723
9664,18.875,8,7,0.4128371643635633
9664,18.875,8,8,0.4019073532539031
9664,18.875,8,9,0.39976586646289103
9664,18.875,8,10,0.39817742733204364
9664,18.875,8,11,0.3852189255580284
9664,18.875,8,12,0.37678012789223897
9664,18.875,8,13,0.37641326336697944
9664,18.875,8,14,0.36104804264296253
9664,18.875,8,15,0.3547872407500832
9664,18.875,8,16,0.35435871250207174
9664,18.875,8,17,0.3523959387903529
9664,18.875,8,18,0.3371836175010655
9664,18.875,8,19,0.3338169013689137
9664,18.875,8,20,0.33373856694371007
9664,18.875,8,21,0.32769612161692996
9664,18.875,8,22,0.3136434288814257
9664,18.875,8,23,0.3084536017913914
9664,18.875,8,24,0.30555676858499836
9664,18.875,8,25,0.3054668849281415
9664,18.875,8,26,0.29793128741157837
9664,18.875,8,27,0.28902150590555614
9664,18.875,8,28,0.2890064984302191
9664,18.875,8,29,0.28541326477870327
9664,18.875,8,30,0.28003501995442787
9664,18.875,8,31,0.2697398178759001
9664,18.875,8,32,0.26789884441149386
9664,18.875,8,33,0.26537862891257774
9664,18.875,8,34,0.2580277806284372
9664,18.875,8,35,0.2580061475274628
9664,18.875,8,36,0.25728102255095747
9664,18.875,8,37,0.24910734578521834
9664,18.875,8,38,0.24725749076556847
9664,18.875,8,39,0.24725265928643197
9664,18.875,8,40,0.24032890942250137
9664,18.875,8,41,0.23757100682224605
9664,18.875,8,42,0.23051811355690832
9664,18.875,8,43,0.23024599155944236
9664,18.875,8,44,0.22892516302559965
9664,18.875,8,45,0.2232824616514473
9664,18.875,8,46,0.22322380074310924
9664,18.875,8,47,0.21818615479966008
9664,18.875,8,48,0.21817065882711614
9664,18.875,8,49,0.21781922622600375
9664,18.875,8,50,0.21287962223567664
9664,18.875,8,51,0.2128743477373493
9664,18.875,8,52,0.21195275359683194
9664,18.875,8,53,0.2075371567020398
9664,18.875,8,54,0.20558566436889764
9664,18.875,8,55,0.20318298765972104
9664,18.875,8,56,0.20195866432717324
9664,18.875,8,57,0.20120841715104282
9664,18.875,8,58,0.19844465522679464
9664,18.875,8,59,0.19663135138410945
9664,18.875,8,60,0.19478342506209592
9664,18.875,8,61,0.19202938416955032
9664,18.875,8,62,0.19112906520314918
9664,18.875,8,63,0.1909581617430842
9664,18.875,8,64,0.1909571443402395
9664,18.875,8,65,0.18976311378441496
9664,18.875,8,66,0.18964234833173146
9664,18.875,8,67,0.1879514111189999
9664,18.875,8,68,0.18724527400850358
9664,18.875,8,69,0.18712340126536517
9664,18.875,8,70,0.18558838449735787
9664,18.875,8,71,0.18518421567684465
9664,18.875,8,72,0.18272473457620178
9664,18.875,8,73,0.18269160991011618
9664,18.875,8,74,0.18011388449619944
9664,18.875,8,75,0.17971661514248552
9664,18.875,8,76,0.1775675465947006
9664,18.875,8,77,0.1769245968336648
9664,18.875,8,78,0.1752489272649793
9664,18.875,8,79,0.17448994532330056
9664,18.875,8,80,0.17326349415869202
9696,18.9375,2,0,0.3997299101747366
9696,18.9375,2,1,0.35759574256955645
9696,18.9375,2,2,0.3055432547692306
9696,18.9375,2,3,0.2963815209787292
9696,18.9375,2,4,0.23987973408679794
9696,18.9375,2,5,0.23090130512497667
9696,18.9375,2,6,0.21930014274191198
9696,18.9375,2,7,0.21585298070225875
9696,18.9375,2,8,0.2044433412710485
9696,18.9375,4,0,0.43776606395050527
9696,18.9375,4,1,0.4235670255467595
9696,18.9375,4,2,0.3855246931067302
9696,18.9375,4,3,0.37875362011813013
9696,18.9375,4,4,0.3532706285873885
9696,18.9375,4,5,0.3451078463987877
9696,18.9375,4,6,0.31684618029258355
9696,18.9375,4,7,0.31431388288535683
9696,18.9375,4,8,0.29623221400444155
9696,18.9375,4,9,0.27156283970472583
9696,18.9375,4,10,0.26873213857974165
9696,18.9375,4,11,0.2519456904824243
9696,18.9375,4,12,0.2504500543833841
9696,18.9375,4,13,0.24968322616771274
9696,18.9375,4,14,0.2358048249320295
9696,18.9375,4,15,0.22684149332046952
9696,18.9375,4,16,0.20859673715453558
9696,18.9375,4,17,0.2070564320943025
9696,18.9375,4,18,0.20244506124808742
9696,18.9375,4,19,0.20165450358687845
9696,18.9375,4,20,0.1992475157422825
9696,18.9375,4,21,0.19589321365163737
9696,18.9375,4,22,0.19220203209382572
9696,18.9375,4,23,0.19080674904101508
9696,18.9375,4,24,0.18558900598420364
9696,18.9375,6,0,0.45275154718795907
9696,18.9375,6,1,0.44674863083966543
9696,18.9375,6,2,0.4219803339922531
9696,18.9375,6,3,0.41760375625961305
9696,18.9375,6,4,0.4071664540768522
9696,18.9375,6,5,0.4017109473766473
9696,18.9375,6,6,0.37765717750270766
9696,18.9375,6,7,0.37576871002319157
9696,18.9375,6,8,0.3608869006138941
9696,18.9375,6,9,0.3517728783142786
9696,18.9375,6,10,0.3495536994732446
9696,18.9375,6,11,0.33261121459990434
9696,18.9375,6,12,0.3253702779768191
9696,18.9375,6,13,0.32487433952351663
9696,18.9375,6,14,0.30720787355135676
9696,18.9375,6,15,0.2973983937496362
9696,18.9375,6,16,0.2910704736256009
9696,18.9375,6,17,0.290486993146435
9696,18.9375,6,18,0.27334590316868157
9696,18.9375,6,19,0.2727219019252234
9696,18.9375,6,20,0.27260317731834854
9696,18.9375,6,21,0.26357104552061
9696,18.9375,6,22,0.25543561656246605
9696,18.9375,6,23,0.2500286872467476
9696,18.9375,6,24,0.24086223507144772
9696,18.9375,6,25,0.23677406174878166
9696,18.9375,6,26,0.2365696787177987
9696,18.9375,6,27,0.22734529523830763
9696,18.9375,6,28,0.2272875751765388
9696,18.9375,6,29,0.22421629865013948
9696,18.9375,6,30,0.21884195370619186
9696,18.9375,6,31,0.2160635571725327
9696,18.9375,6,32,0.21279685823084357
9696,18.9375,6,33,0.21131436873043508
9696,18.9375,6,34,0.20717185187215417
9696,18.9375,6,35,0.20137996625169913
9696,18.9375,6,36,0.1985925497356794
9696,18.9375,6,37,0.19813733414937837
9696,18.9375,6,38,0.1960148252919197
9696,18.9375,6,39,0.19572810081117709
9696,18.9375,6,40,0.19367125223931264
9696,18.9375,6,41,0.19214662671923688
9696,18.9375,6,42,0.18982638854850822
9696,18.9375,6,43,0.1891357587501325
9696,18.9375,6,44,0.1856389183022574
9696,18.9375,6,45,0.1855977848192692
9696,18.9375,6,46,0.182205009759962
9696,18.9375,6,47,0.18165781825248464
9696,18.9375,6,48,0.179139182669766
9696,18.9375,8,0,0.45999846385539955
9696,18.9375,8,1,0.4569503988272988
9696,18.9375,8,2,0.4400274448780306
9696,18.9375,8,3,0.43712151596799076
9696,18.9375,8,4,0.4324280822714776
9696,18.9375,8,5,0.4288867701001057
9696,18.9375,8,6,0.4108274594029525
9696,18.9375,8,7,0.4095197269399592
9696,18.9375,8,8,0.3987443255393512
9696,18.9375,8,9,0.396696608720307
9696,18.9375,8,10,0.3951197674610466
9696,18.9375,8,11,0.3824036994752136
9696,18.9375,8,12,0.3741644207008314
9696,18.9375,8,13,0.37379994842247827
9696,18.9375,8,14,0.3588573982179871
9696,18.9375,8,15,0.35276971980985666
9696,18.9375,8,16,0.35234202097551454
9696,18.9375,8,17,0.350373796234984
9696,18.9375,8,18,0.3357164212901207
9696,18.9375,8,19,0.3324072949390964
9696,18.9375,8,20,0.33232819527818996
9696,18.9375,8,21,0.3264199122178704
9696,18.9375,8,22,0.31298763183522493
9696,18.9375,8,23,0.3078653302877621
9696,18.9375,8,24,0.3050684052590248
9696,18.9375,8,25,0.30497595710384207
9696,18.9375,8,26,0.2976165266829639
9696,18.9375,8,27,0.289096485632214
9696,18.9375,8,28,0.28908076223141643
9696,18.9375,8,29,0.28572231962912786
9696,18.9375,8,30,0.28038652999281694
9696,18.9375,8,31,0.27033390409402475
9696,18.9375,8,32,0.2688341039243716
9696,18.9375,8,33,0.2662860318691447
9696,18.9375,8,34,0.25912621658585683
9696,18.9375,8,35,0.2591027583857871
9696,18.9375,8,36,0.25839067599247717
9696,18.9375,8,37,0.2503602613474898
9696,18.9375,8,38,0.24872637315883875
9696,18.9375,8,39,0.24872097879370336
9696,18.9375,8,40,0.24213740038307296
9696,18.9375,8,41,0.2393264170361258
9696,18.9375,8,42,0.23239588453778995
9696,18.9375,8,43,0.2323688679086163
9696,18.9375,8,44,0.23098764525968984
9696,18.9375,8,45,0.2254021775605265
9696,18.9375,8,46,0.22524683370158305
9696,18.9375,8,47,0.2205119652905188
9696,18.9375,8,48,0.2204940940378671
9696,18.9375,8,49,0.22002247942069467
9696,18.9375,8,50,0.21537069958194902
9696,18.9375,8,51,0.21536447106873377
9696,18.9375,8,52,0.21421327596353926
9696,18.9375,8,53,0.2102572138976584
9696,18.9375,8,54,0.2082248338655787
9696,18.9375,8,55,0.20602258418075026
9696,18.9375,8,56,0.20472474283968334
9696,18.9375,8,57,0.2038629888970146
9696,18.9375,8,58,0.20122327638642906
9696,18.9375,8,59,0.19928460268184275
9696,18.9375,8,60,0.19754147402489705
9696,18.9375,8,61,0.19469625161883905
9696,18.9375,8,62,0.19420133279808538
9696,18.9375,8,63,0.19400752102377444
9696,18.9375,8,64,0.19371086480992197
9696,18.9375,8,65,0.192874998756316
9696,18.9375,8,66,0.19273655414861063
9696,18.9375,8,67,0.1910650936285504
9696,18.9375,8,68,0.19027424416041272
9696,18.9375,8,69,0.19000305011724386
9696,18.9375,8,70,0.18864107338901392
9696,18.9375,8,71,0.1882796597123151
9696,18.9375,8,72,0.1857810046129997
9696,18.9375,8,73,0.18570409073835611
9696,18.9375,8,74,0.18313475563355575
9696,18.9375,8,75,0.18269575547409142
9696,18.9375,8,76,0.1805587725017573
9696,18.9375,8,77,0.17987943608712187
9696,18.9375,8,78,0.17821838117649724
9696,18.9375,8,79,0.1774311435634926
9696,18.9375,8,80,0.1762202646795854
9728,19.0,2,0,0.3970987743291736
9728,19.0,2,1,0.3558588948881879
9728,19.0,2,2,0.30508935144801785
9728,19.0,2,3,0.2960212745012446
9728,19.0,2,4,0.24119281241971924
9728,19.0,2,5,0.23221302462150367
9728,19.0,2,6,0.22131061033277102
9728,19.0,2,7,0.21778128650340164
9728,19.0,2,8,0.20654832456522218
9728,19.0,4,0,0.4345554111583539
9728,19.0,4,1,0.42052951225415597
9728,19.0,4,2,0.38304248946860614
9728,19.0,4,3,0.3763579338284551
9728,19.0,4,4,0.35155267780380395
9728,19.0,4,5,0.3435008253650122
9728,19.0,4,6,0.31607681270722415
9728,19.0,4,7,0.3135496897659728
9728,19.0,4,8,0.29595865304109537
9728,19.0,4,9,0.2721071556139928
9728,19.0,4,10,0.26925011853643666
9728,19.0,4,11,0.25289455687250895
9728,19.0,4,12,0.25163032214847064
9728,19.0,4,13,0.25083255129837195
9728,19.0,4,14,0.23738833395054096
9728,19.0,4,15,0.22848057009851405
9728,19.0,4,16,0.2109539250727369
9728,19.0,4,17,0.20933781177175168
9728,19.0,4,18,0.20498944613677314
9728,19.0,4,19,0.20414214845749887
9728,19.0,4,20,0.20164573662353272
9728,19.0,4,21,0.1984704686951849
9728,19.0,4,22,0.19459977924421357
9728,19.0,4,23,0.193342214365576
9728,19.0,4,24,0.18812105811673163
9728,19.0,6,0,0.4494392809764548
9728,19.0,6,1,0.4434658230965755
9728,19.0,6,2,0.41885983569920443
9728,19.0,6,3,0.4145073050501036
9728,19.0,6,4,0.404265091041521
9728,19.0,6,5,0.39886211953160156
9728,19.0,6,6,0.37526553966842924
9728,19.0,6,7,0.3733952542598838
9728,19.0,6,8,0.35883936670192335
9728,19.0,6,9,0.3500279167211458
9728,19.0,6,10,0.3478264037843598
9728,19.0,6,11,0.33131267706868783
9728,19.0,6,12,0.3243227674799871
9728,19.0,6,13,0.3238233775490578
9728,19.0,6,14,0.306733935880085
9728,19.0,6,15,0.2970914884471213
9728,19.0,6,16,0.29104739754222597
9728,19.0,6,17,0.2904514073143565
9728,19.0,6,18,0.27389016111510534
9728,19.0,6,19,0.2732630951054316
9728,19.0,6,20,0.2731384893955803
9728,19.0,6,21,0.2642413332351806
9728,19.0,6,22,0.2566085847981099
9728,19.0,6,23,0.25120453984869356
9728,19.0,6,24,0.2421918462062831
9728,19.0,6,25,0.2383684721920557
9728,19.0,6,26,0.2381488013453602
9728,19.0,6,27,0.22922566929715082
9728,19.0,6,28,0.229161633902886
9728,19.0,6,29,0.2262230691790417
9728,19.0,6,30,0.22081209420626685
9728,19.0,6,31,0.21833650009327665
9728,19.0,6,32,0.2150006486425897
9728,19.0,6,33,0.21335252223876802
9728,19.0,6,34,0.20940495002710466
9728,19.0,6,35,0.20364344766702722
9728,19.0,6,36,0.20124896716841842
9728,19.0,6,37,0.20075251262753965
9728,19.0,6,38,0.198744150942599
9728,19.0,6,39,0.19842695615281375
9728,19.0,6,40,0.19636081792195798
9728,19.0,6,41,0.19490960558309733
9728,19.0,6,42,0.19246051455389476
9728,19.0,6,43,0.19184160533837277
9728,19.0,6,44,0.18831151543151456
9728,19.0,6,45,0.1882073504020788
9728,19.0,6,46,0.184854822519403
9728,19.0,6,47,0.184258188394773
9728,19.0,6,48,0.1817780801874295
9728,19.0,8,0,0.456672418840977
9728,19.0,8,1,0.45362712716501974
9728,19.0,8,2,0.4367366372119809
9728,19.0,8,3,0.4338233497394788
9728,19.0,8,4,0.42919492022942346
9728,19.0,8,5,0.4256581348313516
9728,19.0,8,6,0.4077961176970014
9728,19.0,8,7,0.4064946749103569
9728,19.0,8,8,0.3958698200570868
9728,19.0,8,9,0.3939044440855839
9728,19.0,8,10,0.39234056796746564
9728,19.0,8,11,0.37985233709370286
9728,19.0,8,12,0.3717977856061976
9728,19.0,8,13,0.37143616310753236
9728,19.0,8,14,0.3568780072002682
9728,19.0,8,15,0.3509468710226916
9728,19.0,8,16,0.3505203067210754
9728,19.0,8,17,0.34854857218617097
9728,19.0,8,18,0.33438744047174496
9728,19.0,8,19,0.33113403647017664
9728,19.0,8,20,0.3310545443132631
9728,19.0,8,21,0.32526370002178034
9728,19.0,8,22,0.3123842230776776
9728,19.0,8,23,0.3073228371313125
9728,19.0,8,24,0.3046202341004243
9728,19.0,8,25,0.3045254285228943
9728,19.0,8,26,0.29731789256823254
9728,19.0,8,27,0.289151225429343
9728,19.0,8,28,0.28913472231746407
9728,19.0,8,29,0.285979772254313
9728,19.0,8,30,0.28068267271826475
9728,19.0,8,31,0.27084689315823124
9728,19.0,8,32,0.2696514369813281
9728,19.0,8,33,0.2670780726742989
9728,19.0,8,34,0.26009892208885177
9728,19.0,8,35,0.26007352751811047
9728,19.0,8,36,0.2593620170795844
9728,19.0,8,37,0.2514623766436686
9728,19.0,8,38,0.2500302649360708
9728,19.0,8,39,0.2500242245003327
9728,19.0,8,40,0.24374279586270983
9728,19.0,8,41,0.24088379846075883
9728,19.0,8,42,0.23426074415250078
9728,19.0,8,43,0.23406280327424775
9728,19.0,8,44,0.2328231985139364
9728,19.0,8,45,0.22733992455500582
9728,19.0,8,46,0.22699491211155595
9728,19.0,8,47,0.2225966478517156
9728,19.0,8,48,0.22257623746484573
9728,19.0,8,49,0.2219862076666758
9728,19.0,8,50,0.21760525341926001
9728,19.0,8,51,0.21759799181640574
9728,19.0,8,52,0.2162314897025176
9728,19.0,8,53,0.21269977132294135
9728,19.0,8,54,0.21059303269979035
9728,19.0,8,55,0.20857714568254856
9728,19.0,8,56,0.20721056716989003
9728,19.0,8,57,0.2062448950840102
9728,19.0,8,58,0.20371911450519517
9728,19.0,8,59,0.2016681186225696
9728,19.0,8,60,0.20002120856614333
9728,19.0,8,61,0.1970949215651778
9728,19.0,8,62,0.1969811191039764
9728,19.0,8,63,0.1967642341972535
9728,19.0,8,64,0.19618888517360988
9728,19.0,8,65,0.19569151475133723
9728,19.0,8,66,0.1955350364203929
9728,19.0,8,67,0.19387799516358026
9728,19.0,8,68,0.19312236940284877
9728,19.0,8,69,0.19248715929038293
9728,19.0,8,70,0.1913999309099549
9728,19.0,8,71,0.1910784034874373
9728,19.0,8,72,0.18854483256979054
9728,19.0,8,73,0.1884273432950976
9728,19.0,8,74,0.18586726042807886
9728,19.0,8,75,0.1853898507449582
9728,19.0,8,76,0.18326532146927318
9728,19.0,8,77,0.18255274977675343
9728,19.0,8,78,0.18090624574894004
9728,19.0,8,79,0.18009350391711293
9728,19.0,8,80,0.17889780245278564
9760,19.0625,2,0,0.3946696341501878
9760,19.0625,2,1,0.354256452317319
9760,19.0625,2,2,0.30466776781224847
9760,19.0625,2,3,0.29568796870284775
9760,19.0625,2,4,0.24239109077179105
9760,19.0625,2,5,0.23341238129938968
9760,19.0625,2,6,0.22314235994321213
9760,19.0625,2,7,0.21953828491290786
9760,19.0625,2,8,0.2084641797350367
9760,19.0625,4,0,0.4315763168779704
9760,19.0625,4,1,0.4177186094912744
9760,19.0625,4,2,0.38076372900463523
9760,19.0625,4,3,0.3741612322518744
9760,19.0625,4,4,0.3499760577807902
9760,19.0625,4,5,0.3420281862735847
9760,19.0625,4,6,0.3153682712003747
9760,19.0625,4,7,0.31284691334404663
9760,19.0625,4,8,0.2956989557678469
9760,19.0625,4,9,0.2725945000328457
9760,19.0625,4,10,0.269714297878523
9760,19.0625,4,11,0.25374676874402385
9760,19.0625,4,12,0.2526953587951677
9760,19.0625,4,13,0.25186858153129627
9760,19.0625,4,14,0.2388129557488348
9760,19.0625,4,15,0.22996022706172178
9760,19.0625,4,16,0.21310216715759467
9760,19.0625,4,17,0.2114153447150187
9760,19.0625,4,18,0.20730958942367214
9760,19.0625,4,19,0.2064081901819916
9760,19.0625,4,20,0.2038265373452512
9760,19.0625,4,21,0.2008151341531564
9760,19.0625,4,22,0.19678448106517227
9760,19.0625,4,23,0.1956523213718522
9760,19.0625,4,24,0.19043078625883544
9760,19.0625,6,0,0.44635313536640964
9760,19.0625,6,1,0.44041267766738684
9760,19.0625,6,2,0.41597988122988866
9760,19.0625,6,3,0.41165347161046933
9760,19.0625,6,4,0.40159515497830717
9760,19.0625,6,5,0.3962438239759163
9760,19.0625,6,6,0.3730776119305194
9760,19.0625,6,7,0.3712243729780389
9760,19.0625,6,8,0.35696894181252536
9760,19.0625,6,9,0.3484319786459788
9760,19.0625,6,10,0.34624733538140673
9760,19.0625,6,11,0.3301237244205085
9760,19.0625,6,12,0.3233631503479743
9760,19.0625,6,13,0.3228608558660645
9760,19.0625,6,14,0.3062892659228934
9760,19.0625,6,15,0.2968008126838175
9760,19.0625,6,16,0.29101643099175023
9760,19.0625,6,17,0.29040908903503704
9760,19.0625,6,18,0.27436674804436867
9760,19.0625,6,19,0.2737422412374744
9760,19.0625,6,20,0.2736121459023358
9760,19.0625,6,21,0.2648356952336038
9760,19.0625,6,22,0.2576533445150672
9760,19.0625,6,23,0.2522546055577327
9760,19.0625,6,24,0.24338315009661265
9760,19.0625,6,25,0.23980912322853587
9760,19.0625,6,26,0.23957458241176854
9760,19.0625,6,27,0.23092601036404076
9760,19.0625,6,28,0.23085564385515076
9760,19.0625,6,29,0.228033410596491
9760,19.0625,6,30,0.22259207597968558
9760,19.0625,6,31,0.2203923009315218
9760,19.0625,6,32,0.21699461012981813
9760,19.0625,6,33,0.2151972457596807
9760,19.0625,6,34,0.2114272631692777
9760,19.0625,6,35,0.20569676725485075
9760,19.0625,6,36,0.20367247997933016
9760,19.0625,6,37,0.20313596416110066
9760,19.0625,6,38,0.2012352130076748
9760,19.0625,6,39,0.20088795626826297
9760,19.0625,6,40,0.1988094762697985
9760,19.0625,6,41,0.19742690451956685
9760,19.0625,6,42,0.19486136959656855
9760,19.0625,6,43,0.19430886046621967
9760,19.0625,6,44,0.19074991031842622
9760,19.0625,6,45,0.19058776855869106
9760,19.0625,6,46,0.1872740550995105
9760,19.0625,6,47,0.18663244017365951
9760,19.0625,6,48,0.18418915418998838
9760,19.0625,8,0,0.45356596450861447
9760,19.0625,8,1,0.45052647804775015
9760,19.0625,8,2,0.4336840623837932
9760,19.0625,8,3,0.43076838026037
9760,19.0625,8,4,0.4262027919521225
9760,19.0625,8,5,0.4226745159450708
9760,19.0625,8,6,0.4050097819369985
9760,19.0625,8,7,0.40371458840341623
9760,19.0625,8,8,0.3932352128450593
9760,19.0625,8,9,0.3913448021283732
9760,19.0625,8,10,0.38979313651025793
9760,19.0625,8,11,0.37751908369913584
9760,19.0625,8,12,0.3696371726785867
9760,19.0625,8,13,0.36927798453773253
9760,19.0625,8,14,0.35507146540990797
9760,19.0625,8,15,0.34928339423159593
9760,19.0625,8,16,0.34885795068565784
9760,19.0625,8,17,0.3468844544894918
9760,19.0625,8,18,0.33317052844721085
9760,19.0625,8,19,0.329971002955626
9760,19.0625,8,20,0.3298911714056552
9760,19.0625,8,21,0.32420571123122904
9760,19.0625,8,22,0.31182151866243546
9760,19.0625,8,23,0.3068175145104416
9760,19.0625,8,24,0.3042032286101302
9760,19.0625,8,25,0.3041063475281559
9760,19.0625,8,26,0.2970333520822181
9760,19.0625,8,27,0.2891877853112737
9760,19.0625,8,28,0.2891707233494055
9760,19.0625,8,29,0.2861936429961492
9760,19.0625,8,30,0.2809341184784316
9760,19.0625,8,31,0.2712953047186441
9760,19.0625,8,32,0.27037125582881694
9760,19.0625,8,33,0.2677762661595467
9760,19.0625,8,34,0.26096776601196914
9760,19.0625,8,35,0.26094059388063684
9760,19.0625,8,36,0.2602218554550195
9760,19.0625,8,37,0.252443531498742
9760,19.0625,8,38,0.25119861955215783
9760,19.0625,8,39,0.2511919777127137
9760,19.0625,8,40,0.24518147819867953
9760,19.0625,8,41,0.24227986703899146
9760,19.0625,8,42,0.23596297690178994
9760,19.0625,8,43,0.23555876595839054
9760,19.0625,8,44,0.2344734300468243
9760,19.0625,8,45,0.22908175901409988
9760,19.0625,8,46,0.22856803974751783
9760,19.0625,8,47,0.22448325377366682
9760,19.0625,8,48,0.22446021693266022
9760,19.0625,8,49,0.22375542420490768
9760,19.0625,8,50,0.21962917978358973
9760,19.0625,8,51,0.2196207915429615
9760,19.0625,8,52,0.21805322216117784
9760,19.0625,8,53,0.21491371275101898
9760,19.0625,8,54,0.2127389317474964
9760,19.0625,8,55,0.21089656357790265
9760,19.0625,8,56,0.20946603469562536
9760,19.0625,8,57,0.2084037426294518
9760,19.0625,8,58,0.20598311058971205
9760,19.0625,8,59,0.20383130463224242
9760,19.0625,8,60,0.20227310473017363
9760,19.0625,8,61,0.1995192460761763
9760,19.0625,8,62,0.19927916361973363
9760,19.0625,8,63,0.199274602755917
9760,19.0625,8,64,0.1984415426316703
9760,19.0625,8,65,0.19826367621332788
9760,19.0625,8,66,0.19808907945319382
9760,19.0625,8,67,0.19644235024280793
9760,19.0625,8,68,0.1957201524113668
9760,19.0625,8,69,0.19474774708429435
9760,19.0625,8,70,0.19391652412179458
9760,19.0625,8,71,0.19363227947989362
9760,19.0625,8,72,0.19106769496033346
9760,19.0625,8,73,0.1909125551347702
9760,19.0625,8,74,0.1883625143617518
9760,19.0625,8,75,0.18784971801619932
9760,19.0625,8,76,0.1857379676533682
9760,19.0625,8,77,0.18499500049211784
9760,19.0625,8,78,0.18336296725107593
9760,19.0625,8,79,0.1825272383695875
9760,19.0625,8,80,0.1813463341206047
9792,19.125,2,0,0.3924058970464592
9792,19.125,2,1,0.3527639867534722
9792,19.125,2,2,0.3042719662461555
9792,19.125,2,3,0.2953771870788041
9792,19.125,2,4,0.2434953408426196
9792,19.125,2,5,0.2345207949747221
9792,19.125,2,6,0.22482824069986326
9792,19.125,2,7,0.22115613195923833
9792,19.125,2,8,0.2102273926718247
9792,19.125,4,0,0.4287878449244949
9792,19.125,4,1,0.41509371204504436
9792,19.125,4,2,0.37865000918270364
9792,19.125,4,3,0.37212693998620033
9792,19.125,4,4,0.3485137565173393
9792,19.125,4,5,0.3406653319063435
9792,19.125,4,6,0.3147085838588213
9792,19.125,4,7,0.31219388489023486
9792,19.125,4,8,0.2954514942451222
9792,19.125,4,9,0.27303529356810713
9792,19.125,4,10,0.27013496382706914
9792,19.125,4,11,0.2545217853255882
9792,19.125,4,12,0.25366697656699777
9792,19.125,4,13,0.2528128622875299
9792,19.125,4,14,0.2401094725728109
9792,19.125,4,15,0.23131211583909153
9792,19.125,4,16,0.21508001384879585
9792,19.125,4,17,0.21332714481556025
9792,19.125,4,18,0.2094468883837771
9792,19.125,4,19,0.2084939351798009
9792,19.125,4,20,0.20583127463677503
9792,19.125,4,21,0.20297094489079373
9792,19.125,4,22,0.19879716477731943
9792,19.125,4,23,0.19777996721490962
9792,19.125,4,24,0.19256088983515288
9792,19.125,6,0,0.44345397335790226
9792,19.125,6,1,0.4375490803574335
9792,19.125,6,2,0.41329656791004193
9792,19.125,6,3,0.4089984388893338
9792,19.125,6,4,0.3991136429590672
9792,19.125,6,5,0.3938139785020552
9792,19.125,6,6,0.3710542928535544
9792,19.125,6,7,0.3692177028425384
9792,19.125,6,8,0.355242516795342
9792,19.125,6,9,0.34695618620520197
9792,19.125,6,10,0.34478824275864955
9792,19.125,6,11,0.32902420270636445
9792,19.125,6,12,0.32247440787261367
9792,19.125,6,13,0.3219695373723116
9792,19.125,6,14,0.3058685445964154
9792,19.125,6,15,0.29652460340489756
9792,19.125,6,16,0.29097908442602294
9792,19.125,6,17,0.29036126148308594
9792,19.125,6,18,0.2747892365107204
9792,19.125,6,19,0.27417146876356124
9792,19.125,6,20,0.2740360985027173
9792,19.125,6,21,0.26537018539854956
9792,19.125,6,22,0.2585948837761954
9792,19.125,6,23,0.25320408118064597
9792,19.125,6,24,0.24446434193454686
9792,19.125,6,25,0.24112535237894228
9792,19.125,6,26,0.2408762600523272
9792,19.125,6,27,0.23248071462693132
9792,19.125,6,28,0.23240393168600507
9792,19.125,6,29,0.2296847167233431
9792,19.125,6,30,0.2242188653095881
9792,19.125,6,31,0.222271849491468
9792,19.125,6,32,0.21881894474081942
9792,19.125,6,33,0.21688659975479777
9792,19.125,6,34,0.2132796604780986
9792,19.125,6,35,0.20758096453625008
9792,19.125,6,36,0.20590607766871832
9792,19.125,6,37,0.2053307335812478
9792,19.125,6,38,0.2035319438001525
9792,19.125,6,39,0.2031551593211108
9792,19.125,6,40,0.20106214599774158
9792,19.125,6,41,0.19974404095748458
9792,19.125,6,42,0.19707293843035406
9792,19.125,6,43,0.19658221281166702
9792,19.125,6,44,0.1929983468638758
9792,19.125,6,45,0.1927826726031099
9792,19.125,6,46,0.18950661698182122
9792,19.125,6,47,0.1888239037058917
9792,19.125,6,48,0.18641599469727707
9792,19.125,8,0,0.4506415023797486
9792,19.125,8,1,0.44761016536131776
9792,19.125,8,2,0.4308275879033498
9792,19.125,8,3,0.42791360269381484
9792,19.125,8,4,0.4234084516643036
9792,19.125,8,5,0.41989215331111357
9792,19.125,8,6,0.4024228279492224
9792,19.125,8,7,0.4011341799513434
9792,19.125,8,8,0.3907961367645298
9792,19.125,8,9,0.38897365898714276
9792,19.125,8,10,0.38743406411518355
9792,19.125,8,11,0.37536325686452027
9792,19.125,8,12,0.3676429234773377
9792,19.125,8,13,0.36728586925680334
9792,19.125,8,14,0.35340426374517825
9792,19.125,8,15,0.34774842876947987
9792,19.125,8,16,0.3473240375796618
9792,19.125,8,17,0.345351395566869
9792,19.125,8,18,0.3320440373261205
9792,19.125,8,19,0.3288967343306279
9792,19.125,8,20,0.3288165527099554
9792,19.125,8,21,0.32322813221338964
9792,19.125,8,22,0.3112916748848376
9792,19.125,8,23,0.30634289491816447
9792,19.125,8,24,0.3038114447607999
9792,19.125,8,25,0.30371260503218805
9792,19.125,8,26,0.29676175670495825
9792,19.125,8,27,0.28921000573398586
9792,19.125,8,28,0.28919235409449795
9792,19.125,8,29,0.28637272313407525
9792,19.125,8,30,0.28115050261577074
9792,19.125,8,31,0.27169335920501425
9792,19.125,8,32,0.27101284527778907
9792,19.125,8,33,0.2683995523577781
9792,19.125,8,34,0.2617530798641375
9792,19.125,8,35,0.26172412005769424
9792,19.125,8,36,0.2609931084950856
9792,19.125,8,37,0.25332895355448715
9792,19.125,8,38,0.2522579092415358
9792,19.125,8,39,0.25225059361635344
9792,19.125,8,40,0.24648556165110627
9792,19.125,8,41,0.24354626264121038
9792,19.125,8,42,0.23751180687591222
9792,19.125,8,43,0.23691775255458025
9792,19.125,8,44,0.23597423000255313
9792,19.125,8,45,0.2306659613293149
9792,19.125,8,46,0.23000131506062033
9792,19.125,8,47,0.22620955608579518
9792,19.125,8,48,0.22618377617347796
9792,19.125,8,49,0.22536848008864388
9792,19.125,8,50,0.2214825371697739
9792,19.125,8,51,0.22147293235418652
9792,19.125,8,52,0.21971746731600897
9792,19.125,8,53,0.21694176861190678
9792,19.125,8,54,0.2147046884044716
9792,19.125,8,55,0.2130245593882521
9792,19.125,8,56,0.2115345007284248
9792,19.125,8,57,0.21038227485555863
9792,19.125,8,58,0.20805930857698912
9792,19.125,8,59,0.20581671939124035
9792,19.125,8,60,0.20434073704349018
9792,19.125,8,61,0.20185997581234397
9792,19.125,8,62,0.2015969726763327
9792,19.125,8,63,0.2012780579467055
9792,19.125,8,64,0.200636877470179
9792,19.125,8,65,0.20051179549149853
9792,19.125,8,66,0.20044373090805281
9792,19.125,8,67,0.1988040022057894
9792,19.125,8,68,0.19811361272068018
9792,19.125,8,69,0.19682803447450145
9792,19.125,8,70,0.19623597937781007
9792,19.125,8,71,0.19598671115322544
9792,19.125,8,72,0.19339463190905085
9792,19.125,8,73,0.19320444564521932
9792,19.125,8,74,0.1906651802032047
9792,19.125,8,75,0.19011965823001306
9792,19.125,8,76,0.1880209915876703
9792,19.125,8,77,0.18725019661427098
9792,19.125,8,78,0.18563257862163612
9792,19.125,8,79,0.1847760441700087
9792,19.125,8,80,0.18360959657114567
9824,19.1875,2,0,0.3902759831960817
9824,19.1875,2,1,0.3513607626855635
9824,19.1875,2,2,0.30389723368285326
9824,19.1875,2,3,0.2950854311454187
9824,19.1875,2,4,0.24452299412981052
9824,19.1875,2,5,0.23555579896206053
9824,19.1875,2,6,0.2263953225204688
9824,19.1875,2,7,0.22266105574578782
9824,19.1875,2,8,0.2118673124780543
9824,19.1875,4,0,0.4261533406668246
9824,19.1875,4,1,0.41261909428007826
9824,19.1875,4,2,0.37666909398854487
9824,19.1875,4,3,0.3702247891669671
9824,19.1875,4,4,0.34714387385058465
9824,19.1875,4,5,0.3393921591393376
9824,19.1875,4,6,0.3140891448914276
9824,19.1875,4,7,0.3115817357791459
9824,19.1875,4,8,0.2952150500737185
9824,19.1875,4,9,0.27343888506893466
9824,19.1875,4,10,0.2705208871320018
9824,19.1875,4,11,0.25523522319655834
9824,19.1875,4,12,0.2545633849822017
9824,19.1875,4,13,0.25368330200317274
9824,19.1875,4,14,0.24130267097342792
9824,19.1875,4,15,0.23256149264504283
9824,19.1875,4,16,0.2169189299713047
9824,19.1875,4,17,0.21510420475622505
9824,19.1875,4,18,0.21143500557802283
9824,19.1875,4,19,0.21043288585350917
9824,19.1875,4,20,0.2076932343117496
9824,19.1875,4,21,0.20497319967269392
9824,19.1875,4,22,0.20067081898599035
9824,19.1875,4,23,0.19975968550362022
9824,19.1875,4,24,0.19454572884036453
9824,19.1875,6,0,0.4407059341439565
9824,19.1875,6,1,0.43483862480379254
9824,19.1875,6,2,0.41077090845905284
9824,19.1875,6,3,0.4065049318575683
9824,19.1875,6,4,0.3967833425997652
9824,19.1875,6,5,0.39153727950625977
9824,19.1875,6,6,0.36916359052123093
9824,19.1875,6,7,0.36734397749366704
9824,19.1875,6,8,0.35363330874220666
9824,19.1875,6,9,0.34557783001993536
9824,19.1875,6,10,0.343426608714992
9824,19.1875,6,11,0.32799800268297635
9824,19.1875,6,12,0.3216439034483611
9824,19.1875,6,13,0.3211365752396194
9824,19.1875,6,14,0.3054683189294051
9824,19.1875,6,15,0.29626141157493646
9824,19.1875,6,16,0.29093754772517255
9824,19.1875,6,17,0.2903098231894378
9824,19.1875,6,18,0.275168930109896
9824,19.1875,6,19,0.27456132648259246
9824,19.1875,6,20,0.2744207033654569
9824,19.1875,6,21,0.26585753566834547
9824,19.1875,6,22,0.25945363824520534
9824,19.1875,6,23,0.2540731125203376
9824,19.1875,6,24,0.24545775549569257
9824,19.1875,6,25,0.2423411915110433
9824,19.1875,6,26,0.242077748506593
9824,19.1875,6,27,0.2339176851829541
9824,19.1875,6,28,0.23383440350671786
9824,19.1875,6,29,0.23120716126325505
9824,19.1875,6,30,0.22572202387749637
9824,19.1875,6,31,0.22400819220310203
9824,19.1875,6,32,0.22050593101270888
9824,19.1875,6,33,0.21845096937552355
9824,19.1875,6,34,0.21499480298031337
9824,19.1875,6,35,0.20932887449739396
9824,19.1875,6,36,0.20798464548493018
9824,19.1875,6,37,0.20737172196995593
9824,19.1875,6,38,0.20566997829696076
9824,19.1875,6,39,0.20526426769461992
9824,19.1875,6,40,0.20315514270764115
9824,19.1875,6,41,0.20189787546508173
9824,19.1875,6,42,0.19913071132053314
9824,19.1875,6,43,0.19869775043191165
9824,19.1875,6,44,0.19509253449022676
9824,19.1875,6,45,0.1948272036977995
9824,19.1875,6,46,0.1915878892439028
9824,19.1875,6,47,0.19086748007849055
9824,19.1875,6,48,0.1884937361786836
9824,19.1875,8,0,0.447864164760348
9824,19.1875,8,1,0.44484286714305127
9824,19.1875,8,2,0.428128553932984
9824,19.1875,8,3,0.42522151959453075
9824,19.1875,8,4,0.4207727397371951
9824,19.1875,8,5,0.41727333032946773
9824,19.1875,8,6,0.3999954347062122
9824,19.1875,8,7,0.39871517873184664
9824,19.1875,8,8,0.38851570351499093
9824,19.1875,8,9,0.38675373541233143
9824,19.1875,8,10,0.38522728707692505
9824,19.1875,8,11,0.3733515058366773
9824,19.1875,8,12,0.3657830421895341
9824,19.1875,8,13,0.36542800692413313
9824,19.1875,8,14,0.3518501053721342
9824,19.1875,8,15,0.3463178463350495
9824,19.1875,8,16,0.34589439250085385
9824,19.1875,8,17,0.34392524836579164
9824,19.1875,8,18,0.3309915270955365
9824,19.1875,8,19,0.3278952205939052
9824,19.1875,8,20,0.32781448096038873
9824,19.1875,8,21,0.3223167090360974
9824,19.1875,8,22,0.3107898363052006
9824,19.1875,8,23,0.30589423249609915
9824,19.1875,8,24,0.3034412568966003
9824,19.1875,8,25,0.30334034979684105
9824,19.1875,8,26,0.29650209267514416
9824,19.1875,8,27,0.2892218357086965
9824,19.1875,8,28,0.2892035492366366
9824,19.1875,8,29,0.2865249622356703
9824,19.1875,8,30,0.2813397306811716
9824,19.1875,8,31,0.27205221998294477
9824,19.1875,8,32,0.2715922580450803
9824,19.1875,8,33,0.26896340210848935
9824,19.1875,8,34,0.26247170072582393
9824,19.1875,8,35,0.2624409303529524
9824,19.1875,8,36,0.2616939884509816
9824,19.1875,8,37,0.2541385286016505
9824,19.1875,8,38,0.2532297274779593
9824,19.1875,8,39,0.2532216674289238
9824,19.1875,8,40,0.24768110762311446
9824,19.1875,8,41,0.24470837619722516
9824,19.1875,8,42,0.23893658621309297
9824,19.1875,8,43,0.23816676698427566
9824,19.1875,8,44,0.2373544372814574
9824,19.1875,8,45,0.23212308508960955
9824,19.1875,8,46,0.23132260871166144
9824,19.1875,8,47,0.22780609678599897
9824,19.1875,8,48,0.22777746117740963
9824,19.1875,8,49,0.22685587479104735
9824,19.1875,8,50,0.22319766256990747
9824,19.1875,8,51,0.22318676567599774
9824,19.1875,8,52,0.2212552697449472
9824,19.1875,8,53,0.21881851551124779
9824,19.1875,8,54,0.21652424070411466
9824,19.1875,8,55,0.2149965206293162
9824,19.1875,8,56,0.21345095002262962
9824,19.1875,8,57,0.21221476706312545
9824,19.1875,8,58,0.20998310270386067
9824,19.1875,8,59,0.20765842176508661
9824,19.1875,8,60,0.2062590847889835
9824,19.1875,8,61,0.20403955082970227
9824,19.1875,8,62,0.20375386279343435
9824,19.1875,8,63,0.20313921689649295
9824,19.1875,8,64,0.20284670514811182
9824,19.1875,8,65,0.20263550977325967
9824,19.1875,8,66,0.20243528503011546
9824,19.1875,8,67,0.20100010523753906
9824,19.1875,8,68,0.2003400778548649
9824,19.1875,8,69,0.19876272267814193
9824,19.1875,8,70,0.1983947946326925
9824,19.1875,8,71,0.19817846337111544
9824,19.1875,8,72,0.19556204291613116
9824,19.1875,8,73,0.19533911002647278
9824,19.1875,8,74,0.1928113148996196
9824,19.1875,8,75,0.19223545271515843
9824,19.1875,8,76,0.19015018041527837
9824,19.1875,8,77,0.18935380597208645
9824,19.1875,8,78,0.18775056812346808
9824,19.1875,8,79,0.186875161363633
9824,19.1875,8,80,0.18572287681567762
9856,19.25,2,0,0.3882637504884082
9856,19.25,2,1,0.35003588630456833
9856,19.25,2,2,0.3035403711917086
9856,19.25,2,3,0.2948107270765435
9856,19.25,2,4,0.24548342173074605
9856,19.25,2,5,0.23652734005222925
9856,19.25,2,6,0.22785850835919885
9856,19.25,2,7,0.22406799355590862
9856,19.25,2,8,0.2134010356626943
9856,19.25,4,0,0.42365516234213674
9856,19.25,4,1,0.4102770703927476
9856,19.25,4,2,0.37480387685122507
9856,19.25,4,3,0.3684381682302492
9856,19.25,4,4,0.34585406837075516
9856,19.25,4,5,0.33819742785393436
9856,19.25,4,6,0.3135038092332388
9856,19.25,4,7,0.3110051850701881
9856,19.25,4,8,0.29498888358512027
9856,19.25,4,9,0.27380953883857967
9856,19.25,4,10,0.27087690843972334
9856,19.25,4,11,0.2558962599127543
9856,19.25,4,12,0.255394178960312
9856,19.25,4,13,0.25448985976343097
9856,19.25,4,14,0.2424070028242516
9856,19.25,4,15,0.23372329898306657
9856,19.25,4,16,0.21863649352637818
9856,19.25,4,17,0.2167641770664662
9856,19.25,4,18,0.21329286838137398
9856,19.25,4,19,0.2122441328987454
9856,19.25,4,20,0.20943179688051214
9856,19.25,4,21,0.20684236232553124
9856,19.25,4,22,0.20242465987669253
9856,19.25,4,23,0.20161154004394977
9856,19.25,4,24,0.1964052831693522
9856,19.25,6,0,0.4380923459774455
9856,19.25,6,1,0.4322641481516516
9856,19.25,6,2,0.4083840885481456
9856,19.25,6,3,0.40415339807013523
9856,19.25,6,4,0.3945855027778635
9856,19.25,6,5,0.38939478072127287
9856,19.25,6,6,0.3673875448853012
9856,19.25,6,7,0.36558599345207365
9856,19.25,6,8,0.35212604162595285
9856,19.25,6,9,0.34428321250853294
9856,19.25,6,10,0.34214964322337854
9856,19.25,6,11,0.32703575586313527
9856,19.25,6,12,0.32086300987130395
9856,19.25,6,13,0.3203540217440866
9856,19.25,6,14,0.3050859223365005
9856,19.25,6,15,0.2960104359353681
9856,19.25,6,16,0.2908918046590526
9856,19.25,6,17,0.29025528272579426
9856,19.25,6,18,0.2755120730884161
9856,19.25,6,19,0.2749168859982116
9856,19.25,6,20,0.27477133975940427
9856,19.25,6,21,0.26630535031095864
9856,19.25,6,22,0.2602409844354048
9856,19.25,6,23,0.25487364480865266
9856,19.25,6,24,0.2463767386779529
9856,19.25,6,25,0.24346989481743894
9856,19.25,6,26,0.2431925282974597
9856,19.25,6,27,0.2352526777881038
9856,19.25,6,28,0.235162875959966
9856,19.25,6,29,0.23261817042336094
9856,19.25,6,30,0.22711899141072886
9856,19.25,6,31,0.22562030844090677
9856,19.25,6,32,0.22207446381325047
9856,19.25,6,33,0.2199083103156648
9856,19.25,6,34,0.21659195405373446
9856,19.25,6,35,0.21095984013907004
9856,19.25,6,36,0.2099278658273827
9856,19.25,6,37,0.20927880041794297
9856,19.25,6,38,0.20766944691026076
9856,19.25,6,39,0.20723560352819922
9856,19.25,6,40,0.2051094412856917
9856,19.25,6,41,0.2039096259790058
9856,19.25,6,42,0.20105523300820183
9856,19.25,6,43,0.20067630270784476
9856,19.25,6,44,0.19705312313588008
9856,19.25,6,45,0.1967417389783724
9856,19.25,6,46,0.19353835643294767
9856,19.25,6,47,0.1927834284939576
9856,19.25,6,48,0.19044274465774316
9856,19.25,8,0,0.44521800309210796
9856,19.25,8,1,0.4422083155843882
9856,19.25,8,2,0.42556925816073354
9856,19.25,8,3,0.4226732236380967
9856,19.25,8,4,0.41827735348291295
9856,19.25,8,5,0.41479867624814437
9856,19.25,8,6,0.3977075889240673
9856,19.25,8,7,0.3964377104189637
9856,19.25,8,8,0.38637381841963503
9856,19.25,8,9,0.38466529953245776
9856,19.25,8,10,0.3831535548546897
9856,19.25,8,11,0.3714652290001549
9856,19.25,8,12,0.3640389024949618
9856,19.25,8,13,0.3636867072230197
9856,19.25,8,14,0.3503934820564985
9856,19.25,8,15,0.344976790645342
9856,19.25,8,16,0.3445549820574427
9856,19.25,8,17,0.3425920240406238
9856,19.25,8,18,0.3300027948399618
9856,19.25,8,19,0.3269558834175158
9856,19.25,8,20,0.3268748831670313
9856,19.25,8,21,0.3214631176269613
9856,19.25,8,22,0.3103117767170636
9856,19.25,8,23,0.30546855733238093
9856,19.25,8,24,0.30308922518337117
9856,19.25,8,25,0.30298655751247905
9856,19.25,8,26,0.29625382822000407
9856,19.25,8,27,0.28922451468011157
9856,19.25,8,28,0.2892056596314613
9856,19.25,8,29,0.28665394363914526
9856,19.25,8,30,0.28150641037254226
9856,19.25,8,31,0.2723786196636816
9856,19.25,8,32,0.27211781230000714
9856,19.25,8,33,0.26947668681955866
9856,19.25,8,34,0.2631327059463231
9856,19.25,8,35,0.26310015769515904
9856,19.25,8,36,0.26233539644952686
9856,19.25,8,37,0.2548842111077587
9856,19.25,8,38,0.2541261170494613
9856,19.25,8,39,0.2541172273010131
9856,19.25,8,40,0.2487827463283898
9856,19.25,8,41,0.2457810923841405
9856,19.25,8,42,0.24025387628530895
9856,19.25,8,43,0.23932192263477906
9856,19.25,8,44,0.23863086053106522
9856,19.25,8,45,0.23347122975285647
9856,19.25,8,46,0.23254853338643489
9856,19.25,8,47,0.2292902834001708
9856,19.25,8,48,0.22925868659524612
9856,19.25,8,49,0.2282357684169294
9856,19.25,8,50,0.22479307233308002
9856,19.25,8,51,0.22478079747248542
9856,19.25,8,52,0.22268508168260284
9856,19.25,8,53,0.22056374506619777
9856,19.25,8,54,0.21821732819031997
9856,19.25,8,55,0.21683265685084235
9856,19.25,8,56,0.21523562150160913
9856,19.25,8,57,0.21392133541071662
9856,19.25,8,58,0.21177517404283197
9856,19.25,8,59,0.20937643917833065
9856,19.25,8,60,0.20804864002970452
9856,19.25,8,61,0.20607837279287455
9856,19.25,8,62,0.20577042525327496
9856,19.25,8,63,0.20491431216094622
9856,19.25,8,64,0.20487809603435855
9856,19.25,8,65,0.20468517769694988
9856,19.25,8,66,0.20423185781273392
9856,19.25,8,67,0.20305199386480885
9856,19.25,8,68,0.20242093594174593
9856,19.25,8,69,0.20057213748268285
9856,19.25,8,70,0.2004139714711357
9856,19.25,8,71,0.20022864443583335
9856,19.25,8,72,0.1975908866939083
9856,19.25,8,73,0.1973373842760058
9856,19.25,8,74,0.19482172399524572
9856,19.25,8,75,0.19421776568921795
9856,19.25,8,76,0.1921461724096373
9856,19.25,8,77,0.19132633915128247
9856,19.25,8,78,0.1897374434883229
9856,19.25,8,79,0.1888449951931438
9856,19.25,8,80,0.18770659096982442
9888,19.3125,2,0,0.38635847247571764
9888,19.3125,2,1,0.34878200398752074
9888,19.3125,2,2,0.3031992947935554
9888,19.3125,2,3,0.29455138321287794
9888,19.3125,2,4,0.24638324692082889
9888,19.3125,2,5,0.23744225396723703
9888,19.3125,2,6,0.2292283729083892
9888,19.3125,2,7,0.22538738846717
9888,19.3125,2,8,0.21484065834871294
9888,19.3125,4,0,0.4212819568381367
9888,19.3125,4,1,0.4080560929453095
9888,19.3125,4,2,0.3730432600547518
9888,19.3125,4,3,0.36675524398729903
9888,19.3125,4,4,0.34463615608285575
9888,19.3125,4,5,0.3370729255915029
9888,19.3125,4,6,0.31294850779159195
9888,19.3125,4,7,0.3104600320496158
9888,19.3125,4,8,0.2947721695160182
9888,19.3125,4,9,0.27415034230146723
9888,19.3125,4,10,0.27120612150898377
9888,19.3125,4,11,0.25651127159566456
9888,19.3125,4,12,0.2561661549800425
9888,19.3125,4,13,0.25523935548949783
9888,19.3125,4,14,0.2434327431054904
9888,19.3125,4,15,0.2348081072276067
9888,19.3125,4,16,0.22024518627532844
9888,19.3125,4,17,0.21831951089944732
9888,19.3125,4,18,0.2150339060344081
9888,19.3125,4,19,0.21394120166891215
9888,19.3125,4,20,0.21106075328498528
9888,19.3125,4,21,0.20859303139265697
9888,19.3125,4,22,0.20407231009048746
9888,19.3125,4,23,0.20334976879751424
9888,19.3125,4,24,0.198153718869496
9888,19.3125,6,0,0.4356027037313694
9888,19.3125,6,1,0.42981472532536436
9888,19.3125,6,2,0.40612421465298926
9888,19.3125,6,3,0.40193042435958115
9888,19.3125,6,4,0.392508194885085
9888,19.3125,6,5,0.38737324798601963
9888,19.3125,6,6,0.36571491450028315
9888,19.3125,6,7,0.3639313545806659
9888,19.3125,6,8,0.3507096654335192
9888,19.3125,6,9,0.3430634186789114
9888,19.3125,6,10,0.3409478849250834
9888,19.3125,6,11,0.3261304709028045
9888,19.3125,6,12,0.32012585366598845
9888,19.3125,6,13,0.3196156526122784
9888,19.3125,6,14,0.30471905925398474
9888,19.3125,6,15,0.29577075797712904
9888,19.3125,6,16,0.2908418623437525
9888,19.3125,6,17,0.2901975232851198
9888,19.3125,6,18,0.275822893807199
9888,19.3125,6,19,0.2752416776884494
9888,19.3125,6,20,0.27509145715080635
9888,19.3125,6,21,0.2667188530867561
9888,19.3125,6,22,0.2609651091599535
9888,19.3125,6,23,0.25561399321949874
9888,19.3125,6,24,0.24723074158900163
9888,19.3125,6,25,0.24452084786620062
9888,19.3125,6,26,0.24423004046492833
9888,19.3125,6,27,0.23649683970444252
9888,19.3125,6,28,0.23640056177614938
9888,19.3125,6,29,0.23393030035728296
9888,19.3125,6,30,0.22842213704970257
9888,19.3125,6,31,0.22712186451955366
9888,19.3125,6,32,0.2235379990235151
9888,19.3125,6,33,0.22127139423454434
9888,19.3125,6,34,0.2180848323938643
9888,19.3125,6,35,0.21248762058501694
9888,19.3125,6,36,0.21174968155139792
9888,19.3125,6,37,0.21106607581235787
9888,19.3125,6,38,0.20954460795801771
9888,19.3125,6,39,0.20908359179995192
9888,19.3125,6,40,0.20694001068823586
9888,19.3125,6,41,0.20579444622656357
9888,19.3125,6,42,0.2028610879726135
9888,19.3125,6,43,0.2025326577518669
9888,19.3125,6,44,0.19889476647254287
9888,19.3125,6,45,0.19854074175694036
9888,19.3125,6,46,0.19537254477849048
9888,19.3125,6,47,0.19458610144005836
9888,19.3125,6,48,0.19227744200314165
9888,19.3125,8,0,0.44269320642047294
9888,19.3125,8,1,0.43969637786591337
9888,19.3125,8,2,0.4231382838866515
9888,19.3125,8,3,0.4202561641134138
9888,19.3125,8,4,0.4159106333212359
9888,19.3125,8,5,0.4124551250332091
9888,19.3125,8,6,0.3955474366342949
9888,19.3125,8,7,0.3942878948865245
9888,19.3125,8,8,0.3843565021679035
9888,19.3125,8,9,0.382696457233144
9888,19.3125,8,10,0.3811992407223606
9888,19.3125,8,11,0.36969125931745817
9888,19.3125,8,12,0.36239885343389383
9888,19.3125,8,13,0.362049144697326
9888,19.3125,8,14,0.34902335576761123
9888,19.3125,8,15,0.34371550594487366
9888,19.3125,8,16,0.3432953508680639
9888,19.3125,8,17,0.34134136447828034
9888,19.3125,8,18,0.32907022930474944
9888,19.3125,8,19,0.32607134536695154
9888,19.3125,8,20,0.3259899631889984
9888,19.3125,8,21,0.32066099769188267
9888,19.3125,8,22,0.30985406686622124
9888,19.3125,8,23,0.30506322770896305
9888,19.3125,8,24,0.30275284839031436
9888,19.3125,8,25,0.3026484869738304
9888,19.3125,8,26,0.29601622335062955
9888,19.3125,8,27,0.2892186734332875
9888,19.3125,8,28,0.28919925255812023
9888,19.3125,8,29,0.28676207330298015
9888,19.3125,8,30,0.2816534274154417
9888,19.3125,8,31,0.2726771640021047
9888,19.3125,8,32,0.2725956417283843
9888,19.3125,8,33,0.2699454552039249
9888,19.3125,8,34,0.26374240240904406
9888,19.3125,8,35,0.263708120812743
9888,19.3125,8,36,0.2629248892591274
9888,19.3125,8,37,0.25557448193358495
9888,19.3125,8,38,0.25495552393160625
9888,19.3125,8,39,0.25494573706330004
9888,19.3125,8,40,0.24980112558129136
9888,19.3125,8,41,0.24677493317267993
9888,19.3125,8,42,0.24147562628345554
9888,19.3125,8,43,0.24039464635732133
9888,19.3125,8,44,0.23981546988268485
9888,19.3125,8,45,0.23472333453011962
9888,19.3125,8,46,0.2336909225367951
9888,19.3125,8,47,0.23067445828038816
9888,19.3125,8,48,0.23063984010497499
9888,19.3125,8,49,0.22952109794875583
9888,19.3125,8,50,0.22628192570547223
9888,19.3125,8,51,0.22626819766712067
9888,19.3125,8,52,0.22402004839806436
9888,19.3125,8,53,0.2221916588236322
9888,19.3125,8,54,0.2197980321208778
9888,19.3125,8,55,0.21854745431829012
9888,19.3125,8,56,0.21690296019785138
9888,19.3125,8,57,0.21551633703004155
9888,19.3125,8,58,0.21345030430001344
9888,19.3125,8,59,0.2109850265159413
9888,19.3125,8,60,0.20972399326320815
9888,19.3125,8,61,0.20799090237517368
9888,19.3125,8,62,0.20766127358672712
9888,19.3125,8,63,0.20685420076058358
9888,19.3125,8,64,0.20660746816443595
9888,19.3125,8,65,0.20650891796683646
9888,19.3125,8,66,0.2059161183206673
9888,19.3125,8,67,0.20497490306075694
9888,19.3125,8,68,0.20437144776883634
9888,19.3125,8,69,0.20230843257705464
9888,19.3125,8,70,0.20227074330869682
9888,19.3125,8,71,0.2021522373068793
9888,19.3125,8,72,0.19949602600341096
9888,19.3125,8,73,0.19921403920775982
9888,19.3125,8,74,0.19671114477146126
9888,19.3125,8,75,0.19608125448399952
9888,19.3125,8,76,0.1940236113476599
9888,19.3125,8,77,0.19318233410466987
9888,19.3125,8,78,0.1916077298034644
9888,19.3125,8,79,0.19069998877959354
9888,19.3125,8,80,0.18957518333888787
9920,19.375,2,0,0.38454584317529084
9920,19.375,2,1,0.34758975341775983
9920,19.375,2,2,0.30287207045059816
9920,19.375,2,3,0.29430577681140424
9920,19.375,2,4,0.24723044569649166
9920,19.375,2,5,0.2383083814672461
9920,19.375,2,6,0.2305171953229371
9920,19.375,2,7,0.2266310492627952
9920,19.375,2,8,0.21619928912738418
9920,19.375,4,0,0.41901697483528894
9920,19.375,4,1,0.40593990458120277
9920,19.375,4,2,0.3713728331363561
9920,19.375,4,3,0.36516236606368474
9920,19.375,4,4,0.34348046543865024
9920,19.375,4,5,0.33600958983298373
9920,19.375,4,6,0.3124196301879232
9920,19.375,4,7,0.3099424086005484
9920,19.375,4,8,0.2945643248999122
9920,19.375,4,9,0.27446567669835714
9920,19.375,4,10,0.2715125135233833
9920,19.375,4,11,0.2570871696343715
9920,19.375,4,12,0.25688759137369843
9920,19.375,4,13,0.255939849475063
9920,19.375,4,14,0.2443910341634414
9920,19.375,4,15,0.23582707179694035
9920,19.375,4,16,0.22175921591905184
9920,19.375,4,17,0.21978415197875786
9920,19.375,4,18,0.2166732673232911
9920,19.375,4,19,0.2155391715183799
9920,19.375,4,20,0.21259507001886316
9920,19.375,4,21,0.2102411384571403
9920,19.375,4,22,0.20562850520327908
9920,19.375,4,23,0.20498987504022345
9920,19.375,4,24,0.1998064033145627
9920,19.375,6,0,0.4332205489217161
9920,19.375,6,1,0.42747367523121593
9920,19.375,6,2,0.4039736110063158
9920,19.375,6,3,0.3998190220711223
9920,19.375,6,4,0.3905346365719912
9920,19.375,6,5,0.38545668628058655
9920,19.375,6,6,0.3641313961214391
9920,19.375,6,7,0.3623661904876384
9920,19.375,6,8,0.3493722558341605
9920,19.375,6,9,0.3419084818569342
9920,19.375,6,10,0.3398113984065415
9920,19.375,6,11,0.3252749813035241
9920,19.375,6,12,0.31942708888365257
9920,19.375,6,13,0.3189159068654366
9920,19.375,6,14,0.3043663755236141
9920,19.375,6,15,0.2955416101857186
9920,19.375,6,16,0.2907889270508476
9920,19.375,6,17,0.29013749013388984
9920,19.375,6,18,0.2761065119148307
9920,19.375,6,19,0.27554050000660285
9920,19.375,6,20,0.27538580501195714
9920,19.375,6,21,0.2671035500822767
9920,19.375,6,22,0.2616351929248743
9920,19.375,6,23,0.25630308106718813
9920,19.375,6,24,0.24802951979459184
9920,19.375,6,25,0.24550483777935264
9920,19.375,6,26,0.24520103647833708
9920,19.375,6,27,0.2376626846347693
9920,19.375,6,28,0.23755995673147473
9920,19.375,6,29,0.23515715215307598
9920,19.375,6,30,0.22964467527521068
9920,19.375,6,31,0.22852780419068544
9920,19.375,6,32,0.22491102341086236
9920,19.375,6,33,0.22255368655954713
9920,19.375,6,34,0.21948804870101574
9920,19.375,6,35,0.2139268128506786
9920,19.375,6,36,0.213465775684131
9920,19.375,6,37,0.21274924829564393
9920,19.375,6,38,0.2113114657862233
9920,19.375,6,39,0.21082430431316826
9920,19.375,6,40,0.20866329193580865
9920,19.375,6,41,0.20756903773891233
9920,19.375,6,42,0.20456424375388033
9920,19.375,6,43,0.2042830901367401
9920,19.375,6,44,0.20063350370228497
9920,19.375,6,45,0.20023997921310857
9920,19.375,6,46,0.19710633118654602
9920,19.375,6,47,0.19629112515661368
9920,19.375,6,48,0.194013569124529
9920,19.375,8,0,0.4402737196795846
9920,19.375,8,1,0.43729081808037074
9920,19.375,8,2,0.4208181427872702
9920,19.375,8,3,0.41795307118348257
9920,19.375,8,4,0.41365481527088244
9920,19.375,8,5,0.41022538990483515
9920,19.375,8,6,0.3934966933495722
9920,19.375,8,7,0.39224854360822786
9920,19.375,8,8,0.3824471203234558
9920,19.375,8,9,0.3808302756478831
9920,19.375,8,10,0.37934824674433126
9920,19.375,8,11,0.3680146626702158
9920,19.375,8,12,0.3608486603286366
9920,19.375,8,13,0.3605012948808451
9920,19.375,8,14,0.34772832863600917
9920,19.375,8,15,0.34252347448707715
9920,19.375,8,16,0.3421049228216447
9920,19.375,8,17,0.3401625097384822
9920,19.375,8,18,0.3281868104879735
9920,19.375,8,19,0.32523468813485856
9920,19.375,8,20,0.3251528564238045
9920,19.375,8,21,0.3199039603233997
9920,19.375,8,22,0.3094148522560875
9920,19.375,8,23,0.3046761582698153
9920,19.375,8,24,0.30243066864125123
9920,19.375,8,25,0.30232467017066206
9920,19.375,8,26,0.29578868699457167
9920,19.375,8,27,0.28920621606344066
9920,19.375,8,28,0.28918621304770914
9920,19.375,8,29,0.2868530161268345
9920,19.375,8,30,0.2817842477035641
9920,19.375,8,31,0.2730329869780359
9920,19.375,8,32,0.2729526075951172
9920,19.375,8,33,0.27037651620019443
9920,19.375,8,34,0.2643083784055649
9920,19.375,8,35,0.264272370653858
9920,19.375,8,36,0.263470480066049
9920,19.375,8,37,0.2562179758190414
9920,19.375,8,38,0.25572763382957525
9920,19.375,8,39,0.2557167911825111
9920,19.375,8,40,0.2507479853280265
9920,19.375,8,41,0.24770119582025993
9920,19.375,8,42,0.24261506835355198
9920,19.375,8,43,0.2413969296972147
9920,19.375,8,44,0.24092116460145982
9920,19.375,8,45,0.23589306029325396
9920,19.375,8,46,0.23476201955869697
9920,19.375,8,47,0.23197230133610158
9920,19.375,8,48,0.23193459837294536
9920,19.375,8,49,0.23072543165971326
9920,19.375,8,50,0.22767869947269087
9920,19.375,8,51,0.22766345789340062
9920,19.375,8,52,0.22527387902410603
9920,19.375,8,53,0.22371789747774623
9920,19.375,8,54,0.2212816333332549
9920,19.375,8,55,0.2201569122507897
9920,19.375,8,56,0.21846872903736958
9920,19.375,8,57,0.21701515978734268
9920,19.375,8,58,0.21502444078863872
9920,19.375,8,59,0.21249943537569282
9920,19.375,8,60,0.21130084963349552
9920,19.375,8,61,0.20979335681613734
9920,19.375,8,62,0.20944270719008762
9920,19.375,8,63,0.20868273008384355
9920,19.375,8,64,0.20841882945027165
9920,19.375,8,65,0.20804686219048996
9920,19.375,8,66,0.20750366704638584
9920,19.375,8,67,0.20678568243000606
9920,19.375,8,68,0.20620854666810015
9920,19.375,8,69,0.20409464590427656
9920,19.375,8,70,0.20396602039028172
9920,19.375,8,71,0.20387385299630087
9920,19.375,8,72,0.20129385862124974
9920,19.375,8,73,0.20098532755257453
9920,19.375,8,74,0.19849579289822294
9920,19.375,8,75,0.19784197254751337
9920,19.375,8,76,0.19579853989800283
9920,19.375,8,77,0.19493771097936102
9920,19.375,8,78,0.19337736374373687
9920,19.375,8,79,0.19245593633765642
9920,19.375,8,80,0.19134447322350817
9952,19.4375,2,0,0.3828154091307811
9952,19.4375,2,1,0.34645223847372236
9952,19.4375,2,2,0.30255696224612294
9952,19.4375,2,3,0.29407285774343145
9952,19.4375,2,4,0.24803083104855592
9952,19.4375,2,5,0.23913169581582622
9952,19.4375,2,6,0.23173403809661167
9952,19.4375,2,7,0.2278078686759222
9952,19.4375,2,8,0.21748687615463208
9952,19.4375,4,0,0.4168482794058887
9952,19.4375,4,1,0.40391677163682904
9952,19.4375,4,2,0.3697816042831847
9952,19.4375,4,3,0.36364950300496535
9952,19.4375,4,4,0.3423794244101328
9952,19.4375,4,5,0.3350007976859365
9952,19.4375,4,6,0.3119139247933693
9952,19.4375,4,7,0.30944945117278294
9952,19.4375,4,8,0.29436508900123504
9952,19.4375,4,9,0.27475850969308907
9952,19.4375,4,10,0.2717991472433131
9952,19.4375,4,11,0.25762935330304665
9952,19.4375,4,12,0.25756448908388235
9952,19.4375,4,13,0.2565974427660106
9952,19.4375,4,14,0.24529036171522914
9952,19.4375,4,15,0.23678879715796788
9952,19.4375,4,16,0.22318912209933872
9952,19.4375,4,17,0.2211685618906511
9952,19.4375,4,18,0.21822221062417219
9952,19.4375,4,19,0.21704931917310016
9952,19.4375,4,20,0.21404604547878153
9952,19.4375,4,21,0.21179866966325744
9952,19.4375,4,22,0.2071043866958605
9952,19.4375,4,23,0.20654355312457506
9952,19.4375,4,24,0.20137492062582277
9952,19.4375,6,0,0.4309343616921811
9952,19.4375,6,1,0.42522923076534985
9952,19.4375,6,2,0.40191934715121813
9952,19.4375,6,3,0.3978068373403231
9952,19.4375,6,4,0.38865231273230844
9952,19.4375,6,5,0.3836333848171513
9952,19.4375,6,6,0.3626257406215966
9952,19.4375,6,7,0.36088011687426585
9952,19.4375,6,8,0.34810492457246606
9952,19.4375,6,9,0.3408102732823714
9952,19.4375,6,10,0.3387327349281487
9952,19.4375,6,11,0.32446400392287106
9952,19.4375,6,12,0.3187620258357615
9952,19.4375,6,13,0.3182505511961717
9952,19.4375,6,14,0.3040267404583406
9952,19.4375,6,15,0.29532266268329876
9952,19.4375,6,16,0.2907334823293064
9952,19.4375,6,17,0.29007591210024836
9952,19.4375,6,18,0.27636682977975574
9952,19.4375,6,19,0.2758167954564435
9952,19.4375,6,20,0.2756579100822105
9952,19.4375,6,21,0.26746386080696866
9952,19.4375,6,22,0.26225816503863086
9952,19.4375,6,23,0.25694780396017425
9952,19.4375,6,24,0.24878070534894225
9952,19.4375,6,25,0.2464298746058851
9952,19.4375,6,26,0.24611359484901962
9952,19.4375,6,27,0.23875955625908615
9952,19.4375,6,28,0.23865045063553886
9952,19.4375,6,29,0.23630898931542194
9952,19.4375,6,30,0.23079667486228767
9952,19.4375,6,31,0.22984931529371386
9952,19.4375,6,32,0.2262045145513709
9952,19.4375,6,33,0.22376549821709366
9952,19.4375,6,34,0.22081271501523822
9952,19.4375,6,35,0.21528853469404685
9952,19.4375,6,36,0.2150878011915027
9952,19.4375,6,37,0.2143400444797994
9952,19.4375,6,38,0.21298191561909235
9952,19.4375,6,39,0.21246972955043078
9952,19.4375,6,40,0.21029162208081031
9952,19.4375,6,41,0.20924591958153238
9952,19.4375,6,42,0.20617672067017284
9952,19.4375,6,43,0.2059398206857502
9952,19.4375,6,44,0.2022814113377797
9952,19.4375,6,45,0.20185133153657112
9952,19.4375,6,46,0.19875166140104483
9952,19.4375,6,47,0.19791025217949101
9952,19.4375,6,48,0.1956629469451384
9952,19.4375,8,0,0.4379484592779727
9952,19.4375,8,1,0.43498034965505283
9952,19.4375,8,2,0.41859623900675685
9952,19.4375,8,3,0.41575157828118714
9952,19.4375,8,4,0.4114970573808183
9952,19.4375,8,5,0.4080969947402932
9952,19.4375,8,6,0.39154192489167144
9952,19.4375,8,7,0.3903069251670786
9952,19.4375,8,8,0.3806333919850575
9952,19.4375,8,9,0.37905389371736736
9952,19.4375,8,10,0.3775885818257556
9952,19.4375,8,11,0.3664243381337588
9952,19.4375,8,12,0.3593769035256944
9952,19.4375,8,13,0.3590325357617512
9952,19.4375,8,14,0.34649939819664466
9952,19.4375,8,15,0.34139197736367544
9952,19.4375,8,16,0.34097564658758406
9952,19.4375,8,17,0.3390475238899527
9952,19.4375,8,18,0.3273469447539529
9952,19.4375,8,19,0.3244401606734215
9952,19.4375,8,20,0.32435810306524443
9952,19.4375,8,21,0.31918738363899
9952,19.4375,8,22,0.30899240417636387
9952,19.4375,8,23,0.3043058774991221
9952,19.4375,8,24,0.30212125026128117
9952,19.4375,8,25,0.3020138392464407
9952,19.4375,8,26,0.2955710313569636
9952,19.4375,8,27,0.2891884128866169
9952,19.4375,8,28,0.28916784786055216
9952,19.4375,8,29,0.28692944892392747
9952,19.4375,8,30,0.28190164821501884
9952,19.4375,8,31,0.2734351753265887
9952,19.4375,8,32,0.27320884569161974
9952,19.4375,8,33,0.270775176125115
9952,19.4375,8,34,0.2648362766235117
9952,19.4375,8,35,0.2647985735874808
9952,19.4375,8,36,0.2639784216838714
9952,19.4375,8,37,0.2568216039043985
9952,19.4375,8,38,0.256449702640929
9952,19.4375,8,39,0.25643756786380717
9952,19.4375,8,40,0.25163207592582026
9952,19.4375,8,41,0.2485685269456114
9952,19.4375,8,42,0.24368203263032756
9952,19.4375,8,43,0.2423379908428671
9952,19.4375,8,44,0.241957725162645
9952,19.4375,8,45,0.2369908396086918
9952,19.4375,8,46,0.23577130145958344
9952,19.4375,8,47,0.23319405235273882
9952,19.4375,8,48,0.23315322670760297
9952,19.4375,8,49,0.23185915532504417
9952,19.4375,8,50,0.2289942400821806
9952,19.4375,8,51,0.22897744281550128
9952,19.4375,8,52,0.22645710373453157
9952,19.4375,8,53,0.22515415208792103
9952,19.4375,8,54,0.22267965350972685
9952,19.4375,8,55,0.22167298047859513
9952,19.4375,8,56,0.21994478894078678
9952,19.4375,8,57,0.21842946516543338
9952,19.4375,8,58,0.21650961652970224
9952,19.4375,8,59,0.2139312354456428
9952,19.4375,8,60,0.212791102094337
9952,19.4375,8,61,0.21149778841710914
9952,19.4375,8,62,0.21112687863784824
9952,19.4375,8,63,0.21041206045294955
9952,19.4375,8,64,0.21013152080204953
9952,19.4375,8,65,0.20950344768157678
9952,19.4375,8,66,0.2090063137675231
9952,19.4375,8,67,0.2084969414675896
9952,19.4375,8,68,0.2079448925195815
9952,19.4375,8,69,0.20578496037327065
9952,19.4375,8,70,0.20568211578984233
9952,19.4375,8,71,0.2053934950493591
9952,19.4375,8,72,0.2029966957552869
9952,19.4375,8,73,0.2026634613827971
9952,19.4375,8,74,0.20018785561906258
9952,19.4375,8,75,0.1995120048065595
9952,19.4375,8,76,0.19748302916026317
9952,19.4375,8,77,0.19660443324492094
9952,19.4375,8,78,0.19505830657129528
9952,19.4375,8,79,0.19412468519642365
9952,19.4375,8,80,0.1930263157548913
9984,19.5,2,0,0.3811616295204787
9984,19.5,2,1,0.34536565461422186
9984,19.5,2,2,0.30225291694229844
9984,19.5,2,3,0.29385174783833035
9984,19.5,2,4,0.2487878676835914
9984,19.5,2,5,0.23991576885270585
9984,19.5,2,6,0.23288438327642394
9984,19.5,2,7,0.2289233262264209
9984,19.5,2,8,0.2187097178558855
9984,19.5,4,0,0.4147699725349343
9984,19.5,4,1,0.40198072029595916
9984,19.5,4,2,0.3682640296325908
9984,19.5,4,3,0.3622104514536044
9984,19.5,4,4,0.3413288999184639
9984,19.5,4,5,0.3340422619350612
9984,19.5,4,6,0.3114292306935074
9984,19.5,4,7,0.30897903790664794
9984,19.5,4,8,0.29417404430717375
9984,19.5,4,9,0.27503035578761353
9984,19.5,4,10,0.27206767767635875
9984,19.5,4,11,0.2582002712519247
9984,19.5,4,12,0.25814114564460133
9984,19.5,4,13,0.2572156629091834
9984,19.5,4,14,0.24613612025165393
9984,19.5,4,15,0.2376987566085352
9984,19.5,4,16,0.22454138082231098
9984,19.5,4,17,0.22247924225357224
9984,19.5,4,18,0.219687705662963
9984,19.5,4,19,0.21847869834788372
9984,19.5,4,20,0.21542091296546373
9984,19.5,4,21,0.21327329991272687
9984,19.5,4,22,0.2085070303318692
9984,19.5,4,23,0.20801824928140658
9984,19.5,4,24,0.20286662717621975
9984,19.5,6,0,0.4287386228213292
9984,19.5,6,1,0.42307568624006914
9984,19.5,6,2,0.39995554720292265
9984,19.5,6,3,0.39588676289296904
9984,19.5,6,4,0.3868553069400341
9984,19.5,6,5,0.38189636678921873
9984,19.5,6,6,0.36119227955141164
9984,19.5,6,7,0.3594668071718341
9984,19.5,6,8,0.3469019272543408
9984,19.5,6,9,0.3397642368924257
9984,19.5,6,10,0.3377070666845129
9984,19.5,6,11,0.32369392490205207
9984,19.5,6,12,0.318127614960186
9984,19.5,6,13,0.31761637237869716
9984,19.5,6,14,0.30369896268368124
9984,19.5,6,15,0.2951134710040237
9984,19.5,6,16,0.2906754399512154
9984,19.5,6,17,0.2900127011827986
9984,19.5,6,18,0.2766060398962174
9984,19.5,6,19,0.27607230419555173
9984,19.5,6,20,0.2759094775024457
9984,19.5,6,21,0.26780248669987733
9984,19.5,6,22,0.26283817885620386
9984,19.5,6,23,0.25755252797001066
9984,19.5,6,24,0.24948914225941948
9984,19.5,6,25,0.24730073748379988
9984,19.5,6,26,0.24697257487362026
9984,19.5,6,27,0.23979316672463272
9984,19.5,6,28,0.23967781903376625
9984,19.5,6,29,0.23739238386346473
9984,19.5,6,30,0.23188461233914096
9984,19.5,6,31,0.23109355853519123
9984,19.5,6,32,0.22742552923024179
9984,19.5,6,33,0.22491343116595178
9984,19.5,6,34,0.22206598919351295
9984,19.5,6,35,0.21662299350425418
9984,19.5,6,36,0.21657991705380697
9984,19.5,6,37,0.2158458207138424
9984,19.5,6,38,0.21456335598452997
9984,19.5,6,39,0.2140273907913382
9984,19.5,6,40,0.21183288246401402
9984,19.5,6,41,0.21083307447605637
9984,19.5,6,42,0.2077061669353231
9984,19.5,6,43,0.20751061277656355
9984,19.5,6,44,0.2038461635267353
9984,19.5,6,45,0.20338234952453974
9984,19.5,6,46,0.20031611258515902
9984,19.5,6,47,0.19945093811182876
9984,19.5,6,48,0.1972330642898
9984,19.5,8,0,0.435712188213588
9984,19.5,8,1,0.4327596100872334
9984,19.5,8,2,0.41646698157850187
9984,19.5,8,3,0.4136449869214114
9984,19.5,8,4,0.4094316224559196
9984,19.5,8,5,0.4060629892753753
9984,19.5,8,6,0.38967712084961076
9984,19.5,8,7,0.38845600210712133
9984,19.5,8,8,0.3789079501015052
9984,19.5,8,9,0.37736131509698834
9984,19.5,8,10,0.375913307948994
9984,19.5,8,11,0.36491339163411796
9984,19.5,8,12,0.3579776254999881
9984,19.5,8,13,0.35763642924668815
9984,19.5,8,14,0.34533095927546037
9984,19.5,8,15,0.3403160418709333
9984,19.5,8,16,0.3399022035184306
9984,19.5,8,17,0.3379910544443471
9984,19.5,8,18,0.32654674179490467
9984,19.5,8,19,0.3236840201836938
9984,19.5,8,20,0.3236016485951962
9984,19.5,8,21,0.3185080224711624
9984,19.5,8,22,0.30858480165134294
9984,19.5,8,23,0.3039511222397255
9984,19.5,8,24,0.30182326930540176
9984,19.5,8,25,0.3017144963834686
9984,19.5,8,26,0.2953629060899789
9984,19.5,8,27,0.28916551053974066
9984,19.5,8,28,0.28914435138685457
9984,19.5,8,29,0.2869924289700456
9984,19.5,8,30,0.28200720671667634
9984,19.5,8,31,0.2738051384335521
9984,19.5,8,32,0.27344823295658854
9984,19.5,8,33,0.2711445793352271
9984,19.5,8,34,0.26532927164148823
9984,19.5,8,35,0.26528991567059196
9984,19.5,8,36,0.2644526570500031
9984,19.5,8,37,0.2573898827072967
9984,19.5,8,38,0.2571260330755653
9984,19.5,8,39,0.2571121500962055
9984,19.5,8,40,0.2524588419300653
9984,19.5,8,41,0.24938241709864206
9984,19.5,8,42,0.24468268381858244
9984,19.5,8,43,0.24322376915535676
9984,19.5,8,44,0.24293137645835794
9984,19.5,8,45,0.238023423137132
9984,19.5,8,46,0.2367248459751944
9984,19.5,8,47,0.2343460670919877
9984,19.5,8,48,0.23430210933250298
9984,19.5,8,49,0.23292899383357005
9984,19.5,8,50,0.23023533713978905
9984,19.5,8,51,0.2302169529410509
9984,19.5,8,52,0.22757650180145672
9984,19.5,8,53,0.22650786184433258
9984,19.5,8,54,0.22399947663013028
9984,19.5,8,55,0.2231032343351768
9984,19.5,8,56,0.22133871274788103
9984,19.5,8,57,0.2197667751602149
9984,19.5,8,58,0.2179135926395738
9984,19.5,8,59,0.21528787337222127
9984,19.5,8,60,0.2142024046702835
9984,19.5,8,61,0.21311170167180146
9984,19.5,8,62,0.21272141278076914
9984,19.5,8,63,0.21204977062137498
9984,19.5,8,64,0.21175322968009333
9984,19.5,8,65,0.21088605618084272
9984,19.5,8,66,0.21043163705543252
9984,19.5,8,67,0.21011670832242818
9984,19.5,8,68,0.20958853163819105
9984,19.5,8,69,0.20738721322844308
9984,19.5,8,70,0.20730859730209783
9984,19.5,8,71,0.20683697625196196
9984,19.5,8,72,0.20461233859123418
9984,19.5,8,73,0.20425618831371667
9984,19.5,8,74,0.20179505351968405
9984,19.5,8,75,0.2010990173161143
9984,19.5,8,76,0.19908472711068695
9984,19.5,8,77,0.19819007426361301
9984,19.5,8,78,0.1966581180131472
9984,19.5,8,79,0.1957137332552028
9984,19.5,8,80,0.1946282076536609
10016,19.5625,2,0,0.37957756798386777
10016,19.5625,2,1,0.34432540740758366
10016,19.5625,2,2,0.3019589433202877
10016,19.5625,2,3,0.2936415415903024
10016,19.5625,2,4,0.2495055638058385
10016,19.5625,2,5,0.24066450108268012
10016,19.5625,2,6,0.23397441711603734
10016,19.5625,2,7,0.22998337762900203
10016,19.5625,2,8,0.21987441622451426
10016,19.5625,4,0,0.4127741572550502
10016,19.5625,4,1,0.4001239826613155
10016,19.5625,4,2,0.36681303103648794
10016,19.5625,4,3,0.36083833648851604
10016,19.5625,4,4,0.3403240603242906
10016,19.5625,4,5,0.3331293394732946
10016,19.5625,4,6,0.3109635962507162
10016,19.5625,4,7,0.3085291622075904
10016,19.5625,4,8,0.2939907748160684
10016,19.5625,4,9,0.2752833499430728
10016,19.5625,4,10,0.27232008745019537
10016,19.5625,4,11,0.2587990501739159
10016,19.5625,4,12,0.2586259877607277
10016,19.5625,4,13,0.2577985550527873
10016,19.5625,4,14,0.24693399163058619
10016,19.5625,4,15,0.23856256138249746
10016,19.5625,4,16,0.22582315604461994
10016,19.5625,4,17,0.2237232382222296
10016,19.5625,4,18,0.22107738035003344
10016,19.5625,4,19,0.21983493003504667
10016,19.5625,4,20,0.21672725759737613
10016,19.5625,4,21,0.21467312204219777
10016,19.5625,4,22,0.20984386448727185
10016,19.5625,4,23,0.20942180283847248
10016,19.5625,4,24,0.20428926794951194
10016,19.5625,6,0,0.42662570707830116
10016,19.5625,6,1,0.42100525642849235
10016,19.5625,6,2,0.3980738308359662
10016,19.5625,6,3,0.39405046585517906
10016,19.5625,6,4,0.38513552737105194
10016,19.5625,6,5,0.38023768930759355
10016,19.5625,6,6,0.3598238360816404
10016,19.5625,6,7,0.35811928673117777
10016,19.5625,6,8,0.34575713428286425
10016,19.5625,6,9,0.3387652408015963
10016,19.5625,6,10,0.33672934432162416
10016,19.5625,6,11,0.32296097533128476
10016,19.5625,6,12,0.31752100001866373
10016,19.5625,6,13,0.3170104199022651
10016,19.5625,6,14,0.3033822927761116
10016,19.5625,6,15,0.2949134642060398
10016,19.5625,6,16,0.29061528826236815
10016,19.5625,6,17,0.28994824598282715
10016,19.5625,6,18,0.2768267284032174
10016,19.5625,6,19,0.2763093288015083
10016,19.5625,6,20,0.27614287038010604
10016,19.5625,6,21,0.2681221101066639
10016,19.5625,6,22,0.2633799170792135
10016,19.5625,6,23,0.25812174729202736
10016,19.5625,6,24,0.25015971891177496
10016,19.5625,6,25,0.24812280296532507
10016,19.5625,6,26,0.247783404024863
10016,19.5625,6,27,0.24076978323616288
10016,19.5625,6,28,0.24064836589868122
10016,19.5625,6,29,0.23841428807447826
10016,19.5625,6,30,0.2329151875649309
10016,19.5625,6,31,0.23226815250680044
10016,19.5625,6,32,0.22858143647849755
10016,19.5625,6,33,0.22600428957042218
10016,19.5625,6,34,0.22325528356926633
10016,19.5625,6,35,0.2180792412711989
10016,19.5625,6,36,0.21780833832986926
10016,19.5625,6,37,0.21727450843666837
10016,19.5625,6,38,0.21606383409582203
10016,19.5625,6,39,0.21550540420823122
10016,19.5625,6,40,0.21329543380295643
10016,19.5625,6,41,0.21233900277931522
10016,19.5625,6,42,0.20916067166113309
10016,19.5625,6,43,0.2090037136340179
10016,19.5625,6,44,0.20533587397940303
10016,19.5625,6,45,0.2048409962830212
10016,19.5625,6,46,0.20180769215475144
10016,19.5625,6,47,0.20092105164356736
10016,19.5625,6,48,0.19873184339534786
10016,19.5625,8,0,0.4335575449008838
10016,19.5625,8,1,0.43062111939235587
10016,19.5625,8,2,0.4144222385816997
10016,19.5625,8,3,0.41162499685982146
10016,19.5625,8,4,0.4074501914373472
10016,19.5625,8,5,0.404114984948676
10016,19.5625,8,6,0.3878935903003921
10016,19.5625,8,7,0.3866872544099846
10016,19.5625,8,8,0.3772624839876621
10016,19.5625,8,9,0.3757442707554768
10016,19.5625,8,10,0.3743143972441487
10016,19.5625,8,11,0.3634742641991107
10016,19.5625,8,12,0.35664366889871035
10016,19.5625,8,13,0.35630575893275485
10016,19.5625,8,14,0.3442171708130733
10016,19.5625,8,15,0.3392902407324424
10016,19.5625,8,16,0.33887909588549375
10016,19.5625,8,17,0.3369874707552757
10016,19.5625,8,18,0.32578255404344103
10016,19.5625,8,19,0.32296252484775345
10016,19.5625,8,20,0.32287991629222623
10016,19.5625,8,21,0.31786242973328904
10016,19.5625,8,22,0.30819100814715633
10016,19.5625,8,23,0.30361071922686167
10016,19.5625,8,24,0.30153578855715735
10016,19.5625,8,25,0.30142582130018536
10016,19.5625,8,26,0.2951637982129206
10016,19.5625,8,27,0.28913832145059465
10016,19.5625,8,28,0.289116601115248
10016,19.5625,8,29,0.28704379403090513
10016,19.5625,8,30,0.2821025963970257
10016,19.5625,8,31,0.2741465478857271
10016,19.5625,8,32,0.27367304371510454
10016,19.5625,8,33,0.27148812921690035
10016,19.5625,8,34,0.26579111967283475
10016,19.5625,8,35,0.2657501794436611
10016,19.5625,8,36,0.2648972149135202
10016,19.5625,8,37,0.2579277133046055
10016,19.5625,8,38,0.25776146039175457
10016,19.5625,8,39,0.2577447612488321
10016,19.5625,8,40,0.2532342516899533
10016,19.5625,8,41,0.25014859836037473
10016,19.5625,8,42,0.24562372027290338
10016,19.5625,8,43,0.24406035103329024
10016,19.5625,8,44,0.24384867887769565
10016,19.5625,8,45,0.2389977813329072
10016,19.5625,8,46,0.23762883043042893
10016,19.5625,8,47,0.23543521304542722
10016,19.5625,8,48,0.23538814448629744
10016,19.5625,8,49,0.23394182841684694
10016,19.5625,8,50,0.23140927770508782
10016,19.5625,8,51,0.2313892855627587
10016,19.5625,8,52,0.22863900864203027
10016,19.5625,8,53,0.22778698742015252
10016,19.5625,8,54,0.22524888209998584
10016,19.5625,8,55,0.2244558067224775
10016,19.5625,8,56,0.22265852577427397
10016,19.5625,8,57,0.2210349131730828
10016,19.5625,8,58,0.21924448078909634
10016,19.5625,8,59,0.21657707108676602
10016,19.5625,8,60,0.2155427260145258
10016,19.5625,8,61,0.2146432512528438
10016,19.5625,8,62,0.21423453931477793
10016,19.5625,8,63,0.2136040909030078
10016,19.5625,8,64,0.21329226327466366
10016,19.5625,8,65,0.21220236173835982
10016,19.5625,8,66,0.2117875281530987
10016,19.5625,8,67,0.21165355713040965
10016,19.5625,8,68,0.21114807697307741
10016,19.5625,8,69,0.2089097526762425
10016,19.5625,8,70,0.2088538516575516
10016,19.5625,8,71,0.20821215069187163
10016,19.5625,8,72,0.20614908771558776
10016,19.5625,8,73,0.20577173142932723
10016,19.5625,8,74,0.20332558374851029
10016,19.5625,8,75,0.20261112361866118
10016,19.5625,8,76,0.20061173595725218
10016,19.5625,8,77,0.19970265581861898
10016,19.5625,8,78,0.19818481975927826
10016,19.5625,8,79,0.19723102480817184
10016,19.5625,8,80,0.19615810264891353
10048,19.625,2,0,0.37805698352623734
10048,19.625,2,1,0.34332741190287547
10048,19.625,2,2,0.3016741794640205
10048,19.625,2,3,0.2934415770874381
10048,19.625,2,4,0.2501874105836118
10048,19.625,2,5,0.2413813631152658
10048,19.625,2,6,0.2350095146881771
10048,19.625,2,7,0.23099321283711466
10048,19.625,2,8,0.22098674257314704
10048,19.625,4,0,0.41085347678037787
10048,19.625,4,1,0.398339453009296
10048,19.625,4,2,0.3654224535653398
10048,19.625,4,3,0.35952720419377154
10048,19.625,4,4,0.339360719382268
10048,19.625,4,5,0.3322581019014867
10048,19.625,4,6,0.3105153873189027
10048,19.625,4,7,0.3080981117568346
10048,19.625,4,8,0.2938150707990618
10048,19.625,4,9,0.2755193488384172
10048,19.625,4,10,0.2725581188543575
10048,19.625,4,11,0.2593643569620356
10048,19.625,4,12,0.25908695939656123
10048,19.625,4,13,0.25834965904867907
10048,19.625,4,14,0.24768888987668441
10048,19.625,4,15,0.23938514745607578
10048,19.625,4,16,0.22704067346625928
10048,19.625,4,17,0.22490667648327337
10048,19.625,4,18,0.22239788224034257
10048,19.625,4,19,0.22112462502969182
10048,19.625,4,20,0.21797167335111672
10048,19.625,4,21,0.21600516910187575
10048,19.625,4,22,0.21112135920253255
10048,19.625,4,23,0.21076103628462578
10048,19.625,4,24,0.20564957895695732
10048,19.625,6,0,0.4245883110809415
10048,19.625,6,1,0.4190105703771663
10048,19.625,6,2,0.3962666279629237
10048,19.625,6,3,0.39229048242564435
10048,19.625,6,4,0.38348584021371784
10048,19.625,6,5,0.378650348651935
10048,19.625,6,6,0.3585144457163952
10048,19.625,6,7,0.35683150008397174
10048,19.625,6,8,0.34466538305101196
10048,19.625,6,9,0.337808998795709
10048,19.625,6,10,0.33579521074360247
10048,19.625,6,11,0.3222620634649878
10048,19.625,6,12,0.31693963999751407
10048,19.625,6,13,0.31643031574517205
10048,19.625,6,14,0.30307598769777283
10048,19.625,6,15,0.2947224013081981
10048,19.625,6,16,0.2905533784414842
10048,19.625,6,17,0.2898829762906283
10048,19.625,6,18,0.27703107575905916
10048,19.625,6,19,0.2765298884149988
10048,19.625,6,20,0.27636009669514494
10048,19.625,6,21,0.26842521487912274
10048,19.625,6,22,0.2638874071348397
10048,19.625,6,23,0.2586593759822877
10048,19.625,6,24,0.25079676148773977
10048,19.625,6,25,0.24890074734971468
10048,19.625,6,26,0.2485507654437123
10048,19.625,6,27,0.2416948463293147
10048,19.625,6,28,0.24156754804190916
10048,19.625,6,29,0.23938073630424306
10048,19.625,6,30,0.2338942279686196
10048,19.625,6,31,0.23337970802596525
10048,19.625,6,32,0.22967863227953728
10048,19.625,6,33,0.22704400627800675
10048,19.625,6,34,0.2243870392411965
10048,19.625,6,35,0.21946341735292643
10048,19.625,6,36,0.2189802213327383
10048,19.625,6,37,0.21863299259845095
10048,19.625,6,38,0.21749036221721363
10048,19.625,6,39,0.21691081458398978
10048,19.625,6,40,0.21468653337994134
10048,19.625,6,41,0.2137710838248186
10048,19.625,6,42,0.21054727532208553
10048,19.625,6,43,0.21042629756531236
10048,19.625,6,44,0.20675760982416097
10048,19.625,6,45,0.2062341992393214
10048,19.625,6,46,0.20323336304125436
10048,19.625,6,47,0.20232743640410814
10048,19.625,6,48,0.20016617384195995
10048,19.625,8,0,0.43147741920644755
10048,19.625,8,1,0.42855766831300723
10048,19.625,8,2,0.412454199955618
10048,19.625,8,3,0.40968398334159617
10048,19.625,8,4,0.4055450128779856
10048,19.625,8,5,0.40224536446064496
10048,19.625,8,6,0.3861839020481537
10048,19.625,8,7,0.3849931939058677
10048,19.625,8,8,0.3756897928558438
10048,19.625,8,9,0.37419585085564083
10048,19.625,8,10,0.3727848380609255
10048,19.625,8,11,0.3621004940700991
10048,19.625,8,12,0.35536891369307594
10048,19.625,8,13,0.35503460065446724
10048,19.625,8,14,0.34315294396311147
10048,19.625,8,15,0.3383098623986976
10048,19.625,8,16,0.3379018225011987
10048,19.625,8,17,0.33603217227757837
10048,19.625,8,18,0.32505113113466955
10048,19.625,8,19,0.3222725297025307
10048,19.625,8,20,0.32218981412704567
10048,19.625,8,21,0.3172479144603481
10048,19.625,8,22,0.3078099830661556
10048,19.625,8,23,0.30328370244806035
10048,19.625,8,24,0.3012580552663267
10048,19.625,8,25,0.30114706704313793
10048,19.625,8,26,0.29497355327073144
10048,19.625,8,27,0.2891075774342274
10048,19.625,8,28,0.2890853289210522
10048,19.625,8,29,0.287085051786003
10048,19.625,8,30,0.28218930790070434
10048,19.625,8,31,0.27446252743526056
10048,19.625,8,32,0.27388544304993806
10048,19.625,8,33,0.27180881947724117
10048,19.625,8,34,0.26622507663149253
10048,19.625,8,35,0.2661826227467079
10048,19.625,8,36,0.2653155842191755
10048,19.625,8,37,0.2584413857893334
10048,19.625,8,38,0.2583601877215257
10048,19.625,8,39,0.2583371210894601
10048,19.625,8,40,0.2539634582402069
10048,19.625,8,41,0.25087204342970915
10048,19.625,8,42,0.2465109306079045
10048,19.625,8,43,0.2448530026533923
10048,19.625,8,44,0.24471530031041178
10048,19.625,8,45,0.23991992921483618
10048,19.625,8,46,0.23848866023404397
10048,19.625,8,47,0.23646745954594628
10048,19.625,8,48,0.23641729972655218
10048,19.625,8,49,0.23490363882585436
10048,19.625,8,50,0.23252237947618742
10048,19.625,8,51,0.23250077449600678
10048,19.625,8,52,0.22965065622050657
10048,19.625,8,53,0.22899844298739586
10048,19.625,8,54,0.22643461370621057
10048,19.625,8,55,0.22573777855608315
10048,19.625,8,56,0.22391118668594834
10048,19.625,8,57,0.22224067506052103
10048,19.625,8,58,0.22050932453368752
10048,19.625,8,59,0.21780555401805024
10048,19.625,8,60,0.2168190044256096
10048,19.625,8,61,0.21609954120839336
10048,19.625,8,62,0.21567340619978348
10048,19.625,8,63,0.2150821906775447
10048,19.625,8,64,0.21475583714564064
10048,19.625,8,65,0.21345904125490325
10048,19.625,8,66,0.21311492681533106
10048,19.625,8,67,0.2130808605380421
10048,19.625,8,68,0.212631002080093
10048,19.625,8,69,0.21035983843974615
10048,19.625,8,70,0.21032519004530995
10048,19.625,8,71,0.20952582869065356
10048,19.625,8,72,0.20761417188152484
10048,19.625,8,73,0.20721725359640034
10048,19.625,8,74,0.2047865888518965
10048,19.625,8,75,0.20405538772766052
10048,19.625,8,76,0.20207110399448158
10048,19.625,8,77,0.2011491477875651
10048,19.625,8,78,0.19964537898010776
10048,19.625,8,79,0.19868347030073305
10048,19.625,8,80,0.19762291944803645
10080,19.6875,2,0,0.3765956784278469
10080,19.6875,2,1,0.3423688465574329
10080,19.6875,2,2,0.3013979494018891
10080,19.6875,2,3,0.29325126670300067
10080,19.6875,2,4,0.2508359369926073
10080,19.6875,2,5,0.24206883371846227
10080,19.6875,2,6,0.23599361287845055
10080,19.6875,2,7,0.23195665391074533
10080,19.6875,2,8,0.2220509408349455
10080,19.6875,4,0,0.40900330049873973
10080,19.6875,4,1,0.396622506903261
10080,19.6875,4,2,0.364087918854737
10080,19.6875,4,3,0.3582727578629912
10080,19.6875,4,4,0.3384358164680429
10080,19.6875,4,5,0.3314256123695535
10080,19.6875,4,6,0.3100832303392842
10080,19.6875,4,7,0.3076846050704084
10080,19.6875,4,8,0.293646641006325
10080,19.6875,4,9,0.2757396150823978
10080,19.6875,4,10,0.2727830313690478
10080,19.6875,4,11,0.2598987327786324
10080,19.6875,4,12,0.2595262636171679
10080,19.6875,4,13,0.2588715463927439
10080,19.6875,4,14,0.24840448788632843
10080,19.6875,4,15,0.2401701267184279
10080,19.6875,4,16,0.22819851603577798
10080,19.6875,4,17,0.22603408709934147
10080,19.6875,4,18,0.22365410204601446
10080,19.6875,4,19,0.22235268843568254
10080,19.6875,4,20,0.2191590630689816
10080,19.6875,4,21,0.21727468434650202
10080,19.6875,4,22,0.21234429321628512
10080,19.6875,4,23,0.2120410099185292
10080,19.6875,4,24,0.20695254048911424
10080,19.6875,6,0,0.4226220622934675
10080,19.6875,6,1,0.41708712123945757
10080,19.6875,6,2,0.39452894530274074
10080,19.6875,6,3,0.390601729485378
10080,19.6875,6,4,0.3819013336252312
10080,19.6875,6,5,0.37712943984710995
10080,19.6875,6,6,0.357259502367657
10080,19.6875,6,7,0.3555991567772305
10080,19.6875,6,8,0.3436227604473919
10080,19.6875,6,9,0.33689215360275404
10080,19.6875,6,10,0.3349015045518521
10080,19.6875,6,11,0.32159475758697337
10080,19.6875,6,12,0.31638159752825373
10080,19.6875,6,13,0.31587413295857397
10080,19.6875,6,14,0.30277950306210355
10080,19.6875,6,15,0.2945398999062013
10080,19.6875,6,16,0.2904898868568339
10080,19.6875,6,17,0.28981708621035185
10080,19.6875,6,18,0.2772206999716829
10080,19.6875,6,19,0.2767353675997557
10080,19.6875,6,20,0.27656256764228365
10080,19.6875,6,21,0.2687135155000024
10080,19.6875,6,22,0.26436359608671867
10080,19.6875,6,23,0.25916831470039076
10080,19.6875,6,24,0.2514034060731145
10080,19.6875,6,25,0.2496379565990876
10080,19.6875,6,26,0.24927811080484294
10080,19.6875,6,27,0.24257233356348337
10080,19.6875,6,28,0.24243939895141087
10080,19.6875,6,29,0.24029624314409345
10080,19.6875,6,30,0.23482607410351303
10080,19.6875,6,31,0.23443318790714185
10080,19.6875,6,32,0.230721904319289
10080,19.6875,6,33,0.22803696285169792
10080,19.6875,6,34,0.22546605146935553
10080,19.6875,6,35,0.22078058316156615
10080,19.6875,6,36,0.2201003226154946
10080,19.6875,6,37,0.21992638313993648
10080,19.6875,6,38,0.21884810334932567
10080,19.6875,6,39,0.2182488528009115
10080,19.6875,6,40,0.21601160199939926
10080,19.6875,6,41,0.21513482642553483
10080,19.6875,6,42,0.21187120300689158
10080,19.6875,6,43,0.2117836943677661
10080,19.6875,6,44,0.2081166060279062
10080,19.6875,6,45,0.2075670934466902
10080,19.6875,6,46,0.20459828594562615
10080,19.6875,6,47,0.20367515083227042
10080,19.6875,6,48,0.20154114500278789
10080,19.6875,8,0,0.4294676133996906
10080,19.6875,8,1,0.4265649891569115
10080,19.6875,8,2,0.4105582476916051
10080,19.6875,8,3,0.4078169962537064
10080,19.6875,8,4,0.4037112386234773
10080,19.6875,8,5,0.40044907179746586
10080,19.6875,8,6,0.384542516476246
10080,19.6875,8,7,0.3833687717707655
10080,19.6875,8,8,0.3741846505227206
10080,19.6875,8,9,0.3727107755583844
10080,19.6875,8,10,0.371319781749416
10080,19.6875,8,11,0.36078729156796424
10080,19.6875,8,12,0.3541487487923649
10080,19.6875,8,13,0.3538184866409596
10080,19.6875,8,14,0.34213459253242084
10080,19.6875,8,15,0.3373713829730274
10080,19.6875,8,16,0.3369669015585477
10080,19.6875,8,17,0.3351215385924109
10080,19.6875,8,18,0.32435011604396263
10080,19.6875,8,19,0.3216116453565725
10080,19.6875,8,20,0.32152891377345366
10080,19.6875,8,21,0.31666225192317404
10080,19.6875,8,22,0.30744089431947813
10080,19.6875,8,23,0.30296930848156756
10080,19.6875,8,24,0.3009893981075251
10080,19.6875,8,25,0.3008775600589696
10080,19.6875,8,26,0.2947918241185344
10080,19.6875,8,27,0.2890736917798179
10080,19.6875,8,28,0.2890509643015863
10080,19.6875,8,29,0.28711722189656963
10080,19.6875,8,30,0.2822684085348617
10080,19.6875,8,31,0.2747552590624632
10080,19.6875,8,32,0.27408687268858856
10080,19.6875,8,33,0.2721088354880589
10080,19.6875,8,34,0.2666334678459435
10080,19.6875,8,35,0.2665895923517814
10080,19.6875,8,36,0.2657103432516893
10080,19.6875,8,37,0.2589463657859577
10080,19.6875,8,38,0.2589252496144273
10080,19.6875,8,39,0.2588795548456401
10080,19.6875,8,40,0.2546502646331131
10080,19.6875,8,41,0.2515564702588909
10080,19.6875,8,42,0.24734862525766355
10080,19.6875,8,43,0.24560565065000498
10080,19.6875,8,44,0.24553549297012664
10080,19.6875,8,45,0.24079439097337066
10080,19.6875,8,46,0.23930831237879266
10080,19.6875,8,47,0.23744718374018975
10080,19.6875,8,48,0.23739400933598223
10080,19.6875,8,49,0.23581887729110337
10080,19.6875,8,50,0.23357930925405535
10080,19.6875,8,51,0.23355611343402574
10080,19.6875,8,52,0.23061591891919536
10080,19.6875,8,53,0.23014741098784366
10080,19.6875,8,54,0.22756172965545765
10080,19.6875,8,55,0.2269544361862104
10080,19.6875,8,56,0.22510191011370928
10080,19.6875,8,57,0.22338913448376788
10080,19.6875,8,58,0.2217133971613157
10080,19.6875,8,59,0.21897832215216742
10080,19.6875,8,60,0.21803640417403283
10080,19.6875,8,61,0.2174858034960874
10080,19.6875,8,62,0.21704331675197486
10080,19.6875,8,63,0.21648935260536764
10080,19.6875,8,64,0.21614930200734794
10080,19.6875,8,65,0.2146610647054775
10080,19.6875,8,66,0.2145063478543506
10080,19.6875,8,67,0.21431675527493022
10080,19.6875,8,68,0.21404286967300556
10080,19.6875,8,69,0.2117428652800697
10080,19.6875,8,70,0.21172804921887536
10080,19.6875,8,71,0.21078304759883704
10080,19.6875,8,72,0.20901295083900037
10080,19.6875,8,73,0.20859806235772294
10080,19.6875,8,74,0.2061833516295766
10080,19.6875,8,75,0.205437039950288
10080,19.6875,8,76,0.20346805239707724
10080,19.6875,8,77,0.20253471528888956
10080,19.6875,8,78,0.20104495648924223
10080,19.6875,8,79,0.2000761712076162
10080,19.6875,8,80,0.19902776419778306
10112,19.75,2,0,0.3751895520799275
10112,19.75,2,1,0.3414469879510843
10112,19.75,2,2,0.30112972998863086
10112,19.75,2,3,0.293070002995524
10112,19.75,2,4,0.25145358830010617
10112,19.75,2,5,0.2427291947582239
10112,19.75,2,6,0.2369304575892161
10112,19.75,2,7,0.23287726643908685
10112,19.75,2,8,0.22307089767459623
10112,19.75,4,0,0.40721895816918074
10112,19.75,4,1,0.3949685588620713
10112,19.75,4,2,0.3628054775525034
10112,19.75,4,3,0.357070736692145
10112,19.75,4,4,0.33754661689177584
10112,19.75,4,5,0.33062898848461225
10112,19.75,4,6,0.309665992841105
10112,19.75,4,7,0.3072873836616818
10112,19.75,4,8,0.2934851956757364
10112,19.75,4,9,0.275945432568232
10112,19.75,4,10,0.2729959943625215
10112,19.75,4,11,0.26040464424251536
10112,19.75,4,12,0.2599459259171549
10112,19.75,4,13,0.2593666194522806
10112,19.75,4,14,0.24908422528324847
10112,19.75,4,15,0.24092079164466138
10112,19.75,4,16,0.22930103531523727
10112,19.75,4,17,0.227109699426844
10112,19.75,4,18,0.2248506778735805
10112,19.75,4,19,0.22352371026138396
10112,19.75,4,20,0.22029396380899766
10112,19.75,4,21,0.21848652778840505
10112,19.75,4,22,0.21351701668299447
10112,19.75,4,23,0.21326637996233316
10112,19.75,4,24,0.20820267816432994
10112,19.75,6,0,0.4207224166358603
10112,19.75,6,1,0.415230285357309
10112,19.75,6,2,0.3928561585902554
10112,19.75,6,3,0.38897904066949923
10112,19.75,6,4,0.3803775502071474
10112,19.75,6,5,0.3756700357625093
10112,19.75,6,6,0.3560551455068316
10112,19.75,6,7,0.3544179598195203
10112,19.75,6,8,0.3426254977004009
10112,19.75,6,9,0.3360118184436248
10112,19.75,6,10,0.3340451066480712
10112,19.75,6,11,0.32095673024357896
10112,19.75,6,12,0.31584516028948606
10112,19.75,6,13,0.3153399963880503
10112,19.75,6,14,0.3024923080604298
10112,19.75,6,15,0.2943656008713128
10112,19.75,6,16,0.29042508077947476
10112,19.75,6,17,0.28975073898091136
10112,19.75,6,18,0.27739714520201675
10112,19.75,6,19,0.27692715979257926
10112,19.75,6,20,0.27675161523684505
10112,19.75,6,21,0.2689885867587774
10112,19.75,6,22,0.2648113452893634
10112,19.75,6,23,0.2596512606507404
10112,19.75,6,24,0.25198251452819825
10112,19.75,6,25,0.25033767000584445
10112,19.75,6,26,0.24996867826528976
10112,19.75,6,27,0.24340602188320445
10112,19.75,6,28,0.24326769271689352
10112,19.75,6,29,0.24116505036832014
10112,19.75,6,30,0.23571472733415166
10112,19.75,6,31,0.23543323830614438
10112,19.75,6,32,0.23171567288935094
10112,19.75,6,33,0.22898713575401503
10112,19.75,6,34,0.2264967263715029
10112,19.75,6,35,0.22203553229532905
10112,19.75,6,36,0.22117294529973466
10112,19.75,6,37,0.22115946512767823
10112,19.75,6,38,0.220141948875654
10112,19.75,6,39,0.21952441940318682
10112,19.75,6,40,0.2172756785937675
10112,19.75,6,41,0.21643536920337436
10112,19.75,6,42,0.2131372809082762
10112,19.75,6,43,0.21308084450471626
10112,19.75,6,44,0.2094176908568225
10112,19.75,6,45,0.20884439552199097
10112,19.75,6,46,0.20590718915770237
10112,19.75,6,47,0.2049687851839627
10112,19.75,6,48,0.20286137342874908
10112,19.75,8,0,0.42752376615687404
10112,19.75,8,1,0.4246386270974736
10112,19.75,8,2,0.4087296478177888
10112,19.75,8,3,0.40601891553042196
10112,19.75,8,4,0.40194418232588813
10112,19.75,8,5,0.39872091538207366
10112,19.75,8,6,0.3829650905049453
10112,19.75,8,7,0.38180876119278706
10112,19.75,8,8,0.37274199099360317
10112,19.75,8,9,0.37128479497224953
10112,19.75,8,10,0.3699142943872014
10112,19.75,8,11,0.35953002945028223
10112,19.75,8,12,0.3529792034153417
10112,19.75,8,13,0.35265304700063804
10112,19.75,8,14,0.34115849321396846
10112,19.75,8,15,0.33647166013758395
10112,19.75,8,16,0.3360709332660166
10112,19.75,8,17,0.334252115739288
10112,19.75,8,18,0.323677179867735
10112,19.75,8,19,0.32097768740468613
10112,19.75,8,20,0.32089483551453646
10112,19.75,8,21,0.3161033346635314
10112,19.75,8,22,0.30708297620803265
10112,19.75,8,23,0.30266682911927095
10112,19.75,8,24,0.3007292834660522
10112,19.75,8,25,0.30061663514362585
10112,19.75,8,26,0.29461828646722926
10112,19.75,8,27,0.2890371726238359
10112,19.75,8,28,0.28901390692806006
10112,19.75,8,29,0.28714138760243496
10112,19.75,8,30,0.28234091609537426
10112,19.75,8,31,0.2750269902836341
10112,19.75,8,32,0.2742786714786922
10112,19.75,8,33,0.27239024236488185
10112,19.75,8,34,0.2670185623883709
10112,19.75,8,35,0.2669733036808398
10112,19.75,8,36,0.2660838945601343
10112,19.75,8,37,0.25946020869304093
10112,19.75,8,38,0.2594595606887653
10112,19.75,8,39,0.2593599048247975
10112,19.75,8,40,0.2552983151538557
10112,19.75,8,41,0.2522053253100809
10112,19.75,8,42,0.2481408708298099
10112,19.75,8,43,0.24632191351546986
10112,19.75,8,44,0.2463132077914754
10112,19.75,8,45,0.24162533282095486
10112,19.75,8,46,0.2400913891219687
10112,19.75,8,47,0.2383785285902819
10112,19.75,8,48,0.2383224071254367
10112,19.75,8,49,0.23669162800255503
10112,19.75,8,50,0.23458446420433643
10112,19.75,8,51,0.23455968028401006
10112,19.75,8,52,0.23153882115348506
10112,19.75,8,53,0.23123874917877063
10112,19.75,8,54,0.22863491563540334
10112,19.75,8,55,0.22811075414397833
10112,19.75,8,56,0.22623554346024422
10112,19.75,8,57,0.22448497032201328
10112,19.75,8,58,0.22286157220288552
10112,19.75,8,59,0.2200999530621329
10112,19.75,8,60,0.21919967739792479
10112,19.75,8,61,0.21880699616722998
10112,19.75,8,62,0.21834924453069257
10112,19.75,8,63,0.21783057854850837
10112,19.75,8,64,0.21747768586887783
10112,19.75,8,65,0.21583383147623064
10112,19.75,8,66,0.21581208361203724
10112,19.75,8,67,0.21549998939159368
10112,19.75,8,68,0.21538878469253644
10112,19.75,8,69,0.21306749987152776
10112,19.75,8,70,0.2130638488897058
10112,19.75,8,71,0.2119883689513102
10112,19.75,8,72,0.21035038959642569
10112,19.75,8,73,0.2099190672656873
10112,19.75,8,74,0.2075207540609455
10112,19.75,8,75,0.20676089405427572
10112,19.75,8,76,0.204807377120055
10112,19.75,8,77,0.20386408489790558
10112,19.75,8,78,0.2023882709027787
10112,19.75,8,79,0.20141375248382812
10112,19.75,8,80,0.20037726143082726
10144,19.8125,2,0,0.37383424069666393
10144,19.8125,2,1,0.34055900179062376
10144,19.8125,2,2,0.300869005605927
10144,19.8125,2,3,0.29289730717166473
10144,19.8125,2,4,0.252042803554175
10144,19.8125,2,5,0.24336475939167618
10144,19.8125,2,6,0.23782375665249753
10144,19.8125,2,7,0.23375857212584417
10144,19.8125,2,8,0.22405041710539897
10144,19.8125,4,0,0.40549522074599503
10144,19.8125,4,1,0.3933725945888059
10144,19.8125,4,2,0.361570860186572
10144,19.8125,4,3,0.35591707987612053
10144,19.8125,4,4,0.3366902948088326
10144,19.8125,4,5,0.329865551985028
10144,19.8125,4,6,0.3092626766410825
10144,19.8125,4,7,0.30690536093152315
10144,19.8125,4,8,0.2933305426464465
10144,19.8125,4,9,0.2761381532108854
10144,19.8125,4,10,0.2731982255277935
10144,19.8125,4,11,0.26088454360607455
10144,19.8125,4,12,0.26034793107923004
10144,19.8125,4,13,0.25983730545699035
10144,19.8125,4,14,0.2497313855524812
10144,19.8125,4,15,0.2416403360329476
10144,19.8125,4,16,0.23035249970852129
10144,19.8125,4,17,0.2281376800205631
10144,19.8125,4,18,0.22599215505278109
10144,19.8125,4,19,0.22464218993882912
10144,19.8125,4,20,0.22138078033359831
10144,19.8125,4,21,0.21964543745617127
10144,19.8125,4,22,0.21464379773329326
10144,19.8125,4,23,0.21444169309096744
10144,19.8125,4,24,0.20940444257959584
10144,19.8125,6,0,0.41888414894279813
10144,19.8125,6,1,0.4134348027046059
10144,19.8125,6,2,0.391242869914714
10144,19.8125,6,3,0.3874172253128802
10144,19.8125,6,4,0.37890944399210813
10144,19.8125,6,5,0.3742673194366889
10144,19.8125,6,6,0.3548972104799907
10144,19.8125,6,7,0.35328387003312656
10144,19.8125,6,8,0.3416701348260633
10144,19.8125,6,9,0.3351651332261429
10144,19.8125,6,10,0.33322315413542336
10144,19.8125,6,11,0.320345901668711
10144,19.8125,6,12,0.3153287858623604
10144,19.8125,6,13,0.3148264020207548
10144,19.8125,6,14,0.3022140124392795
10144,19.8125,6,15,0.2941992412900236
10144,19.8125,6,16,0.2903593272253505
10144,19.8125,6,17,0.2896842907822624
10144,19.8125,6,18,0.2775618978284095
10144,19.8125,6,19,0.2771066734232302
10144,19.8125,6,20,0.2769286699165003
10144,19.8125,6,21,0.26925195776767474
10144,19.8125,6,22,0.2652333530951522
10144,19.8125,6,23,0.2601107847614922
10144,19.8125,6,24,0.2525368249097864
10144,19.8125,6,25,0.251003060499384
10144,19.8125,6,26,0.2506256564899121
10144,19.8125,6,27,0.24419957036189432
10144,19.8125,6,28,0.24405613343475682
10144,19.8125,6,29,0.2419912265704399
10144,19.8125,6,30,0.2365640522445186
10144,19.8125,6,31,0.2363843483615618
10144,19.8125,6,32,0.23266424239062533
10144,19.8125,6,33,0.22989839216819857
10144,19.8125,6,34,0.22748331935638513
10144,19.8125,6,35,0.22323296162913098
10144,19.8125,6,36,0.22233693078606978
10144,19.8125,6,37,0.2222023014242676
10144,19.8125,6,38,0.22137668826355342
10144,19.8125,6,39,0.2207423227351031
10144,19.8125,6,40,0.21848367560326654
10144,19.8125,6,41,0.21767772145982262
10144,19.8125,6,42,0.21435023933800146
10144,19.8125,6,43,0.21432259028058806
10144,19.8125,6,44,0.21066559164239168
10144,19.8125,6,45,0.21007071080612835
10144,19.8125,6,46,0.20716470007260396
10144,19.8125,6,47,0.20621286568184882
10144,19.8125,6,48,0.2041314161523532
10144,19.8125,8,0,0.4256407451324394
10144,19.8125,8,1,0.4227734059832425
10144,19.8125,8,2,0.40696292873539763
10144,19.8125,8,3,0.40428433778335265
10144,19.8125,8,4,0.400238342934314
10144,19.8125,8,5,0.3970555434113406
10144,19.8125,8,6,0.38144611111288484
10144,19.8125,8,7,0.38030802796419305
10144,19.8125,8,8,0.3713568632384259
10144,19.8125,8,9,0.3699128977371839
10144,19.8125,8,10,0.3685636302553905
10144,19.8125,8,11,0.35832432842992906
10144,19.8125,8,12,0.3518560939183378
10144,19.8125,8,13,0.35153433776165455
10144,19.8125,8,14,0.34022138949099906
10144,19.8125,8,15,0.3356076298732669
10144,19.8125,8,16,0.33521098581104464
10144,19.8125,8,17,0.3334208285555188
10144,19.8125,8,18,0.32303031787709563
10144,19.8125,8,19,0.3203686312222937
10144,19.8125,8,20,0.3202857510376018
10144,19.8125,8,21,0.3155693253780271
10144,19.8125,8,22,0.3067357142804293
10144,19.8125,8,23,0.3023756457427753
10144,19.8125,8,24,0.30047729109793775
10144,19.8125,8,25,0.3003639598989422
10144,19.8125,8,26,0.2944527098786542
10144,19.8125,8,27,0.2889985659550471
10144,19.8125,8,28,0.2889747688815475
10144,19.8125,8,29,0.2871586142898161
10144,19.8125,8,30,0.282407801218526
10144,19.8125,8,31,0.275279823711325
10144,19.8125,8,32,0.274462111261271
10144,19.8125,8,33,0.27265501076041215
10144,19.8125,8,34,0.26738256000689037
10144,19.8125,8,35,0.267335996260103
10144,19.8125,8,36,0.2664384934655652
10144,19.8125,8,37,0.2599659278762532
10144,19.8125,8,38,0.2599608627240106
10144,19.8125,8,39,0.2598054205433034
10144,19.8125,8,40,0.255911067795035
10144,19.8125,8,41,0.25282193315071055
10144,19.8125,8,42,0.24889158209763873
10144,19.8125,8,43,0.24705225098964925
10144,19.8125,8,44,0.24700523611212266
10144,19.8125,8,45,0.24241676503237092
10144,19.8125,8,46,0.24084136802853814
10144,19.8125,8,47,0.2392654970129722
10144,19.8125,8,48,0.2392065398278082
10144,19.8125,8,49,0.23752580019382116
10144,19.8125,8,50,0.23554208842875388
10144,19.8125,8,51,0.23551576067927907
10144,19.8125,8,52,0.23242329237206408
10144,19.8125,8,53,0.2322771767035923
10144,19.8125,8,54,0.2296587301735333
10144,19.8125,8,55,0.22921157526797692
10144,19.8125,8,56,0.22731680882689848
10144,19.8125,8,57,0.22553272795386034
10144,19.8125,8,58,0.22395858047619144
10144,19.8125,8,59,0.22117489056499268
10144,19.8125,8,60,0.22031345734893903
10144,19.8125,8,61,0.2200679703606655
10144,19.8125,8,62,0.21959607348686871
10144,19.8125,8,63,0.21911076560731865
10144,19.8125,8,64,0.21874592137399543
10144,19.8125,8,65,0.2171003489046159
10144,19.8125,8,66,0.2169185793483038
10144,19.8125,8,67,0.2166753943142752
10144,19.8125,8,68,0.21663355428777184
10144,19.8125,8,69,0.2143485044569111
10144,19.8125,8,70,0.21432770585337207
10144,19.8125,8,71,0.21314627196381936
10144,19.8125,8,72,0.21163137069682172
10144,19.8125,8,73,0.21118508287011223
10144,19.8125,8,74,0.20880357878711062
10144,19.8125,8,75,0.20803166459836409
10144,19.8125,8,76,0.20609377548692073
10144,19.8125,8,77,0.2051418866933944
10144,19.8125,8,78,0.20367994933322692
10144,19.8125,8,79,0.20270078523685617
10144,19.8125,8,80,0.2016759893274732
10176,19.875,2,0,0.37252694960974503
10176,19.875,2,1,0.33970299410183247
10176,19.875,2,2,0.30061530162155037
10176,19.875,2,3,0.292732751830797
10176,19.875,2,4,0.2526053055522119
10176,19.875,2,5,0.24397715065753017
10176,19.875,2,6,0.23867619878754454
10176,19.875,2,7,0.23460313148463813
10176,19.875,2,8,0.22499226732629765
10176,19.875,4,0,0.4038290501943864
10176,19.875,4,1,0.3918315610544525
10176,19.875,4,2,0.3603811556027781
10176,19.875,4,3,0.35480887262007166
10176,19.875,4,4,0.3358647743864823
10176,19.875,4,5,0.32913330072633884
10176,19.875,4,6,0.3088722540688392
10176,19.875,4,7,0.3065376783026254
10176,19.875,4,8,0.293182438768567
10176,19.875,4,9,0.2763185893083278
10176,19.875,4,10,0.2733905658757314
10176,19.875,4,11,0.26134012771095755
10176,19.875,4,12,0.26073370080610864
10176,19.875,4,13,0.26028532879801175
10176,19.875,4,14,0.2503484158399456
10176,19.875,4,15,0.2423311009512293
10176,19.875,4,16,0.23135605832619888
10176,19.875,4,17,0.22912108182588753
10176,19.875,4,18,0.2270818997032732
10176,19.875,4,19,0.2257114518473009
10176,19.875,4,20,0.22242276073418393
10176,19.875,4,21,0.22075491241823728
10176,19.875,4,22,0.21572774393491434
10176,19.875,4,23,0.21557028893194577
10176,19.875,4,24,0.2105610648093724
10176,19.875,6,0,0.4171044065402689
10176,19.875,6,1,0.41169772571778546
10176,19.875,6,2,0.38968584867893363
10176,19.875,6,3,0.3859128628546603
10176,19.875,6,4,0.3774938099555602
10176,19.875,6,5,0.3729179752788739
10176,19.875,6,6,0.3537826108598899
10176,19.875,6,7,0.3521939926199892
10176,19.875,6,8,0.3407539898769407
10176,19.875,6,9,0.33434974046608135
10176,19.875,6,10,0.33243352318326647
10176,19.875,6,11,0.3197605851474728
10176,19.875,6,12,0.3148309629961335
10176,19.875,6,13,0.3143320713086985
10176,19.875,6,14,0.30194419233092834
10176,19.875,6,15,0.2940405177564138
10176,19.875,6,16,0.2902926331714622
10176,19.875,6,17,0.28961787649908965
10176,19.875,6,18,0.27771602428967446
10176,19.875,6,19,0.2772747604768167
10176,19.875,6,20,0.2770946989860284
10176,19.875,6,21,0.26950472167481604
10176,19.875,6,22,0.26563162257819695
10176,19.875,6,23,0.260548790677336
10176,19.875,6,24,0.2530683627355175
10176,19.875,6,25,0.25163639911997293
10176,19.875,6,26,0.25125137933931435
10176,19.875,6,27,0.2449556642579037
10176,19.875,6,28,0.24480743354684373
10176,19.875,6,29,0.24277781451598746
10176,19.875,6,30,0.23737690779546153
10176,19.875,6,31,0.2372898824936027
10176,19.875,6,32,0.23357078580283022
10176,19.875,6,33,0.2307735677616316
10176,19.875,6,34,0.22842898008515128
10176,19.875,6,35,0.22437635513176327
10176,19.875,6,36,0.2234622522110575
10176,19.875,6,37,0.22319146287584685
10176,19.875,6,38,0.22255587704154212
10176,19.875,6,39,0.2219061254337049
10176,19.875,6,40,0.21963923788133285
10176,19.875,6,41,0.2188656095945528
10176,19.875,6,42,0.21551355590840146
10176,19.875,6,43,0.2155125021788839
10176,19.875,6,44,0.211863780031089
10176,19.875,6,45,0.2112494145988174
10176,19.875,6,46,0.20837419874933583
10176,19.875,6,47,0.2074106697911078
10176,19.875,6,48,0.20535456927629492
10176,19.875,8,0,0.42381585557140716
10176,19.875,8,1,0.4209665574111292
10176,19.875,8,2,0.4052550046512145
10176,19.875,8,3,0.40260995562679236
10176,19.875,8,4,0.39859055539361843
10176,19.875,8,5,0.3954495668113603
10176,19.875,8,6,0.3799822069880586
10176,19.875,8,7,0.37886312344480877
10176,19.875,8,8,0.3700257707056875
10176,19.875,8,9,0.36859172649333083
10176,19.875,8,10,0.3672645013235711
10176,19.875,8,11,0.35716694420332545
10176,19.875,8,12,0.3507762068365443
10176,19.875,8,13,0.35045938172901053
10176,19.875,8,14,0.33932068500386364
10176,19.875,8,15,0.33477669604746985
10176,19.875,8,16,0.3343847399952709
10176,19.875,8,17,0.33262517080694587
10176,19.875,8,18,0.32240783680626994
10176,19.875,8,19,0.3197826007742302
10176,19.875,8,20,0.3197000399109069
10176,19.875,8,21,0.31505866781557973
10176,19.875,8,22,0.3063984393994559
10176,19.875,8,23,0.30209521996192046
10176,19.875,8,24,0.3002327922704767
10176,19.875,8,25,0.30011910196083036
10176,19.875,8,26,0.2942948202607272
10176,19.875,8,27,0.28895804932046293
10176,19.875,8,28,0.28893384548731527
10176,19.875,8,29,0.28716958262856046
10176,19.875,8,30,0.2824697517422887
10176,19.875,8,31,0.27551527876700044
10176,19.875,8,32,0.27463811700282065
10176,19.875,8,33,0.2729045765055582
10176,19.875,8,34,0.26772699640493186
10176,19.875,8,35,0.2676792473039114
10176,19.875,8,36,0.2667758302894186
10176,19.875,8,37,0.26044639889897586
10176,19.875,8,38,0.2604387594056717
10176,19.875,8,39,0.2602294714196087
10176,19.875,8,40,0.2564911184856098
10176,19.875,8,41,0.2534087404307897
10176,19.875,8,42,0.24960368091486082
10176,19.875,8,43,0.24775546085593203
10176,19.875,8,44,0.2476581945722808
10176,19.875,8,45,0.24317165341744018
10176,19.875,8,46,0.24156080455638532
10176,19.875,8,47,0.24011105531638957
10176,19.875,8,48,0.24004937791504258
10176,19.875,8,49,0.23832430629412943
10176,19.875,8,50,0.23645534581728264
10176,19.875,8,51,0.23642749825649498
10176,19.875,8,52,0.23327219902770577
10176,19.875,8,53,0.23326622109289777
10176,19.875,8,54,0.23063656299075813
10176,19.875,8,55,0.2302605162210504
10176,19.875,8,56,0.22834922502942123
10176,19.875,8,57,0.22653575551664373
10176,19.875,8,58,0.2250079293818842
10176,19.875,8,59,0.22220640828404895
10176,19.875,8,60,0.22138114545263018
10176,19.875,8,61,0.22127232990169002
10176,19.875,8,62,0.22078742497368573
10176,19.875,8,63,0.22033355199777954
10176,19.875,8,64,0.21995767159134388
10176,19.875,8,65,0.21831152060629247
10176,19.875,8,66,0.21798190228245432
10176,19.875,8,67,0.21790319795708837
10176,19.875,8,68,0.2177240881770805
10176,19.875,8,69,0.21557473239222477
10176,19.875,8,70,0.21553806521230603
10176,19.875,8,71,0.21426002062120572
10176,19.875,8,72,0.21285948683966666
10176,19.875,8,73,0.21239965260368365
10176,19.875,8,74,0.21003534477899832
10176,19.875,8,75,0.20925280959586728
10176,19.875,8,76,0.20733068782987485
10176,19.875,8,77,0.2063714942850369
10176,19.875,8,78,0.2049233548146639
10176,19.875,8,79,0.20394057081035008
10176,19.875,8,80,0.2029272488280515
10208,19.9375,2,0,0.37126510991667194
10208,19.9375,2,1,0.33887725241435535
10208,19.9375,2,2,0.3003683263843532
10208,19.9375,2,3,0.2925759130132246
10208,19.9375,2,4,0.2531426718897134
10208,19.9375,2,5,0.24456780266927533
10208,19.9375,2,6,0.23949019491672752
10208,19.9375,2,7,0.2354132108103426
10208,19.9375,2,8,0.22589891052969044
10208,19.9375,4,0,0.40221749408115476
10208,19.9375,4,1,0.3903425774333934
10208,19.9375,4,2,0.35923400310980136
10208,19.9375,4,3,0.35374339957907014
10208,19.9375,4,4,0.33506842723754415
10208,19.9375,4,5,0.3284303734823895
10208,19.9375,4,6,0.3084941078810497
10208,19.9375,4,7,0.3061834926177598
10208,19.9375,4,8,0.2930406397710228
10208,19.9375,4,9,0.2764875734001662
10208,19.9375,4,10,0.2735737131180028
10208,19.9375,4,11,0.2617729326815115
10208,19.9375,4,12,0.26110447868018394
10208,19.9375,4,13,0.2607121854108888
10208,19.9375,4,14,0.2509374624516917
10208,19.9375,4,15,0.2429951582703822
10208,19.9375,4,16,0.23231451232220623
10208,19.9375,4,17,0.23006261763675617
10208,19.9375,4,18,0.22812291380221866
10208,19.9375,4,19,0.2267344451089774
10208,19.9375,4,20,0.22342279793841363
10208,19.9375,4,21,0.22181808248245957
10208,19.9375,4,22,0.21677162105811612
10208,19.9375,4,23,0.21665513630343972
10208,19.9375,4,24,0.21167542485514362
10208,19.9375,6,0,0.4153802869461775
10208,19.9375,6,1,0.4100161152670002
10208,19.9375,6,2,0.388182256969741
10208,19.9375,6,3,0.38446267793013433
10208,19.9375,6,4,0.3761279475913883
10208,19.9375,6,5,0.37161887819332534
10208,19.9375,6,6,0.35270911279690176
10208,19.9375,6,7,0.35114565079370935
10208,19.9375,6,8,0.3398746635499811
10208,19.9375,6,9,0.33356401153499643
10208,19.9375,6,10,0.33167423246582783
10208,19.9375,6,11,0.3191992651440845
10208,19.9375,6,12,0.314350763589147
10208,19.9375,6,13,0.31385579194937224
10208,19.9375,6,14,0.3016824597723364
10208,19.9375,6,15,0.29388913538598144
10208,19.9375,6,16,0.2902251862024814
10208,19.9375,6,17,0.2895515501971425
10208,19.9375,6,18,0.27786041606216444
10208,19.9375,6,19,0.2774322704795981
10208,19.9375,6,20,0.2772504642942515
10208,19.9375,6,21,0.2697478243437223
10208,19.9375,6,22,0.2660078782421542
10208,19.9375,6,23,0.26096692561156454
10208,19.9375,6,24,0.2535789085709919
10208,19.9375,6,25,0.25223971021932234
10208,19.9375,6,26,0.2518478615972985
10208,19.9375,6,27,0.24567666654419346
10208,19.9375,6,28,0.24552397023068429
10208,19.9375,6,29,0.24352751666775255
10208,19.9375,6,30,0.23815582188572515
10208,19.9375,6,31,0.23815283348078586
10208,19.9375,6,32,0.23443813699163368
10208,19.9375,6,33,0.2316151846722865
10208,19.9375,6,34,0.22933650118783355
10208,19.9375,6,35,0.22546882756821351
10208,19.9375,6,36,0.22453851584506246
10208,19.9375,6,37,0.22414317155384306
10208,19.9375,6,38,0.2236826999918824
10208,19.9375,6,39,0.22301899769629396
10208,19.9375,6,40,0.22074561863422787
10208,19.9375,6,41,0.2200023554031836
10208,19.9375,6,42,0.2166537688402989
10208,19.9375,6,43,0.21663033298626605
10208,19.9375,6,44,0.2130153493602945
10208,19.9375,6,45,0.21238351017183496
10208,19.9375,6,46,0.20953869325174979
10208,19.9375,6,47,0.2085651193699211
10208,19.9375,6,48,0.2065337705336454
10208,19.9375,8,0,0.4220462549539032
10208,19.9375,8,1,0.4192152141773584
10208,19.9375,8,2,0.4036030293271495
10208,19.9375,8,3,0.40099252099098237
10208,19.9375,8,4,0.39699794941919525
10208,19.9375,8,5,0.39389969293923094
10208,19.9375,8,6,0.37857056353008633
10208,19.9375,8,7,0.3774708630030557
10208,19.9375,8,8,0.36874546943777553
10208,19.9375,8,9,0.3673186886144452
10208,19.9375,8,10,0.3660138699008366
10208,19.9375,8,11,0.3560549352389137
10208,19.9375,8,12,0.3497373419702394
10208,19.9375,8,13,0.3494254772759745
10208,19.9375,8,14,0.33845425216866737
10208,19.9375,8,15,0.33397716207061934
10208,19.9375,8,16,0.3335900687937143
10208,19.9375,8,17,0.3318629348598195
10208,19.9375,8,18,0.32180832321040664
10208,19.9375,8,19,0.31921842082154467
10208,19.9375,8,20,0.3191361827740022
10208,19.9375,8,21,0.31456998106598866
10208,19.9375,8,22,0.3060706332498408
10208,19.9375,8,23,0.3018250206536534
10208,19.9375,8,24,0.29999549713223495
10208,19.9375,8,25,0.29988157205192634
10208,19.9375,8,26,0.29414432570334065
10208,19.9375,8,27,0.288915905468388
10208,19.9375,8,28,0.28889129574453143
10208,19.9375,8,29,0.28717484416651
10208,19.9375,8,30,0.28252731801912684
10208,19.9375,8,31,0.2757346265980114
10208,19.9375,8,32,0.27480745812861157
10208,19.9375,8,33,0.2731401653471117
10208,19.9375,8,34,0.26805324034077566
10208,19.9375,8,35,0.26800438789420233
10208,19.9375,8,36,0.2670973308959545
10208,19.9375,8,37,0.2609027501944582
10208,19.9375,8,38,0.2608935444067538
10208,19.9375,8,39,0.2606357215760366
10208,19.9375,8,40,0.2570407328399441
10208,19.9375,8,41,0.25396791210951064
10208,19.9375,8,42,0.2502797604121047
10208,19.9375,8,43,0.2484253230377308
10208,19.9375,8,44,0.24828303544093117
10208,19.9375,8,45,0.2438926444158675
10208,19.9375,8,46,0.2422519848177266
10208,19.9375,8,47,0.24091780904173732
10208,19.9375,8,48,0.24085354234880693
10208,19.9375,8,49,0.23908971175655475
10208,19.9375,8,50,0.23732700302877102
10208,19.9375,8,51,0.23729769305990409
10208,19.9375,8,52,0.23420902470025606
10208,19.9375,8,53,0.2340881162289631
10208,19.9375,8,54,0.23157142203203548
10208,19.9375,8,55,0.23126079437465982
10208,19.9375,8,56,0.22933591564076197
10208,19.9375,8,57,0.22749705500025194
10208,19.9375,8,58,0.2260127522592253
10208,19.9375,8,59,0.22319741668763238
10208,19.9375,8,60,0.2224233078252375
10208,19.9375,8,61,0.22240578840556732
10208,19.9375,8,62,0.22192652501620988
10208,19.9375,8,63,0.22150220921139263
10208,19.9375,8,64,0.22111619882797034
10208,19.9375,8,65,0.21947019215095237
10208,19.9375,8,66,0.2190780781412441
10208,19.9375,8,67,0.21900541450182026
10208,19.9375,8,68,0.21877206434668536
10208,19.9375,8,69,0.21674946616555443
10208,19.9375,8,70,0.2166981732147296
10208,19.9375,8,71,0.21533251164620423
10208,19.9375,8,72,0.21403794997218847
10208,19.9375,8,73,0.213565937219252
10208,19.9375,8,74,0.21121918141593735
10208,19.9375,8,75,0.2104274014116347
10208,19.9375,8,76,0.20852116814565044
10208,19.9375,8,77,0.2075559135151151
10208,19.9375,8,78,0.20612148757729692
10208,19.9375,8,79,0.20513605340331098
10208,19.9375,8,80,0.20413398655389403
10240,20.0,2,0,0.37004549025286465
10240,20.0,2,1,0.3380796784714534
10240,20.0,2,2,0.3001277632205899
10240,20.0,2,3,0.2924263567242127
10240,20.0,2,4,0.2536567555042959
10240,20.0,2,5,0.24513832019803763
10240,20.0,2,6,0.24026854479445628
10240,20.0,2,7,0.23619135243848927
10240,20.0,2,8,0.22677298664533124
10240,20.0,4,0,0.40065667367584035
10240,20.0,4,1,0.3889019263370213
10240,20.0,4,2,0.35812628942339575
10240,20.0,4,3,0.35271761867515833
10240,20.0,4,4,0.33429922425605757
10240,20.0,4,5,0.3277547397914196
10240,20.0,4,6,0.30812757732189777
10240,20.0,4,7,0.3058420046893516
10240,20.0,4,8,0.29290491031504473
10240,20.0,4,9,0.27664618034574057
10240,20.0,4,10,0.27374853333788063
10240,20.0,4,11,0.2621848308660436
10240,20.0,4,12,0.2614615834164728
10240,20.0,4,13,0.2611196470386764
10240,20.0,4,14,0.2515008564028463
10240,20.0,4,15,0.24363466602516573
10240,20.0,4,16,0.23323108000275644
10240,20.0,4,17,0.23096533310549305
10240,20.0,4,18,0.22911861543105647
10240,20.0,4,19,0.22771449138945543
10240,20.0,4,20,0.22438401805870067
10240,20.0,4,21,0.22283835102200658
10240,20.0,4,22,0.21777839381756525
10240,20.0,4,23,0.21769945007974928
10240,20.0,4,24,0.21275061800004536
10240,20.0,6,0,0.4137079153670274
10240,20.0,6,1,0.4083860688340063
10240,20.0,6,2,0.38672811668145524
10240,20.0,6,3,0.38306279478044003
10240,20.0,6,4,0.374808155195026
10240,20.0,6,5,0.37036642881527077
10240,20.0,6,6,0.3516736987246309
10240,20.0,6,7,0.3501358632373984
10240,20.0,6,8,0.33902955857963296
10240,20.0,6,9,0.3328058948583507
10240,20.0,6,10,0.3309431812671054
10240,20.0,6,11,0.31866034738135884
10240,20.0,6,12,0.3138871092986183
10240,20.0,6,13,0.3133964768595668
10240,20.0,6,14,0.30142854261189433
10240,20.0,6,15,0.2937447815587571
10240,20.0,6,16,0.29015732613611833
10240,20.0,6,17,0.28948558678537256
10240,20.0,6,18,0.2779961436623439
10240,20.0,6,19,0.2775802723259892
10240,20.0,6,20,0.27739704997666487
10240,20.0,6,21,0.2699822320202102
10240,20.0,6,22,0.2663641317748203
10240,20.0,6,23,0.26136695802962445
10240,20.0,6,24,0.254070276319256
10240,20.0,6,25,0.2528153507113017
10240,20.0,6,26,0.2524174594273358
10240,20.0,6,27,0.24636527718620085
10240,20.0,6,28,0.24620846675275326
10240,20.0,6,29,0.24424328897858152
10240,20.0,6,30,0.23897651027493133
10240,20.0,6,31,0.2389034877327217
10240,20.0,6,32,0.23526933720097468
10240,20.0,6,33,0.23242587415484534
10240,20.0,6,34,0.23020884426753752
10240,20.0,6,35,0.22651390702657095
10240,20.0,6,36,0.2255692032644084
10240,20.0,6,37,0.22506030371374963
10240,20.0,6,38,0.22476075339920912
10240,20.0,6,39,0.224084520515837
10240,20.0,6,40,0.2218063864605249
10240,20.0,6,41,0.22109162915681965
10240,20.0,6,42,0.2177498785339672
10240,20.0,6,43,0.21770394858552417
10240,20.0,6,44,0.214123668926474
10240,20.0,6,45,0.21347624924867714
10240,20.0,6,46,0.21066144479215937
10240,20.0,6,47,0.20967936560974534
10240,20.0,6,48,0.20767219682836785
10240,20.0,8,0,0.42032816228206954
10240,20.0,8,1,0.41751554637132565
10240,20.0,8,2,0.40200290224438984
10240,20.0,8,3,0.39942798966050597
10240,20.0,8,4,0.39545644236158345
10240,20.0,8,5,0.3924019224667266
10240,20.0,8,6,0.37720722443419474
10240,20.0,8,7,0.3761274082033562
10240,20.0,8,8,0.3675122949544638
10240,20.0,8,9,0.36609016501730707
10240,20.0,8,10,0.36480821222287013
10240,20.0,8,11,0.35498504227444194
10240,20.0,8,12,0.34873647218854636
10240,20.0,8,13,0.34842969493421483
10240,20.0,8,14,0.33761969973812594
10240,20.0,8,15,0.33320681705459576
10240,20.0,8,16,0.3328248123747375
10240,20.0,8,17,0.3311317649956746
10240,20.0,8,18,0.3212303184318902
10240,20.0,8,19,0.31867466997219557
10240,20.0,8,20,0.3185928241735445
10240,20.0,8,21,0.3141018099237596
10240,20.0,8,22,0.305751999207043
10240,20.0,8,23,0.3015645519907942
10240,20.0,8,24,0.2997651510570459
10240,20.0,8,25,0.2996511547900764
10240,20.0,8,26,0.29400093404304223
10240,20.0,8,27,0.2888725875193304
10240,20.0,8,28,0.2888475953069799
10240,20.0,8,29,0.2871752614815036
10240,20.0,8,30,0.2825811384642222
10240,20.0,8,31,0.27593951691774915
10240,20.0,8,32,0.274970918701235
10240,20.0,8,33,0.2733631724765575
10240,20.0,8,34,0.26836293406897277
10240,20.0,8,35,0.2683130763264674
10240,20.0,8,36,0.26740452788960367
10240,20.0,8,37,0.261337048744959
10240,20.0,8,38,0.26132673836402753
10240,20.0,8,39,0.2610262834887724
10240,20.0,8,40,0.2575625085705412
10240,20.0,8,41,0.2545017818257365
10240,20.0,8,42,0.25092274952353444
10240,20.0,8,43,0.24906457507106647
10240,20.0,8,44,0.24888212901849813
10240,20.0,8,45,0.2445825218893308
10240,20.0,8,46,0.2429172285198216
10240,20.0,8,47,0.24168870141047313
10240,20.0,8,48,0.24162200240453394
10240,20.0,8,49,0.23982470485929722
10240,20.0,8,50,0.23816019219165271
10240,20.0,8,51,0.23812947010064436
10240,20.0,8,52,0.2351090866182018
10240,20.0,8,53,0.2348736766198994
10240,20.0,8,54,0.23246658573322815
10240,20.0,8,55,0.23221601385651905
10240,20.0,8,56,0.23028031457702772
10240,20.0,8,57,0.22841981969023875
10240,20.0,8,58,0.22697641677136743
10240,20.0,8,59,0.22415100571236074
10240,20.0,8,60,0.22352454809900824
10240,20.0,8,61,0.22339063607867582
10240,20.0,8,62,0.22301701859828268
10240,20.0,8,63,0.22262041366007276
10240,20.0,8,64,0.22222519606675084
10240,20.0,8,65,0.22058008461721842
10240,20.0,8,66,0.2202032668176871
10240,20.0,8,67,0.21999214514230317
10240,20.0,8,68,0.21978118957431841
10240,20.0,8,69,0.21787633095028947
10240,20.0,8,70,0.21781159517123036
10240,20.0,8,71,0.21636683728414335
10240,20.0,8,72,0.21517027774864164
10240,20.0,8,73,0.21468739204480422
10240,20.0,8,74,0.21235851670881534
10240,20.0,8,75,0.21155879464403926
10240,20.0,8,76,0.20966855359545256
10240,20.0,8,77,0.20869840414518054
10240,20.0,8,78,0.2072776017716652
10240,20.0,8,79,0.20629042110026893
10240,20.0,8,80,0.2052993949793906
10272,20.0625,2,0,0.36886565266088595
10272,20.0625,2,1,0.33730866234059437
10272,20.0625,2,2,0.29989333091886816
10272,20.0625,2,3,0.2922837117905724
10272,20.0625,2,4,0.2541490214415556
10272,20.0625,2,5,0.24568995878574643
10272,20.0625,2,6,0.24101348744741705
10272,20.0625,2,7,0.2369395844877563
10272,20.0625,2,8,0.2276165934774077
10272,20.0625,4,0,0.39914375233895144
10272,20.0625,4,1,0.38750685080119923
10272,20.0625,4,2,0.35705562714955125
10272,20.0625,4,3,0.35172914058137006
10272,20.0625,4,4,0.33355556195987623
10272,20.0625,4,5,0.3271047740006703
10272,20.0625,4,6,0.3077720648711387
10272,20.0625,4,7,0.3055125372187219
10272,20.0625,4,8,0.29277502250961884
10272,20.0625,4,9,0.2767952128605804
10272,20.0625,4,10,0.2739156889489518
10272,20.0625,4,11,0.26257728515591566
10272,20.0625,4,12,0.26180605150254543
10272,20.0625,4,13,0.2615090957869637
10272,20.0625,4,14,0.25204046697138405
10272,20.0625,4,15,0.24425134615701705
10272,20.0625,4,16,0.23410835588196477
10272,20.0625,4,17,0.23183167330967128
10272,20.0625,4,18,0.23007177568588
10272,20.0625,4,19,0.2286542613025487
10272,20.0625,4,20,0.22530893181222889
10272,20.0625,4,21,0.2238184696739492
10272,20.0625,4,22,0.21875041722763192
10272,20.0625,4,23,0.218705799173464
10272,20.0625,4,24,0.21378909873555235
10272,20.0625,6,0,0.4120845071958737
10272,20.0625,6,1,0.4068047614248293
10272,20.0625,6,2,0.3853204906398809
10272,20.0625,6,3,0.3817102704557344
10272,20.0625,6,4,0.3735316578750272
10272,20.0625,6,5,0.3691578477070524
10272,20.0625,6,6,0.3506740006023037
10272,20.0625,6,7,0.34916229866827475
10272,20.0625,6,8,0.33821657153536455
10272,20.0625,6,9,0.33207371958441323
10272,20.0625,6,10,0.3302386824560088
10272,20.0625,6,11,0.31814251324437226
10272,20.0625,6,12,0.31343907287666933
10272,20.0625,6,13,0.31295317153108343
10272,20.0625,6,14,0.30118214376269115
10272,20.0625,6,15,0.2936071773881815
10272,20.0625,6,16,0.2900892600034102
10272,20.0625,6,17,0.28942012988411503
10272,20.0625,6,18,0.2781240220468336
10272,20.0625,6,19,0.27771960287727215
10272,20.0625,6,20,0.2775352208747023
10272,20.0625,6,21,0.2702087007026102
10272,20.0625,6,22,0.2667019705779044
10272,20.0625,6,23,0.26175029952035034
10272,20.0625,6,24,0.2545439053515634
10272,20.0625,6,25,0.25336520606291174
10272,20.0625,6,26,0.25296201763286175
10272,20.0625,6,27,0.24702366502035752
10272,20.0625,6,28,0.24686308031357784
10272,20.0625,6,29,0.2449275197258575
10272,20.0625,6,30,0.23976358457041402
10272,20.0625,6,31,0.23962207492003615
10272,20.0625,6,32,0.2360668510803528
10272,20.0625,6,33,0.2332077369108855
10272,20.0625,6,34,0.23104839030310725
10272,20.0625,6,35,0.22751446401174927
10272,20.0625,6,36,0.22655711724672623
10272,20.0625,6,37,0.22594515768607545
10272,20.0625,6,38,0.22579297196137713
10272,20.0625,6,39,0.22510558002664605
10272,20.0625,6,40,0.2228244323167538
10272,20.0625,6,41,0.22213640433967857
10272,20.0625,6,42,0.21880365130439713
10272,20.0625,6,43,0.21873711914898752
10272,20.0625,6,44,0.21519143228804707
10272,20.0625,6,45,0.21453021972668174
10272,20.0625,6,46,0.21174504155157656
10272,20.0625,6,47,0.21075590433439795
10272,20.0625,6,48,0.2087723609082041
10272,20.0625,8,0,0.418658883267222
10272,20.0625,8,1,0.41586481536814773
10272,20.0625,8,2,0.4004516255723579
10272,20.0625,8,3,0.3979133985705575
10272,20.0625,8,4,0.39396304371060087
10272,20.0625,8,5,0.3909532721368189
10272,20.0625,8,6,0.3758892346248395
10272,20.0625,8,7,0.37482986593446865
10272,20.0625,8,8,0.3663233553240174
10272,20.0625,8,9,0.36490339212701683
10272,20.0625,8,10,0.3636448287273753
10272,20.0625,8,11,0.35395466029571304
10272,20.0625,8,12,0.3477711821723327
10272,20.0625,8,13,0.3474697189393631
10272,20.0625,8,14,0.33681506705028363
10272,20.0625,8,15,0.3324638554551141
10272,20.0625,8,16,0.3320871986181479
10272,20.0625,8,17,0.33042975279245745
10272,20.0625,8,18,0.32067257489430007
10272,20.0625,8,19,0.31815020190135834
10272,20.0625,8,20,0.318068725543129
10272,20.0625,8,21,0.313652963621416
10272,20.0625,8,22,0.30544219196704075
10272,20.0625,8,23,0.3013133601738765
10272,20.0625,8,24,0.2995415270828471
10272,20.0625,8,25,0.2994275276115759
10272,20.0625,8,26,0.2938643803564503
10272,20.0625,8,27,0.28882838128252447
10272,20.0625,8,28,0.2888030393721365
10272,20.0625,8,29,0.2871714481809852
10272,20.0625,8,30,0.2826316874288558
10272,20.0625,8,31,0.27613119711221673
10272,20.0625,8,32,0.2751290954992074
10272,20.0625,8,33,0.2735747010395057
10272,20.0625,8,34,0.2686573589932431
10272,20.0625,8,35,0.26860658360423373
10272,20.0625,8,36,0.2676986255707554
10272,20.0625,8,37,0.2617509459079363
10272,20.0625,8,38,0.2617397594188461
10272,20.0625,8,39,0.26140256863674644
10272,20.0625,8,40,0.25805850543956005
10272,20.0625,8,41,0.25501224029528624
10272,20.0625,8,42,0.25153499553455166
10272,20.0625,8,43,0.2496754215312853
10272,20.0625,8,44,0.2494573778560866
10272,20.0625,8,45,0.2452435477607348
10272,20.0625,8,46,0.24355839328155285
10272,20.0625,8,47,0.2424261117889284
10272,20.0625,8,48,0.2423571167336956
10272,20.0625,8,49,0.24053145075256757
10272,20.0625,8,50,0.23895742477643525
10272,20.0625,8,51,0.2389253478804067
10272,20.0625,8,52,0.23596923706155515
10272,20.0625,8,53,0.23563099661476988
10272,20.0625,8,54,0.2333247092108886
10272,20.0625,8,55,0.23312909191059494
10272,20.0625,8,56,0.2311852003195973
10272,20.0625,8,57,0.2293066287014039
10272,20.0625,8,58,0.22790164900696952
10272,20.0625,8,59,0.22506965643008192
10272,20.0625,8,60,0.22457902710427008
10272,20.0625,8,61,0.22433830435834703
10272,20.0625,8,62,0.22406185242210114
10272,20.0625,8,63,0.2236911735445598
10272,20.0625,8,64,0.22328765162005207
10272,20.0625,8,65,0.22164421941607618
10272,20.0625,8,66,0.22128179000212378
10272,20.0625,8,67,0.22094449980480835
10272,20.0625,8,68,0.22075403037277583
10272,20.0625,8,69,0.2189582650102527
10272,20.0625,8,70,0.21888122091468987
10272,20.0625,8,71,0.21736545456046188
10272,20.0625,8,72,0.21625931332418932
10272,20.0625,8,73,0.21576679706181898
10272,20.0625,8,74,0.21345609551259434
10272,20.0625,8,75,0.2126496584845412
10272,20.0625,8,76,0.21077548831865964
10272,20.0625,8,77,0.2098015473783848
10272,20.0625,8,78,0.2083942713987546
10272,20.0625,8,79,0.207406193909012
10272,20.0625,8,80,0.2064259972193558
10304,20.125,2,0,0.3677229018015069
10304,20.125,2,1,0.33656244141529595
10304,20.125,2,2,0.29966469654305056
10304,20.125,2,3,0.292147619870841
10304,20.125,2,4,0.254620975994717
10304,20.125,2,5,0.24622407731559612
10304,20.125,2,6,0.24172730838664297
10304,20.125,2,7,0.2376600290692702
10304,20.125,2,8,0.2284319451803362
10304,20.125,4,0,0.3976754949384746
10304,20.125,4,1,0.3861542580353557
10304,20.125,4,2,0.35601947374997495
10304,20.125,4,3,0.35077539938578545
10304,20.125,4,4,0.3328357225867192
10304,20.125,4,5,0.3264787670070009
10304,20.125,4,6,0.3074268601979095
10304,20.125,4,7,0.3051944204796395
10304,20.125,4,8,0.2926507588625676
10304,20.125,4,9,0.276935433512654
10304,20.125,4,10,0.2740758926803704
10304,20.125,4,11,0.2629517509357179
10304,20.125,4,12,0.2621389842256838
10304,20.125,4,13,0.2618819641033888
10304,20.125,4,14,0.252558207377635
10304,20.125,4,15,0.24484701602739609
10304,20.125,4,16,0.23494899721343446
10304,20.125,4,17,0.23266416665500567
10304,20.125,4,18,0.2309852371020229
10304,20.125,4,19,0.2295565116916921
10304,20.125,4,20,0.22620014401977964
10304,20.125,4,21,0.2247612657622039
10304,20.125,4,22,0.2196901766094993
10304,20.125,4,23,0.21967687136382777
10304,20.125,4,24,0.21479345905498928
10304,20.125,6,0,0.4105067720180574
10304,20.125,6,1,0.4052689142858634
10304,20.125,6,2,0.38395625632804553
10304,20.125,6,3,0.38040183582813797
10304,20.125,6,4,0.37229550245905674
10304,20.125,6,5,0.3679900994429473
10304,20.125,6,6,0.349707471633865
10304,20.125,6,7,0.34822248617850393
10304,20.125,6,8,0.3374334826041535
10304,20.125,6,9,0.3313656558893046
10304,20.125,6,10,0.3295589919488204
10304,20.125,6,11,0.3176443884392366
10304,20.125,6,12,0.313005589621833
10304,20.125,6,13,0.31252491932610504
10304,20.125,6,14,0.30094296936268033
10304,20.125,6,15,0.2934760480946037
10304,20.125,6,16,0.29002111505023925
10304,20.125,6,17,0.289355351643668
10304,20.125,6,18,0.2782448885134554
10304,20.125,6,19,0.2778510216640388
10304,20.125,6,20,0.27766581029844334
10304,20.125,6,21,0.2704280484258019
10304,20.125,6,22,0.26702296383200785
10304,20.125,6,23,0.26211841392334945
10304,20.125,6,24,0.2550013360775307
10304,20.125,6,25,0.2538911694913947
10304,20.125,6,26,0.2534834435199805
10304,20.125,6,27,0.24765402799210692
10304,20.125,6,28,0.24749002721057398
10304,20.125,6,29,0.2455826187972158
10304,20.125,6,30,0.2405167551004746
10304,20.125,6,31,0.24031382286625136
10304,20.125,6,32,0.2368332045153401
10304,20.125,6,33,0.2339629853213099
10304,20.125,6,34,0.23185760549686693
10304,20.125,6,35,0.228473444769871
10304,20.125,6,36,0.22750515127372659
10304,20.125,6,37,0.2268001444742054
10304,20.125,6,38,0.22678236619461503
10304,20.125,6,39,0.22608515680156333
10304,20.125,6,40,0.22380271929535936
10304,20.125,6,41,0.2231397309107731
10304,20.125,6,42,0.21981800032205231
10304,20.125,6,43,0.21973266731495672
10304,20.125,6,44,0.21622145703586268
10304,20.125,6,45,0.21554814305699943
10304,20.125,6,46,0.2127922162134956
10304,20.125,6,47,0.2117973719132268
10304,20.125,6,48,0.20983691951716893
10304,20.125,8,0,0.41703512420144195
10304,20.125,8,1,0.41425972792534493
10304,20.125,8,2,0.3989460190886224
10304,20.125,8,3,0.39644532001183197
10304,20.125,8,4,0.3925145794616044
10304,20.125,8,5,0.38955036284519545
10304,20.125,8,6,0.37461346725378203
10304,20.125,8,7,0.37357507031944065
10304,20.125,8,8,0.36517555627055276
10304,20.125,8,9,0.3637554268861187
10304,20.125,8,10,0.3625208028701234
10304,20.125,8,11,0.3529610224615744
10304,20.125,8,12,0.34683887891820536
10304,20.125,8,13,0.34654309820046203
10304,20.125,8,14,0.3360383010052937
10304,20.125,8,15,0.3317463000555762
10304,20.125,8,16,0.33137539677354133
10304,20.125,8,17,0.32975488312527546
10304,20.125,8,18,0.32013381046804046
10304,20.125,8,19,0.317643596000783
10304,20.125,8,20,0.31756277176885567
10304,20.125,8,21,0.31322218767948934
10304,20.125,8,22,0.30514078708293063
10304,20.125,8,23,0.3010710472831003
10304,20.125,8,24,0.2993242228805592
10304,20.125,8,25,0.2992104667227582
10304,20.125,8,26,0.29373439059992024
10304,20.125,8,27,0.28878353818132796
10304,20.125,8,28,0.28875792165764863
10304,20.125,8,29,0.28716396826871543
10304,20.125,8,30,0.28267949576372364
10304,20.125,8,31,0.2763108675577349
10304,20.125,8,32,0.27528265232079324
10304,20.125,8,33,0.27377586458910436
10304,20.125,8,34,0.2689377911458904
10304,20.125,8,35,0.26888620326983276
10304,20.125,8,36,0.2679808849239125
10304,20.125,8,37,0.2621460786913125
10304,20.125,8,38,0.26213418146622447
10304,20.125,8,39,0.2617659982124814
10304,20.125,8,40,0.2585307703711645
10304,20.125,8,41,0.2555012055735511
10304,20.125,8,42,0.2521188421423823
10304,20.125,8,43,0.2502600971084514
10304,20.125,8,44,0.250010743878014
10304,20.125,8,45,0.2458780242677093
10304,20.125,8,46,0.24417744795532936
10304,20.125,8,47,0.24313244393761718
10304,20.125,8,48,0.24306132099488714
10304,20.125,8,49,0.24121218382138954
10304,20.125,8,50,0.2397212646065504
10304,20.125,8,51,0.23968790312087565
10304,20.125,8,52,0.2367923450514528
10304,20.125,8,53,0.23636229602520234
10304,20.125,8,54,0.23414850396260697
10304,20.125,8,55,0.23400299885935352
10304,20.125,8,56,0.23205340918784337
10304,20.125,8,57,0.23016014071293805
10304,20.125,8,58,0.228791242577278
10304,20.125,8,59,0.22595594824007995
10304,20.125,8,60,0.22558980306878973
10304,20.125,8,61,0.2252515070130463
10304,20.125,8,62,0.2250640615305896
10304,20.125,8,63,0.22471758254179092
10304,20.125,8,64,0.22430663940805196
10304,20.125,8,65,0.22266570328493007
10304,20.125,8,66,0.22231678449028208
10304,20.125,8,67,0.2218649961563614
10304,20.125,8,68,0.2216932345856895
10304,20.125,8,69,0.21999829874930998
10304,20.125,8,70,0.21991002901330312
10304,20.125,8,71,0.2183309420062213
10304,20.125,8,72,0.21730799992479546
10304,20.125,8,73,0.2168070413949752
10304,20.125,8,74,0.21451478553501188
10304,20.125,8,75,0.21370280071300968
10304,20.125,8,76,0.21184476679776923
10304,20.125,8,77,0.210868075844996
10304,20.125,8,78,0.2094742260591967
10304,20.125,8,79,0.208486038665486
10304,20.125,8,80,0.20751646423677717
10336,20.1875,2,0,0.3666162350570276
10336,20.1875,2,1,0.3358402772040997
10336,20.1875,2,2,0.299441666625131
10336,20.1875,2,3,0.2920177630195516
10336,20.1875,2,4,0.25507343377800196
10336,20.1875,2,5,0.24674129412405987
10336,20.1875,2,6,0.242411312979752
10336,20.1875,2,7,0.23835381464413313
10336,20.1875,2,8,0.22922018720466153
10336,20.1875,4,0,0.39625097832030226
10336,20.1875,4,1,0.38484314391951435
10336,20.1875,4,2,0.3550168002174781
10336,20.1875,4,3,0.349855101706466
10336,20.1875,4,4,0.3321388965339176
10336,20.1875,4,5,0.3258757471234932
10336,20.1875,4,6,0.3070915161317307
10336,20.1875,4,7,0.30488713042597404
10336,20.1875,4,8,0.2925318573099274
10336,20.1875,4,9,0.27706720273162994
10336,20.1875,4,10,0.2742294099266477
10336,20.1875,4,11,0.26330897888245275
10336,20.1875,4,12,0.262460885287584
10336,20.1875,4,13,0.2622389731874645
10336,20.1875,4,14,0.25305513270630325
10336,20.1875,4,15,0.24542259569595232
10336,20.1875,4,16,0.23575455837067655
10336,20.1875,4,17,0.23346423738806774
10336,20.1875,4,18,0.2318606833374909
10336,20.1875,4,19,0.230422834682055
10336,20.1875,4,20,0.22705909967869908
10336,20.1875,4,21,0.22566836291501582
10336,20.1875,4,22,0.22061412743339734
10336,20.1875,4,23,0.22059896600102452
10336,20.1875,4,24,0.21576504599167953
10336,20.1875,6,0,0.40897395194590674
10336,20.1875,6,1,0.40377769176196776
10336,20.1875,6,2,0.38263444166378485
10336,20.1875,6,3,0.3791361379751036
10336,20.1875,6,4,0.3710986577722187
10336,20.1875,6,5,0.36686180014924624
10336,20.1875,6,6,0.3487730360683717
10336,20.1875,6,7,0.3473151425550655
10336,20.1875,6,8,0.33667903424008144
10336,20.1875,6,9,0.3306807880455013
10336,20.1875,6,10,0.3289030698868153
10336,20.1875,6,11,0.3171650947632819
10336,20.1875,6,12,0.31258596543220274
10336,20.1875,6,13,0.31211100665726293
10336,20.1875,6,14,0.3007106558613693
10336,20.1875,6,15,0.2933510918024984
10336,20.1875,6,16,0.28995282279810525
10336,20.1875,6,17,0.28929118501450835
10336,20.1875,6,18,0.27835909667713477
10336,20.1875,6,19,0.2779748429352673
10336,20.1875,6,20,0.27778912094799374
10336,20.1875,6,21,0.2706406023126331
10336,20.1875,6,22,0.2673279918025382
10336,20.1875,6,23,0.262472037847543
10336,20.1875,6,24,0.2554433175937195
10336,20.1875,6,25,0.25439427510636137
10336,20.1875,6,26,0.2539827637800463
10336,20.1875,6,27,0.24825759985055507
10336,20.1875,6,28,0.2480905481062725
10336,20.1875,6,29,0.2462100140670878
10336,20.1875,6,30,0.24123764947025164
10336,20.1875,6,31,0.2409799557274145
10336,20.1875,6,32,0.23756983092023953
10336,20.1875,6,33,0.2346927689894125
10336,20.1875,6,34,0.23263784140302324
10336,20.1875,6,35,0.22939260434879333
10336,20.1875,6,36,0.22841499831210796
10336,20.1875,6,37,0.2277307371153262
10336,20.1875,6,38,0.22762652862931615
10336,20.1875,6,39,0.22702500670756773
10336,20.1875,6,40,0.22474297906487412
10336,20.1875,6,41,0.22410341018664587
10336,20.1875,6,42,0.2207945845716966
10336,20.1875,6,43,0.2206921679042892
10336,20.1875,6,44,0.21721528948095034
10336,20.1875,6,45,0.21653148030768907
10336,20.1875,6,46,0.2138044186605804
10336,20.1875,6,47,0.21280513321367137
10336,20.1875,6,48,0.21086724258486886
10336,20.1875,8,0,0.4154562564622947
10336,20.1875,8,1,0.41269959468070455
10336,20.1875,8,2,0.39748520063681636
10336,20.1875,8,3,0.3950225812576103
10336,20.1875,8,4,0.3911101297119017
10336,20.1875,8,5,0.38819192447663287
10336,20.1875,8,6,0.37337891196813955
10336,20.1875,8,7,0.3723617083447421
10336,20.1875,8,8,0.3640674159004877
10336,20.1875,8,9,0.36264520416165463
10336,20.1875,8,10,0.36143478950528235
10336,20.1875,8,11,0.35200269269185575
10336,20.1875,8,12,0.345938411814313
10336,20.1875,8,13,0.345648511564497
10336,20.1875,8,14,0.33528820122028485
10336,20.1875,8,15,0.3310531123057361
10336,20.1875,8,16,0.33068828086403046
10336,20.1875,8,17,0.3291059392649598
10336,20.1875,8,18,0.31961312424029426
10336,20.1875,8,19,0.31715405831709387
10336,20.1875,8,20,0.31707400263641766
10336,20.1875,8,21,0.31280865048206113
10336,20.1875,8,22,0.30484732538394854
10336,20.1875,8,23,0.30083716655322185
10336,20.1875,8,24,0.29911289712793054
10336,20.1875,8,25,0.29899957032392466
10336,20.1875,8,26,0.2936106671621945
10336,20.1875,8,27,0.2887380232015057
10336,20.1875,8,28,0.28871220423659966
10336,20.1875,8,29,0.28715301496734286
10336,20.1875,8,30,0.2827246933122793
10336,20.1875,8,31,0.27647916382900184
10336,20.1875,8,32,0.2754318178396827
10336,20.1875,8,33,0.2739672048337054
10336,20.1875,8,34,0.26920484534314904
10336,20.1875,8,35,0.26915256295650575
10336,20.1875,8,36,0.2682519004840993
10336,20.1875,8,37,0.26252331572991305
10336,20.1875,8,38,0.26251082321291985
10336,20.1875,8,39,0.2621172269195599
10336,20.1875,8,40,0.25898051631573893
10336,20.1875,8,41,0.25596973851329585
10336,20.1875,8,42,0.2526756915661318
10336,20.1875,8,43,0.2508198754686495
10336,20.1875,8,44,0.2505432806556631
10336,20.1875,8,45,0.24648726058703055
10336,20.1875,8,46,0.24477539700310666
10336,20.1875,8,47,0.24380908209934943
10336,20.1875,8,48,0.2437359964364454
10336,20.1875,8,49,0.241868121205845
10336,20.1875,8,50,0.240453198844559
10336,20.1875,8,51,0.2404186218895878
10336,20.1875,8,52,0.23758014722157625
10336,20.1875,8,53,0.23706873481371737
10336,20.1875,8,54,0.23493954200546877
10336,20.1875,8,55,0.23483953595666981
10336,20.1875,8,56,0.23288660991591278
10336,20.1875,8,57,0.2309818560759351
10336,20.1875,8,58,0.22964680706888155
10336,20.1875,8,59,0.22681128198555933
10336,20.1875,8,60,0.22655870743300202
10336,20.1875,8,61,0.22613174625207946
10336,20.1875,8,62,0.22602544760407592
10336,20.1875,8,63,0.22570149397935568
10336,20.1875,8,64,0.22528399417142006
10336,20.1875,8,65,0.22364638231622067
10336,20.1875,8,66,0.22331012437245132
10336,20.1875,8,67,0.22275495687121608
10336,20.1875,8,68,0.22260022805763355
10336,20.1875,8,69,0.2209981974810745
10336,20.1875,8,70,0.22089974022459255
10336,20.1875,8,71,0.21926465008510554
10336,20.1875,8,72,0.21831800816725838
10336,20.1875,8,73,0.21780974009085322
10336,20.1875,8,74,0.2155361655958504
10336,20.1875,8,75,0.2147197397849663
10336,20.1875,8,76,0.21287788591026127
10336,20.1875,8,77,0.21189942858176983
10336,20.1875,8,78,0.21051889295775014
10336,20.1875,8,79,0.20953132464069696
10336,20.1875,8,80,0.20857216327313807
10368,20.25,2,0,0.3655432593864823
10368,20.25,2,1,0.3351406262628788
10368,20.25,2,2,0.2992241058991003
10368,20.25,2,3,0.29189373935867496
10368,20.25,2,4,0.25550778326632206
10368,20.25,2,5,0.24724269040013772
10368,20.25,2,6,0.24306755738164804
10368,20.25,2,7,0.23902274024102774
10368,20.25,2,8,0.22998310016406884
10368,20.25,4,0,0.39486722521027984
10368,20.25,4,1,0.38357070975287677
10368,20.25,4,2,0.35404552052113436
10368,20.25,4,3,0.3489659725483355
10368,20.25,4,4,0.3314637731902298
10368,20.25,4,5,0.32529416782253134
10368,20.25,4,6,0.30676569837645346
10368,20.25,4,7,0.30459008488588146
10368,20.25,4,8,0.2924180222010413
10368,20.25,4,9,0.27719134226397485
10368,20.25,4,10,0.27437682919912454
10368,20.25,4,11,0.26365032632581403
10368,20.25,4,12,0.26277256066425714
10368,20.25,4,13,0.262581348671603
10368,20.25,4,14,0.2535328219967959
10368,20.25,4,15,0.24597948004793072
10368,20.25,4,16,0.23652740464112737
10368,20.25,4,17,0.23423406492118834
10368,20.25,4,18,0.23270064023339543
10368,20.25,4,19,0.23125562824730467
10368,20.25,4,20,0.2278879710835282
10368,20.25,4,21,0.22654216353077689
10368,20.25,4,22,0.22151979125989707
10368,20.25,4,23,0.2214787948685746
10368,20.25,4,24,0.2167059639529469
10368,20.25,6,0,0.40748297788550036
10368,20.25,6,1,0.4023280457291236
10368,20.25,6,2,0.38135219395847497
10368,20.25,6,3,0.37791026007775425
10368,20.25,6,4,0.36993855689033406
10368,20.25,6,5,0.36577025909109
10368,20.25,6,6,0.3478688064699733
10368,20.25,6,7,0.34643813985192734
10368,20.25,6,8,0.33595130628191605
10368,20.25,6,9,0.3300178833852892
10368,20.25,6,10,0.328269420866529
10368,20.25,6,11,0.31670339781502305
10368,20.25,6,12,0.31217961380259046
10368,20.25,6,13,0.31171065180198604
10368,20.25,6,14,0.3004849927057717
10368,20.25,6,15,0.2932319220938759
10368,20.25,6,16,0.28988469688088087
10368,20.25,6,17,0.28922779163086515
10368,20.25,6,18,0.27846733696584436
10368,20.25,6,19,0.2780918269833541
10368,20.25,6,20,0.27790588217001577
10368,20.25,6,21,0.2708468863854418
10368,20.25,6,22,0.2676184141192013
10368,20.25,6,23,0.26281232804008403
10368,20.25,6,24,0.2558709717847971
10368,20.25,6,25,0.25487620496043867
10368,20.25,6,26,0.2544616232246674
10368,20.25,6,27,0.2488363020451226
10368,20.25,6,28,0.24866655597640439
10368,20.25,6,29,0.24681176365085236
10368,20.25,6,30,0.24192861416813963
10368,20.25,6,31,0.24162229822548342
10368,20.25,6,32,0.23827883547683593
10368,20.25,6,33,0.23539882347995736
10368,20.25,6,34,0.2333911040311906
10368,20.25,6,35,0.23027456350146636
10368,20.25,6,36,0.22928918861686648
10368,20.25,6,37,0.22864076663942426
10368,20.25,6,38,0.2284262276108046
10368,20.25,6,39,0.22792774385419431
10368,20.25,6,40,0.22564775756241845
10368,20.25,6,41,0.22503008288990767
10368,20.25,6,42,0.22173588182793474
10368,20.25,6,43,0.22161799336527013
10368,20.25,6,44,0.218175284121945
10368,20.25,6,45,0.21748247477945407
10368,20.25,6,46,0.21478389439741458
10368,20.25,6,47,0.21378133396644125
10368,20.25,6,48,0.2118654957520457
10368,20.25,8,0,0.413919215477623
10368,20.25,8,1,0.411181346064295
10368,20.25,8,2,0.3960661055092191
10368,20.25,8,3,0.39364208143504476
10368,20.25,8,4,0.38974669034714077
10368,20.25,8,5,0.38687491897506615
10368,20.25,8,6,0.37218284578487715
10368,20.25,8,7,0.3711869842979364
10368,20.25,8,8,0.36299624079834686
10368,20.25,8,9,0.36157035392849424
10368,20.25,8,10,0.36038425000262464
10368,20.25,8,11,0.3510772863585577
10368,20.25,8,12,0.34506796026308967
10368,20.25,8,13,0.3447838979882258
10368,20.25,8,14,0.33456320481578683
10368,20.25,8,15,0.330383006005077
10368,20.25,8,16,0.3300243335169083
10368,20.25,8,17,0.3284811323370962
10368,20.25,8,18,0.3191095453346546
10368,20.25,8,19,0.3166807388345853
10368,20.25,8,20,0.31660149987794495
10368,20.25,8,21,0.31241117321075745
10368,20.25,8,22,0.30456161311253255
10368,20.25,8,23,0.30061130733009966
10368,20.25,8,24,0.2989074333658276
10368,20.25,8,25,0.2987946736957786
10368,20.25,8,26,0.29349280679563217
10368,20.25,8,27,0.2886921454343383
10368,20.25,8,28,0.28866619570217783
10368,20.25,8,29,0.28713913838706107
10368,20.25,8,30,0.28276764726764503
10368,20.25,8,31,0.2766371938694052
10368,20.25,8,32,0.2755769590484741
10368,20.25,8,33,0.2741496205865895
10368,20.25,8,34,0.2694596532895576
10368,20.25,8,35,0.2694067932877821
10368,20.25,8,36,0.26851263852213747
10368,20.25,8,37,0.26288408703567373
10368,20.25,8,38,0.26287108653416763
10368,20.25,8,39,0.26245719202900086
10368,20.25,8,40,0.25940955256459786
10368,20.25,8,41,0.25641941888426834
10368,20.25,8,42,0.25320761930614016
10368,20.25,8,43,0.2513566464359841
10368,20.25,8,44,0.25105654988379
10368,20.25,8,45,0.2470731375006369
10368,20.25,8,46,0.2453537327663763
10368,20.25,8,47,0.24445812538586384
10368,20.25,8,48,0.24438323840300707
10368,20.25,8,49,0.24250104616889534
10368,20.25,8,50,0.2411554499805758
10368,20.25,8,51,0.24111973786245755
10368,20.25,8,52,0.23833515055242566
10368,20.25,8,53,0.23775203454303623
10368,20.25,8,54,0.23570012163389972
10368,20.25,8,55,0.23564130462548774
10368,20.25,8,56,0.23368723180999842
10368,20.25,8,57,0.2317739762932962
10368,20.25,8,58,0.23047068861951095
10368,20.25,8,59,0.22763775524620794
10368,20.25,8,60,0.22748846527811536
10368,20.25,8,61,0.22698126263643348
10368,20.25,8,62,0.22694868371865337
10368,20.25,8,63,0.22664566596046798
10368,20.25,8,64,0.22622243036347195
10368,20.25,8,65,0.22458896179576623
10368,20.25,8,66,0.22426455952941549
10368,20.25,8,67,0.22361639996304522
10368,20.25,8,68,0.22347715984432268
10368,20.25,8,69,0.2219605840880274
10368,20.25,8,70,0.22185291345775476
10368,20.25,8,71,0.2201686567515323
10368,20.25,8,72,0.21929184315075645
10368,20.25,8,73,0.21877733082695608
10368,20.25,8,74,0.21652264252709766
10368,20.25,8,75,0.2157028114468965
10368,20.25,8,76,0.21387716193613573
10368,20.25,8,77,0.21289784667031036
10368,20.25,8,78,0.21153050708068402
10368,20.25,8,79,0.21054422771793863
10368,20.25,8,80,0.209595275454599
10400,20.3125,2,0,0.36450213384698327
10400,20.3125,2,1,0.3344622740800892
10400,20.3125,2,2,0.29901181954337963
10400,20.3125,2,3,0.291775235118954
10400,20.3125,2,4,0.2559251339702572
10400,20.3125,2,5,0.24772914171999239
10400,20.3125,2,6,0.24369773457151422
10400,20.3125,2,7,0.23966827022341647
10400,20.3125,2,8,0.23072213169556505
10400,20.3125,4,0,0.3935220734484074
10400,20.3125,4,1,0.3823348636099352
10400,20.3125,4,2,0.3531038798218512
10400,20.3125,4,3,0.34810619499347917
10400,20.3125,4,4,0.3308091795358758
10400,20.3125,4,5,0.3247327947070036
10400,20.3125,4,6,0.3064489877483914
10400,20.3125,4,7,0.3043027654077189
10400,20.3125,4,8,0.2923090478770651
10400,20.3125,4,9,0.2773084677526546
10400,20.3125,4,10,0.27451860564181246
10400,20.3125,4,11,0.26397688743978753
10400,20.3125,4,12,0.26307469414860846
10400,20.3125,4,13,0.26291009558644585
10400,20.3125,4,14,0.2539925710727262
10400,20.3125,4,15,0.24651882049862167
10400,20.3125,4,16,0.23726950075591866
10400,20.3125,4,17,0.2349754474270784
10400,20.3125,4,18,0.233507212509233
10400,20.3125,4,19,0.23205687401048652
10400,20.3125,4,20,0.2286885283231891
10400,20.3125,4,21,0.2273846441675136
10400,20.3125,4,22,0.22239566600824795
10400,20.3125,4,23,0.22233128570457597
10400,20.3125,4,24,0.21761790631006292
10400,20.3125,6,0,0.40603170711031533
10400,20.3125,6,1,0.40091781379871455
10400,20.3125,6,2,0.38010737822534924
10400,20.3125,6,3,0.37672191624713913
10400,20.3125,6,4,0.36881316452601076
10400,20.3125,6,5,0.36471334024757673
10400,20.3125,6,6,0.34699303318782587
10400,20.3125,6,7,0.3455897099037949
10400,20.3125,6,8,0.3352487250413261
10400,20.3125,6,9,0.3293757211387236
10400,20.3125,6,10,0.3276567773909702
10400,20.3125,6,11,0.3162583109221648
10400,20.3125,6,12,0.31178586436970046
10400,20.3125,6,13,0.3113231654413764
10400,20.3125,6,14,0.30026576346230793
10400,20.3125,6,15,0.2931182968542543
10400,20.3125,6,16,0.2898169004041202
10400,20.3125,6,17,0.2891652828640561
10400,20.3125,6,18,0.2785701696404424
10400,20.3125,6,19,0.27820258006779075
10400,20.3125,6,20,0.2780166640973466
10400,20.3125,6,21,0.27104737472193546
10400,20.3125,6,22,0.2678953651882921
10400,20.3125,6,23,0.26314022311256696
10400,20.3125,6,24,0.2562852393568556
10400,20.3125,6,25,0.25533835414221273
10400,20.3125,6,26,0.2549213690448603
10400,20.3125,6,27,0.24939173282627347
10400,20.3125,6,28,0.24921962711002568
10400,20.3125,6,29,0.24738957047413648
10400,20.3125,6,30,0.24259158823758017
10400,20.3125,6,31,0.24224233478111953
10400,20.3125,6,32,0.23896195061836126
10400,20.3125,6,33,0.23608256390929758
10400,20.3125,6,34,0.23411902230701553
10400,20.3125,6,35,0.23112150773357867
10400,20.3125,6,36,0.23012981812086375
10400,20.3125,6,37,0.22951469172599406
10400,20.3125,6,38,0.22920079963163265
10400,20.3125,6,39,0.22879553908555572
10400,20.3125,6,40,0.22651915701685968
10400,20.3125,6,41,0.22592193269314395
10400,20.3125,6,42,0.22264393290138618
10400,20.3125,6,43,0.22251208678558745
10400,20.3125,6,44,0.2191033584291775
10400,20.3125,6,45,0.21840293796371482
10400,20.3125,6,46,0.2157324509710864
10400,20.3125,6,47,0.21472769790185345
10400,20.3125,6,48,0.21283341623074883
10400,20.3125,8,0,0.41242189964277237
10400,20.3125,8,1,0.40970286090526603
10400,20.3125,8,2,0.39468659337856493
10400,20.3125,8,3,0.3923014851404287
10400,20.3125,8,4,0.3884221111940838
10400,20.3125,8,5,0.38559700951882586
10400,20.3125,8,6,0.37102312381805214
10400,20.3125,8,7,0.3700486598045099
10400,20.3125,8,8,0.3619598193428098
10400,20.3125,8,9,0.3605288398194575
10400,20.3125,8,10,0.3593671129130952
10400,20.3125,8,11,0.3501828327569
10400,20.3125,8,12,0.3442257119771905
10400,20.3125,8,13,0.3439475177939872
10400,20.3125,8,14,0.3338618512161042
10400,20.3125,8,15,0.3297346465534732
10400,20.3125,8,16,0.32938224514728315
10400,20.3125,8,17,0.32787905773925946
10400,20.3125,8,18,0.31862216639883734
10400,20.3125,8,19,0.31622278416538824
10400,20.3125,8,20,0.31614439850037246
10400,20.3125,8,21,0.3120288732817095
10400,20.3125,8,22,0.30428344156294407
10400,20.3125,8,23,0.3003931232171179
10400,20.3125,8,24,0.2987076610027282
10400,20.3125,8,25,0.29859557793124225
10400,20.3125,8,26,0.29338057373010795
10400,20.3125,8,27,0.2886461582948335
10400,20.3125,8,28,0.2886200881985406
10400,20.3125,8,29,0.2871228016386669
10400,20.3125,8,30,0.28280864741209805
10400,20.3125,8,31,0.2767858668076356
10400,20.3125,8,32,0.2757184332046169
10400,20.3125,8,33,0.27432386847865065
10400,20.3125,8,34,0.26970315745577234
10400,20.3125,8,35,0.269649801123317
10400,20.3125,8,36,0.2687638721825293
10400,20.3125,8,37,0.26322957151100657
10400,20.3125,8,38,0.2632161313282114
10400,20.3125,8,39,0.2627866894806694
10400,20.3125,8,40,0.2598193606779952
10400,20.3125,8,41,0.2568515551996227
10400,20.3125,8,42,0.253716333215444
10400,20.3125,8,43,0.2518719604087195
10400,20.3125,8,44,0.25155182023419653
10400,20.3125,8,45,0.24763720870625963
10400,20.3125,8,46,0.2459136861562044
10400,20.3125,8,47,0.24508131388567658
10400,20.3125,8,48,0.2450047863080266
10400,20.3125,8,49,0.24311241125436875
10400,20.3125,8,50,0.2418298701816398
10400,20.3125,8,51,0.24179309991594428
10400,20.3125,8,52,0.2390594423805285
10400,20.3125,8,53,0.238413608013783
10400,20.3125,8,54,0.23643213571531035
10400,20.3125,8,55,0.23641048209890494
10400,20.3125,8,56,0.2344572817387503
10400,20.3125,8,57,0.23253830599440992
10400,20.3125,8,58,0.23126481719918257
10400,20.3125,8,59,0.22843706711368048
10400,20.3125,8,60,0.2283813492056496
10400,20.3125,8,61,0.22783599339049243
10400,20.3125,8,62,0.22780188227074274
10400,20.3125,8,63,0.22755239654569556
10400,20.3125,8,64,0.22712420970021385
10400,20.3125,8,65,0.22549568145635338
10400,20.3125,8,66,0.22518236875155376
10400,20.3125,8,67,0.22445095984390617
10400,20.3125,8,68,0.2243257646469461
10400,20.3125,8,69,0.22288762338408336
10400,20.3125,8,70,0.22277165990163675
10400,20.3125,8,71,0.22104464028868656
10400,20.3125,8,72,0.22023157100505952
10400,20.3125,8,73,0.2197118153687115
10400,20.3125,8,74,0.21747618225341397
10400,20.3125,8,75,0.21665390693879172
10400,20.3125,8,76,0.2148444630430623
10400,20.3125,8,77,0.2138651308523317
10400,20.3125,8,78,0.21251086240149542
10400,20.3125,8,79,0.2115264912991008
10400,20.3125,8,80,0.21058754698262985
10432,20.375,2,0,0.36349096579082746
10432,20.375,2,1,0.33380398457266763
10432,20.375,2,2,0.2988046286029354
10432,20.375,2,3,0.29166194046183236
10432,20.375,2,4,0.2563265931136491
10432,20.375,2,5,0.24820151527338258
10432,20.375,2,6,0.24430351462365316
10432,20.375,2,7,0.24029185744608905
10432,20.375,2,8,0.2314386948271118
10432,20.375,4,0,0.39221320461235737
10432,20.375,4,1,0.38113341266468354
10432,20.375,4,2,0.3521901164218375
10432,20.375,4,3,0.34727403104892385
10432,20.375,4,4,0.3301739699106038
10432,20.375,4,5,0.32419043518974827
10432,20.375,4,6,0.30614099985032456
10432,20.375,4,7,0.3040247034610708
10432,20.375,4,8,0.29220468295200097
10432,20.375,4,9,0.2774191809162364
10432,20.375,4,10,0.27465520263860604
10432,20.375,4,11,0.2642897245450315
10432,20.375,4,12,0.26336790855689673
10432,20.375,4,13,0.26322618839361395
10432,20.375,4,14,0.25443562520466595
10432,20.375,4,15,0.24704170958177155
10432,20.375,4,16,0.23798278659693856
10432,20.375,4,17,0.235690157446742
10432,20.375,4,18,0.23428248068323718
10432,20.375,4,19,0.23282853533691536
10432,20.375,4,20,0.22946251317475708
10432,20.375,4,21,0.2281977442862663
10432,20.375,4,22,0.22324353624433052
10432,20.375,4,23,0.22315803596216338
10432,20.375,4,24,0.21850254627936422
10432,20.375,6,0,0.40461776737944477
10432,20.375,6,1,0.39954463187208084
10432,20.375,6,2,0.3788976527041769
10432,20.375,6,3,0.37556890042830837
10432,20.375,6,4,0.36772035161031397
10432,20.375,6,5,0.3636890019276228
10432,20.375,6,6,0.34614406125529507
10432,20.375,6,7,0.34476819868117703
10432,20.375,6,8,0.3345697969798796
10432,20.375,6,9,0.32875316845843555
10432,20.375,6,10,0.32706396369616614
10432,20.375,6,11,0.31582885570510344
10432,20.375,6,12,0.3114041065148081
10432,20.375,6,13,0.3109479135536892
10432,20.375,6,14,0.3000527412981435
10432,20.375,6,15,0.29300988915880316
10432,20.375,6,16,0.2897495929089567
10432,20.375,6,17,0.2891037696289851
10432,20.375,6,18,0.27866810536280606
10432,20.375,6,19,0.278307655731925
10432,20.375,6,20,0.2781220231844629
10432,20.375,6,21,0.27124245883826886
10432,20.375,6,22,0.26815989986481437
10432,20.375,6,23,0.2634566237851793
10432,20.375,6,24,0.25668698717462707
10432,20.375,6,25,0.2557820666776894
10432,20.375,6,26,0.25536332110482396
10432,20.375,6,27,0.24992543934669584
10432,20.375,6,28,0.2497513067194934
10432,20.375,6,29,0.24794507799194387
10432,20.375,6,30,0.24322846527907965
10432,20.375,6,31,0.24284151767521142
10432,20.375,6,32,0.23962086091227697
10432,20.375,6,33,0.23674535591566367
10432,20.375,6,34,0.23482319577022315
10432,20.375,6,35,0.2319356008858025
10432,20.375,6,36,0.23093896589139337
10432,20.375,6,37,0.23035473044966734
10432,20.375,6,38,0.2299517581330831
10432,20.375,6,39,0.22963054371700758
10432,20.375,6,40,0.2273592484943481
10432,20.375,6,41,0.22678111797899234
10432,20.375,6,42,0.22352074918051526
10432,20.375,6,43,0.22337636037404998
10432,20.375,6,44,0.22000140422750555
10432,20.375,6,45,0.21929466769044914
10432,20.375,6,46,0.2166518872935643
10432,20.375,6,47,0.2156459316674311
10432,20.375,6,48,0.21377272704430228
10432,20.375,8,0,0.41096196307076815
10432,20.375,8,1,0.40826177655816304
10432,20.375,8,2,0.3933441566274436
10432,20.375,8,3,0.3909984432709838
10432,20.375,8,4,0.3871339354208033
10432,20.375,8,5,0.3843558987078357
10432,20.375,8,6,0.3698974889260691
10432,20.375,8,7,0.368944570769535
10432,20.375,8,8,0.36095610607592693
10432,20.375,8,9,0.3595186493885903
10432,20.375,8,10,0.3583814148739847
10432,20.375,8,11,0.3493175023251187
10432,20.375,8,12,0.3434100480867594
10432,20.375,8,13,0.34313775855467915
10432,20.375,8,14,0.33318283489189743
10432,20.375,8,15,0.3291068373311667
10432,20.375,8,16,0.3287608137651155
10432,20.375,8,17,0.3272983172372049
10432,20.375,8,18,0.31815014692863736
10432,20.375,8,19,0.3157793972689254
10432,20.375,8,20,0.31570191937654046
10432,20.375,8,21,0.3116608113560155
10432,20.375,8,22,0.30401255875152833
10432,20.375,8,23,0.30018224976978697
10432,20.375,8,24,0.2985133951640535
10432,20.375,8,25,0.29840210965832265
10432,20.375,8,26,0.29327362953533104
10432,20.375,8,27,0.288600231420278
10432,20.375,8,28,0.2885740957232303
10432,20.375,8,29,0.2871043832677693
10432,20.375,8,30,0.2828479491931644
10432,20.375,8,31,0.2769260169065316
10432,20.375,8,32,0.275856506407749
10432,20.375,8,33,0.27449063671008833
10432,20.375,8,34,0.26993622398131484
10432,20.375,8,35,0.26988247260923415
10432,20.375,8,36,0.2690063405766932
10432,20.375,8,37,0.2635608852555271
10432,20.375,8,38,0.2635470785385667
10432,20.375,8,39,0.2631064225131968
10432,20.375,8,40,0.26021136769732545
10432,20.375,8,41,0.25726739304261276
10432,20.375,8,42,0.25420348700266765
10432,20.375,8,43,0.25236732439860615
10432,20.375,8,44,0.252030324683326
10432,20.375,8,45,0.24818096160718928
10432,20.375,8,46,0.2464564157746481
10432,20.375,8,47,0.24568034319957946
10432,20.375,8,48,0.2456023434687802
10432,20.375,8,49,0.24370363270169113
10432,20.375,8,50,0.2424782667826443
10432,20.375,8,51,0.2424405241677331
10432,20.375,8,52,0.23975506220760767
10432,20.375,8,53,0.23905479835133048
10432,20.375,8,54,0.23714920074947377
10432,20.375,8,55,0.23713744004679535
10432,20.375,8,56,0.23519873076453648
10432,20.375,8,57,0.23327660370387024
10432,20.375,8,58,0.23203108162685993
10432,20.375,8,59,0.22923961544307556
10432,20.375,8,60,0.2292108908411464
10432,20.375,8,61,0.2286895811941625
10432,20.375,8,62,0.22859539323245812
10432,20.375,8,63,0.22842397058886912
10432,20.375,8,64,0.22799157348893584
10432,20.375,8,65,0.22636875933470724
10432,20.375,8,66,0.22606581117752828
10432,20.375,8,67,0.22526023185381183
10432,20.375,8,68,0.2251477554746784
10432,20.375,8,69,0.2237814634853658
10432,20.375,8,70,0.22365806780225642
10432,20.375,8,71,0.22189424721673387
10432,20.375,8,72,0.2211392288307636
10432,20.375,8,73,0.22061516370801248
10432,20.375,8,74,0.21839872218320686
10432,20.375,8,75,0.21757490076610117
10432,20.375,8,76,0.21578164864151536
10432,20.375,8,77,0.21480307612212365
10432,20.375,8,78,0.21346174838194643
10432,20.375,8,79,0.21247984622021376
10432,20.375,8,80,0.21155071211979629
10464,20.4375,2,0,0.36250827742670017
10464,20.4375,2,1,0.3331647683095391
10464,20.4375,2,2,0.2986023843601102
10464,20.4375,2,3,0.29155353596062655
10464,20.4375,2,4,0.25671310453372703
10464,20.4375,2,5,0.24866047887782614
10464,20.4375,2,6,0.24488634376574758
10464,20.4375,2,7,0.24089469427342433
10464,20.4375,2,8,0.23213391545416825
10464,20.4375,4,0,0.3909389273587584
10464,20.4375,4,1,0.3799647006605558
10464,20.4375,4,2,0.3513028016344788
10464,20.4375,4,3,0.3464679772502825
10464,20.4375,4,4,0.329557189117812
10464,20.4375,4,5,0.3236660295599411
10464,20.4375,4,6,0.30584139405022526
10464,20.4375,4,7,0.30375544512000974
10464,20.4375,4,8,0.29210467099356247
10464,20.4375,4,9,0.27752400843496566
10464,20.4375,4,10,0.2747869668540086
10464,20.4375,4,11,0.2645897645123389
10464,20.4375,4,12,0.26365268596047353
10464,20.4375,4,13,0.26353044137590154
10464,20.4375,4,14,0.25486301536238676
10464,20.4375,4,15,0.247549014398022
10464,20.4375,4,16,0.2386689481270352
10464,20.4375,4,17,0.23637968691468808
10464,20.4375,4,18,0.23502825572146022
10464,20.4375,4,19,0.2335722776504849
10464,20.4375,4,20,0.2302113493600467
10464,20.4375,4,21,0.22898307979434
10464,20.4375,4,22,0.22406484415357336
10464,20.4375,4,23,0.2239603141990744
10464,20.4375,4,24,0.21936120842181595
10464,20.4375,6,0,0.4032395113028573
10464,20.4375,6,1,0.3982068248233333
10464,20.4375,6,2,0.37772128967511476
10464,20.4375,6,3,0.37444940428855716
10464,20.4375,6,4,0.3666584657528871
10464,20.4375,6,5,0.3626955202986357
10464,20.4375,6,6,0.3453204379360277
10464,20.4375,6,7,0.3439721751658342
10464,20.4375,6,8,0.3339131704098233
10464,20.4375,6,9,0.32814921610749065
10464,20.4375,6,10,0.32648992767738155
10464,20.4375,6,11,0.3154141406737612
10464,20.4375,6,12,0.3110337712985899
10464,20.4375,6,13,0.31058431568261174
10464,20.4375,6,14,0.299845707872602
10464,20.4375,6,15,0.2929063932044418
10464,20.4375,6,16,0.2896829107209092
10464,20.4375,6,17,0.2890433202299275
10464,20.4375,6,18,0.2787615664744067
10464,20.4375,6,19,0.2784075397725159
10464,20.4375,6,20,0.2782224219767577
10464,20.4375,6,21,0.2714324334222257
10464,20.4375,6,22,0.26841294050163
10464,20.4375,6,23,0.2637622558742603
10464,20.4375,6,24,0.2570768935476447
10464,20.4375,6,25,0.25620851398977895
10464,20.4375,6,26,0.2557885921220298
10464,20.4375,6,27,0.2504387555076603
10464,20.4375,6,28,0.25026291161216835
10464,20.4375,6,29,0.2484796824529446
10464,20.4375,6,30,0.2438408603826382
10464,20.4375,6,31,0.24342102456555356
10464,20.4375,6,32,0.24025697211924535
10464,20.4375,6,33,0.2373882823652758
10464,20.4375,6,34,0.23550490579685765
10464,20.4375,6,35,0.23271872780875352
10464,20.4375,6,36,0.2317184085687111
10464,20.4375,6,37,0.231162818321006
10464,20.4375,6,38,0.23068031072106393
10464,20.4375,6,39,0.23043460084020476
10464,20.4375,6,40,0.22816977224456778
10464,20.4375,6,41,0.22760946762533396
10464,20.4375,6,42,0.22436799864883122
10464,20.4375,6,43,0.22421238787538605
10464,20.4375,6,44,0.2208709637759969
10464,20.4375,6,45,0.22015910554931659
10464,20.4375,6,46,0.21754364066210752
10464,20.4375,6,47,0.21653738453935273
10464,20.4375,6,48,0.21468478678589115
10464,20.4375,8,0,0.40953780509123255
10464,20.4375,8,1,0.4068564712105052
10464,20.4375,8,2,0.3920370842483166
10464,20.4375,8,3,0.38973115788208557
10464,20.4375,8,4,0.38588043158712604
10464,20.4375,8,5,0.3831497667150752
10464,20.4375,8,6,0.3688041223194794
10464,20.4375,8,7,0.3678729886958151
10464,20.4375,8,8,0.3599832908431487
10464,20.4375,8,9,0.3585380765692821
10464,20.4375,8,10,0.3574255190127811
10464,20.4375,8,11,0.34847964853218594
10464,20.4375,8,12,0.3426194292794711
10464,20.4375,8,13,0.34235324410341283
10464,20.4375,8,14,0.332524936476997
10464,20.4375,8,15,0.3284984470685829
10464,20.4375,8,16,0.32815897884722517
10464,20.4375,8,17,0.32673766187367553
10464,20.4375,8,18,0.3176927062336439
10464,20.4375,8,19,0.31534981099901205
10464,20.4375,8,20,0.3152733716628671
10464,20.4375,8,21,0.31130615552456525
10464,20.4375,8,22,0.3037487695155303
10464,20.4375,8,23,0.29997834094466735
10464,20.4375,8,24,0.29832445216939724
10464,20.4375,8,25,0.2982141041668824
10464,20.4375,8,26,0.2931716610586009
10464,20.4375,8,27,0.2885545191641681
10464,20.4375,8,28,0.28852838268867603
10464,20.4375,8,29,0.2870842409226595
10464,20.4375,8,30,0.2828857414863975
10464,20.4375,8,31,0.27705840022293954
10464,20.4375,8,32,0.2759913605809736
10464,20.4375,8,33,0.2746505059144869
10464,20.4375,8,34,0.2701596062965779
10464,20.4375,8,35,0.27010556199103053
10464,20.4375,8,36,0.2692406211200579
10464,20.4375,8,37,0.2638789963202388
10464,20.4375,8,38,0.26386488654922
10464,20.4375,8,39,0.2634169284892507
10464,20.4375,8,40,0.26058681261198013
10464,20.4375,8,41,0.25766798164519167
10464,20.4375,8,42,0.2546705258561339
10464,20.4375,8,43,0.25284400159225234
10464,20.4375,8,44,0.25249304245561194
10464,20.4375,8,45,0.24870563477586688
10464,20.4375,8,46,0.2469828457168919
10464,20.4375,8,47,0.24625667411074054
10464,20.4375,8,48,0.24617735965908696
10464,20.4375,8,49,0.24427583279327106
10464,20.4375,8,50,0.24310219002695402
10464,20.4375,8,51,0.24306356245916483
10464,20.4375,8,52,0.24042376547699715
10464,20.4375,8,53,0.23967668675739276
10464,20.4375,8,54,0.23785929856949395
10464,20.4375,8,55,0.23781758557086877
10464,20.4375,8,56,0.23591324282188847
10464,20.4375,8,57,0.2339903210988776
10464,20.4375,8,58,0.23277104649698568
10464,20.4375,8,59,0.23006523465393905
10464,20.4375,8,60,0.22996056428065845
10464,20.4375,8,61,0.22951134701706796
10464,20.4375,8,62,0.22936326235107113
10464,20.4375,8,63,0.22926238481208056
10464,20.4375,8,64,0.22882646207954802
10464,20.4375,8,65,0.22721008380652588
10464,20.4375,8,66,0.22691681829154553
10464,20.4375,8,67,0.2260454816307246
10464,20.4375,8,68,0.22594449661413116
10464,20.4375,8,69,0.22464391392351246
10464,20.4375,8,70,0.22451388477039208
10464,20.4375,8,71,0.22271877674722212
10464,20.4375,8,72,0.22201650260929623
10464,20.4375,8,73,0.2214889932825538
10464,20.4375,8,74,0.2192918423263012
10464,20.4375,8,75,0.2184673113374276
10464,20.4375,8,76,0.2166902167867517
10464,20.4375,8,77,0.2157131115029693
10464,20.4375,8,78,0.21438458616233347
10464,20.4375,8,79,0.21340565547212448
10464,20.4375,8,80,0.21248613617609857
10496,20.5,2,0,0.3615528533708002
10496,20.5,2,1,0.3325437902006885
10496,20.5,2,2,0.29840490196957775
10496,20.5,2,3,0.29144974194976736
10496,20.5,2,4,0.2570854508520918
10496,20.5,2,5,0.24910663017467063
10496,20.5,2,6,0.24544743334195757
10496,20.5,2,7,0.24147783272127188
10496,20.5,2,8,0.23280880495192202
10496,20.5,4,0,0.3896978781400951
10496,20.5,4,1,0.37882738702732766
10496,20.5,4,2,0.35044081276787237
10496,20.5,4,3,0.3456867257032745
10496,20.5,4,4,0.328958019386053
10496,20.5,4,5,0.3231586519888646
10496,20.5,4,6,0.30554973848155664
10496,20.5,4,7,0.30349458363759846
10496,20.5,4,8,0.2920087753338987
10496,20.5,4,9,0.27762327724813457
10496,20.5,4,10,0.27491418870906204
10496,20.5,4,11,0.2648776944467542
10496,20.5,4,12,0.26392945251760447
10496,20.5,4,13,0.26382353192968133
10496,20.5,4,14,0.255275638500694
10496,20.5,4,15,0.24804150940150868
10496,20.5,4,16,0.23932942333648613
10496,20.5,4,17,0.2370453455767387
10496,20.5,4,18,0.23574609966379279
10496,20.5,4,19,0.23428956270803622
10496,20.5,4,20,0.2309363069739231
10496,20.5,4,21,0.22974208496557952
10496,20.5,4,22,0.22486088111658553
10496,20.5,4,23,0.22473926154801277
10496,20.5,4,24,0.22019508702758603
10496,20.5,6,0,0.40189559502286126
10496,20.5,6,1,0.3969030360628144
10496,20.5,6,2,0.3765770541613466
10496,20.5,6,3,0.37336184675869516
10496,20.5,6,4,0.3656262831602611
10496,20.5,6,5,0.3617313958138698
10496,20.5,6,6,0.34452100642911937
10496,20.5,6,7,0.34320039676583836
10496,20.5,6,8,0.33327767654165386
10496,20.5,6,9,0.32756294199135916
10496,20.5,6,10,0.3259337519730634
10496,20.5,6,11,0.31501337740364993
10496,20.5,6,12,0.31067422242732634
10496,20.5,6,13,0.3102318023919394
10496,20.5,6,14,0.2996444103090326
10496,20.5,6,15,0.292807520163854
10496,20.5,6,16,0.2896168006699673
10496,20.5,6,17,0.28898393947393836
10496,20.5,6,18,0.27885088045753126
10496,20.5,6,19,0.2785025273564538
10496,20.5,6,20,0.27831817357712585
10496,20.5,6,21,0.27161755041900887
10496,20.5,6,22,0.26865522598264435
10496,20.5,6,23,0.26405773784733144
10496,20.5,6,24,0.25745556995452334
10496,20.5,6,25,0.2566186336951532
10496,20.5,6,26,0.25619811490497946
10496,20.5,6,27,0.2509327958594055
10496,20.5,6,28,0.2507555495526321
10496,20.5,6,29,0.24899458835543747
10496,20.5,6,30,0.2444301658042783
10496,20.5,6,31,0.2439818940069742
10496,20.5,6,32,0.24087151085101963
10496,20.5,6,33,0.23801232221918875
10496,20.5,6,34,0.2361653067408609
10496,20.5,6,35,0.23347252434325125
10496,20.5,6,36,0.23246970311505843
10496,20.5,6,37,0.2319406391695061
10496,20.5,6,38,0.231387551254117
10496,20.5,6,39,0.2312093213832533
10496,20.5,6,40,0.22895227188430337
10496,20.5,6,41,0.22840859786994816
10496,20.5,6,42,0.2251871752794702
10496,20.5,6,43,0.22502157440406376
10496,20.5,6,44,0.2217134201097923
10496,20.5,6,45,0.22099754883928135
10496,20.5,6,46,0.2184090014027593
10496,20.5,6,47,0.21740327096142972
10496,20.5,6,48,0.2155708199984781
10496,20.5,8,0,0.408148105968732
10496,20.5,8,1,0.40548561378285414
10496,20.5,8,2,0.3907641661780657
10496,20.5,8,3,0.3884980306377178
10496,20.5,8,4,0.3846603775098794
10496,20.5,8,5,0.38197700869452983
10496,20.5,8,6,0.36774181927169464
10496,20.5,8,7,0.3668323875273464
10496,20.5,8,8,0.3590398451569421
10496,20.5,8,9,0.35758590144020636
10496,20.5,8,10,0.3564979954016196
10496,20.5,8,11,0.34766787179548464
10496,20.5,8,12,0.34185267854022594
10496,20.5,8,13,0.3415926863652494
10496,20.5,8,14,0.33188708729618693
10496,20.5,8,15,0.32790847080117475
10496,20.5,8,16,0.3275757423146351
10496,20.5,8,17,0.32619600073360927
10496,20.5,8,18,0.3172491126124249
10496,20.5,8,19,0.3149332969103526
10496,20.5,8,20,0.3148579960854006
10496,20.5,8,21,0.31096415700826685
10496,20.5,8,22,0.3034917321165414
10496,20.5,8,23,0.29978107592503256
10496,20.5,8,24,0.2981405491490016
10496,20.5,8,25,0.2980312864179715
10496,20.5,8,26,0.29307436391748554
10496,20.5,8,27,0.2885090333287155
10496,20.5,8,28,0.2884829670050001
10496,20.5,8,29,0.2870625652228137
10496,20.5,8,30,0.2829221587944819
10496,20.5,8,31,0.2771835383378035
10496,20.5,8,32,0.27612315238615903
10496,20.5,8,33,0.274803947442776
10496,20.5,8,34,0.270373868525195
10496,20.5,8,35,0.2703196338379201
10496,20.5,8,36,0.26946720479200953
10496,20.5,8,37,0.26418467538839524
10496,20.5,8,38,0.2641703111661433
10496,20.5,8,39,0.26371869928420594
10496,20.5,8,40,0.26094670064787645
10496,20.5,8,41,0.2580542113629728
10496,20.5,8,42,0.2551186227386053
10496,20.5,8,43,0.2533030803601647
10496,20.5,8,44,0.2529408470808323
10496,20.5,8,45,0.2492123068596896
10496,20.5,8,46,0.2474938083173081
10496,20.5,8,47,0.24681154574012604
10496,20.5,8,48,0.24673107113982415
10496,20.5,8,49,0.24483002489051492
10496,20.5,8,50,0.24370297233369023
10496,20.5,8,51,0.24366354399301784
10496,20.5,8,52,0.24106706092466762
10496,20.5,8,53,0.2402802394195096
10496,20.5,8,54,0.23854236587656336
10496,20.5,8,55,0.23847393980544251
10496,20.5,8,56,0.23660227974132694
10496,20.5,8,57,0.23468074153260396
10496,20.5,8,58,0.2334861043202846
10496,20.5,8,59,0.2308599245630261
10496,20.5,8,60,0.23068729285008047
10496,20.5,8,61,0.23030295740529583
10496,20.5,8,62,0.23010678633446194
10496,20.5,8,63,0.2300693820167581
10496,20.5,8,64,0.22963057594418365
10496,20.5,8,65,0.22802132222920873
10496,20.5,8,66,0.22773709389793817
10496,20.5,8,67,0.22680784996072376
10496,20.5,8,68,0.22671722028402316
10496,20.5,8,69,0.2254765820031843
10496,20.5,8,70,0.22534066891823726
10496,20.5,8,71,0.2235194042706443
10496,20.5,8,72,0.22286491018184348
10496,20.5,8,73,0.222334762333016
10496,20.5,8,74,0.2201569683539083
10496,20.5,8,75,0.2193324987802579
10496,20.5,8,76,0.21757150872384504
10496,20.5,8,77,0.21659652045590375
10496,20.5,8,78,0.2152806515829442
10496,20.5,8,79,0.21430514788630667
10496,20.5,8,80,0.21339504967686104
10528,20.5625,2,0,0.36062314602426665
10528,20.5625,2,1,0.33194004174710534
10528,20.5625,2,2,0.29821212168061806
10528,20.5625,2,3,0.29135021666740657
10528,20.5625,2,4,0.25744458216073984
10528,20.5625,2,5,0.24954059877874638
10528,20.5625,2,6,0.24598819641465164
10528,20.5625,2,7,0.24204241485421152
10528,20.5625,2,8,0.23346441740456925
10528,20.5625,4,0,0.38848813446933006
10528,20.5625,4,1,0.37771966515613203
10528,20.5625,4,2,0.3496028675004287
10528,20.5625,4,3,0.3449287418328639
10528,20.5625,4,4,0.3283756615687515
10528,20.5625,4,5,0.32266723195074065
10528,20.5625,4,6,0.3052658790096647
10528,20.5625,4,7,0.303241669511504
10528,20.5625,4,8,0.29191671744918024
10528,20.5625,4,9,0.2777175595213026
10528,20.5625,4,10,0.27503718287222556
10528,20.5625,4,11,0.2651544255309312
10528,20.5625,4,12,0.2641986209580399
10528,20.5625,4,13,0.26410621722573097
10528,20.5625,4,14,0.25567443944556906
10528,20.5625,4,15,0.24851996574811694
10528,20.5625,4,16,0.23996584812000962
10528,20.5625,4,17,0.23768856676547928
10528,20.5625,4,18,0.2364377729298978
10528,20.5625,4,19,0.234981998020615
10528,20.5625,4,20,0.23163873931749215
10528,20.5625,4,21,0.2304763053811966
10528,20.5625,4,22,0.2256330179083984
10528,20.5625,4,23,0.22549607002313576
10528,20.5625,4,24,0.22100543437946435
10528,20.5625,6,0,0.4005840428990368
10528,20.5625,6,1,0.39563129864464197
10528,20.5625,6,2,0.37546314711983114
10528,20.5625,6,3,0.372304287149409
10528,20.5625,6,4,0.3646222096407341
10528,20.5625,6,5,0.36079482717583755
10528,20.5625,6,6,0.3437446867538498
10528,20.5625,6,7,0.3424514241005657
10528,20.5625,6,8,0.3326620187118727
10528,20.5625,6,9,0.3269936540243883
10528,20.5625,6,10,0.32539440153590177
10528,20.5625,6,11,0.3146257042573165
10528,20.5625,6,12,0.3103251234188895
10528,20.5625,6,13,0.30988983235642426
10528,20.5625,6,14,0.29944864834292373
10528,20.5625,6,15,0.29271293883209276
10528,20.5625,6,16,0.2895514852753391
10528,20.5625,6,17,0.2889256846668036
10528,20.5625,6,18,0.27893641563303123
10528,20.5625,6,19,0.2785931021500338
10528,20.5625,6,20,0.2784097111121287
10528,20.5625,6,21,0.27179803078671494
10528,20.5625,6,22,0.26888760054507066
10528,20.5625,6,23,0.26434370969975796
10528,20.5625,6,24,0.25782358991485926
10528,20.5625,6,25,0.25701354577561863
10528,20.5625,6,26,0.2565929367416063
10528,20.5625,6,27,0.25140882954546995
10528,20.5625,6,28,0.2512304649890624
10528,20.5625,6,29,0.24949109903802802
10528,20.5625,6,30,0.24499790928633824
10528,20.5625,6,31,0.24452521108666728
10528,20.5625,6,32,0.2414657830171175
10528,20.5625,6,33,0.23861845588463523
10528,20.5625,6,34,0.23680559022793535
10528,20.5625,6,35,0.23419882628473992
10528,20.5625,6,36,0.23319457011807163
10528,20.5625,6,37,0.23269007861690277
10528,20.5625,6,38,0.23207461177664307
10528,20.5625,6,39,0.23195647194579297
10528,20.5625,6,40,0.2297084189481483
10528,20.5625,6,41,0.22918026965350796
10528,20.5625,6,42,0.22597988841213199
10528,20.5625,6,43,0.22580542737257542
10528,20.5625,6,44,0.22253025084409192
10528,20.5625,6,45,0.22181137009281704
10528,20.5625,6,46,0.2192493377755251
10528,20.5625,6,47,0.21824487221099315
10528,20.5625,6,48,0.2164321220449555
10528,20.5625,8,0,0.40679091434215264
10528,20.5625,8,1,0.40414723718906836
10528,20.5625,8,2,0.3895233923817028
10528,20.5625,8,3,0.3872970323643418
10528,20.5625,8,4,0.3834718413542106
10528,20.5625,8,5,0.38083561979462077
10528,20.5625,8,6,0.36670897528915497
10528,20.5625,8,7,0.365820905862173
10528,20.5625,8,8,0.35812397478240143
10528,20.5625,8,9,0.3566607521245047
10528,20.5625,8,10,0.35559714330173886
10528,20.5625,8,11,0.34688057407026557
10528,20.5625,8,12,0.3411087064557382
10528,20.5625,8,13,0.3408547557903852
10528,20.5625,8,14,0.33126825101725565
10528,20.5625,8,15,0.32733614550067713
10528,20.5625,8,16,0.32701010356335813
10528,20.5625,8,17,0.32567211701226595
10528,20.5625,8,18,0.31681869167708737
10528,20.5625,8,19,0.3145293113440261
10528,20.5625,8,20,0.3144551954341333
10528,20.5625,8,21,0.3106339981932399
10528,20.5625,8,22,0.3032413112157713
10528,20.5625,8,23,0.2995901072294534
10528,20.5625,8,24,0.2979616043124866
10528,20.5625,8,25,0.2978535264017172
10528,20.5625,8,26,0.29298140475887346
10528,20.5625,8,27,0.2884639645627493
10528,20.5625,8,28,0.28843800342248205
10528,20.5625,8,29,0.2870396885943647
10528,20.5625,8,30,0.28295733860885847
10528,20.5625,8,31,0.2773021463924
10528,20.5625,8,32,0.2762519958241493
10528,20.5625,8,33,0.2749514624593312
10528,20.5625,8,34,0.27057972205092246
10528,20.5625,8,35,0.2705253837680982
10528,20.5625,8,36,0.26968658140308727
10528,20.5625,8,37,0.26447880708927085
10528,20.5625,8,38,0.2644642542371782
10528,20.5625,8,39,0.26401216481891987
10528,20.5625,8,40,0.26129219173537666
10528,20.5625,8,41,0.2584270260805779
10528,20.5625,8,42,0.25554913660461537
10528,20.5625,8,43,0.25374571697374443
10528,20.5625,8,44,0.25337461875308803
10528,20.5625,8,45,0.2497021011624252
10528,20.5625,8,46,0.2479901049241413
10528,20.5625,8,47,0.24734633926587568
10528,20.5625,8,48,0.2472648629832695
10528,20.5625,8,49,0.24536723249499615
10528,20.5625,8,50,0.24428208861926134
10528,20.5625,8,51,0.24424195085788472
10528,20.5625,8,52,0.24168662006761127
10528,20.5625,8,53,0.2408664107983718
10528,20.5625,8,54,0.23920016816128734
10528,20.5625,8,55,0.23910795932007925
10528,20.5625,8,56,0.23726741459221945
10528,20.5625,8,57,0.23534922187308863
10528,20.5625,8,58,0.23417773042186119
10528,20.5625,8,59,0.23162560719921418
10528,20.5625,8,60,0.23139232811172644
10528,20.5625,8,61,0.23106625992207455
10528,20.5625,8,62,0.2308469118632459
10528,20.5625,8,63,0.23082733960422974
10528,20.5625,8,64,0.23040580188088228
10528,20.5625,8,65,0.22880429946325304
10528,20.5625,8,66,0.22852850956380055
10528,20.5625,8,67,0.2275485105512922
10528,20.5625,8,68,0.22746720719270586
10528,20.5625,8,69,0.22628122019290484
10528,20.5625,8,70,0.22614011076978296
10528,20.5625,8,71,0.2242973468317835
10528,20.5625,8,72,0.22368608965791964
10528,20.5625,8,73,0.22315403415458535
10528,20.5625,8,74,0.22099562373227633
10528,20.5625,8,75,0.22017191432168287
10528,20.5625,8,76,0.21842695484355454
10528,20.5625,8,77,0.21745466500987468
10528,20.5625,8,78,0.2161513005698086
10528,20.5625,8,79,0.21517962624238096
10528,20.5625,8,80,0.21427875957998693
10560,20.625,2,0,0.3597177497237251
10560,20.625,2,1,0.33135259953120144
10560,20.625,2,2,0.2980239190138696
10560,20.625,2,3,0.2912546890444905
10560,20.625,2,4,0.2577913566384813
10560,20.625,2,5,0.24996296898590784
10560,20.625,2,6,0.24650993288276346
10560,20.625,2,7,0.24258950066142612
10560,20.625,2,8,0.23410170177419215
10560,20.625,4,0,0.3873079848783358
10560,20.625,4,1,0.3766399118184464
10560,20.625,4,2,0.3487876584068906
10560,20.625,4,3,0.34419271872345875
10560,20.625,4,4,0.3278092639612165
10560,20.625,4,5,0.3221908618767443
10560,20.625,4,6,0.30498952298574133
10560,20.625,4,7,0.3029963467828608
10560,20.625,4,8,0.29182826748132557
10560,20.625,4,9,0.27780732358200944
10560,20.625,4,10,0.2751562705635327
10560,20.625,4,11,0.2654207736927282
10560,20.625,4,12,0.26446057627351416
10560,20.625,4,13,0.2643792211821095
10560,20.625,4,14,0.25606028844602396
10560,20.625,4,15,0.24898508500540995
10560,20.625,4,16,0.24057973785928435
10560,20.625,4,17,0.23831068326163726
10560,20.625,4,18,0.2371049069222343
10560,20.625,4,19,0.23565107901032994
10560,20.625,4,20,0.23231987788288086
10560,20.625,4,21,0.2311871585171226
10560,20.625,4,22,0.22638249787476017
10560,20.625,4,23,0.22623180792156225
10560,20.625,4,24,0.22179336702485147
10560,20.625,6,0,0.3993031022347324
10560,20.625,6,1,0.3943898692574507
10560,20.625,6,2,0.37437786828879066
10560,20.625,6,3,0.3712750756140918
10560,20.625,6,4,0.3636446793251337
10560,20.625,6,5,0.35988428256828703
10560,20.625,6,6,0.34299018987849106
10560,20.625,6,7,0.34172405054127825
10560,20.625,6,8,0.332065057946779
10560,20.625,6,9,0.3264404737098356
10560,20.625,6,10,0.3248710114596215
10560,20.625,6,11,0.31425036820452873
10560,20.625,6,12,0.3099859927342929
10560,20.625,6,13,0.3095579473093464
10560,20.625,6,14,0.29925824093392206
10560,20.625,6,15,0.2926223718448669
10560,20.625,6,16,0.28948708192984196
10560,20.625,6,17,0.28886864243719224
10560,20.625,6,18,0.27901852115547254
10560,20.625,6,19,0.2786796848168967
10560,20.625,6,20,0.2784974439551129
10560,20.625,6,21,0.2719740917494403
10560,20.625,6,22,0.2691108448788285
10560,20.625,6,23,0.2646207676705672
10560,20.625,6,24,0.25818148575791083
10560,20.625,6,25,0.2573942775261317
10560,20.625,6,26,0.25697404504116045
10560,20.625,6,27,0.2518680360596158
10560,20.625,6,28,0.2516888166936311
10560,20.625,6,29,0.24997041661752853
10560,20.625,6,30,0.24554550673862666
10560,20.625,6,31,0.2450519679958686
10560,20.625,6,32,0.24204098776379374
10560,20.625,6,33,0.23920756516916952
10560,20.625,6,34,0.2374268378816688
10560,20.625,6,35,0.23489933668993407
10560,20.625,6,36,0.23389460672205747
10560,20.625,6,37,0.23341288767435422
10560,20.625,6,38,0.23274259075524387
10560,20.625,6,39,0.23267760231573847
10560,20.625,6,40,0.2304397562737853
10560,20.625,6,41,0.22992610999600746
10560,20.625,6,42,0.22674761629800022
10560,20.625,6,43,0.22656532258399326
10560,20.625,6,44,0.2233227994023226
10560,20.625,6,45,0.22260180831510012
10560,20.625,6,46,0.2200658801096975
10560,20.625,6,47,0.21906332765411526
10560,20.625,6,48,0.21726984371683514
10560,20.625,8,0,0.4054644756940378
10560,20.625,8,1,0.40283958687321425
10560,20.625,8,2,0.38831298188620683
10560,20.625,8,3,0.3861264260368239
10560,20.625,8,4,0.38231306261714276
10560,20.625,8,5,0.3797238910662867
10560,20.625,8,6,0.36570386774281105
10560,20.625,8,7,0.36483698626012767
10560,20.625,8,8,0.35723411371533403
10560,20.625,8,9,0.35576106924017353
10560,20.625,8,10,0.35472153906198767
10560,20.625,8,11,0.34611635580644295
10560,20.625,8,12,0.3403862269551042
10560,20.625,8,13,0.34013826978223344
10560,20.625,8,14,0.33066743997354586
10560,20.625,8,15,0.32678052501714794
10560,20.625,8,16,0.3264611857617721
10560,20.625,8,17,0.3251649563214163
10560,20.625,8,18,0.3164008106783079
10560,20.625,8,19,0.3141372568265709
10560,20.625,8,20,0.31406437793494635
10560,20.625,8,21,0.3103149671334634
10560,20.625,8,22,0.30299733739059515
10560,20.625,8,23,0.299405136456142
10560,20.625,8,24,0.29778748418618456
10560,20.625,8,25,0.29768068798406105
10560,20.625,8,26,0.29289250058630356
10560,20.625,8,27,0.28841945124693164
10560,20.625,8,28,0.28839363736791784
10560,20.625,8,29,0.2870159034163736
10560,20.625,8,30,0.28299141984787457
10560,20.625,8,31,0.27741485622890333
10560,20.625,8,32,0.27637801795490496
10560,20.625,8,33,0.2750935309842125
10560,20.625,8,34,0.27077782147060825
10560,20.625,8,35,0.2707234617613396
10560,20.625,8,36,0.26989921607018463
10560,20.625,8,37,0.2647622294977838
10560,20.625,8,38,0.2647475448947431
10560,20.625,8,39,0.2642977384032433
10560,20.625,8,40,0.26162435720201344
10560,20.625,8,41,0.25878730466238714
10560,20.625,8,42,0.25596331899069713
10560,20.625,8,43,0.25417300914417484
10560,20.625,8,44,0.25379517287369285
10560,20.625,8,45,0.25017604766495477
10560,20.625,8,46,0.24847246180548258
10560,20.625,8,47,0.24786234573705426
10560,20.625,8,48,0.24778001682203066
10560,20.625,8,49,0.24588839166188212
10560,20.625,8,50,0.2448409166486858
10560,20.625,8,51,0.24480015296605695
10560,20.625,8,52,0.24228398669103707
10560,20.625,8,53,0.24143605155168063
10560,20.625,8,54,0.23983433270376586
10560,20.625,8,55,0.23972100129136173
10560,20.625,8,56,0.23791011103294668
10560,20.625,8,57,0.23599699258366685
10560,20.625,8,58,0.23484728202678115
10560,20.625,8,59,0.23236406743625504
10560,20.625,8,60,0.2320767980608131
10560,20.625,8,61,0.23180296805497583
10560,20.625,8,62,0.23159678386611793
10560,20.625,8,63,0.23152616021444958
10560,20.625,8,64,0.23115389430941746
10560,20.625,8,65,0.22956070168350545
10560,20.625,8,66,0.22929279427641985
10560,20.625,8,67,0.2282685064138975
10560,20.625,8,68,0.22819560615414167
10560,20.625,8,69,0.22705944496180655
10560,20.625,8,70,0.22691376649726724
10560,20.625,8,71,0.22505368662577838
10560,20.625,8,72,0.22448154259112885
10560,20.625,8,73,0.22394823869528066
10560,20.625,8,74,0.2218091996261799
10560,20.625,8,75,0.22098687523999758
10560,20.625,8,76,0.21925785116114982
10560,20.625,8,77,0.2182887660661514
10560,20.625,8,78,0.21699774495715038
10560,20.625,8,79,0.21603024697496773
10560,20.625,8,80,0.21513842489661955
10592,20.6875,2,0,0.35883553512322053
10592,20.6875,2,1,0.3307807028264361
10592,20.6875,2,2,0.29784019705324516
10592,20.6875,2,3,0.2911628686421866
10592,20.6875,2,4,0.2581265117543526
10592,20.6875,2,5,0.2503742103432813
10592,20.6875,2,6,0.24701376808360673
10592,20.6875,2,7,0.2431199804323417
10592,20.6875,2,8,0.2347214571435056
10592,20.6875,4,0,0.38615611145159184
10592,20.6875,4,1,0.37558685231124095
10592,20.6875,4,2,0.34799417209659356
10592,20.6875,4,3,0.34347748494359054
10592,20.6875,4,4,0.3272581534186555
10592,20.6875,4,5,0.3217286967151439
10592,20.6875,4,6,0.30472044768972767
10592,20.6875,4,7,0.30275823716854156
10592,20.6875,4,8,0.2917431637265729
10592,20.6875,4,9,0.2778929656402892
10592,20.6875,4,10,0.2752716728152912
10592,20.6875,4,11,0.2656774193232201
10592,20.6875,4,12,0.2647156140779465
10592,20.6875,4,13,0.2646431279546246
10592,20.6875,4,14,0.2564339035224292
10592,20.6875,4,15,0.24943745516863972
10592,20.6875,4,16,0.24117241171476425
10592,20.6875,4,17,0.2389128367478848
10592,20.6875,4,18,0.23774893242353826
10592,20.6875,4,19,0.2362980960515297
10592,20.6875,4,20,0.2329807700969852
10592,20.6875,4,21,0.2318758645191181
10592,20.6875,4,22,0.22711037567838638
10592,20.6875,4,23,0.2269473794685195
10592,20.6875,4,24,0.22255982953943823
10592,20.6875,6,0,0.39805146611131215
10592,20.6875,6,1,0.39317742802352895
10592,20.6875,6,2,0.37331993172901917
10592,20.6875,6,3,0.3702728067172513
10592,20.6875,6,4,0.3626924951321467
10592,20.6875,6,5,0.3589984274354978
10592,20.6875,6,6,0.3422565399693142
10592,20.6875,6,7,0.34101719117774426
10592,20.6875,6,8,0.3314857529623791
10592,20.6875,6,9,0.32590272950696336
10592,20.6875,6,10,0.3243627706257703
10592,20.6875,6,11,0.31388664686743495
10592,20.6875,6,12,0.30965645962195043
10592,20.6875,6,13,0.3092356710080354
10592,20.6875,6,14,0.29907298169687363
10592,20.6875,6,15,0.29253549851188826
10592,20.6875,6,16,0.28942368421918924
10592,20.6875,6,17,0.28881282145356363
10592,20.6875,6,18,0.2790974456823995
10592,20.6875,6,19,0.27876261172239886
10592,20.6875,6,20,0.2785816592198035
10592,20.6875,6,21,0.2721458762582355
10592,20.6875,6,22,0.2693255944782214
10592,20.6875,6,23,0.26488937551306585
10592,20.6875,6,24,0.2585297029620858
10592,20.6875,6,25,0.2577616956791522
10592,20.6875,6,26,0.2573422522388993
10592,20.6875,6,27,0.25231140739297525
10592,20.6875,6,28,0.25213158532812596
10592,20.6875,6,29,0.25043356399831945
10592,20.6875,6,30,0.24607416986002795
10592,20.6875,6,31,0.24556299328555328
10592,20.6875,6,32,0.24259814998930004
10592,20.6875,6,33,0.23978040553728933
10592,20.6875,6,34,0.23802996246547298
10592,20.6875,6,35,0.23557555674004713
10592,20.6875,6,36,0.2345712024855323
10592,20.6875,6,37,0.2341106166317285
10592,20.6875,6,38,0.23339347773748062
10592,20.6875,6,39,0.2333730203487204
10592,20.6875,6,40,0.23114761669367645
10592,20.6875,6,41,0.23064753250017403
10592,20.6875,6,42,0.22749163085519347
10592,20.6875,6,43,0.22730243881784767
10592,20.6875,6,44,0.224092212242538
10592,20.6875,6,45,0.22336991379097929
10592,20.6875,6,46,0.22085966952413905
10592,20.6875,6,47,0.21985959765615232
10592,20.6875,6,48,0.21808495256621727
10592,20.6875,8,0,0.4041675159408292
10592,20.6875,8,1,0.40156137269992137
10592,20.6875,8,2,0.3871316111502706
10592,20.6875,8,3,0.3849847838236187
10592,20.6875,8,4,0.38118272193789826
10592,20.6875,8,5,0.37864039344158296
10592,20.6875,8,6,0.36472521217707665
10592,20.6875,8,7,0.36387929101156263
10592,20.6875,8,8,0.3563689020142456
10592,20.6875,8,9,0.35488568098919965
10592,20.6875,8,10,0.353869936977518
10592,20.6875,8,11,0.3453739760260147
10592,20.6875,8,12,0.3396842568998704
10592,20.6875,8,13,0.3394421633541138
10592,20.6875,8,14,0.33008380149725935
10592,20.6875,8,15,0.3262408892173399
10592,20.6875,8,16,0.32592815818015336
10592,20.6875,8,17,0.3246735153187379
10592,20.6875,8,18,0.3159948943466744
10592,20.6875,8,19,0.313756662264118
10592,20.6875,8,20,0.31368495253846584
10592,20.6875,8,21,0.3100063498307651
10592,20.6875,8,22,0.3027596465070415
10592,20.6875,8,23,0.29922581965507233
10592,20.6875,8,24,0.2976180732928719
10592,20.6875,8,25,0.29751257545001414
10592,20.6875,8,26,0.2928073143224869
10592,20.6875,8,27,0.28837555890571753
10592,20.6875,8,28,0.2883499449241503
10592,20.6875,8,29,0.28699141996951877
10592,20.6875,8,30,0.2830244504048523
10592,20.6875,8,31,0.27752215481918446
10592,20.6875,8,32,0.2765012763587243
10592,20.6875,8,33,0.27523052601120845
10592,20.6875,8,34,0.2709686743430324
10592,20.6875,8,35,0.2709143902270926
10592,20.6875,8,36,0.27010544931928354
10592,20.6875,8,37,0.26503562035656525
10592,20.6875,8,38,0.2650208552488522
10592,20.6875,8,39,0.2645757602127795
10592,20.6875,8,40,0.26194407918646645
10592,20.6875,8,41,0.2591357842178097
10592,20.6875,8,42,0.2563622295409168
10592,20.6875,8,43,0.25458586560612506
10592,20.6875,8,44,0.2542031732473698
10592,20.6875,8,45,0.25063502540155874
10592,20.6875,8,46,0.24894151188986277
10592,20.6875,8,47,0.24836066891069827
10592,20.6875,8,48,0.24827761824230213
10592,20.6875,8,49,0.24639427836669847
10592,20.6875,8,50,0.24538063940077737
10592,20.6875,8,51,0.24533932271341585
10592,20.6875,8,52,0.24286049971894907
10592,20.6875,8,53,0.24198990718758842
10592,20.6875,8,54,0.2404462761728356
10592,20.6875,8,55,0.24031421999702376
10592,20.6875,8,56,0.23853162862155655
10592,20.6875,8,57,0.23662511006902462
10592,20.6875,8,58,0.23549591744913048
10592,20.6875,8,59,0.23307688887028746
10592,20.6875,8,60,0.23274166063517487
10592,20.6875,8,61,0.2325145843237355
10592,20.6875,8,62,0.232320606860228
10592,20.6875,8,63,0.23220431139670294
10592,20.6875,8,64,0.2318763967551481
10592,20.6875,8,65,0.23029199942994175
10592,20.6875,8,66,0.23003146301836075
10592,20.6875,8,67,0.2289687248265233
10592,20.6875,8,68,0.22890339292873135
10592,20.6875,8,69,0.22781265849827534
10592,20.6875,8,70,0.22766298255982015
10592,20.6875,8,71,0.22578933712112514
10592,20.6875,8,72,0.22525256470050936
10592,20.6875,8,73,0.22471860244823916
10592,20.6875,8,74,0.2225988836979462
10592,20.6875,8,75,0.22177849982402764
10592,20.6875,8,76,0.2200652930386331
10592,20.6875,8,77,0.21909985579549726
10592,20.6875,8,78,0.21782100889456726
10592,20.6875,8,79,0.2168579812365409
10592,20.6875,8,80,0.21597501872295785
10624,20.75,2,0,0.35797509791831655
10624,20.75,2,1,0.33022343618998884
10624,20.75,2,2,0.2976608395302479
10624,20.75,2,3,0.2910744888496992
10624,20.75,2,4,0.25845087478431383
10624,20.75,2,5,0.2507748834152704
10624,20.75,2,6,0.24750095037433464
10624,20.75,2,7,0.24363485950187333
10624,20.75,2,8,0.23532458413093071
10624,20.75,4,0,0.385030765622568
10624,20.75,4,1,0.37455884619143565
10624,20.75,4,2,0.34722114832757667
10624,20.75,4,3,0.3427817515875798
10624,20.75,4,4,0.32672151837386537
10624,20.75,4,5,0.3212798493674936
10624,20.75,4,6,0.30445839951083753
10624,20.75,4,7,0.3025269791740525
10624,20.75,4,8,0.2916611828808723
10624,20.75,4,9,0.27797493936264317
10624,20.75,4,10,0.2753836796543126
10624,20.75,4,11,0.26592514853194416
10624,20.75,4,12,0.2649640917148711
10624,20.75,4,13,0.26489860229458273
10624,20.75,4,14,0.25679609152473176
10624,20.75,4,15,0.24987773065804922
10624,20.75,4,16,0.2417453269247461
10624,20.75,4,17,0.23949629262896713
10624,20.75,4,18,0.238371419371284
10624,20.75,4,19,0.23692447839131897
10624,20.75,4,20,0.23362257959804353
10624,20.75,4,21,0.23254376235275265
10624,20.75,4,22,0.2278178285354542
10624,20.75,4,23,0.22764379898907078
10624,20.75,4,24,0.22330588533036663
10624,20.75,6,0,0.39682731679100214
10624,20.75,6,1,0.3919921785278073
10624,20.75,6,2,0.37228766229716775
10624,20.75,6,3,0.3692958082267282
10624,20.75,6,4,0.3617641298824154
10624,20.75,6,5,0.35813573010403543
10624,20.75,6,6,0.34154255298327857
10624,20.75,6,7,0.340329622947657
10624,20.75,6,8,0.330923015966415
10624,20.75,6,9,0.32537962408599275
10624,20.75,6,10,0.3238688138172393
10624,20.75,6,11,0.3135338257551376
10624,20.75,6,12,0.30933609515048
10624,20.75,6,13,0.30892255522895196
10624,20.75,6,14,0.29889269911682337
10624,20.75,6,15,0.2924520481964448
10624,20.75,6,16,0.28936142457444547
10624,20.75,6,17,0.28875828357227257
10624,20.75,6,18,0.2791735083950993
10624,20.75,6,19,0.278842273250285
10624,20.75,6,20,0.2786627469088363
10624,20.75,6,21,0.2723135722885538
10624,20.75,6,22,0.269532559973292
10624,20.75,6,23,0.2651500822215185
10624,20.75,6,24,0.258868723130005
10624,20.75,6,25,0.2581167780567217
10624,20.75,6,26,0.2576984825298678
10624,20.75,6,27,0.25274006696754575
10624,20.75,6,28,0.25255985546706633
10624,20.75,6,29,0.25088165068440993
10624,20.75,6,30,0.2465852181521977
10624,20.75,6,31,0.24605921434653832
10624,20.75,6,32,0.2431383853856843
10624,20.75,6,33,0.24033780842101737
10624,20.75,6,34,0.23861598051789346
10624,20.75,6,35,0.23622912643559865
10624,20.75,6,36,0.235225890787963
10624,20.75,6,37,0.23478495028634366
10624,20.75,6,38,0.23405096056936464
10624,20.75,6,39,0.2340215808007707
10624,20.75,6,40,0.23183346610272682
10624,20.75,6,41,0.23134609065725942
10624,20.75,6,42,0.22821333707575797
10624,20.75,6,43,0.22801807858382087
10624,20.75,6,44,0.2248397610458656
10624,20.75,6,45,0.224116861526667
10624,20.75,6,46,0.22163187533494202
10624,20.75,6,47,0.22063476859907138
10624,20.75,6,48,0.21887854534253873
10624,20.75,8,0,0.40289820245198166
10624,20.75,8,1,0.4003107669102633
10624,20.75,8,2,0.38597748746958827
10624,20.75,8,3,0.3838703092836022
10624,20.75,8,4,0.3800790661604024
10624,20.75,8,5,0.3775833757125076
10624,20.75,8,6,0.363771397777421
10624,20.75,8,7,0.3629462140914507
10624,20.75,8,8,0.35552680563307004
10624,20.75,8,9,0.35403314417520537
10624,20.75,8,10,0.3530408770543712
10624,20.75,8,11,0.3446520802329528
10624,20.75,8,12,0.3390015936210033
10624,20.75,8,13,0.3387652781460933
10624,20.75,8,14,0.32951637138064227
10624,20.75,8,15,0.3257163630766094
10624,20.75,8,16,0.3254101696077978
10624,20.75,8,17,0.32419680431034426
10624,20.75,8,18,0.31560033571022283
10624,20.75,8,19,0.3133868961516124
10624,20.75,8,20,0.31331644199729375
10624,20.75,8,21,0.30970748012291327
10624,20.75,8,22,0.3025280833111079
10624,20.75,8,23,0.29905188974709795
10624,20.75,8,24,0.29745321827532617
10624,20.75,8,25,0.2973491033342363
10624,20.75,8,26,0.29272556762576635
10624,20.75,8,27,0.2883324407064331
10624,20.75,8,28,0.2883070504395087
10624,20.75,8,29,0.2869665083212402
10624,20.75,8,30,0.2830565626879408
10624,20.75,8,31,0.2776246425352405
10624,20.75,8,32,0.2766218616844725
10624,20.75,8,33,0.2753628643090803
10624,20.75,8,34,0.27115290846327206
10624,20.75,8,35,0.2710987585986202
10624,20.75,8,36,0.27030570311182994
10624,20.75,8,37,0.26529975801033556
10624,20.75,8,38,0.26528495697735777
10624,20.75,8,39,0.2648465834128359
10624,20.75,8,40,0.2622523446161974
10624,20.75,8,41,0.2594732582711449
10624,20.75,8,42,0.2567470258274036
10624,20.75,8,43,0.25498528609361304
10624,20.75,8,44,0.2545993692570828
10624,20.75,8,45,0.2510799732986936
10624,20.75,8,46,0.24939793121781684
10624,20.75,8,47,0.248842526091688
10624,20.75,8,48,0.2487588822013299
10624,20.75,8,49,0.24688576508056956
10624,20.75,8,50,0.24590255533871563
10624,20.75,8,51,0.24586076401295628
10624,20.75,8,52,0.24341761240131202
10624,20.75,8,53,0.24252878611840656
10624,20.75,8,54,0.24103754569674177
10624,20.75,8,55,0.24088888355531385
10624,20.75,8,56,0.239133343005367
10624,20.75,8,57,0.2372347271709612
10624,20.75,8,58,0.23612490950185874
10624,20.75,8,59,0.23376578975570514
10624,20.75,8,60,0.2333879895801853
10624,20.75,8,61,0.23320276086419386
10624,20.75,8,62,0.2330201244365599
10624,20.75,8,63,0.23286296338022525
10624,20.75,8,64,0.23257500372143913
10624,20.75,8,65,0.2309998106748415
10624,20.75,8,66,0.2307461817285387
10624,20.75,8,67,0.22965016040040664
10624,20.75,8,68,0.22959166020878113
10624,20.75,8,69,0.22854240696378997
10624,20.75,8,70,0.22838924295281515
10624,20.75,8,71,0.22650532816836788
10624,20.75,8,72,0.22600058726616068
10624,20.75,8,73,0.22546648344601183
10624,20.75,8,74,0.2233659946755189
10624,20.75,8,75,0.22254803472164578
10624,20.75,8,76,0.2208505063452241
10624,20.75,8,77,0.21988909543299442
10624,20.75,8,78,0.21862224661197643
10624,20.75,8,79,0.21766393122635994
10624,20.75,8,80,0.21678964625733
10656,20.8125,2,0,0.35713557425560655
10656,20.8125,2,1,0.32968019473950444
10656,20.8125,2,2,0.2974857133390617
10656,20.8125,2,3,0.29098929645025773
10656,20.8125,2,4,0.2587650551366695
10656,20.8125,2,5,0.25116534409524327
10656,20.8125,2,6,0.2479724381602085
10656,20.8125,2,7,0.24413486832461825
10656,20.8125,2,8,0.2359116923095175
10656,20.8125,4,0,0.38393100255903895
10656,20.8125,4,1,0.37355495265020144
10656,20.8125,4,2,0.3464677358620675
10656,20.8125,4,3,0.3421046065256617
10656,20.8125,4,4,0.3261987465787589
10656,20.8125,4,5,0.32084364562544815
10656,20.8125,4,6,0.3042030752383961
10656,20.8125,4,7,0.3023022494540025
10656,20.8125,4,8,0.2915820876109391
10656,20.8125,4,9,0.2780535170866883
10656,20.8125,4,10,0.27549245308346776
10656,20.8125,4,11,0.2661645027633851
10656,20.8125,4,12,0.265206209005103
10656,20.8125,4,13,0.26514611110538205
10656,20.8125,4,14,0.2571474227128265
10656,20.8125,4,15,0.25030633025158516
10656,20.8125,4,16,0.2422996259735483
10656,20.8125,4,17,0.24006201467918323
10656,20.8125,4,18,0.2389736137983497
10656,20.8125,4,19,0.23753133266961782
10656,20.8125,4,20,0.23424614979640418
10656,20.8125,4,21,0.23319186397351857
10656,20.8125,4,22,0.2285056937856316
10656,20.8125,4,23,0.2283217552138413
10656,20.8125,4,24,0.22403225547622105
10656,20.8125,6,0,0.39562974970601017
10656,20.8125,6,1,0.39083319400577743
10656,20.8125,6,2,0.371280102476853
10656,20.8125,6,3,0.36834301808838815
10656,20.8125,6,4,0.3608586436365821
10656,20.8125,6,5,0.35729516697932073
10656,20.8125,6,6,0.3408473278155622
10656,20.8125,6,7,0.3396604863695666
10656,20.8125,6,8,0.3303760063602168
10656,20.8125,6,9,0.32487046708897616
10656,20.8125,6,10,0.3233884823758023
10656,20.8125,6,11,0.31319131005503537
10656,20.8125,6,12,0.30902444979290705
10656,20.8125,6,13,0.30861816982185536
10656,20.8125,6,14,0.2987171746062273
10656,20.8125,6,15,0.29237174172965885
10656,20.8125,6,16,0.28930028828931453
10656,20.8125,6,17,0.28870500127622223
10656,20.8125,6,18,0.27924688619986826
10656,20.8125,6,19,0.2789188944638322
10656,20.8125,6,20,0.2787409094538634
10656,20.8125,6,21,0.27247724884911484
10656,20.8125,6,22,0.2697322553466299
10656,20.8125,6,23,0.2654032299893951
10656,20.8125,6,24,0.25919883887047085
10656,20.8125,6,25,0.2584602411704345
10656,20.8125,6,26,0.25804340807116927
10656,20.8125,6,27,0.2531548474054995
10656,20.8125,6,28,0.25297444890224974
10656,20.8125,6,29,0.2513155215806231
10656,20.8125,6,30,0.24707967264662686
10656,20.8125,6,31,0.24654127286690108
10656,20.8125,6,32,0.24366251730529997
10656,20.8125,6,33,0.24088032171913343
10656,20.8125,6,34,0.23918559579484575
10656,20.8125,6,35,0.2368613562128583
10656,20.8125,6,36,0.23585987256189714
10656,20.8125,6,37,0.23543724496484178
10656,20.8125,6,38,0.23470284481532147
10656,20.8125,6,39,0.23463736127475943
10656,20.8125,6,40,0.23249843124516426
10656,20.8125,6,41,0.23202299311483623
10656,20.8125,6,42,0.22891379696974565
10656,20.8125,6,43,0.2287132058058026
10656,20.8125,6,44,0.22556637265359708
10656,20.8125,6,45,0.22484347790415102
10656,20.8125,6,46,0.22238331096667624
10656,20.8125,6,47,0.22138957575142154
10656,20.8125,6,48,0.21965136465037777
10656,20.8125,8,0,0.40165567265787944
10656,20.8125,8,1,0.39908688657310404
10656,20.8125,8,2,0.38484967370389156
10656,20.8125,8,3,0.3827819529830502
10656,20.8125,8,4,0.3790011453459859
10656,20.8125,8,5,0.37655177408174123
10656,20.8125,8,6,0.36284142249105944
10656,20.8125,8,7,0.36203673483653454
10656,20.8125,8,8,0.35470676524664946
10656,20.8125,8,9,0.35320247184962866
10656,20.8125,8,10,0.3522333915434296
10656,20.8125,8,11,0.3439496821250149
10656,20.8125,8,12,0.3383373155007457
10656,20.8125,8,13,0.33810672756636395
10656,20.8125,8,14,0.32896437931534733
10656,20.8125,8,15,0.32520620026730424
10656,20.8125,8,16,0.32490650788099007
10656,20.8125,8,17,0.32373401829611537
10656,20.8125,8,18,0.3152165929677648
10656,20.8125,8,19,0.31302745590897174
10656,20.8125,8,20,0.3129582701868575
10656,20.8125,8,21,0.3094177807576799
10656,20.8125,8,22,0.302302400084235
10656,20.8125,8,23,0.2988830530432044
10656,20.8125,8,24,0.2972927307095066
10656,20.8125,8,25,0.2971900434098462
10656,20.8125,8,26,0.292646975847987
10656,20.8125,8,27,0.2882900908858562
10656,20.8125,8,28,0.28826495413384545
10656,20.8125,8,29,0.28694129184326017
10656,20.8125,8,30,0.283087768408042
10656,20.8125,8,31,0.2777227030893045
10656,20.8125,8,32,0.27673977628303664
10656,20.8125,8,33,0.2754908197272052
10656,20.8125,8,34,0.2713309152716517
10656,20.8125,8,35,0.27127697275718043
10656,20.8125,8,36,0.2705002139968015
10656,20.8125,8,37,0.26555517949406504
10656,20.8125,8,38,0.2655403982399475
10656,20.8125,8,39,0.26511041039926136
10656,20.8125,8,40,0.26254989311519833
10656,20.8125,8,41,0.25980030362612205
10656,20.8125,8,42,0.2571185986976111
10656,20.8125,8,43,0.25537201385419994
10656,20.8125,8,44,0.2549842560915695
10656,20.8125,8,45,0.2515115775104993
10656,20.8125,8,46,0.24984215137963123
10656,20.8125,8,47,0.2493088451086253
10656,20.8125,8,48,0.24922473009718124
10656,20.8125,8,49,0.24736343107640116
10656,20.8125,8,50,0.24640766952727064
10656,20.8125,8,51,0.24636546981663568
10656,20.8125,8,52,0.24395646215812417
10656,20.8125,8,53,0.2430532117216899
10656,20.8125,8,54,0.24160935611410186
10656,20.8125,8,55,0.241445946873464
10656,20.8125,8,56,0.23971630836660515
10656,20.8125,8,57,0.23782668433884382
10656,20.8125,8,58,0.23673520641341445
10656,20.8125,8,59,0.23443215888738958
10656,20.8125,8,60,0.23401652964982628
10656,20.8125,8,61,0.2338687975917423
10656,20.8125,8,62,0.23369674888137099
10656,20.8125,8,63,0.23350295437981328
10656,20.8125,8,64,0.23325106368469273
10656,20.8125,8,65,0.23168540178390762
10656,20.8125,8,66,0.23143825977544497
10656,20.8125,8,67,0.23031347550675252
10656,20.8125,8,68,0.23026115798305596
10656,20.8125,8,69,0.2292498899164263
10656,20.8125,8,70,0.22909368781200834
10656,20.8125,8,71,0.22720234834383782
10656,20.8125,8,72,0.22672669483894262
10656,20.8125,8,73,0.22619289267286685
10656,20.8125,8,74,0.22411150089664508
10656,20.8125,8,75,0.22329637617865172
10656,20.8125,8,76,0.22161436416729474
10656,20.8125,8,77,0.22065728741988014
10656,20.8125,8,78,0.2194022500283753
10656,20.8125,8,79,0.21844884303694215
10656,20.8125,8,80,0.2175830558917844
10688,20.875,2,0,0.3563158874756204
10688,20.875,2,1,0.32915026044944684
10688,20.875,2,2,0.2973147567943841
10688,20.875,2,3,0.29090699715560087
10688,20.875,2,4,0.25906974986631826
10688,20.875,2,5,0.25154599060232996
10688,20.875,2,6,0.2484292798310831
10688,20.875,2,7,0.2446208082568918
10688,20.875,2,8,0.2364834562854432
10688,20.875,4,0,0.3828555254814767
10688,20.875,4,1,0.37257393714849685
10688,20.875,4,2,0.3457330293892542
10688,20.875,4,3,0.34144493901507467
10688,20.875,4,4,0.32568925205228644
10688,20.875,4,5,0.32041928593885116
10688,20.875,4,6,0.30395430763070075
10688,20.875,4,7,0.3020836979489249
10688,20.875,4,8,0.2915056139598024
10688,20.875,4,9,0.2781290809705648
10688,20.875,4,10,0.2755981866140037
10688,20.875,4,11,0.26639611661350027
10688,20.875,4,12,0.265442185645492
10688,20.875,4,13,0.2653861776110568
10688,20.875,4,14,0.2574885244180511
10688,20.875,4,15,0.25072371448307423
10688,20.875,4,16,0.2428365367212611
10688,20.875,4,17,0.2406110416200056
10688,20.875,4,18,0.23955684791355328
10688,20.875,4,19,0.23811984395433594
10688,20.875,4,20,0.23485240239346827
10688,20.875,4,21,0.23382125845119306
10688,20.875,4,22,0.22917489068727873
10688,20.875,4,23,0.22898201069137625
10688,20.875,4,24,0.2247397402034713
10688,20.875,6,0,0.3944574490470555
10688,20.875,6,1,0.38969915855205634
10688,20.875,6,2,0.37029605725629633
10688,20.875,6,3,0.36741306282049546
10688,20.875,6,4,0.35997494626537047
10688,20.875,6,5,0.35647545406867415
10688,20.875,6,6,0.3401700434938761
10688,20.875,6,7,0.3390087534472297
10688,20.875,6,8,0.3298437719346915
10688,20.875,6,9,0.3243746998156203
10688,20.875,6,10,0.32292102111208065
10688,20.875,6,11,0.31285843623479814
10688,20.875,6,12,0.3087211978107981
10688,20.875,6,13,0.3083221040828288
10688,20.875,6,14,0.2985462254408219
10688,20.875,6,15,0.29229425682830334
10688,20.875,6,16,0.2892403731331826
10688,20.875,6,17,0.2886529881725263
10688,20.875,6,18,0.2793177975728214
10688,20.875,6,19,0.2789927768903807
10688,20.875,6,20,0.27881641946276453
10688,20.875,6,21,0.27263697353387994
10688,20.875,6,22,0.26992525228738834
10688,20.875,6,23,0.26564920828521843
10688,20.875,6,24,0.25952036546464763
10688,20.875,6,25,0.25879288094658015
10688,20.875,6,26,0.2583777672357484
10688,20.875,6,27,0.2535566657678396
10688,20.875,6,28,0.2533762466229266
10688,20.875,6,29,0.2517360827657495
10688,20.875,6,30,0.2475586229910677
10688,20.875,6,31,0.2470098811259194
10688,20.875,6,32,0.2441714376327103
10688,20.875,6,33,0.24140855058577781
10688,20.875,6,34,0.23973958942734064
10688,20.875,6,35,0.23747364537313537
10688,20.875,6,36,0.23647442884324557
10688,20.875,6,37,0.23606894546758872
10688,20.875,6,38,0.2353351746509907
10688,20.875,6,39,0.23523635282302244
10688,20.875,6,40,0.23314371832413952
10688,20.875,6,41,0.23267952882286963
10688,20.875,6,42,0.2295941531059107
10688,20.875,6,43,0.2293888637270957
10688,20.875,6,44,0.226273054243935
10688,20.875,6,45,0.22555067278361976
10688,20.875,6,46,0.22311487479872585
10688,20.875,6,47,0.22212483631462915
10688,20.875,6,48,0.2204042364423598
10688,20.875,8,0,0.40043862845245054
10688,20.875,8,1,0.39788842370238475
10688,20.875,8,2,0.3837468827926156
10688,20.875,8,3,0.3817182957008165
10688,20.875,8,4,0.3779477056153896
10688,20.875,8,5,0.3755441763348904
10688,20.875,8,6,0.3619341793251547
10688,20.875,8,7,0.3611495485844042
10688,20.875,8,8,0.3539074955361121
10688,20.875,8,9,0.35239267055136614
10688,20.875,8,10,0.3514462791409549
10688,20.875,8,11,0.34326563085629513
10688,20.875,8,12,0.3376905693470968
10688,20.875,8,13,0.33746554294992764
10688,20.875,8,14,0.32842705044795806
10688,20.875,8,15,0.32470976554790304
10688,20.875,8,16,0.3244164392804835
10688,20.875,8,17,0.3232842629059607
10688,20.875,8,18,0.3148431497997288
10688,20.875,8,19,0.3126778776633774
10688,20.875,8,20,0.3126099685419302
10688,20.875,8,21,0.30913660488808886
10688,20.875,8,22,0.30208247154972145
10688,20.875,8,23,0.2987189983689051
10688,20.875,8,24,0.2971364883315904
10688,20.875,8,25,0.29703525712184137
10688,20.875,8,26,0.29257119262519915
10688,20.875,8,27,0.2882485827221587
10688,20.875,8,28,0.28822372303552046
10688,20.875,8,29,0.2869159760395123
10688,20.875,8,30,0.2831180938681205
10688,20.875,8,31,0.2778168004267396
10688,20.875,8,32,0.2768549978330176
10688,20.875,8,33,0.2756146986180751
10688,20.875,8,34,0.27150317033258775
10688,20.875,8,35,0.27144949016333086
10688,20.875,8,36,0.2706892517995032
10688,20.875,8,37,0.26580250388795307
10688,20.875,8,38,0.2657877760709153
10688,20.875,8,39,0.2653674522894048
10688,20.875,8,40,0.2628375269885728
10688,20.875,8,41,0.2601175473976648
10688,20.875,8,42,0.2574779037841517
10688,20.875,8,43,0.2557468528186473
10688,20.875,8,44,0.2553583922900167
10688,20.875,8,45,0.2519305831209893
10688,20.875,8,46,0.2502746519175819
10688,20.875,8,47,0.24976063482936445
10688,20.875,8,48,0.24967614779324515
10688,20.875,8,49,0.24782793444343965
10688,20.875,8,50,0.24689705724287178
10688,20.875,8,51,0.24685451188258697
10688,20.875,8,52,0.24447825892556227
10688,20.875,8,53,0.24356376421932432
10688,20.875,8,54,0.242162998629482
10688,20.875,8,55,0.24198643967075753
10688,20.875,8,56,0.24028165526273804
10688,20.875,8,57,0.23840189364115974
10688,20.875,8,58,0.23732783083295775
10688,20.875,8,59,0.23507747353635133
10688,20.875,8,60,0.23462811852860896
10688,20.875,8,61,0.23451407146253897
10688,20.875,8,62,0.2343519828867907
10688,20.875,8,63,0.23412519992764788
10688,20.875,8,64,0.23390601149869542
10688,20.875,8,65,0.2323501220176679
10688,20.875,8,66,0.23210909351774967
10688,20.875,8,67,0.2309594004975686
10688,20.875,8,68,0.23091271634170543
10688,20.875,8,69,0.22993638671242322
10688,20.875,8,70,0.22977753684188545
10688,20.875,8,71,0.22788115660254793
10688,20.875,8,72,0.22743205264039695
10688,20.875,8,73,0.2268989231565644
10688,20.875,8,74,0.22483645472385103
10688,20.875,8,75,0.22402450189475548
10688,20.875,8,76,0.22235782028222756
10688,20.875,8,77,0.2214053197624956
10688,20.875,8,78,0.22016189903100755
10688,20.875,8,79,0.21921354838510548
10688,20.875,8,80,0.21835608299925535
10720,20.9375,2,0,0.35551484734920924
10720,20.9375,2,1,0.3286328536981927
10720,20.9375,2,2,0.2971478668282223
10720,20.9375,2,3,0.2908273450316111
10720,20.9375,2,4,0.2593656687216492
10720,20.9375,2,5,0.2519172721283658
10720,20.9375,2,6,0.2488725497473004
10720,20.9375,2,7,0.2450935188902121
10720,20.9375,2,8,0.23704059608334338
10720,20.9375,4,0,0.3818028296275249
10720,20.9375,4,1,0.3716144025787421
10720,20.9375,4,2,0.345016016495838
10720,20.9375,4,3,0.3408016505047202
10720,20.9375,4,4,0.3251923669749218
10720,20.9375,4,5,0.32000601085850633
10720,20.9375,4,6,0.30371185039179693
10720,20.9375,4,7,0.3018710106905126
10720,20.9375,4,8,0.2914315482524469
10720,20.9375,4,9,0.27820199204200996
10720,20.9375,4,10,0.27570110070562315
10720,20.9375,4,11,0.2666206352427027
10720,20.9375,4,12,0.26567228389506875
10720,20.9375,4,13,0.2656193451496739
10720,20.9375,4,14,0.2578200397760269
10720,20.9375,4,15,0.2511303849752696
10720,20.9375,4,16,0.24335732208991384
10720,20.9375,4,17,0.2411444528392309
10720,20.9375,4,18,0.24012249045599346
10720,20.9375,4,19,0.2386912403738351
10720,20.9375,4,20,0.23544229552421433
10720,20.9375,4,21,0.23443307602022762
10720,20.9375,4,22,0.22982638082931423
10720,20.9375,4,23,0.22962537560801174
10720,20.9375,4,24,0.22542918940854723
10720,20.9375,6,0,0.3933088129369282
10720,20.9375,6,1,0.3885885068804268
10720,20.9375,6,2,0.3693341925035417
10720,20.9375,6,3,0.36650449661866036
10720,20.9375,6,4,0.35911182475979736
10720,20.9375,6,5,0.3556752788702187
10720,20.9375,6,6,0.3395097241920042
10720,20.9375,6,7,0.3383734348172177
10720,20.9375,6,8,0.3293253915014403
10720,20.9375,6,9,0.3238916348642288
10720,20.9375,6,10,0.32246571845549793
10720,20.9375,6,11,0.3125345883809275
10720,20.9375,6,12,0.3084259460270342
10720,20.9375,6,13,0.30803395303520575
10720,20.9375,6,14,0.29837967125840675
10720,20.9375,6,15,0.2922193425015089
10720,20.9375,6,16,0.28918175210899305
10720,20.9375,6,17,0.2886022671346605
10720,20.9375,6,18,0.279386472327173
10720,20.9375,6,19,0.2790642267091834
10720,20.9375,6,20,0.27888956017960076
10720,20.9375,6,21,0.27279286810626097
10720,20.9375,6,22,0.2701121287723847
10720,20.9375,6,23,0.26588842429168724
10720,20.9375,6,24,0.25983366304783445
10720,20.9375,6,25,0.25911551798449595
10720,20.9375,6,26,0.25870232209565536
10720,20.9375,6,27,0.2539464631068055
10720,20.9375,6,28,0.2537661625149368
10720,20.9375,6,29,0.252144258771021
10720,20.9375,6,30,0.24802317919807082
10720,20.9375,6,31,0.24746576967490247
10720,20.9375,6,32,0.24466606468317453
10720,20.9375,6,33,0.24192313962458972
10720,20.9375,6,34,0.24027876206566778
10720,20.9375,6,35,0.23806742852725152
10720,20.9375,6,36,0.23707088597651044
10720,20.9375,6,37,0.23668153195021782
10720,20.9375,6,38,0.23594884323642742
10720,20.9375,6,39,0.23581978416957547
10720,20.9375,6,40,0.23377057646841828
10720,20.9375,6,41,0.23331703198914788
10720,20.9375,6,42,0.23025559698502318
10720,20.9375,6,43,0.2300461435380484
10720,20.9375,6,44,0.22696086427509746
10720,20.9375,6,45,0.22623940212112156
10720,20.9375,6,46,0.22382751507887674
10720,20.9375,6,47,0.2228414192820499
10720,20.9375,6,48,0.22113803946417643
10720,20.9375,8,0,0.3992454302857269
10720,20.9375,8,1,0.3967137535693768
10720,20.9375,8,2,0.38266764848866053
10720,20.9375,8,3,0.3806777492485168
10720,20.9375,8,4,0.37691733371044456
10720,20.9375,8,5,0.3745590512686165
10720,20.9375,8,6,0.3610483986481688
10720,20.9375,8,7,0.3602833375747043
10720,20.9375,8,8,0.35312770988320585
10720,20.9375,8,9,0.351602586049956
10720,20.9375,8,10,0.3506783582227975
10720,20.9375,8,11,0.3425987893890999
10720,20.9375,8,12,0.3370603729287379
10720,20.9375,8,13,0.33684077257033646
10720,20.9375,8,14,0.3279035962387393
10720,20.9375,8,15,0.32422631647448563
10720,20.9375,8,16,0.32393923959810195
10720,20.9375,8,17,0.3228466872519565
10720,20.9375,8,18,0.3144794796113988
10720,20.9375,8,19,0.3123376609845215
10720,20.9375,8,20,0.31227103928212513
10720,20.9375,8,21,0.30886337082584364
10720,20.9375,8,22,0.3018681022241805
10720,20.9375,8,23,0.2985594607351089
10720,20.9375,8,24,0.2969843522842228
10720,20.9375,8,25,0.29688459928808875
10720,20.9375,8,26,0.29249796572182696
10720,20.9375,8,27,0.2882079877697522
10720,20.9375,8,28,0.28818343345705527
10720,20.9375,8,29,0.28689074442553403
10720,20.9375,8,30,0.2831475993828875
10720,20.9375,8,31,0.2779074076418559
10720,20.9375,8,32,0.27696757944453126
10720,20.9375,8,33,0.27573482021414386
10720,20.9375,8,34,0.2716701601089849
10720,20.9375,8,35,0.27161679076855605
10720,20.9375,8,36,0.27087311677023856
10720,20.9375,8,37,0.2660423546196356
10720,20.9375,8,38,0.2660277221472379
10720,20.9375,8,39,0.26561797498742945
10720,20.9375,8,40,0.2631160656722888
10720,20.9375,8,41,0.2604256327795869
10720,20.9375,8,42,0.257825912757281
10720,20.9375,8,43,0.2561106237965
10720,20.9375,8,44,0.2557223467470591
10720,20.9375,8,45,0.25233774924791114
10720,20.9375,8,46,0.2506959424781749
10720,20.9375,8,47,0.25019892765218915
10720,20.9375,8,48,0.2501141578249775
10720,20.9375,8,49,0.24827993534259785
10720,20.9375,8,50,0.24737182955070025
10720,20.9375,8,51,0.24732898761231917
10720,20.9375,8,52,0.24498423603652697
10720,20.9375,8,53,0.24406105491935548
10720,20.9375,8,54,0.24269979366894026
10720,20.9375,8,55,0.24251141637565615
10720,20.9375,8,56,0.2408305416750695
10720,20.9375,8,57,0.23896129808441405
10720,20.9375,8,58,0.237903834962624
10720,20.9375,8,59,0.23570324700715656
10720,20.9375,8,60,0.235223647804301
10720,20.9375,8,61,0.2351399728263909
10720,20.9375,8,62,0.23498736388675037
10720,20.9375,8,63,0.2347306540761213
10720,20.9375,8,64,0.23454132479310175
10720,20.9375,8,65,0.23299536766684228
10720,20.9375,8,66,0.23276012507193983
10720,20.9375,8,67,0.23158871681751028
10720,20.9375,8,68,0.23154719800570805
10720,20.9375,8,69,0.23060322983302195
10720,20.9375,8,70,0.230442060843538
10720,20.9375,8,71,0.22854256942811954
10720,20.9375,8,72,0.22811788014299086
10720,20.9375,8,73,0.2275857198031738
10720,20.9375,8,74,0.2255419618268168
10720,20.9375,8,75,0.22473344351513047
10720,20.9375,8,76,0.22308188469796258
10720,20.9375,8,77,0.22213413311925173
10720,20.9375,8,78,0.22090212718530616
10720,20.9375,8,79,0.21995893045001436
10720,20.9375,8,80,0.21910961249942423
10752,21.0,2,0,0.35473155146535834
10752,21.0,2,1,0.32812736601734205
10752,21.0,2,2,0.29698498306330506
10752,21.0,2,3,0.29075007324972113
10752,21.0,2,4,0.2596534130199032
10752,21.0,2,5,0.2522795104947679
10752,21.0,2,6,0.24930315901293257
10752,21.0,2,7,0.2455536785445339
10752,21.0,2,8,0.23758366162313493
10752,21.0,4,0,0.3807718391275471
10752,21.0,4,1,0.3706753207470599
10752,21.0,4,2,0.34431592121119015
10752,21.0,4,3,0.3401738134135274
10752,21.0,4,4,0.32470758556515594
10752,21.0,4,5,0.3196031382884633
10752,21.0,4,6,0.30347555750281335
10752,21.0,4,7,0.30166387041581805
10752,21.0,4,8,0.29135963937249293
10752,21.0,4,9,0.2782725728726066
10752,21.0,4,10,0.27580134025446484
10752,21.0,4,11,0.2668385945253759
10752,21.0,4,12,0.2658966607819978
10752,21.0,4,13,0.26584604752978186
10752,21.0,4,14,0.25814248087513036
10752,21.0,4,15,0.2515267026506947
10752,21.0,4,16,0.2438630515942142
10752,21.0,4,17,0.24166314365518435
10752,21.0,4,18,0.24067170402648294
10752,21.0,4,19,0.2392465532047743
10752,21.0,4,20,0.2360166033353674
10752,21.0,4,21,0.23502824736390562
10752,21.0,4,22,0.23046093247364338
10752,21.0,4,23,0.23025247365169563
10752,21.0,4,24,0.2261012576801289
10752,21.0,6,0,0.3921827535432608
10752,21.0,6,1,0.38750015002146165
10752,21.0,6,2,0.3683934764799323
10752,21.0,6,3,0.3656162093102839
10752,21.0,6,4,0.3582683420753098
10752,21.0,6,5,0.35489358701608964
10752,21.0,6,6,0.33886567413388824
10752,21.0,6,7,0.3377536593976138
10752,21.0,6,8,0.32882004732405
10752,21.0,6,9,0.3234208004646474
10752,21.0,6,10,0.32202192155517345
10752,21.0,6,11,0.31221918389261266
10752,21.0,6,12,0.30813841815427323
10752,21.0,6,13,0.30775334581746805
10752,21.0,6,14,0.29821733173305537
10752,21.0,6,15,0.2921466997284201
10752,21.0,6,16,0.28912449644698446
10752,21.0,6,17,0.2885528291464069
10752,21.0,6,18,0.2794530688100812
10752,21.0,6,19,0.27913347878228434
10752,21.0,6,20,0.2789605468701657
10752,21.0,6,21,0.2729449602576676
10752,21.0,6,22,0.2702933528910611
10752,21.0,6,23,0.26612118067168966
10752,21.0,6,24,0.26013896401731107
10752,21.0,6,25,0.2594288245232398
10752,21.0,6,26,0.2590176989394471
10752,21.0,6,27,0.2543250166496021
10752,21.0,6,28,0.25414495204514503
10752,21.0,6,29,0.2525408147691796
10752,21.0,6,30,0.24847427670262917
10752,21.0,6,31,0.24790952057254476
10752,21.0,6,32,0.24514714337993276
10752,21.0,6,33,0.24242457009901963
10752,21.0,6,34,0.24080375227887704
10752,21.0,6,35,0.2386439281789872
10752,21.0,6,36,0.2376503647436378
10752,21.0,6,37,0.23727626712297015
10752,21.0,6,38,0.23654495927008998
10752,21.0,6,39,0.23638828135835255
10752,21.0,6,40,0.23438004703518306
10752,21.0,6,41,0.23393662295055595
10752,21.0,6,42,0.2308991095287773
10752,21.0,6,43,0.23068593086973668
10752,21.0,6,44,0.2276306532725143
10752,21.0,6,45,0.22691042336686487
10752,21.0,6,46,0.2245219775089224
10752,21.0,6,47,0.22353999378403408
10752,21.0,6,48,0.2218534501981741
10752,21.0,8,0,0.398075002470212
10752,21.0,8,1,0.39556179401928043
10752,21.0,8,2,0.3816108648415477
10752,21.0,8,3,0.3796591847101767
10752,21.0,8,4,0.37590894698547
10752,21.0,8,5,0.37359527072067983
10752,21.0,8,6,0.3601831037320235
10752,21.0,8,7,0.35943703344802624
10752,21.0,8,8,0.35236634636190334
10752,21.0,8,9,0.35083135957264894
10752,21.0,8,10,0.349928628859296
10752,21.0,8,11,0.3419481869893227
10752,21.0,8,12,0.3364460210192563
10752,21.0,8,13,0.3362315853882984
10752,21.0,8,14,0.32739335950550197
10752,21.0,8,15,0.3237553312925127
10752,21.0,8,16,0.3234742670116467
10752,21.0,8,17,0.3224204956038655
10752,21.0,8,18,0.3141251298383545
10752,21.0,8,19,0.3120064244075931
10752,21.0,8,20,0.311941052201253
10752,21.0,8,21,0.3085975010559772
10752,21.0,8,22,0.3016591580861754
10752,21.0,8,23,0.2984041504839767
10752,21.0,8,24,0.29683620566111296
10752,21.0,8,25,0.29673792619855727
10752,21.0,8,26,0.29242698679803314
10752,21.0,8,27,0.2881683488311086
10752,21.0,8,28,0.2881441129806641
10752,21.0,8,29,0.2868657408658337
10752,21.0,8,30,0.2831762819438229
10752,21.0,8,31,0.27799489472438027
10752,21.0,8,32,0.27707747712432873
10752,21.0,8,33,0.27585142348061387
10752,21.0,8,34,0.2718322648004733
10752,21.0,8,35,0.2717792519364439
10752,21.0,8,36,0.27105200684013847
10752,21.0,8,37,0.26627523909277256
10752,21.0,8,38,0.2662607341279649
10752,21.0,8,39,0.2658621174603072
10752,21.0,8,40,0.26338619080566883
10752,21.0,8,41,0.26072507038368137
10752,21.0,8,42,0.25816345063249324
10752,21.0,8,43,0.2564639951691351
10752,21.0,8,44,0.25607655958564596
10752,21.0,8,45,0.25273368145417774
10752,21.0,8,46,0.2511063889009367
10752,21.0,8,47,0.250624584020678
10752,21.0,8,48,0.25053960820180915
10752,21.0,8,49,0.2487199573644031
10752,21.0,8,50,0.24783290895258203
10752,21.0,8,51,0.24778982033103214
10752,21.0,8,52,0.24547543814411638
10752,21.0,8,53,0.24454553813660604
10752,21.0,8,54,0.24322085753765169
10752,21.0,8,55,0.2430217491191156
10752,21.0,8,56,0.24136393501416253
10752,21.0,8,57,0.23950565882257782
10752,21.0,8,58,0.23846408521793105
10752,21.0,8,59,0.23631077131138137
10752,21.0,8,60,0.2358039303270617
10752,21.0,8,61,0.2357475861259121
10752,21.0,8,62,0.23560420707480356
10752,21.0,8,63,0.23532008307740762
10752,21.0,8,64,0.2351582600858272
10752,21.0,8,65,0.2336223183903374
10752,21.0,8,66,0.23339257989310705
10752,21.0,8,67,0.2322020168080541
10752,21.0,8,68,0.23216528580776433
10752,21.0,8,69,0.23125153254562628
10752,21.0,8,70,0.23108831431768767
10752,21.0,8,71,0.22918720475438184
10752,21.0,8,72,0.22878517884726518
10752,21.0,8,73,0.22825421656132067
10752,21.0,8,74,0.2262289168122161
10752,21.0,8,75,0.22542402154808514
10752,21.0,8,76,0.22378735432607663
10752,21.0,8,77,0.22284446335975988
10752,21.0,8,78,0.22162366231661562
10752,21.0,8,79,0.22068566974413045
10752,21.0,8,80,0.2198443273957726
10784,21.0625,2,0,0.35396495275296985
10784,21.0625,2,1,0.3276331026255064
10784,21.0625,2,2,0.2968260114730145
10784,21.0625,2,3,0.29067492891613705
10784,21.0625,2,4,0.2599336266916582
10784,21.0625,2,5,0.25263308258569245
10784,21.0625,2,6,0.24972208497098955
10784,21.0625,2,7,0.24600202937385157
10784,21.0625,2,8,0.23811326702345464
10784,21.0625,4,0,0.37976125852595494
10784,21.0625,4,1,0.36975547737083053
10784,21.0625,4,2,0.343631816865936
10784,21.0625,4,3,0.33956045760493825
10784,21.0625,4,4,0.3242342967883138
10784,21.0625,4,5,0.3192099713821569
10784,21.0625,4,6,0.3032452058932947
10784,21.0625,4,7,0.3014619718117474
10784,21.0625,4,8,0.291289643953079
10784,21.0625,4,9,0.27834115624165906
10784,21.0625,4,10,0.2758990821234272
10784,21.0625,4,11,0.26705058280387595
10784,21.0625,4,12,0.2661155034186538
10784,21.0625,4,13,0.26606676063075135
10784,21.0625,4,14,0.25845640132813225
10784,21.0625,4,15,0.2519130711299991
10784,21.0625,4,16,0.24435487317501017
10784,21.0625,4,17,0.2421680794440702
10784,21.0625,4,18,0.24120573148991506
10784,21.0625,4,19,0.2397868873809624
10784,21.0625,4,20,0.23657616686644756
10784,21.0625,4,21,0.23560777448917633
10784,21.0625,4,22,0.231079389577588
10784,21.0625,4,23,0.23086400317211236
10784,21.0625,4,24,0.22675668044742667
10784,21.0625,6,0,0.39107789886676697
10784,21.0625,6,1,0.3864327471505873
10784,21.0625,6,2,0.36747272554462834
10784,21.0625,6,3,0.3647469766721097
10784,21.0625,6,4,0.35744339959978266
10784,21.0625,6,5,0.35412924880762847
10784,21.0625,6,6,0.33823696063769243
10784,21.0625,6,7,0.3371485436037245
10784,21.0625,6,8,0.32832689079893346
10784,21.0625,6,9,0.322961551565735
10784,21.0625,6,10,0.3215889770606669
10784,21.0625,6,11,0.3119116282905548
10784,21.0625,6,12,0.3078582537308773
10784,21.0625,6,13,0.3074799003510072
10784,21.0625,6,14,0.29805903383531385
10784,21.0625,6,15,0.29207603186773984
10784,21.0625,6,16,0.2890686766589066
10784,21.0625,6,17,0.2885046799162882
10784,21.0625,6,18,0.2795177748465133
10784,21.0625,6,19,0.2792008112487845
10784,21.0625,6,20,0.27902961993281716
10784,21.0625,6,21,0.27309329626177364
10784,21.0625,6,22,0.27046943722251965
10784,21.0625,6,23,0.26634780555649773
10784,21.0625,6,24,0.2604365341394929
10784,21.0625,6,25,0.2597335415657572
10784,21.0625,6,26,0.2593245728264942
10784,21.0625,6,27,0.25469317540628605
10784,21.0625,6,28,0.2545134245527156
10784,21.0625,6,29,0.25292656431987603
10784,21.0625,6,30,0.2489129037465517
10784,21.0625,6,31,0.24834176376103098
10784,21.0625,6,32,0.24561547718890894
10784,21.0625,6,33,0.2429133779817734
10784,21.0625,6,34,0.24131525484582975
10784,21.0625,6,35,0.2392044486384509
10784,21.0625,6,36,0.2382140615643762
10784,21.0625,6,37,0.23785449666832342
10784,21.0625,6,38,0.2371247633128022
10784,21.0625,6,39,0.2369424792041748
10784,21.0625,6,40,0.2349732470417588
10784,21.0625,6,41,0.23453949853359715
10784,21.0625,6,42,0.23152575156457997
10784,21.0625,6,43,0.23130918858322486
10784,21.0625,6,44,0.22828335142851544
10784,21.0625,6,45,0.22756457518467463
10784,21.0625,6,46,0.22519909408469685
10784,21.0625,6,47,0.2242213135754088
10784,21.0625,6,48,0.22255123250367437
10784,21.0625,8,0,0.3969259265564269
10784,21.0625,8,1,0.3944311480272914
10784,21.0625,8,2,0.3805752825691219
10784,21.0625,8,3,0.37866128063206494
10784,21.0625,8,4,0.3749213205577556
10784,21.0625,8,5,0.37265155172905023
10784,21.0625,8,6,0.3593370979794058
10784,21.0625,8,7,0.35860951447696865
10784,21.0625,8,8,0.3516222685554932
10784,21.0625,8,9,0.3500778847928249
10784,21.0625,8,10,0.34919606123343216
10784,21.0625,8,11,0.34131280188526814
10784,21.0625,8,12,0.3358465802781579
10784,21.0625,8,13,0.33563709860576124
10784,21.0625,8,14,0.3268956021670404
10784,21.0625,8,15,0.32329611504276645
10784,21.0625,8,16,0.32302084747363236
10784,21.0625,8,17,0.3220048927525422
10784,21.0625,8,18,0.3137796143801098
10784,21.0625,8,19,0.3116837022494815
10784,21.0625,8,20,0.31161954779105194
10784,21.0625,8,21,0.30833841548608987
10784,21.0625,8,22,0.30145549769396107
10784,21.0625,8,23,0.2982527832637506
10784,21.0625,8,24,0.29669192236142844
10784,21.0625,8,25,0.29659509322233485
10784,21.0625,8,26,0.29235794238825935
10784,21.0625,8,27,0.2881297228948439
10784,21.0625,8,28,0.2881058197348916
10784,21.0625,8,29,0.2868411448764236
10784,21.0625,8,30,0.2832041491085555
10784,21.0625,8,31,0.2780796865980535
10784,21.0625,8,32,0.2771846587052124
10784,21.0625,8,33,0.27596476929996694
10784,21.0625,8,34,0.27198991957622165
10784,21.0625,8,35,0.2719372901807017
10784,21.0625,8,36,0.27122614039324
10784,21.0625,8,37,0.2665017169692303
10784,21.0625,8,38,0.2664873608691624
10784,21.0625,8,39,0.26610004891412126
10784,21.0625,8,40,0.26364862979879494
10784,21.0625,8,41,0.2610164127316681
10784,21.0625,8,42,0.2584913867768059
10784,21.0625,8,43,0.25680768798407566
10784,21.0625,8,44,0.2564215066499044
10784,21.0625,8,45,0.25311903363392696
10784,21.0625,8,46,0.25150640262325075
10784,21.0625,8,47,0.2510385326528096
10784,21.0625,8,48,0.2509534083745859
10784,21.0625,8,49,0.2491485654204765
10784,21.0625,8,50,0.2482812898954454
10784,21.0625,8,51,0.24823799335830354
10784,21.0625,8,52,0.24595296871814643
10784,21.0625,8,53,0.24501772028833166
10784,21.0625,8,54,0.24372737504829756
10784,21.0625,8,55,0.24351837497353576
10784,21.0625,8,56,0.24188286646962612
10784,21.0625,8,57,0.24003579771419417
10784,21.0625,8,58,0.23900951322550618
10784,21.0625,8,59,0.2369014221528743
10784,21.0625,8,60,0.2363702645983084
10784,21.0625,8,61,0.23633765488440686
10784,21.0625,8,62,0.23620391009727612
10784,21.0625,8,63,0.2358943239455511
10784,21.0625,8,64,0.23575815579724302
10784,21.0625,8,65,0.2342322319928944
10784,21.0625,8,66,0.23400776151580968
10784,21.0625,8,67,0.23279995846569962
10784,21.0625,8,68,0.23276773180601135
10784,21.0625,8,69,0.23188248938185485
10784,21.0625,8,70,0.23171743123657756
10784,21.0625,8,71,0.22981574960261622
10784,21.0625,8,72,0.22943503174657284
10784,21.0625,8,73,0.22890542910669562
10784,21.0625,8,74,0.22689829854740518
10784,21.0625,8,75,0.2260971401384176
10784,21.0625,8,76,0.2244751118785659
10784,21.0625,8,77,0.22353713611327233
10784,21.0625,8,78,0.22232732523271065
10784,21.0625,8,79,0.22139453652917987
10784,21.0625,8,80,0.22056100221253302
10816,21.125,2,0,0.35321419518812913
10816,21.125,2,1,0.32714948517877646
10816,21.125,2,2,0.29667086311183904
10816,21.125,2,3,0.290601679009256
10816,21.125,2,4,0.26020686249326713
10816,21.125,2,5,0.252978294911865
10816,21.125,2,6,0.25013017568622936
10816,21.125,2,7,0.24643920209898512
10816,21.125,2,8,0.2386299218680628
10816,21.125,4,0,0.37877006892341697
10816,21.125,4,1,0.3688538984118987
10816,21.125,4,2,0.342962936244335
10816,21.125,4,3,0.3389607309835174
10816,21.125,4,4,0.3237719822520863
10816,21.125,4,5,0.31882589361952585
10816,21.125,4,6,0.30302059222850963
10816,21.125,4,7,0.3012650297254385
10816,21.125,4,8,0.2912213481037541
10816,21.125,4,9,0.27840801300219276
10816,21.125,4,10,0.27599446277434175
10816,21.125,4,11,0.2672570891425188
10816,21.125,4,12,0.26632896558327307
10816,21.125,4,13,0.2662818842557993
10816,21.125,4,14,0.25876227028127174
10816,21.125,4,15,0.25228982456953875
10816,21.125,4,16,0.24483378909428746
10816,21.125,4,17,0.24266009466070607
10816,21.125,4,18,0.24172566434016535
10816,21.125,4,19,0.24031320479123036
10816,21.125,4,20,0.2371216983231222
10816,21.125,4,21,0.23617251924528895
10816,21.125,4,22,0.23168245827873538
10816,21.125,4,23,0.23146053965817395
10816,21.125,4,24,0.22739606207831892
10816,21.125,6,0,0.3899932202953317
10816,21.125,6,1,0.38538526678488005
10816,21.125,6,2,0.3665709606518111
10816,21.125,6,3,0.3638957413499357
10816,21.125,6,4,0.3566360950028768
10816,21.125,6,5,0.35338127819247966
10816,21.125,6,6,0.33762285118392404
10816,21.125,6,7,0.3365572925704462
10816,21.125,6,8,0.32784518995333345
10816,21.125,6,9,0.3225133573788256
10816,21.125,6,10,0.3211662928152863
10816,21.125,6,11,0.31161140718524544
10816,21.125,6,12,0.3075851120027275
10816,21.125,6,13,0.3072132709231009
10816,21.125,6,14,0.29790459820994347
10816,21.125,6,15,0.2920070833784492
10816,21.125,6,16,0.2890143174155716
10816,21.125,6,17,0.28845780612899885
10816,21.125,6,18,0.27958073602172523
10816,21.125,6,19,0.2792664297828111
10816,21.125,6,20,0.27909696973485615
10816,21.125,6,21,0.27323790843132795
10816,21.125,6,22,0.2706408137868174
10816,21.125,6,23,0.26656857665939093
10816,21.125,6,24,0.2607265877482699
10816,21.125,6,25,0.26003029885642936
10816,21.125,6,26,0.25962352065319316
10816,21.125,6,27,0.2550516703485257
10816,21.125,6,28,0.25487227739013996
10816,21.125,6,29,0.2533022110793462
10816,21.125,6,30,0.2493399199347561
10816,21.125,6,31,0.248763027804482
10816,21.125,6,32,0.24607175027088393
10816,21.125,6,33,0.2433900091110666
10816,21.125,6,34,0.2418138468404685
10816,21.125,6,35,0.23975013716453597
10816,21.125,6,36,0.23876302344483002
10816,21.125,6,37,0.23841740681730086
10816,21.125,6,38,0.23768935228127183
10816,21.125,6,39,0.2374828997154384
10816,21.125,6,40,0.23555114360822565
10816,21.125,6,41,0.23512670341524136
10816,21.125,6,42,0.2321364332544514
10816,21.125,6,43,0.23191673733652132
10816,21.125,6,44,0.2289197474040258
10816,21.125,6,45,0.22820255327112965
10816,21.125,6,46,0.22585954981275674
10816,21.125,6,47,0.2248859961627899
10816,21.125,6,48,0.22323200948883706
10816,21.125,8,0,0.39579719944247344
10816,21.125,8,1,0.3933207978412082
10816,21.125,8,2,0.37955984527712483
10816,21.125,8,3,0.37768293343393206
10816,21.125,8,4,0.37395342754047256
10816,21.125,8,5,0.37172680304927713
10816,21.125,8,6,0.3585094549499158
10816,21.125,8,7,0.35779977347597675
10816,21.125,8,8,0.3508945016231117
10816,21.125,8,9,0.3493413100197276
10816,21.125,8,10,0.3484797317818119
10816,21.125,8,11,0.34069175480555397
10816,21.125,8,12,0.3352612761634518
10816,21.125,8,13,0.33505656937247313
10816,21.125,8,14,0.3264096830491271
10816,21.125,8,15,0.32284806612517136
10816,21.125,8,16,0.322578396686309
10816,21.125,8,17,0.3215991867658775
10816,21.125,8,18,0.31344248505403555
10816,21.125,8,19,0.31136906889147364
10816,21.125,8,20,0.31130610030862016
10816,21.125,8,21,0.30808561587140837
10816,21.125,8,22,0.30125694219223087
10816,21.125,8,23,0.2981050986499216
10816,21.125,8,24,0.296551352379132
10816,21.125,8,25,0.2964559496301482
10816,21.125,8,26,0.2922905704864719
10816,21.125,8,27,0.2880921424693325
10816,21.125,8,28,0.2880685546094147
10816,21.125,8,29,0.2868170744553249
10816,21.125,8,30,0.2832312025709826
10816,21.125,8,31,0.278162128575136
10816,21.125,8,32,0.2772890907872424
10816,21.125,8,33,0.2760750744142152
10816,21.125,8,34,0.27214348474130556
10816,21.125,8,35,0.2720912409634003
10816,21.125,8,36,0.2713957056500601
10816,21.125,8,37,0.2667222606361926
10816,21.125,8,38,0.26670805794475877
10816,21.125,8,39,0.26633189757708753
10816,21.125,8,40,0.26390401155246673
10816,21.125,8,41,0.26130012958338517
10816,21.125,8,42,0.2588104771195578
10816,21.125,8,43,0.2571423177673245
10816,21.125,8,44,0.25675758739327253
10816,21.125,8,45,0.25349435986338714
10816,21.125,8,46,0.2518963200248538
10816,21.125,8,47,0.2514415816125512
10816,21.125,8,48,0.25135634290364994
10816,21.125,8,49,0.24956622793420374
10816,21.125,8,50,0.24871784105550504
10816,21.125,8,51,0.24867435838988616
10816,21.125,8,52,0.2464177929643111
10816,21.125,8,53,0.2454780247716578
10816,21.125,8,54,0.2442203829180151
10816,21.125,8,55,0.24400209355804733
10816,21.125,8,56,0.2423882297843758
10816,21.125,8,57,0.2405524121011143
10816,21.125,8,58,0.23954090817447948
10816,21.125,8,59,0.2374764137550855
10816,21.125,8,60,0.23692672318164432
10816,21.125,8,61,0.23690785836637077
10816,21.125,8,62,0.2367877082203685
10816,21.125,8,63,0.23645409458077302
10816,21.125,8,64,0.23634217510989353
10816,21.125,8,65,0.23482620895677622
10816,21.125,8,66,0.23460681262782812
10816,21.125,8,67,0.23338309702595947
10816,21.125,8,68,0.23335515357697317
10816,21.125,8,69,0.23249714109798045
10816,21.125,8,70,0.23233039563584623
10816,21.125,8,71,0.23042878430377642
10816,21.125,8,72,0.23006837303466565
10816,21.125,8,73,0.22954022304605862
10816,21.125,8,74,0.22755093607719476
10816,21.125,8,75,0.22675356140890815
10816,21.125,8,76,0.22514589806034302
10816,21.125,8,77,0.22421282713089846
10816,21.125,8,78,0.22301378368903413
10816,21.125,8,79,0.22208615575873675
10816,21.125,8,80,0.22126026233250856
10848,21.1875,2,0,0.35247831545793434
10848,21.1875,2,1,0.32667587562134665
10848,21.1875,2,2,0.2965194577590555
10848,21.1875,2,3,0.29053008381371487
10848,21.1875,2,4,0.26047370677384457
10848,21.1875,2,5,0.25331548512549046
10848,21.1875,2,6,0.25052831852680396
10848,21.1875,2,7,0.2468658635590927
10848,21.1875,2,8,0.23913417782167842
10848,21.1875,4,0,0.37779708723345923
10848,21.1875,4,1,0.3679694679264216
10848,21.1875,4,2,0.34230843542269174
10848,21.1875,4,3,0.33837370786882104
10848,21.1875,4,4,0.3233200933148931
10848,21.1875,4,5,0.3184502463628437
10848,21.1875,4,6,0.3028015412250361
10848,21.1875,4,7,0.30107274533451445
10848,21.1875,4,8,0.2911545366939423
10848,21.1875,4,9,0.27847345454029737
10848,21.1875,4,10,0.27608763089021243
10848,21.1875,4,11,0.26745864472491365
10848,21.1875,4,12,0.26653722016741527
10848,21.1875,4,13,0.26649184532207904
10848,21.1875,4,14,0.2590605804480397
10848,21.1875,4,15,0.2526573282378674
10848,21.1875,4,16,0.2453008382378382
10848,21.1875,4,17,0.24314006192607646
10848,21.1875,4,18,0.24223262895093087
10848,21.1875,4,19,0.24082650450995494
10848,21.1875,4,20,0.23765395153612717
10848,21.1875,4,21,0.2367233849353171
10848,21.1875,4,22,0.23227089230061376
10848,21.1875,4,23,0.23204270684644843
10848,21.1875,4,24,0.22802005840665482
10848,21.1875,6,0,0.38892749637385987
10848,21.1875,6,1,0.3843564984268546
10848,21.1875,6,2,0.3656870652001003
10848,21.1875,6,3,0.3630613352192363
10848,21.1875,6,4,0.35584540797871683
10848,21.1875,6,5,0.35264859329807796
10848,21.1875,6,6,0.33702254065733844
10848,21.1875,6,7,0.33597904991266575
10848,21.1875,6,8,0.32737415293089434
10848,21.1875,6,9,0.3220756784343437
10848,21.1875,6,10,0.32075323850963977
10848,21.1875,6,11,0.3113179770429462
10848,21.1875,6,12,0.3073186971319415
10848,21.1875,6,13,0.3069530998483737
10848,21.1875,6,14,0.2977538626490922
10848,21.1875,6,15,0.2919396004807258
10848,21.1875,6,16,0.28896148799946303
10848,21.1875,6,17,0.2884122059848959
10848,21.1875,6,18,0.27964211209452644
10848,21.1875,6,19,0.27933057968291203
10848,21.1875,6,20,0.2791628064611322
10848,21.1875,6,21,0.2733788517716158
10848,21.1875,6,22,0.2708079343891223
10848,21.1875,6,23,0.26678378561868954
10848,21.1875,6,24,0.2610093729558063
10848,21.1875,6,25,0.2603197664866317
10848,21.1875,6,26,0.25991514838534263
10848,21.1875,6,27,0.2554012676571382
10848,21.1875,6,28,0.25522224507649943
10848,21.1875,6,29,0.2536684890412132
10848,21.1875,6,30,0.2497562202699492
10848,21.1875,6,31,0.24917387264226978
10848,21.1875,6,32,0.24651668502526333
10848,21.1875,6,33,0.24385494165429922
10848,21.1875,6,34,0.2423001424248045
10848,21.1875,6,35,0.24028217544742095
10848,21.1875,6,36,0.23929833381675747
10848,21.1875,6,37,0.23896621547602054
10848,21.1875,6,38,0.23823986495404872
10848,21.1875,6,39,0.23801009085945013
10848,21.1875,6,40,0.23611474370685614
10848,21.1875,6,41,0.23569931758362922
10848,21.1875,6,42,0.23273211108048422
10848,21.1875,6,43,0.2325094431780401
10848,21.1875,6,44,0.22954067550748466
10848,21.1875,6,45,0.22882510534307915
10848,21.1875,6,46,0.2265040866363369
10848,21.1875,6,47,0.22553471419488377
10848,21.1875,6,48,0.22389646343669872
10848,21.1875,8,0,0.3946875879513814
10848,21.1875,8,1,0.392229516080946
10848,21.1875,8,2,0.37856338677827117
10848,21.1875,8,3,0.3767229023681235
10848,21.1875,8,4,0.37300410973849346
10848,21.1875,8,5,0.37081980959294614
10848,21.1875,8,6,0.35769903843785317
10848,21.1875,8,7,0.3570067287929258
10848,21.1875,8,8,0.35018195996020957
10848,21.1875,8,9,0.34862063556035605
10848,21.1875,8,10,0.34777864114625134
10848,21.1875,8,11,0.3400840790150414
10848,21.1875,8,12,0.3346893137129177
10848,21.1875,8,13,0.33448916593415
10848,21.1875,8,14,0.325934949932593
10848,21.1875,8,15,0.3224106094112754
10848,21.1875,8,16,0.3221462829710797
10848,21.1875,8,17,0.3212026324363814
10848,21.1875,8,18,0.31311330875292415
10848,21.1875,8,19,0.31106212067250777
10848,21.1875,8,20,0.31100030174567256
10848,21.1875,8,21,0.30783857514928165
10848,21.1875,8,22,0.3010633546314436
10848,21.1875,8,23,0.29796084007585766
10848,21.1875,8,24,0.29641438239746365
10848,21.1875,8,25,0.29632036339493995
10848,21.1875,8,26,0.29222460868380085
10848,21.1875,8,27,0.2880556345748666
10848,21.1875,8,28,0.28803237966594747
10848,21.1875,8,29,0.2867936696024738
10848,21.1875,8,30,0.28325745029345684
10848,21.1875,8,31,0.278242580050372
10848,21.1875,8,32,0.2773907674643845
10848,21.1875,8,33,0.2761825750330278
10848,21.1875,8,34,0.27229333489983576
10848,21.1875,8,35,0.2722414845017826
10848,21.1875,8,36,0.27156089448822646
10848,21.1875,8,37,0.2669373687425126
10848,21.1875,8,38,0.2669233180273908
10848,21.1875,8,39,0.26655783588121973
10848,21.1875,8,40,0.2641529906473146
10848,21.1875,8,41,0.2615767183312809
10848,21.1875,8,42,0.259121517431938
10848,21.1875,8,43,0.2574685273924325
10848,21.1875,8,44,0.2570852187709068
10848,21.1875,8,45,0.2538602445160802
10848,21.1875,8,46,0.2522765126160265
10848,21.1875,8,47,0.25183457296810324
10848,21.1875,8,48,0.2517492368087857
10848,21.1875,8,49,0.2499734411127883
10848,21.1875,8,50,0.24914346032908408
10848,21.1875,8,51,0.2490998142051616
10848,21.1875,8,52,0.24687091113013052
10848,21.1875,8,53,0.24592689920230082
10848,21.1875,8,54,0.24470095373803236
10848,21.1875,8,55,0.2444737480425222
10848,21.1875,8,56,0.24288095513064434
10848,21.1875,8,57,0.24105623701859827
10848,21.1875,8,58,0.24005910797048183
10848,21.1875,8,59,0.23803698985917776
10848,21.1875,8,60,0.23748137518269283
10848,21.1875,8,61,0.23745196131605026
10848,21.1875,8,62,0.23735686483977758
10848,21.1875,8,63,0.2370001716878292
10848,21.1875,8,64,0.23691149592546928
10848,21.1875,8,65,0.23540538459555607
10848,21.1875,8,66,0.23519090995470684
10848,21.1875,8,67,0.23395201590220016
10848,21.1875,8,68,0.23392821833583652
10848,21.1875,8,69,0.2330965681164661
10848,21.1875,8,70,0.23292823213334893
10848,21.1875,8,71,0.231026920123142
10848,21.1875,8,72,0.23068617908630795
10848,21.1875,8,73,0.23015951222531517
10848,21.1875,8,74,0.2281877090977065
10848,21.1875,8,75,0.2273940950563404
10848,21.1875,8,76,0.2258005025824556
10848,21.1875,8,77,0.2248722721912533
10848,21.1875,8,78,0.2236837688676646
10848,21.1875,8,79,0.22276121637597673
10848,21.1875,8,80,0.2219428009410642
10880,21.25,2,0,0.3517565078843886
10880,21.25,2,1,0.32621173004108817
10880,21.25,2,2,0.29637172412452917
10880,21.25,2,3,0.2904599077197876
10880,21.25,2,4,0.2607346801107118
10880,21.25,2,5,0.2536449258491245
10880,21.25,2,6,0.2509173027710897
10880,21.25,2,7,0.24728259859582058
10880,21.25,2,8,0.23962649099236044
10880,21.25,4,0,0.3768413497651051
10880,21.25,4,1,0.36710126671373233
10880,21.25,4,2,0.3416675983814921
10880,21.25,4,3,0.33779858725445044
10880,21.25,4,4,0.32287815547012283
10880,21.25,4,5,0.31808244260833873
10880,21.25,4,6,0.3025878647445154
10880,21.25,4,7,0.30088486917859514
10880,21.25,4,8,0.2910889851118997
10880,21.25,4,9,0.2785377372544639
10880,21.25,4,10,0.27617871738435695
10880,21.25,4,11,0.26765570794312155
10880,21.25,4,12,0.2667403792825927
10880,21.25,4,13,0.26669701380497796
10880,21.25,4,14,0.2593517561752978
10880,21.25,4,15,0.25301585706417395
10880,21.25,4,16,0.24575695101210485
10880,21.25,4,17,0.24360875331417728
10880,21.25,4,18,0.24272763603731676
10880,21.25,4,19,0.24132767790678036
10880,21.25,4,20,0.23817357967124267
10880,21.25,4,21,0.23726116382573662
10880,21.25,4,22,0.23284534141433705
10880,21.25,4,23,0.23261102552325172
10880,21.25,4,24,0.228629220560732
10880,21.25,6,0,0.3878797476515146
10880,21.25,6,1,0.3833454638106747
10880,21.25,6,2,0.3648201241375566
10880,21.25,6,3,0.36224276659406396
10880,21.25,6,4,0.3550704913111997
10880,21.25,6,5,0.3519302707200718
10880,21.25,6,6,0.33643531554533557
10880,21.25,6,7,0.33541309414320664
10880,21.25,6,8,0.32691308961194254
10880,21.25,6,9,0.3216480051961176
10880,21.25,6,10,0.32034928601688434
10880,21.25,6,11,0.31103084217808236
10880,21.25,6,12,0.30705869709341327
10880,21.25,6,13,0.30669907914660177
10880,21.25,6,14,0.297606687243471
10880,21.25,6,15,0.29187329936682227
10880,21.25,6,16,0.2889102195880776
10880,21.25,6,17,0.2883678756719787
10880,21.25,6,18,0.27970204331073256
10880,21.25,6,19,0.2793934549615676
10880,21.25,6,20,0.27922731403154655
10880,21.25,6,21,0.2735161133289885
10880,21.25,6,22,0.27097119933492503
10880,21.25,6,23,0.2669936669505945
10880,21.25,6,24,0.2612850496982593
10880,21.25,6,25,0.26060252464080413
10880,21.25,6,26,0.2601999920578451
10880,21.25,6,27,0.25574263864110225
10880,21.25,6,28,0.25556397168655853
10880,21.25,6,29,0.25402603676242985
10880,21.25,6,30,0.25016259169634975
10880,21.25,6,31,0.24957477193857955
10880,21.25,6,32,0.24695089927771607
10880,21.25,6,33,0.24430855689064032
10880,21.25,6,34,0.24277466531684241
10880,21.25,6,35,0.24080162653431805
10880,21.25,6,36,0.23982096164619524
10880,21.25,6,37,0.2395020224733067
10880,21.25,6,38,0.23877732273905689
10880,21.25,6,39,0.23852449713040796
10880,21.25,6,40,0.23666494029200405
10880,21.25,6,41,0.23625830512947377
10880,21.25,6,42,0.23331362775978703
10880,21.25,6,43,0.23308806230041115
10880,21.25,6,44,0.2301468627285139
10880,21.25,6,45,0.22943287337192517
10880,21.25,6,46,0.22713333722219278
10880,21.25,6,47,0.2261680339362728
10880,21.25,6,48,0.22454517023847026
10880,21.25,8,0,0.39359612940929617
10880,21.25,8,1,0.391156329228978
10880,21.25,8,2,0.3775849268431174
10880,21.25,8,3,0.3757801416189026
10880,21.25,8,4,0.3720724141145688
10880,21.25,8,5,0.3699295431836772
10880,21.25,8,6,0.35690498257489767
10880,21.25,8,7,0.35622942842361244
10880,21.25,8,8,0.34948373840054703
10880,21.25,8,9,0.3479150394738365
10880,21.25,8,10,0.3470919329739101
10880,21.25,8,11,0.33948895338045304
10880,21.25,8,12,0.33412995777584514
10880,21.25,8,13,0.3339341782499405
10880,21.25,8,14,0.32547082616648393
10880,21.25,8,15,0.3219831783909333
10880,21.25,8,16,0.3217239674049542
10880,21.25,8,17,0.3208145562759331
10880,21.25,8,18,0.3127917035900514
10880,21.25,8,19,0.31076247953722635
10880,21.25,8,20,0.31070176335475885
10880,21.25,8,21,0.30759678799041457
10880,21.25,8,22,0.300874619005837
10880,21.25,8,23,0.29781976478692457
10880,21.25,8,24,0.2962808888506327
10880,21.25,8,25,0.29618820470958657
10880,21.25,8,26,0.29215975958671236
10880,21.25,8,27,0.28802023471108024
10880,21.25,8,28,0.287997310463823
10880,21.25,8,29,0.2867710672917342
10880,21.25,8,30,0.28328287457820533
10880,21.25,8,31,0.27832136867549295
10880,21.25,8,32,0.2774896113386829
10880,21.25,8,33,0.27628745515066944
10880,21.25,8,34,0.27243979787804523
10880,21.25,8,35,0.27238833769037024
10880,21.25,8,36,0.27172185558753925
10880,21.25,8,37,0.2671474670118164
10880,21.25,8,38,0.26713356433710844
10880,21.25,8,39,0.26677794202264227
10880,21.25,8,40,0.2643961422787174
10880,21.25,8,41,0.2618465928073057
10880,21.25,8,42,0.25942519709643513
10880,21.25,8,43,0.25778687734433275
10880,21.25,8,44,0.2574047532082356
10880,21.25,8,45,0.2542171814128216
10880,21.25,8,46,0.2526472524805598
10880,21.25,8,47,0.25221824733712356
10880,21.25,8,48,0.25213281458855014
10880,21.25,8,49,0.2503706227779515
10880,21.25,8,50,0.24955894798903638
10880,21.25,8,51,0.24951514352032944
10880,21.25,8,52,0.2473132095299086
10880,21.25,8,53,0.24636469345019674
10880,21.25,8,54,0.2451700423973484
10880,21.25,8,55,0.24493407168400824
10880,21.25,8,56,0.24336186103605656
10880,21.25,8,57,0.24154790442625376
10880,21.25,8,58,0.24056483704460327
10880,21.25,8,59,0.23858427739853472
10880,21.25,8,60,0.2380279635430261
10880,21.25,8,61,0.2379778299659164
10880,21.25,8,62,0.23791252654574635
10880,21.25,8,63,0.23753328341499483
10880,21.25,8,64,0.23746711618270055
10880,21.25,8,65,0.23597077602751462
10880,21.25,8,66,0.23576110991731997
10880,21.25,8,67,0.23450719727965702
10880,21.25,8,68,0.23448748661253951
10880,21.25,8,69,0.2336817340886817
10880,21.25,8,70,0.23351185002287247
10880,21.25,8,71,0.2316106650266723
10880,21.25,8,72,0.2312893139185606
10880,21.25,8,73,0.23076409956653776
10880,21.25,8,74,0.22880938758314767
10880,21.25,8,75,0.22801944309212308
10880,21.25,8,76,0.22643960734247776
10880,21.25,8,77,0.22551609753940052
10880,21.25,8,78,0.22433790218457197
10880,21.25,8,79,0.2234202999774753
10880,21.25,8,80,0.22260920365596304
10912,21.3125,2,0,0.35104803358681813
10912,21.3125,2,1,0.32575654594168274
10912,21.3125,2,2,0.2962275958829848
10912,21.3125,2,3,0.2903909198853559
10912,21.3125,2,4,0.2609902656011006
10912,21.3125,2,5,0.25396686531013196
10912,21.3125,2,6,0.2512978663752564
10912,21.3125,2,7,0.24768994034437533
10912,21.3125,2,8,0.24010728494462932
10912,21.3125,4,0,0.375901961608973
10912,21.3125,4,1,0.3662484508942621
10912,21.3125,4,2,0.34103980824889346
10912,21.3125,4,3,0.3372346279876288
10912,21.3125,4,4,0.32244574699390716
10912,21.3125,4,5,0.31772192860576953
10912,21.3125,4,6,0.30237940244011846
10912,21.3125,4,7,0.30070112090279355
10912,21.3125,4,8,0.29102446461422654
10912,21.3125,4,9,0.27860110108710523
10912,21.3125,4,10,0.2762678110961449
10912,21.3125,4,11,0.2678487038635601
10912,21.3125,4,12,0.26693853681909946
10912,21.3125,4,13,0.26689771289219266
10912,21.3125,4,14,0.25963617911894393
10912,21.3125,4,15,0.25336566440794067
10912,21.3125,4,16,0.24620299898451864
10912,21.3125,4,17,0.2440668844531621
10912,21.3125,4,18,0.2432116329738666
10912,21.3125,4,19,0.2418175565505994
10912,21.3125,4,20,0.23868118616745648
10912,21.3125,4,21,0.23778659140040354
10912,21.3125,4,22,0.2334064063497725
10912,21.3125,4,23,0.2331659820079441
10912,21.3125,4,24,0.2292240646734556
10912,21.3125,6,0,0.38684902617347305
10912,21.3125,6,1,0.38235123709568863
10912,21.3125,6,2,0.3639693567506679
10912,21.3125,6,3,0.3614391497566125
10912,21.3125,6,4,0.35431062635066435
10912,21.3125,6,5,0.35122547146541483
10912,21.3125,6,6,0.3358606012989674
10912,21.3125,6,7,0.3348587305604741
10912,21.3125,6,8,0.32646133616707096
10912,21.3125,6,9,0.32122991394985057
10912,21.3125,6,10,0.31995389745610553
10912,21.3125,6,11,0.3107495167660266
10912,21.3125,6,12,0.3068048312676005
10912,21.3125,6,13,0.3064508715302934
10912,21.3125,6,14,0.29746288570482965
10912,21.3125,6,15,0.29180791472671247
10912,21.3125,6,16,0.2888605343761188
10912,21.3125,6,17,0.2883247706868302
10912,21.3125,6,18,0.2797606269546556
10912,21.3125,6,19,0.2794552247460021
10912,21.3125,6,20,0.27929062863444226
10912,21.3125,6,21,0.2736496785549786
10912,21.3125,6,22,0.2711309700250111
10912,21.3125,6,23,0.2671984248786484
10912,21.3125,6,24,0.2615537583467446
10912,21.3125,6,25,0.2608791181962158
10912,21.3125,6,26,0.26047853410846117
10912,21.3125,6,27,0.25607641297082867
10912,21.3125,6,28,0.2558980508716249
10912,21.3125,6,29,0.2543754482496561
10912,21.3125,6,30,0.2505597684682847
10912,21.3125,6,31,0.2499661567343792
10912,21.3125,6,32,0.2473749640108889
10912,21.3125,6,33,0.24475120544635254
10912,21.3125,6,34,0.24323789067899385
10912,21.3125,6,35,0.24130948406580552
10912,21.3125,6,36,0.2403318155772724
10912,21.3125,6,37,0.24002585197579998
10912,21.3125,6,38,0.23930268702278543
10912,21.3125,6,39,0.2390265324706595
10912,21.3125,6,40,0.2372025642625182
10912,21.3125,6,41,0.23680456664393068
10912,21.3125,6,42,0.23388176480423434
10912,21.3125,6,43,0.23365329425616865
10912,21.3125,6,44,0.23073898132298634
10912,21.3125,6,45,0.23002645337422817
10912,21.3125,6,46,0.22774789297898174
10912,21.3125,6,47,0.22678648793040238
10912,21.3125,6,48,0.22517867150619436
10912,21.3125,8,0,0.39252184947039614
10912,21.3125,8,1,0.39010027352066917
10912,21.3125,8,2,0.3766235865616842
10912,21.3125,8,3,0.37485373136953415
10912,21.3125,8,4,0.37115750901457717
10912,21.3125,8,5,0.36905509593624897
10912,21.3125,8,6,0.35612657372799467
10912,21.3125,8,7,0.3554670584993722
10912,21.3125,8,8,0.34879900602610664
10912,21.3125,8,9,0.3472238647015009
10912,21.3125,8,10,0.34641883021324055
10912,21.3125,8,11,0.3389056061707265
10912,21.3125,8,12,0.33358261129807715
10912,21.3125,8,13,0.3333909295440636
10912,21.3125,8,14,0.3250167291039185
10912,21.3125,8,15,0.32156529187650484
10912,21.3125,8,16,0.3213109042244027
10912,21.3125,8,17,0.3204343168112079
10912,21.3125,8,18,0.31247724893546147
10912,21.3125,8,19,0.3104697667099671
10912,21.3125,8,20,0.31041009248341744
10912,21.3125,8,21,0.30735977668679226
10912,21.3125,8,22,0.3006905676416937
10912,21.3125,8,23,0.2976816110578963
10912,21.3125,8,24,0.2961507305533753
10912,21.3125,8,25,0.29605931370597816
10912,21.3125,8,26,0.2920957473637118
10912,21.3125,8,27,0.28798593642586273
10912,21.3125,8,28,0.2879633363493739
10912,21.3125,8,29,0.2867493594534244
10912,21.3125,8,30,0.28330743971997474
10912,21.3125,8,31,0.2783987898675484
10912,21.3125,8,32,0.27758554856149203
10912,21.3125,8,33,0.27638987253993164
10912,21.3125,8,34,0.2725831638117167
10912,21.3125,8,35,0.27253207518441547
10912,21.3125,8,36,0.2718787048080691
10912,21.3125,8,37,0.2673529426792746
10912,21.3125,8,38,0.2673391761345168
10912,21.3125,8,39,0.26699228546905424
10912,21.3125,8,40,0.26463400245886787
10912,21.3125,8,41,0.26211013097084224
10912,21.3125,8,42,0.2597221658616853
10912,21.3125,8,43,0.25809787577673604
10912,21.3125,8,44,0.25771649594633345
10912,21.3125,8,45,0.25456561948826323
10912,21.3125,8,46,0.2530087855765266
10912,21.3125,8,47,0.2525932975429062
10912,21.3125,8,48,0.2525077523254358
10912,21.3125,8,49,0.25075814314623796
10912,21.3125,8,50,0.24996505189447474
10912,21.3125,8,51,0.2499210808009604
10912,21.3125,8,52,0.2477455175332717
10912,21.3125,8,53,0.2467917254156506
10912,21.3125,8,54,0.24562854660869415
10912,21.3125,8,55,0.24538374440470243
10912,21.3125,8,56,0.24383170846804628
10912,21.3125,8,57,0.24202799547563028
10912,21.3125,8,58,0.24105876703658183
10912,21.3125,8,59,0.23911932268350952
10912,21.3125,8,60,0.23856319885663796
10912,21.3125,8,61,0.2384902574680421
10912,21.3125,8,62,0.23845575511529643
10912,21.3125,8,63,0.23805430708822592
10912,21.3125,8,64,0.23800976962647638
10912,21.3125,8,65,0.23652333664590552
10912,21.3125,8,66,0.2363184038208025
10912,21.3125,8,67,0.23504909371015115
10912,21.3125,8,68,0.2350334800269657
10912,21.3125,8,69,0.23425353830029003
10912,21.3125,8,70,0.23408209468214866
10912,21.3125,8,71,0.2321804994163522
10912,21.3125,8,72,0.23187857708912796
10912,21.3125,8,73,0.23135472757837405
10912,21.3125,8,74,0.22941668397588028
10912,21.3125,8,75,0.2286302567468277
10912,21.3125,8,76,0.22706384711019342
10912,21.3125,8,77,0.22614489019672554
10912,21.3125,8,78,0.22497676703156258
10912,21.3125,8,79,0.22406395367347012
10912,21.3125,8,80,0.2232600207381225
10944,21.375,2,0,0.3503520859051616
10944,21.375,2,1,0.3253097843473333
10944,21.375,2,2,0.29608700726956033
10944,21.375,2,3,0.29032289480431356
10944,21.375,2,4,0.2612409635900549
10944,21.375,2,5,0.25428157186134076
10944,21.375,2,6,0.2516707643060334
10944,21.375,2,7,0.2480884472664907
10944,21.375,2,8,0.2405770038526242
10944,21.375,4,0,0.3749779446022326
10944,21.375,4,1,0.36541009277109965
10944,21.375,4,2,0.3404243606393093
10944,21.375,4,3,0.3366810346066062
10944,21.375,4,4,0.32202240749422606
10944,21.375,4,5,0.3173681279056886
10944,21.375,4,6,0.30217598704669574
10944,21.375,4,7,0.3005212509017898
10944,21.375,4,8,0.29096076445802077
10944,21.375,4,9,0.2786638004307082
10944,21.375,4,10,0.2763550363786745
10944,21.375,4,11,0.2680380727716615
10944,21.375,4,12,0.2671318087982619
10944,21.375,4,13,0.267094302911722
10944,21.375,4,14,0.2599142547860982
10944,21.375,4,15,0.2537070247351115
10944,21.375,4,16,0.24663986812312974
10944,21.375,4,17,0.244515192092271
10944,21.375,4,18,0.24368558272405902
10944,21.375,4,19,0.24229698676374112
10944,21.375,4,20,0.2391773925047902
10944,21.375,4,21,0.2383004206146167
10944,21.375,4,22,0.23395470595130602
10944,21.375,4,23,0.23370808319455408
10944,21.375,4,24,0.22980512778701734
10944,21.375,6,0,0.3858343261626154
10944,21.375,6,1,0.3813728208223955
10944,21.375,6,2,0.36313386060752495
10944,21.375,6,3,0.3606494878408564
10944,21.375,6,4,0.35356497244160406
10944,21.375,6,5,0.3505332714646829
10944,21.375,6,6,0.33529769643188373
10944,21.375,6,7,0.3343152317677616
10944,21.375,6,8,0.32601821271223164
10944,21.375,6,9,0.32082092466696477
10944,21.375,6,10,0.3195665427153186
10944,21.375,6,11,0.3104735219775586
10944,21.375,6,12,0.30655681669844853
10944,21.375,6,13,0.3062081838750517
10944,21.375,6,14,0.2973223321438886
10944,21.375,6,15,0.2917431841160082
10944,21.375,6,16,0.2888124690161558
10944,21.375,6,17,0.2882828929502024
10944,21.375,6,18,0.2798179991291309
10944,21.375,6,19,0.2795160783932241
10944,21.375,6,20,0.2793529268420123
10944,21.375,6,21,0.27377954567745805
10944,21.375,6,22,0.27128762255031874
10944,21.375,6,23,0.267398287085765
10944,21.375,6,24,0.2618156619418477
10944,21.375,6,25,0.2611501079904386
10944,21.375,6,26,0.2607512838706362
10944,21.375,6,27,0.2564032404269351
10944,21.375,6,28,0.25622509428016293
10944,21.375,6,29,0.25471733392590323
10944,21.375,6,30,0.25094850054051476
10944,21.375,6,31,0.2503484795347202
10944,21.375,6,32,0.24778947571854482
10944,21.375,6,33,0.24518326459845927
10944,21.375,6,34,0.24369031521127474
10944,21.375,6,35,0.24180676123128453
10944,21.375,6,36,0.24083181492862574
10944,21.375,6,37,0.2405387506547819
10944,21.375,6,38,0.23981692837005603
10944,21.375,6,39,0.23951663671337906
10944,21.375,6,40,0.2377284618670781
10944,21.375,6,41,0.2373390145422194
10944,21.375,6,42,0.23443731995211936
10944,21.375,6,43,0.2342058567520424
10944,21.375,6,44,0.23131772083410465
10944,21.375,6,45,0.23060645902599067
10944,21.375,6,46,0.22834836284784876
10944,21.375,6,47,0.22739062838577634
10944,21.375,6,48,0.2257975277196865
10944,21.375,8,0,0.39146372487343734
10944,21.375,8,1,0.389060335690758
10944,21.375,8,2,0.37567846449100956
10944,21.375,8,3,0.3739426161497506
10944,21.375,8,4,0.3702584793600326
10944,21.375,8,5,0.3681954323353949
10944,21.375,8,6,0.35536287893371554
10944,21.375,8,7,0.3547186711349051
10944,21.375,8,8,0.3481268359659916
10944,21.375,8,9,0.34654626124424726
10944,21.375,8,10,0.3457584717328113
10944,21.375,8,11,0.33833321104691344
10944,21.375,8,12,0.33304654629004493
10944,21.375,8,13,0.3328587329189228
10944,21.375,8,14,0.3245721188228349
10944,21.375,8,15,0.32115641812340384
10944,21.375,8,16,0.3209065749687527
10944,21.375,8,17,0.32006126383721023
10944,21.375,8,18,0.31216959421871054
10944,21.375,8,19,0.310183617301981
10944,21.375,8,20,0.31012494678012165
10944,21.375,8,21,0.30712706360020525
10944,21.375,8,22,0.30051109512590496
10944,21.375,8,23,0.2975461516128997
10944,21.375,8,24,0.2960237900036307
10944,21.375,8,25,0.29593357969198636
10944,21.375,8,26,0.2920322979569627
10944,21.375,8,27,0.2879527740573225
10944,21.375,8,28,0.2879304758957911
10944,21.375,8,29,0.28672866574238853
10944,21.375,8,30,0.28333113642622004
10944,21.375,8,31,0.27847513637107507
10944,21.375,8,32,0.27767851164975715
10944,21.375,8,33,0.2764900152077672
10944,21.375,8,34,0.2727237511591999
10944,21.375,8,35,0.27267299560772773
10944,21.375,8,36,0.27203158573225655
10944,21.375,8,37,0.2675542144308927
10944,21.375,8,38,0.26754054996621457
10944,21.375,8,39,0.26720094447837955
10944,21.375,8,40,0.26486711509575867
10944,21.375,8,41,0.26236774088458986
10944,21.375,8,42,0.260013085279647
10944,21.375,8,43,0.25840205977347314
10944,21.375,8,44,0.25802077849281624
10944,21.375,8,45,0.2549060365192977
10944,21.375,8,46,0.25336138931336916
10944,21.375,8,47,0.2529604402462301
10944,21.375,8,48,0.2528747380563582
10944,21.375,8,49,0.2511363955428644
10944,21.375,8,50,0.25036253557167953
10944,21.375,8,51,0.25031838071995677
10944,21.375,8,52,0.24816867843610904
10944,21.375,8,53,0.24720835306584105
10944,21.375,8,54,0.24607737289556075
10944,21.375,8,55,0.24582346603610644
10944,21.375,8,56,0.2442912767838541
10944,21.375,8,57,0.2424971156018988
10944,21.375,8,58,0.24154158823292296
10944,21.375,8,59,0.23964319562469058
10944,21.375,8,60,0.23908740646349752
10944,21.375,8,61,0.23899045109715597
10944,21.375,8,62,0.23898763827815805
10944,21.375,8,63,0.2385651938728839
10944,21.375,8,64,0.23853915107975557
10944,21.375,8,65,0.23706402728974627
10944,21.375,8,66,0.2368637901873408
10944,21.375,8,67,0.2355781821363553
10944,21.375,8,68,0.2355667370602168
10944,21.375,8,69,0.23481289312237083
10944,21.375,8,70,0.23463982857932833
10944,21.375,8,71,0.23273692222538064
10944,21.375,8,72,0.23245478648394036
10944,21.375,8,73,0.23193215386541527
10944,21.375,8,74,0.23001032337149202
10944,21.375,8,75,0.2292272042841876
10944,21.375,8,76,0.22767387417456159
10944,21.375,8,77,0.2267592551718198
10944,21.375,8,78,0.2256009655577734
10944,21.375,8,79,0.2246927429545394
10944,21.375,8,80,0.22389582143385373
10976,21.4375,2,0,0.3496678012331373
10976,21.4375,2,1,0.3248708888560392
10976,21.4375,2,2,0.2959499267257005
10976,21.4375,2,3,0.29025563014407113
10976,21.4375,2,4,0.26148728016255013
10976,21.4375,2,5,0.2545893213096776
10976,21.4375,2,6,0.2520367449169623
10976,21.4375,2,7,0.24847867269362484
10976,21.4375,2,8,0.24103608967386234
10976,21.4375,4,0,0.37406817082270866
10976,21.4375,4,1,0.36458515925302776
10976,21.4375,4,2,0.3398205698027417
10976,21.4375,4,3,0.33613701375268173
10976,21.4375,4,4,0.32160771783753694
10976,21.4375,4,5,0.31702048639814007
10976,21.4375,4,6,0.30197751697762215
10976,21.4375,4,7,0.300345041708048
10976,21.4375,4,8,0.2908977060029345
10976,21.4375,4,9,0.27872612034853145
10976,21.4375,4,10,0.27644053069437236
10976,21.4375,4,11,0.2682242756154196
10976,21.4375,4,12,0.2673203234979336
10976,21.4375,4,13,0.2672871417192166
10976,21.4375,4,14,0.2601863837387194
10976,21.4375,4,15,0.25404021602848414
10976,21.4375,4,16,0.24706843030900166
10976,21.4375,4,17,0.24495439962312318
10976,21.4375,4,18,0.24415042731358075
10976,21.4375,4,19,0.24276680217444396
10976,21.4375,4,20,0.2396628114718522
10976,21.4375,4,21,0.238803389009498
10976,21.4375,4,22,0.23449085170138526
10976,21.4375,4,23,0.23423783054898928
10976,21.4375,4,24,0.23037294017405988
10976,21.4375,6,0,0.3848344443523229
10976,21.4375,6,1,0.3804090356242334
10976,21.4375,6,2,0.36231261188663594
10976,21.4375,6,3,0.3598727267673018
10976,21.4375,6,4,0.35283265187480967
10976,21.4375,6,5,0.3498527199456735
10976,21.4375,6,6,0.3347460009767388
10976,21.4375,6,7,0.33378191301426385
10976,21.4375,6,8,0.32558308339056835
10976,21.4375,6,9,0.32042064904904327
10976,21.4375,6,10,0.319186734995903
10976,21.4375,6,11,0.3102024209191303
10976,21.4375,6,12,0.30631444894435084
10976,21.4375,6,13,0.3059707574896392
10976,21.4375,6,14,0.2971849128209239
10976,21.4375,6,15,0.2916788891863992
10976,21.4375,6,16,0.2887661111567696
10976,21.4375,6,17,0.28824226052116964
10976,21.4375,6,18,0.2798742987767783
10976,21.4375,6,19,0.27957623615948113
10976,21.4375,6,20,0.27941440106261045
10976,21.4375,6,21,0.2739057410551183
10976,21.4375,6,22,0.27144153978465874
10976,21.4375,6,23,0.26759348943895506
10976,21.4375,6,24,0.26207093837017675
10976,21.4375,6,25,0.26141606263217587
10976,21.4375,6,26,0.26101875040219913
10976,21.4375,6,27,0.25672376606933067
10976,21.4375,6,28,0.2565457158164927
10976,21.4375,6,29,0.2550522944707822
10976,21.4375,6,30,0.2513295244210573
10976,21.4375,6,31,0.25072219037612575
10976,21.4375,6,32,0.24819501629659646
10976,21.4375,6,33,0.245605103518362
10976,21.4375,6,34,0.2441324303237065
10976,21.4375,6,35,0.24229444282048507
10976,21.4375,6,36,0.24132186621108534
10976,21.4375,6,37,0.24104173214029628
10976,21.4375,6,38,0.2403210018415135
10976,21.4375,6,39,0.23999523422852712
10976,21.4375,6,40,0.23824346172899433
10976,21.4375,6,41,0.23786254532929288
10976,21.4375,6,42,0.2349810740236621
10976,21.4375,6,43,0.23474645383950046
10976,21.4375,6,44,0.23188375962705346
10976,21.4375,6,45,0.2311734972009745
10976,21.4375,6,46,0.22893534979664076
10976,21.4375,6,47,0.22798100212480077
10976,21.4375,6,48,0.2264022963114341
10976,21.4375,8,0,0.39042055158756006
10976,21.4375,8,1,0.3880353067476363
10976,21.4375,8,2,0.3747483378837633
10976,21.4375,8,3,0.3730456334514835
10976,21.4375,8,4,0.3693741875134597
10976,21.4375,8,5,0.36734943063189623
10976,21.4375,8,6,0.35461299185308115
10976,21.4375,8,7,0.35398332275098215
10976,21.4375,8,8,0.34746632532696153
10976,21.4375,8,9,0.3458814640591983
10976,21.4375,8,10,0.3451100263889117
10976,21.4375,8,11,0.33777098290858865
10976,21.4375,8,12,0.332521173561956
10976,21.4375,8,13,0.3323369504828769
10976,21.4375,8,14,0.3241365076753057
10976,21.4375,8,15,0.3207561322091011
10976,21.4375,8,16,0.3205105062475445
10976,21.4375,8,17,0.31969479702737447
10976,21.4375,8,18,0.31186841433610574
10976,21.4375,8,19,0.3099037449927082
10976,21.4375,8,20,0.30984602070192874
10976,21.4375,8,21,0.30689821697716135
10976,21.4375,8,22,0.3003361174064167
10976,21.4375,8,23,0.29741318636357833
10976,21.4375,8,24,0.29590000531982114
10976,21.4375,8,25,0.2958109212748983
10976,21.4375,8,26,0.2919691791492048
10976,21.4375,8,27,0.28792080755362065
10976,21.4375,8,28,0.2878987899436817
10976,21.4375,8,29,0.28670912713020763
10976,21.4375,8,30,0.2833539753176249
10976,21.4375,8,31,0.2785507384054435
10976,21.4375,8,32,0.2777684734098641
10976,21.4375,8,33,0.2765880721804311
10976,21.4375,8,34,0.27286188810585854
10976,21.4375,8,35,0.2728114194852996
10976,21.4375,8,36,0.2721806577329847
10976,21.4375,8,37,0.26775169873286925
10976,21.4375,8,38,0.2677380982149037
10976,21.4375,8,39,0.26740404005244456
10976,21.4375,8,40,0.2650960317182314
10976,21.4375,8,41,0.2626198190645541
10976,21.4375,8,42,0.260298615334746
10976,21.4375,8,43,0.25869995375582366
10976,21.4375,8,44,0.2583179358148816
10976,21.4375,8,45,0.2552388967292444
10976,21.4375,8,46,0.2537053400734953
10976,21.4375,8,47,0.2533203817280697
10976,21.4375,8,48,0.25323445983519727
10976,21.4375,8,49,0.2515057735964867
10976,21.4375,8,50,0.2507521594175456
10976,21.4375,8,51,0.2507077838350342
10976,21.4375,8,52,0.24858352128648192
10976,21.4375,8,53,0.24761491357436388
10976,21.4375,8,54,0.246517415427216
10976,21.4375,8,55,0.2462539201406029
10976,21.4375,8,56,0.24474132852955408
10976,21.4375,8,57,0.24295585821710552
10976,21.4375,8,58,0.24201397557255985
10976,21.4375,8,59,0.24015693041400865
10976,21.4375,8,60,0.23960140963975357
10976,21.4375,8,61,0.2395092236575468
10976,21.4375,8,62,0.2394790915247187
10976,21.4375,8,63,0.23907306875864753
10976,21.4375,8,64,0.23904974786337593
10976,21.4375,8,65,0.23759379460770783
10976,21.4375,8,66,0.23739825037599646
10976,21.4375,8,67,0.2360949214353678
10976,21.4375,8,68,0.2360877861016394
10976,21.4375,8,69,0.23536069620098493
10976,21.4375,8,70,0.23518589568580375
10976,21.4375,8,71,0.23328041893757667
10976,21.4375,8,72,0.23301873956231922
10976,21.4375,8,73,0.23249712075870638
10976,21.4375,8,74,0.23059101906871335
10976,21.4375,8,75,0.22981094476978273
10976,21.4375,8,76,0.2282703329293258
10976,21.4375,8,77,0.22735979290168518
10976,21.4375,8,78,0.22621109708556483
10976,21.4375,8,79,0.22530723265420302
10976,21.4375,8,80,0.22451717526113144
11008,21.5,2,0,0.34899455078177555
11008,21.5,2,1,0.3244394261076522
11008,21.5,2,2,0.2958162787539516
11008,21.5,2,3,0.2901889215050916
11008,21.5,2,4,0.26172962961887813
11008,21.5,2,5,0.25489031838095566
11008,21.5,2,6,0.2523964450532465
11008,21.5,2,7,0.24886107521596149
11008,21.5,2,8,0.24148488902419546
11008,21.5,4,0,0.37317190677149187
11008,21.5,4,1,0.3637729452714671
11008,21.5,4,2,0.33922786294138885
11008,21.5,4,3,0.3356019365000466
11008,21.5,4,4,0.3212012791201979
11008,21.5,4,5,0.31667852832193816
11008,21.5,4,6,0.3017838089928408
11008,21.5,4,7,0.3001722579072676
11008,21.5,4,8,0.29083508252269763
11008,21.5,4,9,0.2787882523057844
11008,21.5,4,10,0.2765243733259159
11008,21.5,4,11,0.2684076747020432
11008,21.5,4,12,0.26750414659057303
11008,21.5,4,13,0.26747650911177107
11008,21.5,4,14,0.26045288799225963
11008,21.5,4,15,0.2543654349004876
11008,21.5,4,16,0.24748944030733808
11008,21.5,4,17,0.2453851238686563
11008,21.5,4,18,0.2446069880431006
11008,21.5,4,19,0.24322771914545363
11008,21.5,4,20,0.24013795288114742
11008,21.5,4,21,0.23929612400150263
11008,21.5,4,22,0.23501534898455553
11008,21.5,4,23,0.23475562215976908
11008,21.5,4,24,0.2309279240631805
11008,21.5,6,0,0.3838486224271674
11008,21.5,6,1,0.3794591344564959
11008,21.5,6,2,0.3615049424152379
11008,21.5,6,3,0.35910812016966576
11008,21.5,6,4,0.35211301748409995
11008,21.5,6,5,0.3491831087438936
11008,21.5,6,6,0.33420491930509694
11008,21.5,6,7,0.33325818005204166
11008,21.5,6,8,0.32515537951863444
11008,21.5,6,9,0.3200286446889166
11008,21.5,6,10,0.31881401791340663
11008,21.5,6,11,0.3099357934608847
11008,21.5,6,12,0.30607744450784874
11008,21.5,6,13,0.3057382948734328
11008,21.5,6,14,0.2970504779808793
11008,21.5,6,15,0.29161477887961784
11008,21.5,6,16,0.2887214595228581
11008,21.5,6,17,0.28820283349295633
11008,21.5,6,18,0.2799296136383691
11008,21.5,6,19,0.2796358375665439
11008,21.5,6,20,0.279475163292714
11008,21.5,6,21,0.274028225744742
11008,21.5,6,22,0.2715930286382856
11008,21.5,6,23,0.26778419599819464
11008,21.5,6,24,0.2623196818876209
11008,21.5,6,25,0.26167745155305755
11008,21.5,6,26,0.26128135033536976
11008,21.5,6,27,0.25703853209128213
11008,21.5,6,28,0.25686042979172014
11008,21.5,6,29,0.25538083366626824
11008,21.5,6,30,0.25170346724335363
11008,21.5,6,31,0.2510876468863693
11008,21.5,6,32,0.2485920685383906
11008,21.5,6,33,0.24601700535048954
11008,21.5,6,34,0.2445646310936269
11008,21.5,6,35,0.2427733922698716
11008,21.5,6,36,0.24180275131393902
11008,21.5,6,37,0.2415356886187716
11008,21.5,6,38,0.24081573477835289
11008,21.5,6,39,0.24046266282501824
11008,21.5,6,40,0.2387482753434014
11008,21.5,6,41,0.2383759298231124
11008,21.5,6,42,0.23551369753517706
11008,21.5,6,43,0.23527568174914726
11008,21.5,6,44,0.23243766856955267
11008,21.5,6,45,0.23172806714074448
11008,21.5,6,46,0.22950934644105989
11008,21.5,6,47,0.22855804280964992
11008,21.5,6,48,0.22699341631123704
11008,21.5,8,0,0.38939154617191235
11008,21.5,8,1,0.38702441597112214
11008,21.5,8,2,0.37383254348305434
11008,21.5,8,3,0.37216200848690756
11008,21.5,8,4,0.36850396609765373
11008,21.5,8,5,0.3665163269042662
11008,21.5,8,6,0.35387622181821804
11008,21.5,8,7,0.3532603048158002
11008,21.5,8,8,0.346816762044368
11008,21.5,8,9,0.34522880379338766
11008,21.5,8,10,0.3444728225451941
11008,21.5,8,11,0.3372182591687578
11008,21.5,8,12,0.3320058792868684
11008,21.5,8,13,0.33182497892065493
11008,21.5,8,14,0.32370938296466784
11008,21.5,8,15,0.3203639506669464
11008,21.5,8,16,0.32012221536854224
11008,21.5,8,17,0.31933436198385834
11008,21.5,8,18,0.3115733551298714
11008,21.5,8,19,0.30962980747028157
11008,21.5,8,20,0.30957294798403523
11008,21.5,8,21,0.30667281566731547
11008,21.5,8,22,0.30016548888519917
11008,21.5,8,23,0.2972824951970924
11008,21.5,8,24,0.2957792458160946
11008,21.5,8,25,0.29569118351338025
11008,21.5,8,26,0.2919061316395202
11008,21.5,8,27,0.28789002504102296
11008,21.5,8,28,0.28786825762963686
11008,21.5,8,29,0.28669081987790135
11008,21.5,8,30,0.2833759185161146
11008,21.5,8,31,0.27862583455672557
11008,21.5,8,32,0.2778553375188138
11008,21.5,8,33,0.2766841757269824
11008,21.5,8,34,0.27299781629363806
11008,21.5,8,35,0.27294758370698713
11008,21.5,8,36,0.2723260049990298
11008,21.5,8,37,0.26794572017961266
11008,21.5,8,38,0.26793215180521945
11008,21.5,8,39,0.2676015904011227
11008,21.5,8,40,0.26532120739989506
11008,21.5,8,41,0.26286668554945875
11008,21.5,8,42,0.26057931466241846
11008,21.5,8,43,0.2589919915834616
11008,21.5,8,44,0.25860821684986957
11008,21.5,8,45,0.25556457832013446
11008,21.5,8,46,0.25404082714906984
11008,21.5,8,47,0.25367372047229514
11008,21.5,8,48,0.25358750155150056
11008,21.5,8,49,0.25186658135494594
11008,21.5,8,50,0.25113456941667733
11008,21.5,8,51,0.25108992624321436
11008,21.5,8,52,0.24899075736447707
11008,21.5,8,53,0.248011666128637
11008,21.5,8,54,0.24694944348736236
11008,21.5,8,55,0.24667568528643793
11008,21.5,8,56,0.2451825136972847
11008,21.5,8,57,0.24340471261613467
11008,21.5,8,58,0.24247649877403607
11008,21.5,8,59,0.2406614406098562
11008,21.5,8,60,0.24010600942732666
11008,21.5,8,61,0.24002144119962696
11008,21.5,8,62,0.23995665465636085
11008,21.5,8,63,0.23958133816472246
11008,21.5,8,64,0.23953952323714567
11008,21.5,8,65,0.2381134546797255
11008,21.5,8,66,0.23792263468298402
11008,21.5,8,67,0.2365996838603826
11008,21.5,8,68,0.23659705953421223
11008,21.5,8,69,0.23589771858104255
11008,21.5,8,70,0.23572102194547717
11008,21.5,8,71,0.23381138240806834
11008,21.5,8,72,0.23357112493984827
11008,21.5,8,73,0.23305026546886143
11008,21.5,8,74,0.2311593808892146
11008,21.5,8,75,0.23038202809284966
11008,21.5,8,76,0.22885375628159757
11008,21.5,8,77,0.22794699014642777
11008,21.5,8,78,0.22680764349254237
11008,21.5,8,79,0.22590786406027683
11008,21.5,8,80,0.22512452460860174
11040,21.5625,2,0,0.34833167605063853
11040,21.5625,2,1,0.32401495722716805
11040,21.5625,2,2,0.2956860127988628
11040,21.5625,2,3,0.2901225830332393
11040,21.5625,2,4,0.26196842578543883
11040,21.5625,2,5,0.25518476839815213
11040,21.5625,2,6,0.25275049290065693
11040,21.5625,2,7,0.24923610014657577
11040,21.5625,2,8,0.2419237402713345
11040,21.5625,4,0,0.372288335999747
11040,21.5625,4,1,0.36297268572712976
11040,21.5625,4,2,0.3386456730491213
11040,21.5625,4,3,0.3350751778922598
11040,21.5625,4,4,0.32080272503219004
11040,21.5625,4,5,0.3163417969055051
11040,21.5625,4,6,0.30159473872554143
11040,21.5625,4,7,0.30000269415263364
11040,21.5625,4,8,0.29077271652805753
11040,21.5625,4,9,0.2788504075100215
11040,21.5625,4,10,0.27660665302239607
11040,21.5625,4,11,0.2685886335611975
11040,21.5625,4,12,0.26768335344941374
11040,21.5625,4,13,0.26766268369344987
11040,21.5625,4,14,0.2607140759050504
11040,21.5625,4,15,0.2546828802425659
11040,21.5625,4,16,0.24790364003806264
11040,21.5625,4,17,0.24580796258521034
11040,21.5625,4,18,0.24505607542467156
11040,21.5625,4,19,0.24368043264983363
11040,21.5625,4,20,0.24060330670822988
11040,21.5625,4,21,0.23977923045705402
11040,21.5625,4,22,0.23552868304109056
11040,21.5625,4,23,0.2352618448155149
11040,21.5625,4,24,0.23147048907784148
11040,21.5625,6,0,0.38287600983610576
11040,21.5625,6,1,0.3785222768377169
11040,21.5625,6,2,0.3607100712435747
11040,21.5625,6,3,0.35835489303411266
11040,21.5625,6,4,0.35140537302213537
11040,21.5625,6,5,0.3485237161750438
11040,21.5625,6,6,0.3336739218492946
11040,21.5625,6,7,0.33274346331310206
11040,21.5625,6,8,0.32473456599567807
11040,21.5625,6,9,0.3196445482876442
11040,21.5625,6,10,0.31844797171070727
11040,21.5625,6,11,0.3096732554829033
11040,21.5625,6,12,0.30584558683480073
11040,21.5625,6,13,0.3055105535597226
11040,21.5625,6,14,0.29691890823506545
11040,21.5625,6,15,0.2915506385247525
11040,21.5625,6,16,0.2886785459831118
11040,21.5625,6,17,0.28816460134321337
11040,21.5625,6,18,0.27998403262456156
11040,21.5625,6,19,0.27969502978370764
11040,21.5625,6,20,0.27953534734429003
11040,21.5625,6,21,0.2741469881520025
11040,21.5625,6,22,0.27174238307597176
11040,21.5625,6,23,0.26797056919278434
11040,21.5625,6,24,0.26256200706064003
11040,21.5625,6,25,0.26193473728742006
11040,21.5625,6,26,0.26153948976960084
11040,21.5625,6,27,0.2573480750477185
11040,21.5625,6,28,0.2571697302511893
11040,21.5625,6,29,0.2557034351928752
11040,21.5625,6,30,0.25207093409370473
11040,21.5625,6,31,0.25144519483478256
11040,21.5625,6,32,0.2489810983302843
11040,21.5625,6,33,0.2464192442587689
11040,21.5625,6,34,0.2449872973587528
11040,21.5625,6,35,0.24324446420167453
11040,21.5625,6,36,0.24227523152254277
11040,21.5625,6,37,0.24202150459682456
11040,21.5625,6,38,0.24130193534482783
11040,21.5625,6,39,0.24091924119047217
11040,21.5625,6,40,0.23924358960737255
11040,21.5625,6,41,0.23887991596284003
11040,21.5625,6,42,0.2360358343250965
11040,21.5625,6,43,0.23579411412091855
11040,21.5625,6,44,0.23297999593939678
11040,21.5625,6,45,0.23227064695209257
11040,21.5625,6,46,0.23007082458675193
11040,21.5625,6,47,0.22912217332405485
11040,21.5625,6,48,0.22757131971758218
11040,21.5625,8,0,0.38837585371391153
11040,21.5625,8,1,0.38602680948718626
11040,21.5625,8,2,0.37293021853501973
11040,21.5625,8,3,0.37129092335412983
11040,21.5625,8,4,0.3676469807930245
11040,21.5625,8,5,0.36569531766388585
11040,21.5625,8,6,0.3531518240260435
11040,21.5625,8,7,0.35254887468780216
11040,21.5625,8,8,0.3461774328277606
11040,21.5625,8,9,0.34458763007972926
11040,21.5625,8,10,0.3438461874790395
11040,21.5625,8,11,0.336674399668423
11040,21.5625,8,12,0.33150015232717683
11040,21.5625,8,13,0.3313222582026661
11040,21.5625,8,14,0.32329032620970605
11040,21.5625,8,15,0.31997948200578347
11040,21.5625,8,16,0.31974128085143994
11040,21.5625,8,17,0.31897943828524356
11040,21.5625,8,18,0.3112841273874074
11040,21.5625,8,19,0.30936151290891234
11040,21.5625,8,20,0.3093054505725996
11040,21.5625,8,21,0.30645047278353066
11040,21.5625,8,22,0.2999991022342684
11040,21.5625,8,23,0.29715388151194205
11040,21.5625,8,24,0.29566140869318364
11040,21.5625,8,25,0.29557427223544774
11040,21.5625,8,26,0.29184293091351265
11040,21.5625,8,27,0.28786043316715737
11040,21.5625,8,28,0.2878388968466986
11040,21.5625,8,29,0.28667382770183986
11040,21.5625,8,30,0.28339693912195846
11040,21.5625,8,31,0.2787006688690129
11040,21.5625,8,32,0.27793904608685427
11040,21.5625,8,33,0.27677845151921043
11040,21.5625,8,34,0.27313178512248854
11040,21.5625,8,35,0.27308172381990814
11040,21.5625,8,36,0.2724677235906814
11040,21.5625,8,37,0.26813661232317854
11040,21.5625,8,38,0.26812302093184953
11040,21.5625,8,39,0.2677936564941516
11040,21.5625,8,40,0.2655430835390645
11040,21.5625,8,41,0.26310864579433507
11040,21.5625,8,42,0.2608557196590893
11040,21.5625,8,43,0.2592785918448789
11040,21.5625,8,44,0.25889186819841487
11040,21.5625,8,45,0.2558834441386573
11040,21.5625,8,46,0.2543680472425726
11040,21.5625,8,47,0.25402104878053194
11040,21.5625,8,48,0.25393442338948796
11040,21.5625,8,49,0.25221911394112984
11040,21.5625,8,50,0.25151039829519495
11040,21.5625,8,51,0.25146542490235635
11040,21.5625,8,52,0.24939107448126552
11040,21.5625,8,53,0.24839886046366313
11040,21.5625,8,54,0.24737420643009797
11040,21.5625,8,55,0.24708931898774233
11040,21.5625,8,56,0.24561545969909523
11040,21.5625,8,57,0.24384415141977206
11040,21.5625,8,58,0.24292970452582788
11040,21.5625,8,59,0.2411576316371379
11040,21.5625,8,60,0.240602024763608
11040,21.5625,8,61,0.24052521142338654
11040,21.5625,8,62,0.24042356286444383
11040,21.5625,8,63,0.2400836462420787
11040,21.5625,8,64,0.2400161770140707
11040,21.5625,8,65,0.23862380009057965
11040,21.5625,8,66,0.23843776901635405
11040,21.5625,8,67,0.23709496489517334
11040,21.5625,8,68,0.2370928165207192
11040,21.5625,8,69,0.23642470918619732
11040,21.5625,8,70,0.23624590956910888
11040,21.5625,8,71,0.2343301797145914
11040,21.5625,8,72,0.2341126033409602
11040,21.5625,8,73,0.23359219547062007
11040,21.5625,8,74,0.23171598828832918
11040,21.5625,8,75,0.23094098355450604
11040,21.5625,8,76,0.2294246588840972
11040,21.5625,8,77,0.22852131407147439
11040,21.5625,8,78,0.22739106872117906
11040,21.5625,8,79,0.22649507595155127
11040,21.5625,8,80,0.2257183136450359
11072,21.625,2,0,0.3476784720653678
11072,21.625,2,1,0.32359701777553224
11072,21.625,2,2,0.2955590800895487
11072,21.625,2,3,0.29005642771549506
11072,21.625,2,4,0.26220408544041923
11072,21.625,2,5,0.2554728993513371
11072,21.625,2,6,0.25309951050123647
11072,21.625,2,7,0.24960421186741272
11072,21.625,2,8,0.24235301412939922
11072,21.625,4,0,0.3714165693317607
11072,21.625,4,1,0.3621835540526145
11072,21.625,4,2,0.33807343213419266
11072,21.625,4,3,0.3345560514816119
11072,21.625,4,4,0.32041168755584504
11072,21.625,4,5,0.316009804195517
11072,21.625,4,6,0.3014101714892679
11072,21.625,4,7,0.29983614809884807
11072,21.625,4,8,0.29071043698888555
11072,21.625,4,9,0.2789127943949313
11072,21.625,4,10,0.27668747112475384
11072,21.625,4,11,0.26876751921581893
11072,21.625,4,12,0.2678580413237456
11072,21.625,4,13,0.26784595161637986
11072,21.625,4,14,0.26097027302218534
11072,21.625,4,15,0.2549927805939503
11072,21.625,4,16,0.24831176023701115
11072,21.625,4,17,0.24622352522449986
11072,21.625,4,18,0.24549848256752768
11072,21.625,4,19,0.24412564488845534
11072,21.625,4,20,0.2410593882035983
11072,21.625,4,21,0.24025333134997942
11072,21.625,4,22,0.23603136924842621
11072,21.625,4,23,0.23575692061899411
11072,21.625,4,24,0.23200108208936593
11072,21.625,6,0,0.3819156686928936
11072,21.625,6,1,0.3775975411350717
11072,21.625,6,2,0.3599272288015594
11072,21.625,6,3,0.3576121484934937
11072,21.625,6,4,0.35070902679116617
11072,21.625,6,5,0.3478737277443329
11072,21.625,6,6,0.33315245276166316
11072,21.625,6,7,0.3322371782519064
11072,21.625,6,8,0.3243200818141966
11072,21.625,6,9,0.3192679774646312
11072,21.625,6,10,0.31808816906451354
11072,21.625,6,11,0.3094144151033
11072,21.625,6,12,0.30561864407147293
11072,21.625,6,13,0.30528729417470857
11072,21.625,6,14,0.29679008696502723
11072,21.625,6,15,0.29148626022398283
11072,21.625,6,16,0.28863740208834454
11072,21.625,6,17,0.28812755705357407
11072,21.625,6,18,0.2800376564279696
11072,21.625,6,19,0.27975397239055066
11072,21.625,6,20,0.27959508518321297
11072,21.625,6,21,0.27426203116382486
11072,21.625,6,22,0.2718898990072065
11072,21.625,6,23,0.26815279700732386
11072,21.625,6,24,0.2627980481147906
11072,21.625,6,25,0.26218838793046956
11072,21.625,6,26,0.2617935809207539
11072,21.625,6,27,0.2576529322213788
11072,21.625,6,28,0.2574741210057449
11072,21.625,6,29,0.2560205875569168
11072,21.625,6,30,0.2524325300365427
11072,21.625,6,31,0.2517952074902889
11072,21.625,6,32,0.24936258790464966
11072,21.625,6,33,0.24681213224519769
11072,21.625,6,34,0.24540083994327097
11072,21.625,6,35,0.2437084901357935
11072,21.625,6,36,0.24274007107490275
11072,21.625,6,37,0.24250003749119903
11072,21.625,6,38,0.24178040906452902
11072,21.625,6,39,0.24136533390615236
11072,21.625,6,40,0.23973010569334355
11072,21.625,6,41,0.23937526224244748
11072,21.625,6,42,0.23654815025427736
11072,21.625,6,43,0.23630234902472863
11072,21.625,6,44,0.23351131808476552
11072,21.625,6,45,0.2328017470590584
11072,21.625,6,46,0.23062028971021603
11072,21.625,6,47,0.22967385372148744
11072,21.625,6,48,0.22813647373620421
11072,21.625,8,0,0.38737252839536196
11072,21.625,8,1,0.3850415425593531
11072,21.625,8,2,0.37204050601163097
11072,21.625,8,3,0.37043139437458206
11072,21.625,8,4,0.36680241061633684
11072,21.625,8,5,0.36488545301206526
11072,21.625,8,6,0.35243904363608447
11072,21.625,8,7,0.35184826247696943
11072,21.625,8,8,0.3455475603217448
11072,21.625,8,9,0.3439572679548464
11072,21.625,8,10,0.3432294282487782
11072,21.625,8,11,0.3361387182701071
11072,21.625,8,12,0.3310034015813086
11072,21.625,8,13,0.3308282549561007
11072,21.625,8,14,0.3228788911508245
11072,21.625,8,15,0.31960229135681767
11072,21.625,8,16,0.31936729126724317
11072,21.625,8,17,0.31862948974513755
11072,21.625,8,18,0.3110004307041632
11072,21.625,8,19,0.3090985696555723
11072,21.625,8,20,0.30904323807098005
11072,21.625,8,21,0.3062307999785921
11072,21.625,8,22,0.299836858177103
11072,21.625,8,23,0.29702715740171126
11072,21.625,8,24,0.2955464037469451
11072,21.625,8,25,0.29546008352411623
11072,21.625,8,26,0.2917793616288588
11072,21.625,8,27,0.2878320626714914
11072,21.625,8,28,0.28781071081345333
11072,21.625,8,29,0.2866582383204007
11072,21.625,8,30,0.28341703063563484
11072,21.625,8,31,0.2787754741462113
11072,21.625,8,32,0.27801955173792253
11072,21.625,8,33,0.2768710446995576
11072,21.625,8,34,0.27326405309244856
11072,21.625,8,35,0.27321407877450815
11072,21.625,8,36,0.27260593169422553
11072,21.625,8,37,0.2683247083244771
11072,21.625,8,38,0.2683110326840899
11072,21.625,8,39,0.2679803075836784
11072,21.625,8,40,0.26576209538778867
11072,21.625,8,41,0.26334602211313074
11072,21.625,8,42,0.261128368716308
11072,21.625,8,43,0.2595601779167093
11072,21.625,8,44,0.25916916231567033
11072,21.625,8,45,0.2561958744623077
11072,21.625,8,46,0.25468722557080165
11072,21.625,8,47,0.25436295738623166
11072,21.625,8,48,0.2542757951904198
11072,21.625,8,49,0.2525636978422318
11072,21.625,8,50,0.25188028238925403
11072,21.625,8,51,0.25183490037723344
11072,21.625,8,52,0.24978516051980687
11072,21.625,8,53,0.24877678370664388
11072,21.625,8,54,0.2477924479670709
11072,21.625,8,55,0.24749538793655682
11072,21.625,8,56,0.2460408022588327
11072,21.625,8,57,0.24427466863880545
11072,21.625,8,58,0.24337415560015987
11072,21.625,8,59,0.2416463793127307
11072,21.625,8,60,0.24109027643933467
11072,21.625,8,61,0.24102142430025308
11072,21.625,8,62,0.2408802635433373
11072,21.625,8,63,0.24057877325903002
11072,21.625,8,64,0.24048228048979833
11072,21.625,8,65,0.23912563070787188
11072,21.625,8,66,0.23894448435301377
11072,21.625,8,67,0.2375819510117774
11072,21.625,8,68,0.23757471785630027
11072,21.625,8,69,0.23694243185676697
11072,21.625,8,70,0.23676127988399795
11072,21.625,8,71,0.234837232052887
11072,21.625,8,72,0.23464386226001507
11072,21.625,8,73,0.23412354583672104
11072,21.625,8,74,0.2322614496112824
11072,21.625,8,75,0.23148836952275942
11072,21.625,8,76,0.22998358529330062
11072,21.625,8,77,0.2290832655224226
11072,21.625,8,78,0.22796186965780654
11072,21.625,8,79,0.22706933973224336
11072,21.625,8,80,0.22629901628386848
11104,21.6875,2,0,0.3470343667543369
11104,21.6875,2,1,0.3231852225809215
11104,21.6875,2,2,0.29543542369261694
11104,21.6875,2,3,0.28999028995553205
11104,21.6875,2,4,0.2624369701590205
11104,21.6875,2,5,0.25575488897950027
11104,21.6875,2,6,0.25344405191593017
11104,21.6875,2,7,0.24996580074423522
11104,21.6875,2,8,0.24277300247948017
11104,21.6875,4,0,0.3705559052794318
11104,21.6875,4,1,0.3614048909420378
11104,21.6875,4,2,0.3375106382641881
11104,21.6875,4,3,0.33404401631874087
11104,21.6875,4,4,0.3200278320021714
11104,21.6875,4,5,0.3156821497350349
11104,21.6875,4,6,0.3012299822066172
11104,21.6875,4,7,0.2996724218261327
11104,21.6875,4,8,0.29064808008949383
11104,21.6875,4,9,0.2789755885774889
11104,21.6875,4,10,0.27676689623072026
11104,21.6875,4,11,0.26894464379710953
11104,21.6875,4,12,0.2680282710377029
11104,21.6875,4,13,0.26802655410586734
11104,21.6875,4,14,0.26122174387281905
11104,21.6875,4,15,0.2552953069907108
11104,21.6875,4,16,0.24871445781607587
11104,21.6875,4,17,0.24663234076033627
11104,21.6875,4,18,0.2459349277603507
11104,21.6875,4,19,0.2445639752282625
11104,21.6875,4,20,0.24150662505554396
11104,21.6875,4,21,0.24071895646769798
11104,21.6875,4,22,0.23652383075623098
11104,21.6875,4,23,0.23624118272883268
11104,21.6875,4,24,0.2325200547521808
11104,21.6875,6,0,0.380966859689566
11104,21.6875,6,1,0.37668420301542527
11104,21.6875,6,2,0.35915575758534873
11104,21.6875,6,3,0.35687922909757264
11104,21.6875,6,4,0.3500233781594268
11104,21.6875,6,5,0.34723252604911964
11104,21.6875,6,6,0.33264003420828897
11104,21.6875,6,7,0.33173881300327346
11104,21.6875,6,8,0.32391145164291585
11104,21.6875,6,9,0.31889859712413055
11104,21.6875,6,10,0.31773422277053653
11104,21.6875,6,11,0.3091589264107595
11104,21.6875,6,12,0.30539641097789116
11104,21.6875,6,13,0.30506828138218833
11104,21.6875,6,14,0.29666388883783024
11104,21.6875,6,15,0.29142144934350483
11104,21.6875,6,16,0.28859804212456674
11104,21.6875,6,17,0.2880916762881183
11104,21.6875,6,18,0.28009054969606595
11104,21.6875,6,19,0.2798127833656613
11104,21.6875,6,20,0.27965448151120537
11104,21.6875,6,21,0.2743733405418401
11104,21.6875,6,22,0.2720358228333505
11104,21.6875,6,23,0.26833101694972533
11104,21.6875,6,24,0.2630279024365606
11104,21.6875,6,25,0.2624388041131296
11104,21.6875,6,26,0.26204398184240674
11104,21.6875,6,27,0.25795356827594984
11104,21.6875,6,28,0.2577740437431679
11104,21.6875,6,29,0.2563327116633685
11104,21.6875,6,30,0.25278878594415793
11104,21.6875,6,31,0.25213798549950694
11104,21.6875,6,32,0.2497369450724041
11104,21.6875,6,33,0.247195905516293
11104,21.6875,6,34,0.24580558875490535
11104,21.6875,6,35,0.24416622799528334
11104,21.6875,6,36,0.24319795099617747
11104,21.6875,6,37,0.2429720717795552
11104,21.6875,6,38,0.24225188105282325
11104,21.6875,6,39,0.24180121504990157
11104,21.6875,6,40,0.24020842885272886
11104,21.6875,6,41,0.23986262971730896
11104,21.6875,6,42,0.23705120986179798
11104,21.6875,6,43,0.23680088653715128
11104,21.6875,6,44,0.2340321117409986
11104,21.6875,6,45,0.23332178459575145
11104,21.6875,6,46,0.23115815398762463
11104,21.6875,6,47,0.23021344574973554
11104,21.6875,6,48,0.22868924647117012
11104,21.6875,8,0,0.3863808091892303
11104,21.6875,8,1,0.3840678639901675
11104,21.6875,8,2,0.37116269428150533
11104,21.6875,8,3,0.36958273090547544
11104,21.6875,8,4,0.3659695655393252
11104,21.6875,8,5,0.36408605465173915
11104,21.6875,8,6,0.3517372466377907
11104,21.6875,8,7,0.35115783591222216
11104,21.6875,8,8,0.3449265298115664
11104,21.6875,8,9,0.3433371436288004
11104,21.6875,8,10,0.34262195586510075
11104,21.6875,8,11,0.33561065335491025
11104,21.6875,8,12,0.3305151482269186
11104,21.6875,8,13,0.3303424637431542
11104,21.6875,8,14,0.3224746683870409
11104,21.6875,8,15,0.3192320148540376
11104,21.6875,8,16,0.31899985519329893
11104,21.6875,8,17,0.3182840567124111
11104,21.6875,8,18,0.31072198247195465
11104,21.6875,8,19,0.30884071204312463
11104,21.6875,8,20,0.3087860395098231
11104,21.6875,8,21,0.3060134529326817
11104,21.6875,8,22,0.29967865305508135
11104,21.6875,8,23,0.2969021361710192
11104,21.6875,8,24,0.29543413193958584
11104,21.6875,8,25,0.29534850996824974
11104,21.6875,8,26,0.29171522101117603
11104,21.6875,8,27,0.2878049060266411
11104,21.6875,8,28,0.28778369604675486
11104,21.6875,8,29,0.2866441093859675
11104,21.6875,8,30,0.2834361601483254
11104,21.6875,8,31,0.2788504364771984
11104,21.6875,8,32,0.278096796797966
11104,21.6875,8,33,0.2769620588334639
11104,21.6875,8,34,0.2733948214379155
11104,21.6875,8,35,0.27334485272022724
11104,21.6875,8,36,0.2727407030330864
11104,21.6875,8,37,0.26851027431785984
11104,21.6875,8,38,0.2684964730717969
11104,21.6875,8,39,0.26816158872666285
11104,21.6875,8,40,0.2659786173175355
11104,21.6875,8,41,0.263579081397737
11104,21.6875,8,42,0.26139772879343554
11104,21.6875,8,43,0.2598371185996679
11104,21.6875,8,44,0.25944030954298464
11104,21.6875,8,45,0.2565021853204898
11104,21.6875,8,46,0.2549985352567016
11104,21.6875,8,47,0.2546999583415601
11104,21.6875,8,48,0.2546121224408773
11104,21.6875,8,49,0.25290058908483687
11104,21.6875,8,50,0.2522447787496628
11104,21.6875,8,51,0.25219890335762274
11104,21.6875,8,52,0.25017362279456035
11104,21.6875,8,53,0.24914565584418152
11104,21.6875,8,54,0.24820483101616825
11104,21.6875,8,55,0.24789438398045022
11104,21.6875,8,56,0.24645909340274524
11104,21.6875,8,57,0.2446966755213689
11104,21.6875,8,58,0.2438103335370136
11104,21.6875,8,59,0.24212848803935255
11104,21.6875,8,60,0.24157151263882648
11104,21.6875,8,61,0.2415108981254626
11104,21.6875,8,62,0.24132711007629457
11104,21.6875,8,63,0.24106708437487234
11104,21.6875,8,64,0.24093865663346828
11104,21.6875,8,65,0.2396196521500231
11104,21.6875,8,66,0.23944351832016567
11104,21.6875,8,67,0.2380583737319584
11104,21.6875,8,68,0.23804568394475323
11104,21.6875,8,69,0.23745154764465787
11104,21.6875,8,70,0.23726774785930185
11104,21.6875,8,71,0.23533284916536543
11104,21.6875,8,72,0.2351654766657182
11104,21.6875,8,73,0.23464484859082982
11104,21.6875,8,74,0.2327962733127398
11104,21.6875,8,75,0.23202464536374606
11104,21.6875,8,76,0.23053098097735242
11104,21.6875,8,77,0.22963325280908878
11104,21.6875,8,78,0.22852045225306916
11104,21.6875,8,79,0.22763102838810453
11104,21.6875,8,80,0.22686700961086856
11136,21.75,2,0,0.3463988531868929
11136,21.75,2,1,0.3227792225496544
11136,21.75,2,2,0.29531498502299547
11136,21.75,2,3,0.28992400003090096
11136,21.75,2,4,0.2626674122124244
11136,21.75,2,5,0.2560308940142028
11136,21.75,2,6,0.25378463008979385
11136,21.75,2,7,0.25032122431210413
11136,21.75,2,8,0.24318397110524603
11136,21.75,4,0,0.36970574228413167
11136,21.75,4,1,0.3606361231083647
11136,21.75,4,2,0.33695685021627253
11136,21.75,4,3,0.3335385611737809
11136,21.75,4,4,0.3196508511937555
11136,21.75,4,5,0.3153584492595335
11136,21.75,4,6,0.30105403196251684
11136,21.75,4,7,0.2995113222940526
11136,21.75,4,8,0.29058547790880035
11136,21.75,4,9,0.2790389430337147
11136,21.75,4,10,0.27684497752182935
11136,21.75,4,11,0.26912029956494204
11136,21.75,4,12,0.26820469783954404
11136,21.75,4,13,0.26819408251599236
11136,21.75,4,14,0.261468719766482
11136,21.75,4,15,0.25559060088049745
11136,21.75,4,16,0.24911234393427217
11136,21.75,4,17,0.24703489836788067
11136,21.75,4,18,0.2463660791028115
11136,21.75,4,19,0.2449959966636709
11136,21.75,4,20,0.24194541092931504
11136,21.75,4,21,0.24117659964652563
11136,21.75,4,22,0.23700645816543064
11136,21.75,4,23,0.2367149382564063
11136,21.75,4,24,0.23302773504520488
11136,21.75,6,0,0.38002895871430326
11136,21.75,6,1,0.37578164708766404
11136,21.75,6,2,0.3583951274635742
11136,21.75,6,3,0.35615551032225273
11136,21.75,6,4,0.34934792317494434
11136,21.75,6,5,0.34659952714109055
11136,21.75,6,6,0.33213621337297083
11136,21.75,6,7,0.3312478994664371
11136,21.75,6,8,0.32350822994024353
11136,21.75,6,9,0.3185360707090455
11136,21.75,6,10,0.31738577268508583
11136,21.75,6,11,0.30890645981631243
11136,21.75,6,12,0.3051786715620395
11136,21.75,6,13,0.3048532772684733
11136,21.75,6,14,0.29654018693180945
11136,21.75,6,15,0.2913560058588956
11136,21.75,6,16,0.2885604686129528
11136,21.75,6,17,0.2880569155107269
11136,21.75,6,18,0.2801427617589813
11136,21.75,6,19,0.27987157189354606
11136,21.75,6,20,0.27971361246857684
11136,21.75,6,21,0.2744808759259231
11136,21.75,6,22,0.27218037686527274
11136,21.75,6,23,0.268505334532256
11136,21.75,6,24,0.2632516313497334
11136,21.75,6,25,0.26268636554184466
11136,21.75,6,26,0.2622910110080635
11136,21.75,6,27,0.25825041940968557
11136,21.75,6,28,0.2580699009810859
11136,21.75,6,29,0.2566401846072812
11136,21.75,6,30,0.25314018234303115
11136,21.75,6,31,0.25247379174520695
11136,21.75,6,32,0.25010453421350315
11136,21.75,6,33,0.24757077366426788
11136,21.75,6,34,0.2462018387327666
11136,21.75,6,35,0.24461838154435084
11136,21.75,6,36,0.24364950107024888
11136,21.75,6,37,0.24343833737655374
11136,21.75,6,38,0.24271701744220847
11136,21.75,6,39,0.2422271377318189
11136,21.75,6,40,0.24067912413572454
11136,21.75,6,41,0.2403426376789255
11136,21.75,6,42,0.23754554534652902
11136,21.75,6,43,0.23729019705165819
11136,21.75,6,44,0.23454282691121572
11136,21.75,6,45,0.23383114452030082
11136,21.75,6,46,0.23168479599438227
11136,21.75,6,47,0.23074128862324303
11136,21.75,6,48,0.22922998399156014
11136,21.75,8,0,0.38540005838762326
11136,21.75,8,1,0.38310514269914286
11136,21.75,8,2,0.37029624134560124
11136,21.75,8,3,0.3687442727390487
11136,21.75,8,4,0.36514790574642664
11136,21.75,8,5,0.3632964753508892
11136,21.75,8,6,0.3510458936099529
11136,21.75,8,7,0.3504770150228929
11136,21.75,8,8,0.3443137681659159
11136,21.75,8,9,0.34272674488885446
11136,21.75,8,10,0.34202323372276044
11136,21.75,8,11,0.3350896817907606
11136,21.75,8,12,0.3300349330411181
11136,21.75,8,13,0.3298644153104969
11136,21.75,8,14,0.32207727796165825
11136,21.75,8,15,0.31886828734678097
11136,21.75,8,16,0.31863859544892714
11136,21.75,8,17,0.31794270641282646
11136,21.75,8,18,0.31044851019300607
11136,21.75,8,19,0.3085876748385243
11136,21.75,8,20,0.3085335675312194
11136,21.75,8,21,0.3057981004387966
11136,21.75,8,22,0.29952435931526594
11136,21.75,8,23,0.29677863174605223
11136,21.75,8,24,0.29532448877733214
11136,21.75,8,25,0.29523942371394196
11136,21.75,8,26,0.2916503014676296
11136,21.75,8,27,0.28777894544779914
11136,21.75,8,28,0.2877578299255228
11136,21.75,8,29,0.28663148475214256
11136,21.75,8,30,0.28345427685712493
11136,21.75,8,31,0.27892573774434654
11136,21.75,8,32,0.27817070126959437
11136,21.75,8,33,0.27705157244920736
11136,21.75,8,34,0.2735242775751778
11136,21.75,8,35,0.2734742208335991
11136,21.75,8,36,0.27287208193624246
11136,21.75,8,37,0.26869357022897195
11136,21.75,8,38,0.26867958755793053
11136,21.75,8,39,0.26833750663223754
11136,21.75,8,40,0.26619299794843065
11136,21.75,8,41,0.26380805010768227
11136,21.75,8,42,0.2616642367374626
11136,21.75,8,43,0.2601097317775899
11136,21.75,8,44,0.25970548427939194
11136,21.75,8,45,0.2568026493582758
11136,21.75,8,46,0.255302110418584
11136,21.75,8,47,0.2550325380242842
11136,21.75,8,48,0.25494385878605624
11136,21.75,8,49,0.2532300067927405
11136,21.75,8,50,0.25260440662267863
11136,21.75,8,51,0.2525579399485286
11136,21.75,8,52,0.250557017175125
11136,21.75,8,53,0.24950565825969653
11136,21.75,8,54,0.24861196149118722
11136,21.75,8,55,0.2482867463888456
11136,21.75,8,56,0.24687084003771304
11136,21.75,8,57,0.24511054648346572
11136,21.75,8,58,0.2442386700896799
11136,21.75,8,59,0.24260470613331775
11136,21.75,8,60,0.24204642282219005
11136,21.75,8,61,0.24199439689572919
11136,21.75,8,62,0.24176441972620022
11136,21.75,8,63,0.2415491671677381
11136,21.75,8,64,0.2413858084183225
11136,21.75,8,65,0.2401065200848856
11136,21.75,8,66,0.2399355559188589
11136,21.75,8,67,0.23852455639307218
11136,21.75,8,68,0.23850599852642346
11136,21.75,8,69,0.2379526803232016
11136,21.75,8,70,0.237765899810716
11136,21.75,8,71,0.23581733725370674
11136,21.75,8,72,0.2356780018998664
11136,21.75,8,73,0.2351566064002587
11136,21.75,8,74,0.2333209362475435
11136,21.75,8,75,0.23255024405151903
11136,21.75,8,76,0.23106726578129722
11136,21.75,8,77,0.2301716493317764
11136,21.75,8,78,0.22906718577545385
11136,21.75,8,79,0.22818049189564205
11136,21.75,8,80,0.22742264559154957
11168,21.8125,2,0,0.3457713631134544
11168,21.8125,2,1,0.32237864370495617
11168,21.8125,2,2,0.295197722346534
11168,21.8125,2,3,0.28985740935054455
11168,21.8125,2,4,0.26289574884369626
11168,21.8125,2,5,0.2563010923907821
11168,21.8125,2,6,0.25412175223273487
11168,21.8125,2,7,0.2506708523910561
11168,21.8125,2,8,0.24358620547162557
11168,21.8125,4,0,0.36886534937310533
11168,21.8125,4,1,0.35987657820247293
11168,21.8125,4,2,0.33641162426897975
11168,21.8125,4,3,0.33303914465541107
11168,21.8125,4,4,0.31928045737335264
11168,21.8125,4,5,0.31503831844080926
11168,21.8125,4,6,0.3008822186330616
11168,21.8125,4,7,0.29935268210576477
11168,21.8125,4,8,0.29052249244527567
11168,21.8125,4,9,0.27910301770868146
11168,21.8125,4,10,0.2769217892391443
11168,21.8125,4,11,0.269294772689558
11168,21.8125,4,12,0.2683806043377903
11168,21.8125,4,13,0.2683555458311538
11168,21.8125,4,14,0.2617114464834511
11168,21.8125,4,15,0.2558788356449449
11168,21.8125,4,16,0.2495060221905428
11168,21.8125,4,17,0.24743168820743705
11168,21.8125,4,18,0.24679260007286566
11168,21.8125,4,19,0.2454222795747287
11168,21.8125,4,20,0.2423761520400086
11168,21.8125,4,21,0.2416267562924996
11168,21.8125,4,22,0.23747965673737126
11168,21.8125,4,23,0.2371785108944666
11168,21.8125,4,24,0.233524464238459
11168,21.8125,6,0,0.3791011847543451
11168,21.8125,6,1,0.37488910942864484
11168,21.8125,6,2,0.35764470330559245
11168,21.8125,6,3,0.355440284278145
11168,21.8125,6,4,0.34868210940682876
11168,21.8125,6,5,0.3459740880653999
11168,21.8125,6,6,0.3316405944578038
11168,21.8125,6,7,0.33076396411423187
11168,21.8125,6,8,0.3231099789238733
11168,21.8125,6,9,0.31818012217214986
11168,21.8125,6,10,0.3170424730361525
11168,21.8125,6,11,0.3086567067400427
11168,21.8125,6,12,0.3049652530202604
11168,21.8125,6,13,0.30464208246705615
11168,21.8125,6,14,0.29641887201546063
11168,21.8125,6,15,0.2912897686855879
11168,21.8125,6,16,0.288524699821525
11168,21.8125,6,17,0.28802325848322446
11168,21.8125,6,18,0.28019435409744814
11168,21.8125,6,19,0.2799304509168862
11168,21.8125,6,20,0.27977257326959226
11168,21.8125,6,21,0.27458463937401756
11168,21.8125,6,22,0.27232377666567853
11168,21.8125,6,23,0.2686758899006507
11168,21.8125,6,24,0.2634693379383245
11168,21.8125,6,25,0.26293144487272174
11168,21.8125,6,26,0.2625349931513589
11168,21.8125,6,27,0.2585439217132093
11168,21.8125,6,28,0.2583620919491235
11168,21.8125,6,29,0.2569433857849836
11168,21.8125,6,30,0.25348719617145493
11168,21.8125,6,31,0.2528029132736803
11168,21.8125,6,32,0.2504657329955896
11168,21.8125,6,33,0.24793697241495188
11168,21.8125,6,34,0.24658990540896633
11168,21.8125,6,35,0.24506565344933867
11168,21.8125,6,36,0.24409534605741667
11168,21.8125,6,37,0.243899563791125
11168,21.8125,6,38,0.24317648201075204
11168,21.8125,6,39,0.24264337609333522
11168,21.8125,6,40,0.24114275391161386
11168,21.8125,6,41,0.24081589769548237
11168,21.8125,6,42,0.2380316886921349
11168,21.8125,6,43,0.23777075419436847
11168,21.8125,6,44,0.23504391884155285
11168,21.8125,6,45,0.2343302281706794
11168,21.8125,6,46,0.23220061335661998
11168,21.8125,6,47,0.231257732442313
11168,21.8125,6,48,0.22975904074670123
11168,21.8125,8,0,0.3844294856883211
11168,21.8125,8,1,0.38215259034173854
11168,21.8125,8,2,0.36944040307093357
11168,21.8125,8,3,0.36791524601026837
11168,21.8125,8,4,0.3643367326764835
11168,21.8125,8,5,0.3625159661718811
11168,21.8125,8,6,0.3503644133549243
11168,21.8125,8,7,0.34980516481956286
11168,21.8125,8,8,0.343708668410737
11168,21.8125,8,9,0.34212558215621663
11168,21.8125,8,10,0.34143269597544856
11168,21.8125,8,11,0.33457526980515856
11168,21.8125,8,12,0.32956235506811593
11168,21.8125,8,13,0.32939367315247475
11168,21.8125,8,14,0.32168638109805736
11168,21.8125,8,15,0.3185108028816633
11168,21.8125,8,16,0.31828317786971505
11168,21.8125,8,17,0.317605020724102
11168,21.8125,8,18,0.31017977116881845
11168,21.8125,8,19,0.3083392312734064
11168,21.8125,8,20,0.30828559149004714
11168,21.8125,8,21,0.30558443991019096
11168,21.8125,8,22,0.2993738711435678
11168,21.8125,8,23,0.2966564871740491
11168,21.8125,8,24,0.29521739165446564
11168,21.8125,8,25,0.2951327350054942
11168,21.8125,8,26,0.29158443666379524
11168,21.8125,8,27,0.28775418303646777
11168,21.8125,8,28,0.28773310925571083
11168,21.8125,8,29,0.28662040523039206
11168,21.8125,8,30,0.28347136771021025
11168,21.8125,8,31,0.2790015414888326
11168,21.8125,8,32,0.27824123021883274
11168,21.8125,8,33,0.2771396841513162
11168,21.8125,8,34,0.2736526140749832
11168,21.8125,8,35,0.2736023635804845
11168,21.8125,8,36,0.273000157592134
11168,21.8125,8,37,0.2688748584335275
11168,21.8125,8,38,0.2688606246349242
11168,21.8125,8,39,0.26850811288528476
11168,21.8125,8,40,0.26640557002365844
11168,21.8125,8,41,0.26403317475617244
11168,21.8125,8,42,0.2619283097777198
11168,21.8125,8,43,0.26037834919366776
11168,21.8125,8,44,0.2599648931183922
11168,21.8125,8,45,0.25709755911075494
11168,21.8125,8,46,0.25559812608447896
11168,21.8125,8,47,0.2553611810751796
11168,21.8125,8,48,0.2552714555637067
11168,21.8125,8,49,0.25355219686832814
11168,21.8125,8,50,0.252959687811383
11168,21.8125,8,51,0.25291251179986884
11168,21.8125,8,52,0.250935890566172
11168,21.8125,8,53,0.2498570081570837
11168,21.8125,8,54,0.24901443886107327
11168,21.8125,8,55,0.24867292553576653
11168,21.8125,8,56,0.24727654806485813
11168,21.8125,8,57,0.24551666625102522
11168,21.8125,8,58,0.24465961099347175
11168,21.8125,8,59,0.2430757821498779
11168,21.8125,8,60,0.2425156972827168
11168,21.8125,8,61,0.24247268299337119
11168,21.8125,8,62,0.24219252811621553
11168,21.8125,8,63,0.2420256881250568
11168,21.8125,8,64,0.24182417083437308
11168,21.8125,8,65,0.24058688276212536
11168,21.8125,8,66,0.24042127322569448
11168,21.8125,8,67,0.23898084492882082
11168,21.8125,8,68,0.23895596027941338
11168,21.8125,8,69,0.2384464463721823
11168,21.8125,8,70,0.2382563146252263
11168,21.8125,8,71,0.2362910106751838
11168,21.8125,8,72,0.23618198645994476
11168,21.8125,8,73,0.23565932456886932
11168,21.8125,8,74,0.23383592203732806
11168,21.8125,8,75,0.23306560677119248
11168,21.8125,8,76,0.23159287047210644
11168,21.8125,8,77,0.23069884924042944
11168,21.8125,8,78,0.22960246052602346
11168,21.8125,8,79,0.22871808680047137
11168,21.8125,8,80,0.22796628196164076
11200,21.875,2,0,0.34515137882258706
11200,21.875,2,1,0.32198314239259185
11200,21.875,2,2,0.29508359209668117
11200,21.875,2,3,0.28979037631889354
11200,21.875,2,4,0.2631222941504147
11200,21.875,2,5,0.25656564262164494
11200,21.875,2,6,0.2544558925309611
11200,21.875,2,7,0.25101502880112947
11200,21.875,2,8,0.24397995924474442
11200,21.875,4,0,0.36803406986265097
11200,21.875,4,1,0.3591256491256746
11200,21.875,4,2,0.3358745311897494
11200,21.875,4,3,0.3325452861916543
11200,21.875,4,4,0.31891636857900024
11200,21.875,4,5,0.31472140799296705
11200,21.875,4,6,0.3007144371529644
11200,21.875,4,7,0.2991963441221051
11200,21.875,4,8,0.2904589829890351
11200,21.875,4,9,0.27916796629058144
11200,21.875,4,10,0.27699739744622864
11200,21.875,4,11,0.26946834263131647
11200,21.875,4,12,0.26855447914987846
11200,21.875,4,13,0.26851271147891076
11200,21.875,4,14,0.2619501454494703
11200,21.875,4,15,0.2561601570845769
11200,21.875,4,16,0.24989605517698746
11200,21.875,4,17,0.24782316744067484
11200,21.875,4,18,0.24721510449533599
11200,21.875,4,19,0.24584335753605602
11200,21.875,4,20,0.24279922315883373
11200,21.875,4,21,0.2420698850948434
11200,21.875,4,22,0.23794380150067865
11200,21.875,4,23,0.23763218953333276
11200,21.875,4,24,0.2340105460953686
11200,21.875,6,0,0.378182827756335
11200,21.875,6,1,0.3740059020247674
11200,21.875,6,2,0.35690391578779107
11200,21.875,6,3,0.3547329366878239
11200,21.875,6,4,0.3480254202952833
11200,21.875,6,5,0.3453556470733031
11200,21.875,6,6,0.33115275184867593
11200,21.875,6,7,0.3302865847276996
11200,21.875,6,8,0.3227162908023563
11200,21.875,6,9,0.3178304559214044
11200,21.875,6,10,0.3167040081664513
11200,21.875,6,11,0.3084093720479562
11200,21.875,6,12,0.3047559835708859
11200,21.875,6,13,0.3044345066671235
11200,21.875,6,14,0.296299843588653
11200,21.875,6,15,0.2912225695794403
11200,21.875,6,16,0.2884907628058291
11200,21.875,6,17,0.2879906902083808
11200,21.875,6,18,0.2802453829356624
11200,21.875,6,19,0.27998953616702543
11200,21.875,6,20,0.2798314621942543
11200,21.875,6,21,0.27468461554669643
11200,21.875,6,22,0.2724662278952347
11200,21.875,6,23,0.26884280223899604
11200,21.875,6,24,0.2636811020123991
11200,21.875,6,25,0.2631743949914005
11200,21.875,6,26,0.2627762369854002
11200,21.875,6,27,0.25883448280075977
11200,21.875,6,28,0.2586509935922647
11200,21.875,6,29,0.2572426574065288
11200,21.875,6,30,0.2538302627842354
11200,21.875,6,31,0.25312561253621296
11200,21.875,6,32,0.2508208837976898
11200,21.875,6,33,0.24829470439732837
11200,21.875,6,34,0.24697008168240314
11200,21.875,6,35,0.24550869229596908
11200,21.875,6,36,0.24453606898212307
11200,21.875,6,37,0.24435642377723507
11200,21.875,6,38,0.24363089353028444
11200,21.875,6,39,0.24305016512699748
11200,21.875,6,40,0.24159984211372218
11200,21.875,6,41,0.2412829795532934
11200,21.875,6,42,0.23851013774903274
11200,21.875,6,43,0.238242998204525
11200,21.875,6,44,0.23553580962709417
11200,21.875,6,45,0.23481940514882846
11200,21.875,6,46,0.23270596951439074
11200,21.875,6,47,0.23176308842402363
11200,21.875,6,48,0.2302767325490765
11200,21.875,8,0,0.3834683536116328
11200,21.875,8,1,0.3812094807538155
11200,21.875,8,2,0.36859454375615897
11200,21.875,8,3,0.3670949732147038
11200,21.875,8,4,0.3635354409634187
11200,21.875,8,5,0.3617438764091231
11200,21.875,8,6,0.3496922539460972
11200,21.875,8,7,0.34914174067793835
11200,21.875,8,8,0.3431106909542341
11200,21.875,8,9,0.3415331485971443
11200,21.875,8,10,0.34084984872187374
11200,21.875,8,11,0.33406693127825743
11200,21.875,8,12,0.32909698381474983
11200,21.875,8,13,0.3289298223110118
11200,21.875,8,14,0.32130163419273955
11200,21.875,8,15,0.3181592403579717
11200,21.875,8,16,0.31793328054233794
11200,21.875,8,17,0.31727060614001623
11200,21.875,8,18,0.3099155307598103
11200,21.875,8,19,0.30809515838577634
11200,21.875,8,20,0.30804188863746507
11200,21.875,8,21,0.3053721758677767
11200,21.875,8,22,0.29922711042098216
11200,21.875,8,23,0.29653554603145216
11200,21.875,8,24,0.295112766706883
11200,21.875,8,25,0.2950283646349589
11200,21.875,8,26,0.29151745123095
11200,21.875,8,27,0.2877306285738683
11200,21.875,8,28,0.2877095412933125
11200,21.875,8,29,0.2866109299001801
11200,21.875,8,30,0.28348740569950126
11200,21.875,8,31,0.2790780185004602
11200,21.875,8,32,0.27830833200995825
11200,21.875,8,33,0.27722648184970544
11200,21.875,8,34,0.2737800205361328
11200,21.875,8,35,0.27372945838235446
11200,21.875,8,36,0.2731249936901071
11200,21.875,8,37,0.26905438092377704
11200,21.875,8,38,0.2690398337343268
11200,21.875,8,39,0.26867343894611956
11200,21.875,8,40,0.26661664752846637
11200,21.875,8,41,0.2642546743425897
11200,21.875,8,42,0.2621903398869609
11200,21.875,8,43,0.2606432753237864
11200,21.875,8,44,0.26021872149912373
11200,21.875,8,45,0.2573871737732231
11200,21.875,8,46,0.2558867310126712
11200,21.875,8,47,0.2556863319093023
11200,21.875,8,48,0.2555953391405855
11200,21.875,8,49,0.2538673896847863
11200,21.875,8,50,0.25331110228992515
11200,21.875,8,51,0.2532630896743006
11200,21.875,8,52,0.25131074313684887
11200,21.875,8,53,0.2501998869302013
11200,21.875,8,54,0.24941281135255602
11200,21.875,8,55,0.24905333537619392
11200,21.875,8,56,0.2476766828563241
11200,21.875,8,57,0.24591538627492837
11200,21.875,8,58,0.24507356693656937
11200,21.875,8,59,0.24354240742853925
11200,21.875,8,60,0.24297997749878314
11200,21.875,8,61,0.2429464630206737
11200,21.875,8,62,0.24261174664656718
11200,21.875,8,63,0.24249728527431094
11200,21.875,8,64,0.24225412224684312
11200,21.875,8,65,0.2410613450658536
11200,21.875,8,66,0.24090130143652738
11200,21.875,8,67,0.2394275570533075
11200,21.875,8,68,0.23939582401963158
11200,21.875,8,69,0.23893342303227122
11200,21.875,8,70,0.23873953428110714
11200,21.875,8,71,0.23675413759015232
11200,21.875,8,72,0.23667794563223474
11200,21.875,8,73,0.23615347580075852
11200,21.875,8,74,0.23434168094438315
11200,21.875,8,75,0.23357114049421243
11200,21.875,8,76,0.23210819026568474
11200,21.875,8,77,0.23121521042387816
11200,21.875,8,78,0.23012662980488138
11200,21.875,8,79,0.22924413214895475
11200,21.875,8,80,0.22849824019662734
11232,21.9375,2,0,0.34453843583787364
11232,21.9375,2,1,0.3215924052799837
11232,21.9375,2,2,0.2949725503166845
11232,21.9375,2,3,0.2897227581693968
11232,21.9375,2,4,0.2633473319221585
11232,21.9375,2,5,0.25682469171315714
11232,21.9375,2,6,0.2547874842221425
11232,21.9375,2,7,0.2513540638553031
11232,21.9375,2,8,0.24436547614514084
11232,21.9375,4,0,0.3672113265227673
11232,21.9375,4,1,0.3583827979839547
11232,21.9375,4,2,0.33534520798350226
11232,21.9375,4,3,0.3320565160391676
11232,21.9375,4,4,0.3185583356411051
11232,21.9375,4,5,0.31440737502923455
11232,21.9375,4,6,0.30055057880164354
11232,21.9375,4,7,0.2990421489139435
11232,21.9375,4,8,0.2903948091632979
11232,21.9375,4,9,0.2792339194635864
11232,21.9375,4,10,0.27707185008607543
11232,21.9375,4,11,0.2696412542579641
11232,21.9375,4,12,0.2687265081666897
11232,21.9375,4,13,0.26866562381688674
11232,21.9375,4,14,0.26218500751991414
11232,21.9375,4,15,0.256434705079399
11232,21.9375,4,16,0.2502829593662314
11232,21.9375,4,17,0.2482097558769352
11232,21.9375,4,18,0.24763416064447227
11232,21.9375,4,19,0.24625971705837016
11232,21.9375,4,20,0.2432149640803512
11232,21.9375,4,21,0.24250640748875096
11232,21.9375,4,22,0.23839923503133414
11232,21.9375,4,23,0.23807625703798502
11232,21.9375,4,24,0.23448628326608623
11232,21.9375,6,0,0.37727326825482244
11232,21.9375,6,1,0.37313142324570614
11232,21.9375,6,2,0.3561723066897821
11232,21.9375,6,3,0.3540328716551021
11232,21.9375,6,4,0.34737743175235536
11232,21.9375,6,5,0.34474365581164707
11232,21.9375,6,6,0.3306723234251241
11232,21.9375,6,7,0.3298153530028067
11232,21.9375,6,8,0.3223267688226917
11232,21.9375,6,9,0.31748680541637325
11232,21.9375,6,10,0.3163700709089787
11232,21.9375,6,11,0.3081641685803704
11232,21.9375,6,12,0.30455068016528897
11232,21.9375,6,13,0.3042303681416578
11232,21.9375,6,14,0.2961829918418268
11232,21.9375,6,15,0.2911542474997109
11232,21.9375,6,16,0.2884586557697512
11232,21.9375,6,17,0.28795918890617184
11232,21.9375,6,18,0.28029588402793176
11232,21.9375,6,19,0.280048925370558
11232,21.9375,6,20,0.27989034483561226
11232,21.9375,6,21,0.2747807857463122
11232,21.9375,6,22,0.2726079094187273
11232,21.9375,6,23,0.26900616455221926
11232,21.9375,6,24,0.2638869962558367
11232,21.9375,6,25,0.26341554575537296
11232,21.9375,6,26,0.26301501359288443
11232,21.9375,6,27,0.2591224793987191
11232,21.9375,6,28,0.2589369538905771
11232,21.9375,6,29,0.25753831175842656
11232,21.9375,6,30,0.2541697755659936
11232,21.9375,6,31,0.2534421157500596
11232,21.9375,6,32,0.25117030194351814
11232,21.9375,6,33,0.24864417139907072
11232,21.9375,6,34,0.24734262215981145
11232,21.9375,6,35,0.24594809705890844
11232,21.9375,6,36,0.2449722061078062
11232,21.9375,6,37,0.2448095389575565
11232,21.9375,6,38,0.24408081893831768
11232,21.9375,6,39,0.24344774722876542
11232,21.9375,6,40,0.24205086422010558
11232,21.9375,6,41,0.2417444041923909
11232,21.9375,6,42,0.23898134550559483
11232,21.9375,6,43,0.23870733704304936
11232,21.9375,6,44,0.2360188948944613
11232,21.9375,6,45,0.23529901703943415
11232,21.9375,6,46,0.23320120370682343
11232,21.9375,6,47,0.232257669772149
11232,21.9375,6,48,0.23078337839223664
11232,21.9375,8,0,0.38251601405663904
11232,21.9375,8,1,0.3802751795963877
11232,21.9375,8,2,0.36775817246770576
11232,21.9375,8,3,0.36628281149297265
11232,21.9375,8,4,0.36274355205150766
11232,21.9375,8,5,0.36097958115067724
11232,21.9375,8,6,0.3490289577006367
11232,21.9375,8,7,0.3484862235483504
11232,21.9375,8,8,0.34251930699801447
11232,21.9375,8,9,0.3409490246143432
11232,21.9375,8,10,0.3402742162515609
11232,21.9375,8,11,0.3335641918502021
11232,21.9375,8,12,0.3286384384596523
11232,21.9375,8,13,0.328472478097013
11232,21.9375,8,14,0.3209227221058898
11232,21.9375,8,15,0.31781329507436185
11232,21.9375,8,16,0.3175886043215496
11232,21.9375,8,17,0.3169390826254423
11232,21.9375,8,18,0.30965556098789027
11232,21.9375,8,19,0.3078552399493252
11232,21.9375,8,20,0.30780222780900157
11232,21.9375,8,21,0.3051610257336472
11232,21.9375,8,22,0.2990839708455741
11232,21.9375,8,23,0.2964156537708861
11232,21.9375,8,24,0.2950105309740102
11232,21.9375,8,25,0.29492621073717656
11232,21.9375,8,26,0.2914491774941747
11232,21.9375,8,27,0.2877082730212593
11232,21.9375,8,28,0.2876871078385462
11232,21.9375,8,29,0.2866030880976814
11232,21.9375,8,30,0.2835023532860709
11232,21.9375,8,31,0.2791553071239252
11232,21.9375,8,32,0.2783719549184748
11232,21.9375,8,33,0.27731203881596433
11232,21.9375,8,34,0.2739066576025558
11232,21.9375,8,35,0.2738556575071361
11232,21.9375,8,36,0.2732466322528632
11232,21.9375,8,37,0.2692323584049346
11232,21.9375,8,38,0.2692174330167289
11232,21.9375,8,39,0.26883350935060435
11232,21.9375,8,40,0.2668265110142133
11232,21.9375,8,41,0.2644727479671741
11232,21.9375,8,42,0.26245068763647367
11232,21.9375,8,43,0.26090477677865886
11232,21.9375,8,44,0.26046711852311544
11232,21.9375,8,45,0.25767173207478417
11232,21.9375,8,46,0.2561680767616479
11232,21.9375,8,47,0.2560084107815452
11232,21.9375,8,48,0.25591589030489426
11232,21.9375,8,49,0.25417577211271
11232,21.9375,8,50,0.25365909902481143
11232,21.9375,8,51,0.25361011033361663
11232,21.9375,8,52,0.25168203441729237
11232,21.9375,8,53,0.2505344778181803
11232,21.9375,8,54,0.2498075826070869
11232,21.9375,8,55,0.24942834589900711
11232,21.9375,8,56,0.24807167068640323
11232,21.9375,8,57,0.24630703335750997
11232,21.9375,8,58,0.24548090497306402
11232,21.9375,8,59,0.24400521975305306
11232,21.9375,8,60,0.2434398521349536
11232,21.9375,8,61,0.24341638782884453
11232,21.9375,8,62,0.24302234913546297
11232,21.9375,8,63,0.24296455180566287
11232,21.9375,8,64,0.24267600794585586
11232,21.9375,8,65,0.24153045866422468
11232,21.9375,8,66,0.24137621639737475
11232,21.9375,8,67,0.23986497883581553
11232,21.9375,8,68,0.23982586034656386
11232,21.9375,8,69,0.23941413747204376
11232,21.9375,8,70,0.23921605466959425
11232,21.9375,8,71,0.23720700878859582
11232,21.9375,8,72,0.23716635157026714
11232,21.9375,8,73,0.236639493256361
11232,21.9375,8,74,0.23483863018742698
11232,21.9375,8,75,0.23406723035348806
11232,21.9375,8,76,0.23261360156846203
11232,21.9375,8,77,0.23172106975968199
11232,21.9375,8,78,0.23064002778887058
11232,21.9375,8,79,0.22975894982099482
11232,21.9375,8,80,0.2290188433923917
11264,22.0,2,0,0.3439321027073761
11264,22.0,2,1,0.3212061372276198
11264,22.0,2,2,0.29486452713024963
11264,22.0,2,3,0.28965443532977686
11264,22.0,2,4,0.2635711209851339
11264,22.0,2,5,0.2570783853765123
11264,22.0,2,6,0.25511693406354036
11264,22.0,2,7,0.2516882511587541
11264,22.0,2,8,0.24474298952100465
11264,22.0,4,0,0.3663966103770357
11264,22.0,4,1,0.35764753643276553
11264,22.0,4,2,0.3348232350040111
11264,22.0,4,3,0.33157243195970076
11264,22.0,4,4,0.3182060693813132
11264,22.0,4,5,0.3140959227353793
11264,22.0,4,6,0.30039052229061813
11264,22.0,4,7,0.2988899359183984
11264,22.0,4,8,0.290329849305241
11264,22.0,4,9,0.2793009950659412
11264,22.0,4,10,0.2771451895732356
11264,22.0,4,11,0.2698137463805476
11264,22.0,4,12,0.26889685938701696
11264,22.0,4,13,0.26881433057916043
11264,22.0,4,14,0.26241621020742806
11264,22.0,4,15,0.25670261656401006
11264,22.0,4,16,0.25066722264710317
11264,22.0,4,17,0.248591845415099
11264,22.0,4,18,0.24805030410227716
11264,22.0,4,19,0.24667181628318313
11264,22.0,4,20,0.24362369830670058
11264,22.0,4,21,0.2429367154335836
11264,22.0,4,22,0.23884628818714035
11264,22.0,4,23,0.23851098319929082
11264,22.0,4,24,0.2349519628171241
11264,22.0,6,0,0.3763719934929517
11264,22.0,6,1,0.37226515893802165
11264,22.0,6,2,0.35544935153823815
11264,22.0,6,3,0.353339594830274
11264,22.0,6,4,0.3467376533542389
11264,22.0,6,5,0.3441376533406311
11264,22.0,6,6,0.33019889227503
11264,22.0,6,7,0.32934987598815246
11264,22.0,6,8,0.32194106280198254
11264,22.0,6,9,0.3171488739346569
11264,22.0,6,10,0.3160403587736026
11264,22.0,6,11,0.30792084039050677
11264,22.0,6,12,0.30434916925011785
11264,22.0,6,13,0.3040294688393213
11264,22.0,6,14,0.2960681997279501
11264,22.0,6,15,0.291084660070824
11264,22.0,6,16,0.28842838675716154
11264,22.0,6,17,0.28792871852716395
11264,22.0,6,18,0.28034588384007175
11264,22.0,6,19,0.28010870698632645
11264,22.0,6,20,0.279949292431808
11264,22.0,6,21,0.2748731432515234
11264,22.0,6,22,0.2727489774690182
11264,22.0,6,23,0.26916607322290736
11264,22.0,6,24,0.2640871009844006
11264,22.0,6,25,0.26365520696704475
11264,22.0,6,26,0.26325158550376376
11264,22.0,6,27,0.25940827420327717
11264,22.0,6,28,0.2592202973573476
11264,22.0,6,29,0.25783063039149434
11264,22.0,6,30,0.2545060988832275
11264,22.0,6,31,0.25375264623302074
11264,22.0,6,32,0.25151427836997026
11264,22.0,6,33,0.24898556418730253
11264,22.0,6,34,0.24770777964726323
11264,22.0,6,35,0.2463844365034761
11264,22.0,6,36,0.2454042569934163
11264,22.0,6,37,0.24525950076958797
11264,22.0,6,38,0.2445267886588886
11264,22.0,6,39,0.2438363447620677
11264,22.0,6,40,0.24249626729404064
11264,22.0,6,41,0.24220065573515073
11264,22.0,6,42,0.23944574088103
11264,22.0,6,43,0.2391641512431743
11264,22.0,6,44,0.23649354312186022
11264,22.0,6,45,0.23576939630358587
11264,22.0,6,46,0.23368664950719079
11264,22.0,6,47,0.23274177293779913
11264,22.0,6,48,0.23127928042199977
11264,22.0,8,0,0.38157196531789767
11264,22.0,8,1,0.3793491785648343
11264,22.0,8,2,0.36693074582322177
11264,22.0,8,3,0.3654782321079362
11264,22.0,8,4,0.36196052770324233
11264,22.0,8,5,0.36022256563516253
11264,22.0,8,6,0.3483739882066785
11264,22.0,8,7,0.3478381362561365
11264,22.0,8,8,0.341934065582427
11264,22.0,8,9,0.3403727163728186
11264,22.0,8,10,0.3397053519825804
11264,22.0,8,11,0.3330666392015196
11264,22.0,8,12,0.3281863080214194
11264,22.0,8,13,0.32802124238833824
11264,22.0,8,14,0.3205493063804335
11264,22.0,8,15,0.31747265708946454
11264,22.0,8,16,0.3172488324672316
11264,22.0,8,17,0.31661011477390366
11264,22.0,8,18,0.30939962224035766
11264,22.0,8,19,0.3076192467246666
11264,22.0,8,20,0.3075663907536687
11264,22.0,8,21,0.30495073697525865
11264,22.0,8,22,0.2989443456150885
11264,22.0,8,23,0.2962966593756011
11264,22.0,8,24,0.29491059557297067
11264,22.0,8,25,0.2948261823863678
11264,22.0,8,26,0.2913794687254904
11264,22.0,8,27,0.28768709998629766
11264,22.0,8,28,0.28766580163292205
11264,22.0,8,29,0.28659689899308793
11264,22.0,8,30,0.2835161771775474
11264,22.0,8,31,0.2792335328295844
11264,22.0,8,32,0.27843206066783616
11264,22.0,8,33,0.2773964147080244
11264,22.0,8,34,0.2740326793609192
11264,22.0,8,35,0.2739811084066953
11264,22.0,8,36,0.27336512140165803
11264,22.0,8,37,0.26940900104549015
11264,22.0,8,38,0.2693936313271847
11264,22.0,8,39,0.26898835804951593
11264,22.0,8,40,0.2670354181391893
11264,22.0,8,41,0.26468757561541373
11264,22.0,8,42,0.26270968572944875
11264,22.0,8,43,0.26116310909097484
11264,22.0,8,44,0.260710239456837
11264,22.0,8,45,0.2579514493611469
11264,22.0,8,46,0.25644233030020974
11264,22.0,8,47,0.256327819297954
11264,22.0,8,48,0.2562334522351246
11264,22.0,8,49,0.25447754344481827
11264,22.0,8,50,0.2540041092294257
11264,22.0,8,51,0.2539539816759287
11264,22.0,8,52,0.25205018725058326
11264,22.0,8,53,0.25086095857435614
11264,22.0,8,54,0.25019921796913963
11264,22.0,8,55,0.24979831006018954
11264,22.0,8,56,0.2484619094676731
11264,22.0,8,57,0.24669190825008147
11264,22.0,8,58,0.245881976398365
11264,22.0,8,59,0.24446482639138556
11264,22.0,8,60,0.24389587446939603
11264,22.0,8,61,0.24388307618718624
11264,22.0,8,62,0.2434280539380762
11264,22.0,8,63,0.24342460860124251
11264,22.0,8,64,0.24309014226866274
11264,22.0,8,65,0.24199473499099183
11264,22.0,8,66,0.2418465510125989
11264,22.0,8,67,0.24029339363042043
11264,22.0,8,68,0.24024631105909308
11264,22.0,8,69,0.23988908205387785
11264,22.0,8,70,0.2396863408980503
11264,22.0,8,71,0.2376498784699591
11264,22.0,8,72,0.23764764874380956
11264,22.0,8,73,0.23711778640292777
11264,22.0,8,74,0.23532716253638825
11264,22.0,8,75,0.23455423618842716
11264,22.0,8,76,0.23310945856474122
11264,22.0,8,77,0.23221676144728662
11264,22.0,8,78,0.23114298953446955
11264,22.0,8,79,0.23026284584928644
11264,22.0,8,80,0.2295284003731217
