snapshot_index,offset_M,vertices,triangles,max_angular_edge_deg,min_triangle_doublearea_coordinate,coordinate_center_inertial_x,coordinate_center_inertial_y,closed_manifold
0,0.0,1922,3840,9.414781433528628,7.557052612848735e-06,-0.11065581426652785,-0.092379648353898,True
1,0.005245205736173375,1922,3840,9.410792557936462,7.577015551614166e-06,-0.11028893053566283,-0.09246666968432571,True
2,0.009404270465893205,1922,3840,9.407650056321751,7.592775828262523e-06,-0.1099990464761676,-0.09253508533245022,True
3,0.013459358577165403,1922,3840,9.404603204995746,7.608084734896512e-06,-0.10971727005546472,-0.09260129324222535,True
4,0.017128247820892284,1922,3840,9.40186101245306,7.621886106494754e-06,-0.10946306263766153,-0.09266077736576114,True
5,0.022154276381570526,1922,3840,9.398126453244972,7.640718090284441e-06,-0.10911593353936222,-0.09274162135916364,True
6,0.026390053122668178,1922,3840,9.394998583481085,7.656522882923045e-06,-0.10882436999753778,-0.09280917948936893,True
7,0.0304963557919109,1922,3840,9.391983128667835,7.671787540663625e-06,-0.10854256858757544,-0.0928741734427535,True
8,0.03425649564132982,1922,3840,9.389236231760435,7.685716608884352e-06,-0.10828524958043864,-0.09293325959762921,True
9,0.03855153909444198,1922,3840,9.386115177087762,7.70157069385952e-06,-0.10799216626843267,-0.09300025214214333,True
10,0.04252517013082979,1922,3840,9.383243271542685,7.71618537589138e-06,-0.10772180505982354,-0.09306175961012575,True
11,0.045626020797044475,1922,3840,9.38101246850136,7.72755493439854e-06,-0.10751134943560414,-0.0931094439736603,True
12,0.048649350196228625,1922,3840,9.378846054304725,7.738610912318465e-06,-0.10730659227334796,-0.09315567266182023,True
13,0.051384743462222104,1922,3840,9.376893245492774,7.74858909553623e-06,-0.10712170531380402,-0.09319727531241598,True
14,0.05575567039340967,1922,3840,9.373787031963397,7.764485025510832e-06,-0.10682699266074944,-0.09326331376627364,True
15,0.05922674774092229,1922,3840,9.371423764950396,7.777066384253348e-06,-0.10659357935425012,-0.09331537372041265,True
16,0.06247693298064405,1922,3840,9.369307718247471,7.788813778035686e-06,-0.10637552178862872,-0.09336381622708179,True
17,0.06564586358945235,1922,3840,9.367252570916367,7.800236118828254e-06,-0.1061633712181339,-0.09341076073327365,True
18,0.06851299128311439,1922,3840,9.365399898396022,7.810544755128978e-06,-0.10597181616917875,-0.09345299493027096,True
19,0.0728391623333664,1922,3840,9.36261646008262,7.826052815994794e-06,-0.10568347429385455,-0.09351629027745176,True
20,0.07635506892484045,1922,3840,9.360364920580718,7.83861535829395e-06,-0.10544974648453173,-0.09356735046844153,True
21,0.07960522848770779,1922,3840,9.35829191921812,7.850196082666249e-06,-0.10523416603781116,-0.09361424900121801,True
22,0.08277413406131018,1922,3840,9.356278411829532,7.861457673544735e-06,-0.10502441665765147,-0.09365969641268962,True
23,0.08564123910400667,1922,3840,9.354463147334801,7.871621666992406e-06,-0.10483501668919415,-0.09370057934371598,True
24,0.08991648202618308,1922,3840,9.351767684335185,7.88673367862326e-06,-0.10455324904998889,-0.09376112625985117,True
25,0.09340582464074032,1922,3840,9.349577693407767,7.899029182490002e-06,-0.10432385209218553,-0.09381017599331334,True
26,0.09668310644019584,1922,3840,9.347528896230624,7.910546117214675e-06,-0.10410886308764414,-0.09385594562724273,True
27,0.09987845619434665,1922,3840,9.345538815553068,7.921746133010436e-06,-0.10389968073013062,-0.09390029300926853,True
28,0.10276948692444421,1922,3840,9.343744595519052,7.931855041597019e-06,-0.10371078504154654,-0.09394018096248527,True
29,0.10700966669492118,1922,3840,9.341123869461086,7.946639671269558e-06,-0.10343436019969413,-0.09399827969134403,True
30,0.11049436503344623,1922,3840,9.338979613507583,7.958753294647777e-06,-0.10320773555337551,-0.09404566864265634,True
31,0.11378554443263056,1922,3840,9.336962269678715,7.97016391135889e-06,-0.10299414773830462,-0.09409013039311459,True
32,0.11699444434680117,1922,3840,9.335002632034413,7.981261132099585e-06,-0.10278631886791376,-0.09413320518313861,True
33,0.11989773474533649,1922,3840,9.333235767767675,7.991277759369663e-06,-0.1025986371598735,-0.09417194392479264,True
34,0.12410314919952725,1922,3840,9.330686735708914,8.005747144293645e-06,-0.10232737236500006,-0.09422766477229119,True
35,0.1275766780113372,1922,3840,9.328590417552235,8.017663160836229e-06,-0.10210384159956168,-0.09427333971732679,True
36,0.13088393460566294,1922,3840,9.3266020275045,8.028979505331484e-06,-0.1018914479671259,-0.09431653610194726,True
37,0.13410850978516464,1922,3840,9.32467041911488,8.039985583233962e-06,-0.10168477219311706,-0.09435837921724241,True
38,0.13702598256622878,1922,3840,9.322928746325838,8.049920392725022e-06,-0.1014981243739213,-0.09439600531883321,True
39,0.14119773415814052,1922,3840,9.320448082012687,8.064088525410526e-06,-0.10123179785494132,-0.09444942620465929,True
40,0.14466305442283556,1922,3840,9.31839618001916,8.075823827528517e-06,-0.10101107218442262,-0.09449346089246632,True
41,0.14798496600997169,1922,3840,9.316436539627507,8.087045102814593e-06,-0.10079990504383537,-0.09453538440457213,True
42,0.15122382980780458,1922,3840,9.31453276497923,8.097959283485304e-06,-0.10059441403486269,-0.09457598849262283,True
43,0.1541542303866663,1922,3840,9.312816117211495,8.107811474850028e-06,-0.10040882967728679,-0.09461249560489801,True
44,0.1582982695267674,1922,3840,9.31039786444002,8.121707873126766e-06,-0.10014692495038513,-0.09466375025775736,True
45,0.16175789496901416,1922,3840,9.308387333242898,8.133276987794066e-06,-0.09992875692890593,-0.09470620724330561,True
46,0.16509149910234555,1922,3840,9.306457161062237,8.144397087080679e-06,-0.09971894789760058,-0.09474683247693602,True
47,0.16834176313250282,1922,3840,9.30458192089494,8.155213406674328e-06,-0.09951477009878637,-0.09478617312862542,True
48,0.1712824782075586,1922,3840,9.302890923169635,8.164977738254555e-06,-0.09933036457436148,-0.09482153909114274,True
49,0.17540808245848893,1922,3840,9.300527559784618,8.17864160822204e-06,-0.09907217706727162,-0.09487079102314047,True
50,0.1788678422990415,1922,3840,9.29855365423615,8.190069144396962e-06,-0.09885612398278926,-0.09491176754213604,True
51,0.18220785160428932,1922,3840,9.296654962489637,8.201074509433704e-06,-0.09864794801786453,-0.09495104401102006,True
52,0.18546436067708783,1922,3840,9.294810216768465,8.21177964475811e-06,-0.09844535181178324,-0.09498907304418,True
53,0.18841072602845088,1922,3840,9.293146635284046,8.22144407720387e-06,-0.09826236762405671,-0.09502325489118857,True
54,0.1925383066241011,1922,3840,9.290824803121021,8.234949389572498e-06,-0.09800652771763041,-0.09507078164635613,True
55,0.19600468861790432,1922,3840,9.288882685310549,8.246261149112555e-06,-0.09779212207068036,-0.09511037263268249,True
56,0.1993416884488397,1922,3840,9.287019714921955,8.257124950856318e-06,-0.09758610526674888,-0.09514820856687531,True
57,0.20259526328391075,1922,3840,9.285209569310553,8.267692933559132e-06,-0.09738560171085942,-0.09518483759878504,True
58,0.20553897384888842,1922,3840,9.283577100907301,8.277234004904032e-06,-0.09720450037347658,-0.0952177566056373,True
59,0.20967235046737187,1922,3840,9.28129330602034,8.290598375956481e-06,-0.09695069796476602,-0.09526362541178063,True
60,0.21314040686365843,1922,3840,9.2793846509296,8.301782382069527e-06,-0.09673818615553867,-0.09530179297924343,True
61,0.21647479204557385,1922,3840,9.277555996062564,8.312510419028191e-06,-0.096534239284603,-0.09533821651097177,True
62,0.2197258175983734,1922,3840,9.275779094356464,8.322946845062071e-06,-0.09633574226539604,-0.09537347273128197,True
63,0.2226672216697807,1922,3840,9.274176524080014,8.332369570608046e-06,-0.09615644659636588,-0.09540515329147839,True
64,0.22680030653418726,1922,3840,9.271932828858086,8.345578255071714e-06,-0.09590498501597955,-0.0954493202532799,True
65,0.23025447556710787,1922,3840,9.270064937538098,8.356589163963344e-06,-0.09569525145677751,-0.09548592050186683,True
66,0.23359382344051483,1922,3840,9.26826537042443,8.367209851035815e-06,-0.09549285306690633,-0.09552103532163,True
67,0.23684968761699565,1922,3840,9.266516650181968,8.377542356370245e-06,-0.0952958560413576,-0.09555501830387861,True
68,0.23979546949067299,1922,3840,9.264939434131513,8.386871532755585e-06,-0.09511791006388377,-0.0955855495973904,True
69,0.24387426210159902,1922,3840,9.262763309593609,8.399758985617916e-06,-0.0948719728917452,-0.09562748698733983,True
70,0.24734767622794607,1922,3840,9.260917192473386,8.410706443864043e-06,-0.09466294811737899,-0.09566289245543239,True
71,0.25069929060737195,1922,3840,9.259141900401561,8.42124635295093e-06,-0.09446160891645264,-0.09569678919820673,True
72,0.2539671146269029,1922,3840,9.257416708095151,8.43150062116224e-06,-0.09426563732986407,-0.09572958631218201,True
73,0.25692371731156527,1922,3840,9.255860660613559,8.44075945921774e-06,-0.09408861296696766,-0.09575904614039674,True
74,0.26116301246020157,1922,3840,9.253637504859421,8.454004256570508e-06,-0.09383525455835819,-0.0958009331632256,True
75,0.26471733940888953,1922,3840,9.251780746620247,8.465081119247891e-06,-0.09362325373150761,-0.09583573208025206,True
76,0.26786454855937336,1922,3840,9.250142103933824,8.474868075697862e-06,-0.09343585460223959,-0.09586630214265116,True
77,0.27093307748100415,1922,3840,9.248549317469386,8.484391355182274e-06,-0.09325342719002384,-0.09589588879802441,True
78,0.27370936555280423,1922,3840,9.247112361469801,8.492991609258243e-06,-0.0930886164211292,-0.09592247157954228,True
79,0.27809383382327724,1922,3840,9.244850999806808,8.506542657486054e-06,-0.0928288053542547,-0.0959640937219273,True
80,0.28163711181332474,1922,3840,9.243030569472081,8.517466379338804e-06,-0.09261925624297805,-0.09599741004947673,True
81,0.2846198912411637,1922,3840,9.241502979660728,8.526643145162157e-06,-0.0924431414590463,-0.09602523499847238,True
82,0.28752810118339767,1922,3840,9.24001784194991,8.535573950422905e-06,-0.09227168015315958,-0.0960521699616308,True
83,0.2901593387500725,1922,3840,9.23867775572191,8.543640165410684e-06,-0.09211676091313412,-0.09607637478332723,True
84,0.29475096432497594,1922,3840,9.236347413874567,8.557684257526448e-06,-0.09184690104176442,-0.09611823916264967,True
85,0.29828617848579597,1922,3840,9.234560250225085,8.568469865783026e-06,-0.09163954284062763,-0.09615014826698515,True
86,0.3010841259620065,1922,3840,9.233150107556876,8.576989367933646e-06,-0.0914756831719635,-0.09617520393518483,True
87,0.303812124750948,1922,3840,9.231778864536865,8.585281703108875e-06,-0.09131613509854672,-0.09619946441982247,True
88,0.3062803141315271,1922,3840,9.230541306037857,8.592772234402131e-06,-0.09117196456100146,-0.09622127119784563,True
89,0.31096556038255585,1922,3840,9.228200129891636,8.606959987110093e-06,-0.09089876626053732,-0.09626229226920091,True
90,0.31445969630203763,1922,3840,9.226460945743652,8.617514310178754e-06,-0.09069542437035931,-0.09629256722918456,True
91,0.31839969772181576,1922,3840,9.224506757960592,8.629388466981057e-06,-0.09046654482737877,-0.09632638079061875,True
92,0.3220788040575826,1922,3840,9.222688556755053,8.640450686310488e-06,-0.09025321101446267,-0.09635764563931673,True
93,0.32697820511384634,1922,3840,9.220277094920204,8.655143865595651e-06,-0.08996969920610584,-0.09639881751779106,True
94,0.33068229563468776,1922,3840,9.218461344814402,8.666223532634846e-06,-0.0897557941485521,-0.09642959480720478,True
95,0.33429378389246267,1922,3840,9.21669706910704,8.677002509861117e-06,-0.08954759774200859,-0.09645931342470682,True
96,0.33756132088774393,1922,3840,9.21510596471189,8.686734825360687e-06,-0.0893595353558337,-0.09648595637950394,True
97,0.34251103405586036,1922,3840,9.212704982218158,8.701441449479565e-06,-0.08907520553567717,-0.09652587264215881,True
98,0.34619751533773524,1922,3840,9.210923954353529,8.712366677407397e-06,-0.08886386859544086,-0.09655525619816346,True
99,0.34979183458744956,1922,3840,9.209193324685856,8.72299585761727e-06,-0.08865816500325953,-0.09658362195323117,True
100,0.35304383771790526,1922,3840,9.207632486170928,8.732593309807787e-06,-0.08847234864448389,-0.09660904597476846,True
101,0.3576608826288066,1922,3840,9.205424517859608,8.746188147063554e-06,-0.0882090144590427,-0.09664475067690828,True
102,0.3614637978007522,1922,3840,9.203612972544958,8.757357769412016e-06,-0.08799253865236115,-0.09667381579051929,True
103,0.3651716400931946,1922,3840,9.201852761758401,8.768225222047207e-06,-0.08778183033550234,-0.09670185043691037,True
104,0.3685263545480666,1922,3840,9.200265417094666,8.77803624115663e-06,-0.08759151305256614,-0.096726973336652,True
105,0.3729638678023548,1922,3840,9.198173161866425,8.79098558859429e-06,-0.08734020530173277,-0.09675982930949834,True
106,0.37682961905375123,1922,3840,9.19635739305967,8.802239430740759e-06,-0.08712169205535808,-0.09678811117601346,True
107,0.38059872652411286,1922,3840,9.194593168449602,8.813187887715592e-06,-0.08690901084551779,-0.09681538132762477,True
108,0.3840088713782279,1922,3840,9.193002169793504,8.823073235242311e-06,-0.08671689782268545,-0.0968397959536259,True
109,0.3883141535552568,1922,3840,9.191000562538171,8.83552597059569e-06,-0.08647477862971403,-0.09687026941480611,True
110,0.39215466680070676,1922,3840,9.189221605704402,8.846608655394829e-06,-0.08625919265749901,-0.0968971247076047,True
111,0.3959208610135647,1922,3840,9.187483053007133,8.857453478555092e-06,-0.08604813894300627,-0.09692316026151662,True
112,0.39949138820838925,1922,3840,9.185840262333619,8.867713542059513e-06,-0.08584837840029275,-0.0969475696713985,True
113,0.4037374108788754,1922,3840,9.183893525544983,8.879887840227853e-06,-0.08561123948627057,-0.09697625129084736,True
114,0.4075560327300991,1922,3840,9.1821490614914,8.890811943262092e-06,-0.08539835264882738,-0.09700172587368994,True
115,0.4112844779392617,1922,3840,9.180451531843914,8.901455538085777e-06,-0.0851908405804611,-0.09702630745644394,True
116,0.4149739050385506,1922,3840,9.178777301909355,8.911969700398992e-06,-0.0849858851874834,-0.09705039222831835,True
117,0.41917937851076204,1922,3840,9.176875616296837,8.923920303198568e-06,-0.08475256381631603,-0.09707741102634895,True
118,0.4229669462442871,1922,3840,9.175168961334911,8.934662839925291e-06,-0.0845428406236055,-0.09710147280616077,True
119,0.4255882627126084,1922,3840,9.173991160631076,8.942084451801141e-06,-0.08439789801263427,-0.09711795327313238,True
120,0.4281440462696082,1922,3840,9.172845431432211,8.949310203514036e-06,-0.0842567387827537,-0.0971338863485467,True
121,0.4304564218687119,1922,3840,9.171811045154099,8.955839051910277e-06,-0.08412915880868044,-0.09714818697158012,True
122,0.43462565461368285,1922,3840,9.169951360096958,8.967589667792987e-06,-0.08389945544526962,-0.0971736957571874,True
123,0.437756606801031,1922,3840,9.168559291401678,8.976396572802978e-06,-0.08372723297467174,-0.09719261900785345,True
124,0.44062042296536674,1922,3840,9.16728931748222,8.984438564354728e-06,-0.08356990180938603,-0.09720975426017706,True
125,0.44341264372542355,1922,3840,9.16605417301495,8.992267599854898e-06,-0.08341669510516517,-0.09722630080657621,True
126,0.44593893869887324,1922,3840,9.164939259084239,8.999340813648543e-06,-0.08327823837534519,-0.09724113557863331,True
127,0.45002946324120785,1922,3840,9.1631392254967,9.010773079860607e-06,-0.08305437123427788,-0.09726488273771255,True
128,0.45325654327189113,1922,3840,9.16172367442711,9.019774387875836e-06,-0.08287803609730991,-0.09728337944934312,True
129,0.456114262562096,1922,3840,9.16047345884185,9.027732365914865e-06,-0.0827220871460461,-0.0972995844655119,True
130,0.4589005388697842,1922,3840,9.159257484833008,9.035479628252927e-06,-0.08257022028289591,-0.09731522672046325,True
131,0.4614214555290346,1922,3840,9.158159847739256,9.042479106816822e-06,-0.08243297237748141,-0.0973292452982121,True
132,0.46544432534756197,1922,3840,9.156413199616807,9.053629314189933e-06,-0.08221425760355937,-0.09735135321199656,True
133,0.46862893209390677,1922,3840,9.155034811476524,9.062439119412597e-06,-0.08204138238435664,-0.09736862573750643,True
134,0.47152519618657607,1922,3840,9.153784511283433,9.070438321268607e-06,-0.08188436221975061,-0.09738415920676546,True
135,0.4743490536770878,1922,3840,9.152568469652577,9.078225699890084e-06,-0.08173145272914267,-0.09739914406360545,True
136,0.4769039723591959,1922,3840,9.151470784029135,9.085261408711889e-06,-0.08159326303656311,-0.09741256561168138,True
137,0.48081460767389217,1922,3840,9.149795292553058,9.096012082805385e-06,-0.08138203375091647,-0.0974328591010265,True
138,0.4839661454234374,1922,3840,9.148449115688257,9.104659799773488e-06,-0.08121205907840548,-0.09744899387385186,True
139,0.4869132657413502,1922,3840,9.1471935366931,9.112733661516469e-06,-0.08105331266233602,-0.09746390511964095,True
140,0.4897867080517244,1922,3840,9.145972388639564,9.12059365400403e-06,-0.08089872350242339,-0.09747827929402852,True
141,0.49238648918935723,1922,3840,9.144870117140728,9.127694910174426e-06,-0.08075901701921212,-0.09749114490416683,True
142,0.4962086243581325,1922,3840,9.14325401168667,9.138117495269071e-06,-0.08055389900255634,-0.09750981941444617,True
143,0.4993423345786141,1922,3840,9.141932905106112,9.146647357589934e-06,-0.08038596924543337,-0.09752491740496139,True
144,0.5023266695829989,1922,3840,9.140678036750762,9.15475768728904e-06,-0.08022624752031933,-0.0975391178455838,True
145,0.5052363962122399,1922,3840,9.139457592827913,9.162653194290741e-06,-0.08007070907675115,-0.09755279640351272,True
146,0.5078690060195186,1922,3840,9.138355968596638,9.16978652721633e-06,-0.07993014518695683,-0.09756503052819476,True
147,0.5116212496736807,1922,3840,9.136790061232919,9.179936862019569e-06,-0.0797300645183664,-0.09758223561575194,True
148,0.5147390768470359,1922,3840,9.135492677884034,9.18835612257003e-06,-0.07956404819604863,-0.09759632450188468,True
149,0.5177534329477567,1922,3840,9.134241587385326,9.196483131353942e-06,-0.07940374402731018,-0.09760976749751665,True
150,0.5206924301464824,1922,3840,9.133024824432763,9.204394889172292e-06,-0.07924763854299359,-0.09762270583837587,True
151,0.5233515228496799,1922,3840,9.13192652858052,9.211542916971671e-06,-0.07910656234158492,-0.09763426878525241,True
152,0.5270525985711174,1922,3840,9.130401930348292,9.221475786885271e-06,-0.07891046014893462,-0.09765013690407559,True
153,0.5301595481441836,1922,3840,9.12912571526671,9.22979973121242e-06,-0.0787460667409468,-0.0976632550957626,True
154,0.5331956201816865,1922,3840,9.127881813066521,9.237921074605955e-06,-0.07858562487117067,-0.09767589583355762,True
155,0.5361557904184338,1922,3840,9.126672039905285,9.245827363730084e-06,-0.0784293849815409,-0.09768805120638227,True
156,0.5388340396798412,1922,3840,9.125580052298705,9.252970489742396e-06,-0.07828818704487556,-0.09769890508110513,True
157,0.5424967049780207,1922,3840,9.124090629843632,9.262723516842323e-06,-0.07809533885980292,-0.0977135276605324,True
158,0.5455947488344464,1922,3840,9.122834345960475,9.270959000758865e-06,-0.07793244277562926,-0.09772569747627449,True
159,0.5485390125586491,1922,3840,9.121643410993642,9.278773813869708e-06,-0.07777782163244955,-0.0977370948078237,True
160,0.5514096696902016,1922,3840,9.120485042846743,9.286382184722523e-06,-0.0776272429009281,-0.09774804938699233,True
161,0.5540069309040518,1922,3840,9.119439365017378,9.29325650493047e-06,-0.07749115523208991,-0.09775782679831072,True
162,0.5576325164738591,1922,3840,9.11798342304106,9.30283768109952e-06,-0.07730142464839111,-0.09777126283439908,True
163,0.5606731730294996,1922,3840,9.116765728283793,9.310859730278866e-06,-0.07714251714691334,-0.09778234076816272,True
164,0.5635442951688674,1922,3840,9.115618723867318,9.318423392723838e-06,-0.07699264755228613,-0.09779264180764902,True
165,0.5663436392546828,1922,3840,9.114503001189778,9.325787578060948e-06,-0.07684669068161017,-0.09780253675269585,True
166,0.5688763791417841,1922,3840,9.113495746926285,9.332441633087818e-06,-0.07671477526532895,-0.09781136306287325,True
167,0.5724683745434049,1922,3840,9.112070820062955,9.341864280779707e-06,-0.07652791836393046,-0.09782367557672292,True
168,0.5754610917924765,1922,3840,9.110886823550688,9.349702134396014e-06,-0.07637244053005245,-0.097833750410426,True
169,0.5783607492480769,1922,3840,9.109742406334068,9.357285277903456e-06,-0.07622197400638726,-0.09784335311768769,True
170,0.5811879152670372,1922,3840,9.108629208570203,9.364668430910103e-06,-0.07607543619764884,-0.0978525655951086,True
171,0.5837458273795164,1922,3840,9.107624240856207,9.371339623947428e-06,-0.07594299608427815,-0.09786077307761673,True
172,0.5873148760620097,1922,3840,9.106225510269816,9.380633950738272e-06,-0.07575842719978959,-0.09787202286463997,True
173,0.590307935770852,1922,3840,9.105055642738645,9.388415832574158e-06,-0.0756038459069471,-0.09788127586878698,True
174,0.5932155047171364,1922,3840,9.103921912645326,9.395964593747225e-06,-0.07545385500782578,-0.09789010651014174,True
175,0.5960503844398772,1922,3840,9.102819100627649,9.403314344339708e-06,-0.07530777967201911,-0.09789856675814457,True
176,0.5986152756177034,1922,3840,9.101823500655382,9.409955417192998e-06,-0.07517575692772581,-0.09790609410883291,True
177,0.6021600274157208,1922,3840,9.100450954630926,9.419119960215212e-06,-0.07499351726178471,-0.0979162987629125,True
178,0.6051439437255794,1922,3840,9.099298614292826,9.426822354051293e-06,-0.07484030764182961,-0.09792471071405767,True
179,0.6080632167709155,1922,3840,9.098173922879823,9.434347171125191e-06,-0.0746905907869024,-0.0979327830720299,True
180,0.6109095079900726,1922,3840,9.097079844650201,9.441676167485221e-06,-0.07454480184805583,-0.097940532294608,True
181,0.6134847238554357,1922,3840,9.096092224548197,9.448293757411024e-06,-0.0744129995764696,-0.09794736284966821,True
182,0.6170046420061226,1922,3840,9.09474553755776,9.457329172813648e-06,-0.07423308837398353,-0.0979565427858633,True
183,0.6199804268831031,1922,3840,9.093610000255596,9.464955932469807e-06,-0.07408118204544858,-0.09796412846017458,True
184,0.6229112377068304,1922,3840,9.09249427297048,9.472456845439091e-06,-0.07393174381121488,-0.09797144280735079,True
185,0.6257687782594985,1922,3840,9.091408961202891,9.479760121602417e-06,-0.07378620582580656,-0.09797842495253065,True
186,0.628354172093168,1922,3840,9.090429150504013,9.48635929472326e-06,-0.07365466800720645,-0.09798461521351295,True
187,0.631847599235698,1922,3840,9.08910842999003,9.495263297883438e-06,-0.07347714187413386,-0.09799278853331744,True
188,0.6348142006604576,1922,3840,9.08798977108603,9.50281297010701e-06,-0.07332657646194993,-0.09799955702627924,True
189,0.6377574975449534,1922,3840,9.086882514794178,9.51029283191193e-06,-0.07317736496544472,-0.09800611641557672,True
190,0.64062721200753,1922,3840,9.085805438211082,9.517575680236861e-06,-0.07303204744088929,-0.0980123624682375,True
191,0.6432236203309003,1922,3840,9.084833058500715,9.524156436809369e-06,-0.07290070861357476,-0.0980178867812147,True
192,0.6466892101502708,1922,3840,9.083538287429285,9.532927619867746e-06,-0.07272560765889989,-0.09802507306897182,True
193,0.649646263856539,1922,3840,9.082436323566602,9.540400455023942e-06,-0.07257638582341888,-0.09803103563867155,True
194,0.6526026455057945,1922,3840,9.081337192056418,9.54786120543976e-06,-0.07242736788662364,-0.09803684149440642,True
195,0.6554851176138072,1922,3840,9.080268015329258,9.55512549059423e-06,-0.0722822386331855,-0.09804235283817608,True
196,0.6580930685690873,1922,3840,9.079302764685787,9.561689511503891e-06,-0.07215106977246075,-0.09804721240078543,True
197,0.6615300930257035,1922,3840,9.07803369580209,9.5703280157831e-06,-0.07197840269767054,-0.09805343314613857,True
198,0.664477448319758,1922,3840,9.076948169653702,9.577724806433612e-06,-0.07183051656272538,-0.0980586014338358,True
199,0.6674472222903205,1922,3840,9.075856936856935,9.585167585117023e-06,-0.07168167447317067,-0.09806365421986621,True
200,0.6703427519114484,1922,3840,9.074795440739953,9.592414413610072e-06,-0.07153671630047906,-0.09806843127127599,True
201,0.6729625168068196,1922,3840,9.073837121784479,9.598962696102168e-06,-0.07140570192131622,-0.09807262643202716,True
202,0.6763710918899051,1922,3840,9.072593205431474,9.60747075196368e-06,-0.07123543540682876,-0.09807790466571104,True
203,0.6793089553502796,1922,3840,9.071523737597472,9.614793151846462e-06,-0.07108885967165293,-0.09808229074071165,True
204,0.6821879099106809,1922,3840,9.07047810332035,9.621959082584577e-06,-0.07094538223276155,-0.09808644260560884,True
205,0.6849948906069585,1922,3840,9.069460878752006,9.628936723066737e-06,-0.07080564312105558,-0.09809035145367198,True
206,0.6875345398084391,1922,3840,9.068542453701852,9.635242216999169e-06,-0.07067934239655856,-0.0980937715658908,True
207,0.6909086009004568,1922,3840,9.067367978417609,9.643607712927838e-06,-0.0705117303771609,-0.0980981376880814,True
208,0.6937912700796005,1922,3840,9.06642908546653,9.65074473340372e-06,-0.07036870028193351,-0.09810171299492079,True
209,0.696599629915454,1922,3840,9.065516419328757,9.657688853094445e-06,-0.07022950779193188,-0.09810505681156881,True
210,0.6993377807552861,1922,3840,9.064628480810706,9.66445057290355e-06,-0.0700939371751859,-0.09810818728172169,True
211,0.7018151553243115,1922,3840,9.063826735204731,9.67056112975472e-06,-0.06997139937711672,-0.09811090733035224,True
212,0.705156059415458,1922,3840,9.062747964873395,9.678790731850052e-06,-0.06980633075471743,-0.09811440783034245,True
213,0.7079927104091439,1922,3840,9.061834207269573,9.685768393362987e-06,-0.06966634001287397,-0.09811722917952914,True
214,0.7107288085958317,1922,3840,9.060954739894468,9.69249021919439e-06,-0.06953145360316511,-0.09811981944845627,True
215,0.7133965043276476,1922,3840,9.060099050324858,9.699035963171367e-06,-0.069400073372357,-0.09812222131714746,True
216,0.7158101337990956,1922,3840,9.059326374537859,9.704951489357328e-06,-0.06928131935535303,-0.09812428939102938,True
217,0.7191184249545586,1922,3840,9.058269628482634,9.713049269388785e-06,-0.06911872197377414,-0.09812696206624236,True
218,0.7219089765858371,1922,3840,9.057380356757047,9.719870360665229e-06,-0.06898172801161935,-0.09812907117825956,True
219,0.7246726240764474,1922,3840,9.056501542890057,9.72661725880139e-06,-0.06884619639822395,-0.09813102905280768,True
220,0.7273671803800426,1922,3840,9.055646499966713,9.733187398696956e-06,-0.06871418850961593,-0.09813281283983183,True
221,0.7298051122738798,1922,3840,9.05487441729218,9.739124954681111e-06,-0.0685948678129104,-0.09813432042192596,True
222,0.7330933717298649,1922,3840,9.053835331077375,9.747123213640669e-06,-0.06843410189844608,-0.09813619402013443,True
223,0.7358846803826964,1922,3840,9.052955340300715,9.753903457120935e-06,-0.0682977877463199,-0.0981376407337988,True
224,0.7386550740106941,1922,3840,9.052083807086378,9.76062455098964e-06,-0.06816263577003812,-0.09813894625443559,True
225,0.7413562077981624,1922,3840,9.051235845304491,9.76716960351866e-06,-0.06803099742865634,-0.0981400943828247,True
226,0.7438000907486639,1922,3840,9.050470154574198,9.773084522194842e-06,-0.06791201058164754,-0.09814102717312284,True
227,0.7470717927985788,1922,3840,9.049447343510195,9.780992954796287e-06,-0.0677528891281148,-0.09814211845785284,True
228,0.7498598443917217,1922,3840,9.048577753775032,9.78772321643253e-06,-0.06761744366030095,-0.09814290647573423,True
229,0.7526371730828032,1922,3840,9.047713351359183,9.794419334358205e-06,-0.06748265907382267,-0.09814356173269562,True
230,0.755345068556835,1922,3840,9.04687232531645,9.800940103858758e-06,-0.06735137839567792,-0.09814407621695001,True
231,0.7577950692234481,1922,3840,9.046112895524143,9.806833110355453e-06,-0.06723271468796727,-0.0981444360228477,True
232,0.7610721066794213,1922,3840,9.045099326934016,9.814705441886372e-06,-0.06707416320925784,-0.09814476051417373,True
233,0.7638704461169255,1922,3840,9.044235821258873,9.821418796146218e-06,-0.06693892525851358,-0.09814489588274147,True
234,0.7666423066707466,1922,3840,9.04338230097661,9.828060483694326e-06,-0.06680510549340625,-0.09814490135417431,True
235,0.7693448707104835,1922,3840,9.04255185296431,9.834528323633258e-06,-0.06667476386634788,-0.09814478382188985,True
236,0.771790047698687,1922,3840,9.041801966681307,9.840373557597887e-06,-0.0665569483362803,-0.09814457304569052,True
237,0.7750450719813671,1922,3840,9.040805879181308,9.848145033764181e-06,-0.06640027776088366,-0.09814413869071406,True
238,0.7778195073738061,1922,3840,9.039958803709306,9.854760333159054e-06,-0.06626688793670225,-0.09814363005306093,True
239,0.7806074389536661,1922,3840,9.039109404523433,9.861399747324283e-06,-0.06613298728053653,-0.09814299088024542,True
240,0.7833256722442457,1922,3840,9.038282970097148,9.867865379925819e-06,-0.06600256709759271,-0.09814224428739629,True
241,0.7857850261734711,1922,3840,9.037536711372997,9.873708628206412e-06,-0.06588468085532033,-0.09814146399417545,True
242,0.7889836782342172,1922,3840,9.036568202178046,9.881299046022853e-06,-0.06573151747028555,-0.09814030033202736,True
243,0.7917305669557209,1922,3840,9.0357383525487,9.88780901007135e-06,-0.06560013056787463,-0.09813916695210648,True
244,0.7945478701481079,1922,3840,9.034889021843094,9.89447777305872e-06,-0.06546551401033977,-0.09813787610633756,True
245,0.7972947407606625,1922,3840,9.034062666137462,9.9009719736427e-06,-0.06533439752653335,-0.0981364924866572,True
246,0.7997800046482553,1922,3840,9.033316488918278,9.906841015562011e-06,-0.0652158827175107,-0.09813513443452188,True
247,0.8029191923051258,1922,3840,9.032375978227067,9.914245316389414e-06,-0.06506633929096145,-0.09813327501688046,True
248,0.8056421435358061,1922,3840,9.031561977353375,9.920659734263818e-06,-0.06493676433085159,-0.09813153213077447,True
249,0.8084886373912923,1922,3840,9.03071283139735,9.927357116006881e-06,-0.06480144922140198,-0.09812958130125646,True
250,0.8112495570353531,1922,3840,9.029890953376556,9.933845309134372e-06,-0.0646703373942955,-0.0981275634461243,True
251,0.8137749831230394,1922,3840,9.029140674252426,9.939773336426108e-06,-0.06455052529099767,-0.09812560951008703,True
252,0.8168611283322207,1922,3840,9.028225746875084,9.947008836554059e-06,-0.06440426224016024,-0.09812308157472044,True
253,0.8195687568518224,1922,3840,9.02742478435535,9.953349023476935e-06,-0.0642760748411859,-0.09812073689620268,True
254,0.8224187444125164,1922,3840,9.026583470507935,9.960014604657274e-06,-0.06414128528795608,-0.09811814118831463,True
255,0.8251508471585112,1922,3840,9.02577864699909,9.966396843170818e-06,-0.06401220331109339,-0.09811553000943463,True
256,0.8277699615978236,1922,3840,9.025008657342035,9.972508142404309e-06,-0.06388858096498366,-0.09811291410290662,True
257,0.830825502681364,1922,3840,9.024112275233955,9.979629144635036e-06,-0.0637445091382522,-0.09810972306564514,True
258,0.8335474992727541,1922,3840,9.023315471977375,9.98596501885728e-06,-0.06361629999375441,-0.09810675423818904,True
259,0.8363698593680056,1922,3840,9.022491005726083,9.992526744457263e-06,-0.06348349846505934,-0.09810355071176999,True
260,0.8390825595142815,1922,3840,9.021700215530068,9.998826100517243e-06,-0.06335598600250977,-0.09810035165235942,True
261,0.8417649400730625,1922,3840,9.020919842544988,1.0005047916954648e-05,-0.06323002306861175,-0.09809707285532107,True
262,0.8447895263134342,1922,3840,9.020041790926477,1.0012055007849663e-05,-0.06308813843588237,-0.09809323819207297,True
263,0.8475151687234757,1922,3840,9.019252224696503,1.0018361833701967e-05,-0.0629604116435277,-0.09808965788003199,True
264,0.8503106250864221,1922,3840,9.018444104621402,1.0024822654818335e-05,-0.0628295452834487,-0.09808586324904617,True
265,0.8522178777980116,1922,3840,9.01789371753395,1.0029226299527982e-05,-0.06274033586751111,-0.09808320315995683,True
266,0.8540774491916636,1922,3840,9.01735784483017,1.0033516424906026e-05,-0.06265341644727158,-0.09808055410129143,True
267,0.8557599185478466,1922,3840,9.016873648223424,1.003739508498659e-05,-0.06257482585990704,-0.09807811014179604,True
268,0.8584443998315692,1922,3840,9.01610234157686,1.0043578020239645e-05,-0.06244952964312768,-0.09807411797012117,True
269,0.8606093421722107,1922,3840,9.015481433557879,1.0048559251955378e-05,-0.06234857182139168,-0.09807081554311517,True
270,0.8631046117820915,1922,3840,9.014767029641007,1.005429490782484e-05,-0.06223230860041931,-0.0980669175056409,True
271,0.8654322116162803,1922,3840,9.014101826953477,1.0059639733061697e-05,-0.0621239529276269,-0.09806319300503846,True
272,0.8677016214546711,1922,3840,9.013454364074686,1.0064845911132318e-05,-0.06201839453140165,-0.09805947955460118,True
273,0.8697548970226308,1922,3840,9.012869506285776,1.0069552007568161e-05,-0.06192296444945622,-0.09805605005389409,True
274,0.8725277380567604,1922,3840,9.012081104014412,1.007590090566126e-05,-0.061794204248587184,-0.09805131374210921,True
275,0.8748882714385218,1922,3840,9.011411213535892,1.0081299970869373e-05,-0.06168469234863566,-0.09804718671259016,True
276,0.8774631322789901,1922,3840,9.010681839224553,1.0087183173585226e-05,-0.061565344342600775,-0.09804258556533302,True
277,0.8796634924055979,1922,3840,9.01005965395798,1.0092205675786726e-05,-0.061463443416341926,-0.09803857158890411,True
278,0.8818088435286882,1922,3840,9.009454001687494,1.0097098196633542e-05,-0.06136416842739727,-0.09803458514696045,True
279,0.8837498754974149,1922,3840,9.008906861543704,1.0101520981807859e-05,-0.061274414859118595,-0.09803091658332458,True
280,0.8864696292894223,1922,3840,9.008141539279961,1.0107712150932212e-05,-0.0611487594950236,-0.09802567751136998,True
281,0.8887588936804605,1922,3840,9.007498550187881,1.0112917932758828e-05,-0.06104308931954126,-0.09802117856663362,True
282,0.8912875766736761,1922,3840,9.006789582849569,1.011866240908209e-05,-0.06092646983972723,-0.09801611450399292,True
283,0.8935476237279545,1922,3840,9.00615705674969,1.0123791512757019e-05,-0.060822330017687984,-0.0980115045277338,True
284,0.8957511696062284,1922,3840,9.005541362764864,1.0128787766047695e-05,-0.060720875869028315,-0.0980069336355967,True
285,0.897744853972199,1922,3840,9.004985171396191,1.0133304268647034e-05,-0.06062915385334414,-0.0980027333137386,True
286,0.9004679848926571,1922,3840,9.004226806696787,1.0139467243961066e-05,-0.06050397979583565,-0.09799689697468633,True
287,0.9027154456293829,1922,3840,9.00360203609917,1.0144548749268847e-05,-0.06040075905704412,-0.09799199413460688,True
288,0.9056441690340762,1922,3840,9.002789496985859,1.0151162846413036e-05,-0.06026638667059735,-0.09798548789309897,True
289,0.9077776512285709,1922,3840,9.002198676185136,1.015597618877226e-05,-0.06016858685184401,-0.0979806653611735,True
290,0.9098577963682146,1922,3840,9.001623521980047,1.0160665136668897e-05,-0.06007330475959774,-0.09797589602215928,True
291,0.9117398324469832,1922,3840,9.001103905457404,1.016490404910158e-05,-0.059987158983782984,-0.09797152371985893,True
292,0.9148612327403498,1922,3840,9.00024369973389,1.0171927167942939e-05,-0.059844413532161245,-0.0979641523931255,True
293,0.9173320169898034,1922,3840,8.999564196799621,1.0177480018929273e-05,-0.059731535842613356,-0.09795821178909281,True
294,0.920238432066526,1922,3840,8.998766472455243,1.0184004716732074e-05,-0.05959888546008474,-0.09795110431072362,True
295,0.9221621646661333,1922,3840,8.998239404684002,1.0188319090664827e-05,-0.05951116191419341,-0.0979463290027596,True
296,0.9240378039507959,1922,3840,8.997726232786327,1.0192522318832503e-05,-0.05942569019040833,-0.09794161879508959,True
297,0.9257348109222221,1922,3840,8.997262545032031,1.0196322475865777e-05,-0.059348408561805246,-0.09793731097158773,True
298,0.9287483974167117,1922,3840,8.996440544268724,1.0203064378933783e-05,-0.0592112867470085,-0.09792955309719042,True
299,0.9310781771660004,1922,3840,8.995806310815068,1.0208270816897922e-05,-0.05910538126943704,-0.0979234609531626,True
300,0.9338438584181858,1922,3840,8.995054822792646,1.0214444942349055e-05,-0.05897977656808072,-0.09791612212359219,True
301,0.9359039342607502,1922,3840,8.994496053845017,1.02190393537466e-05,-0.05888629877833189,-0.09791058032193803,True
302,0.9379125082073188,1922,3840,8.993952068470044,1.0223515201281882e-05,-0.058795224873251506,-0.09790511522407186,True
303,0.9397297893970062,1922,3840,8.993460582929698,1.022756161757584e-05,-0.05871288157370613,-0.09790011809336019,True
304,0.9426997009309162,1922,3840,8.992658778699308,1.0234168097691549e-05,-0.058578427382171894,-0.09789184413705382,True
305,0.9450605082893162,1922,3840,8.992022664486193,1.023941396814568e-05,-0.05847165140094371,-0.09788517220833964,True
306,0.9477894823667157,1922,3840,8.991288721317456,1.0245471656907955e-05,-0.05834833708373151,-0.09787735531446345,True
307,0.9498668322935373,1922,3840,8.990731013559637,1.0250078407806874e-05,-0.05825454909155266,-0.09787132984879962,True
308,0.951892248472177,1922,3840,8.990188066204464,1.025456626638661e-05,-0.05816317345281484,-0.09786539262700647,True
309,0.9537247678717904,1922,3840,8.989697522696487,1.0258623532520867e-05,-0.05808055775891251,-0.09785996785890666,True
310,0.9566319452933385,1922,3840,8.988920656903716,1.0265053978225638e-05,-0.05794960509958294,-0.0978512585745186,True
311,0.9589738496329119,1922,3840,8.988296047862965,1.0270228604525733e-05,-0.05784421472829529,-0.09784415074842079,True
312,0.9616693857688006,1922,3840,8.987578447113407,1.0276178544170616e-05,-0.057723020318351595,-0.09783586824213794,True
313,0.9637870119709078,1922,3840,8.987015689125778,1.0280848321232317e-05,-0.057627891963194386,-0.09782928540813637,True
314,0.9658516975182465,1922,3840,8.986467839353931,1.028539752620276e-05,-0.057535211694066085,-0.09782280279426375,True
315,0.9677197463465745,1922,3840,8.985972878591296,1.0289510208089704e-05,-0.057451417513397204,-0.09781688292310389,True
316,0.970585603674408,1922,3840,8.985214850741793,1.0295813664013586e-05,-0.05732297470016952,-0.09780770011501666,True
317,0.9729238700815586,1922,3840,8.984597547968907,1.0300951319936722e-05,-0.057218275796746834,-0.09780011746238082,True
318,0.9755932769512583,1922,3840,8.983894112729123,1.0306810666606722e-05,-0.05709885739976185,-0.09779136188660645,True
319,0.9777357837056115,1922,3840,8.983330516697956,1.0311508922492791e-05,-0.05700309338543999,-0.09778425823415646,True
320,0.9798247277913106,1922,3840,8.982781859073866,1.0316085857066618e-05,-0.056909794585324996,-0.09777726677505416,True
321,0.9817147248213587,1922,3840,8.982286175295268,1.0320223587226412e-05,-0.056825441830554976,-0.09777088565342062,True
322,0.9845340956867403,1922,3840,8.981547975244272,1.0326392611560232e-05,-0.0566997705528174,-0.09776133073686566,True
323,0.9868559546807774,1922,3840,8.980941255462133,1.0331463386473766e-05,-0.05659627300617115,-0.0977532609233541,True
324,0.9894807232885796,1922,3840,8.980256571985732,1.0337192789590271e-05,-0.05647943814344171,-0.097744112863688,True
325,0.9916608662915678,1922,3840,8.979688866724056,1.0341947089436385e-05,-0.056382478520493426,-0.09773643751349442,True
326,0.993786505719072,1922,3840,8.979136222020003,1.0346578571294873e-05,-0.05628801611936145,-0.09772888686915929,True
327,0.9957097032965976,1922,3840,8.978636947377188,1.035076557245291e-05,-0.05620261235341226,-0.09772199826872305,True
328,0.9984829750651443,1922,3840,8.97791821840691,1.0356797651933603e-05,-0.05607956321406743,-0.09771196945461466,True
329,1.0007906898199508,1800,3596,9.293123155541972,1.218379408142464e-05,-0.055977264251270906,-0.09770353844653398,True
330,1.0033646517385932,1800,3596,9.29244357733159,1.21903746807482e-05,-0.055863262908182734,-0.09769404303298221,True
331,1.0054857089417055,1800,3596,9.291884544060371,1.2195792344944848e-05,-0.05576940011054082,-0.09768614577789625,True
332,1.0075537397146945,1800,3596,9.291340327934577,1.2201070176620016e-05,-0.055677952798732444,-0.0976783828942844,True
333,1.009424815175862,1800,3596,9.290848656373697,1.2205841638631048e-05,-0.055595273342867416,-0.09767130571770347,True
334,1.0121246925737069,1800,3596,9.29014039041109,1.2212720449083056e-05,-0.05547606864628908,-0.09766100395489677,True
335,1.0143704528591115,1800,3596,9.289552326720147,1.2218436652674412e-05,-0.0553770022111105,-0.09765235436925396,True
336,1.0168711003857425,1800,3596,9.28889866310654,1.2224795682196697e-05,-0.05526678612437852,-0.09764263704449416,True
337,1.0189691695109104,1800,3596,9.288351160389908,1.2230126145110996e-05,-0.055174390113872165,-0.09763441426401948,True
338,1.0210147869074717,1800,3596,9.28781815888362,1.2235319093478592e-05,-0.055084371082210815,-0.09762633580676164,True
339,1.0228655835999234,1800,3596,9.287336610324704,1.2240013890605708e-05,-0.05500298232705356,-0.09761897461463792,True
340,1.0255075523923551,1800,3596,9.286650346378423,1.2246709662888383e-05,-0.054886895574728256,-0.0976083811242612,True
341,1.0277127426088555,1800,3596,9.286078558040431,1.2252293152339743e-05,-0.05479008504114222,-0.09759946197475047,True
342,1.0301569397111052,1800,3596,9.285445879540054,1.225847616521853e-05,-0.054682871453672705,-0.09758949436248349,True
343,1.0322151469104028,1800,3596,9.284913995238007,1.2263678159850974e-05,-0.05459266217354608,-0.09758103424827186,True
344,1.0342218989299,1800,3596,9.284396182216472,1.2268746052515739e-05,-0.05450477235777121,-0.09757272712128576,True
345,1.0360375317095531,1800,3596,9.283928342142747,1.2273327872766952e-05,-0.054425307619633725,-0.09756516136165883,True
346,1.038623540624485,1800,3596,9.283263073249726,1.227984812666447e-05,-0.05431221534721761,-0.09755430397220738,True
347,1.0407842007525687,1800,3596,9.282708196271026,1.2285290890216864e-05,-0.05421780516847201,-0.09754515902104552,True
348,1.043175693404919,1800,3596,9.282095065039028,1.2291309744193683e-05,-0.05411339419091002,-0.09753495937600554,True
349,1.045195335786957,1800,3596,9.281578106408395,1.229638837720182e-05,-0.05402528783429156,-0.09752628206007363,True
350,1.0471644871090575,1800,3596,9.281074808981293,1.2301336181009669e-05,-0.05393944568867387,-0.097517765729359,True
351,1.0489461002102871,1800,3596,9.280620070736411,1.2305809507432481e-05,-0.05386183132883235,-0.09751001287780742,True
352,1.0514811860894042,1800,3596,9.279974040070927,1.2312169304491708e-05,-0.053751478242701295,-0.0974989034535271,True
353,1.0536008078661325,1800,3596,9.279434805630254,1.2317482025568826e-05,-0.05365928760322826,-0.0974895445911361,True
354,1.0559474074607351,1800,3596,9.27883878213151,1.2323359667351107e-05,-0.0535573042906855,-0.0974791148363166,True
355,1.0579245837257076,1800,3596,9.278337422384915,1.2328306378662787e-05,-0.053471434706709925,-0.09747024038509983,True
356,1.059852330583908,1800,3596,9.277849281699119,1.233312562374888e-05,-0.05338779312451376,-0.09746157111641726,True
357,1.061596482502864,1800,3596,9.27740822073534,1.2337483354157323e-05,-0.05331215594262523,-0.09745366796573246,True
358,1.0640871774739935,1800,3596,9.276779350147624,1.2343701208080031e-05,-0.0532042262345388,-0.09744230755506836,True
359,1.0661685995546577,1800,3596,9.276254695142391,1.2348892748626095e-05,-0.05311410571468188,-0.09743274675247865,True
360,1.0684767825050585,1800,3596,9.275673799229649,1.235464739073077e-05,-0.05301419526031487,-0.09742201034502224,True
361,1.0704963113066697,1800,3596,9.2751663837731,1.2359673634466428e-05,-0.052926942005494595,-0.09741267258434436,True
362,1.0724653518882405,1800,3596,9.274672359112355,1.2364572804335995e-05,-0.05284188180334619,-0.0974034519577936,True
363,1.0742468647949863,1800,3596,9.27422599734881,1.2369002168294105e-05,-0.0527649744457975,-0.09739506260423106,True
364,1.07671986943933,1800,3596,9.273607344387274,1.2375145726083752e-05,-0.05265829720651821,-0.09738334315720656,True
365,1.0788068959864177,1800,3596,9.273086118522077,1.2380325877957094e-05,-0.05256834356768998,-0.0973733861375975,True
366,1.0811004839852103,1800,3596,9.27251422153942,1.2386013914883322e-05,-0.05246956466828896,-0.09736237336054171,True
367,1.0831293510709656,1800,3596,9.272009130378478,1.2391041252357135e-05,-0.05238225448227857,-0.0973525703964539,True
368,1.08510749647985,1800,3596,9.271517387125044,1.2395939128101896e-05,-0.052297188357687194,-0.0973429571782439,True
369,1.0868972470875633,1800,3596,9.27107308862966,1.2400367340310281e-05,-0.05222027590033393,-0.09733421246018067,True
370,1.0893462025546796,1800,3596,9.270466085838448,1.2406421602157483e-05,-0.05211511503999587,-0.09732217462186643,True
371,1.0914237166207386,1800,3596,9.269951999782919,1.2411553148057955e-05,-0.05202597688237458,-0.0973118971468118,True
372,1.0936968406199412,1800,3596,9.269390402486309,1.2417163161413318e-05,-0.05192852212163045,-0.09730058329756866,True
373,1.0957446166858062,1800,3596,9.268885277079459,1.2422212825182605e-05,-0.051840796804348416,-0.0972903296696691,True
374,1.0977411983499223,1800,3596,9.268393506260143,1.2427132432628923e-05,-0.05175532681854936,-0.09728027642678416,True
375,1.0995476293796855,1800,3596,9.267949187860484,1.2431580275075398e-05,-0.05167804971539822,-0.09727113302998938,True
376,1.1019761108477724,1800,3596,9.26735278921871,1.243755489174267e-05,-0.05157424108467028,-0.0972587699613151,True
377,1.1040488485809874,1800,3596,9.266844591117506,1.2442649899526e-05,-0.05148571089547746,-0.09724815350176491,True
378,1.1063039551531801,1800,3596,9.266292551495718,1.2448188610994119e-05,-0.05138946639001095,-0.09723653560226575,True
379,1.108307179678377,1800,3596,9.265802932353767,1.2453104671016721e-05,-0.0513040372949639,-0.09722615658091424,True
380,1.1102603235908646,1800,3596,9.265326241784495,1.245789421141071e-05,-0.05122080320182028,-0.09721598383714289,True
381,1.1120274537970545,1800,3596,9.264895534782745,1.2462224541112837e-05,-0.051145546571163325,-0.09720673469253047,True
382,1.1144189601641301,1800,3596,9.264313529822262,1.2468080243421101e-05,-0.05104377586931584,-0.09719414926817072,True
383,1.116455835092438,1800,3596,9.263818587583138,1.24730648136051e-05,-0.05095715662833161,-0.09718337191277224,True
384,1.1186682293441663,1800,3596,9.263281912493683,1.247847158636083e-05,-0.05086316393223865,-0.09717159376508583,True
385,1.1206245319071968,1800,3596,9.262808043231669,1.2483249968328448e-05,-0.05078010562946196,-0.09716112639487393,True
386,1.122531926906504,1800,3596,9.262346670379012,1.248790546899894e-05,-0.05069918009365322,-0.09715087031697556,True
387,1.124257665238929,1800,3596,9.26192978971508,1.2492114669156291e-05,-0.050626009620478016,-0.09714154820817869,True
388,1.12666855825546,1800,3596,9.261348274962224,1.2497990407750201e-05,-0.05052386504095849,-0.09712845694646113,True
389,1.1287160152714932,1800,3596,9.260855222941164,1.2502976163169604e-05,-0.05043718810776071,-0.09711727696857905,True
390,1.1309703050446842,1800,3596,9.26031321233706,1.2508461105178846e-05,-0.050341829040875516,-0.09710490157455515,True
391,1.1328158505616557,1800,3596,9.259870139785674,1.2512948024423304e-05,-0.05026381794825627,-0.0970947186501889,True
392,1.1346152574410553,1800,3596,9.259438716502457,1.251731976846781e-05,-0.050187807073676385,-0.09708474571579281,True
393,1.136243292236486,1800,3596,9.259048867570572,1.252127257554652e-05,-0.05011907776768702,-0.09707568474981168,True
394,1.1386346747012794,1800,3596,9.258477064004945,1.2527074364502951e-05,-0.05001819599067708,-0.09706231012528216,True
395,1.1406210376790114,1800,3596,9.258002860288913,1.2531889526188191e-05,-0.04993446625506416,-0.09705114185762234,True
396,1.142830857664194,1800,3596,9.257476114983081,1.2537242132540647e-05,-0.049841387713647864,-0.09703865449185042,True
397,1.144636276939309,1800,3596,9.257046392675562,1.2541611889979512e-05,-0.04976539771711776,-0.0970284033625447,True
398,1.1463965607326827,1800,3596,9.256627956137853,1.2545869525314053e-05,-0.04969135506734204,-0.09701836618231122,True
399,1.147989198450432,1800,3596,9.256249831765338,1.2549719234570789e-05,-0.04962440458029328,-0.09700924892708715,True
400,1.15034354129466,1800,3596,9.25569166427532,1.2555405914093491e-05,-0.04952550434801045,-0.09699570857999407,True
401,1.152296612758164,1800,3596,9.25522935431966,1.2560119523895088e-05,-0.04944352424592899,-0.09698441946652558,True
402,1.1544834527790044,1800,3596,9.254712487092826,1.256539321249889e-05,-0.04935180023558419,-0.09697171828439155,True
403,1.1563215309388397,1800,3596,9.254279031132107,1.2569824975044374e-05,-0.04927484679971583,-0.09696096558374742,True
404,1.1581136571448951,1800,3596,9.2538562864422,1.2574138072340394e-05,-0.04919969595456397,-0.09695049235764852,True
405,1.159735104664378,1800,3596,9.253474589422689,1.2578040120148877e-05,-0.0491318222058514,-0.09694095467327882,True
406,1.1620963720624786,1800,3596,9.252919537678144,1.2583718380459372e-05,-0.049033050671282524,-0.09692700222399173,True
407,1.1640651127677302,1800,3596,9.252457482348843,1.2588448835398629e-05,-0.04895076279001094,-0.09691531223112448,True
408,1.1662655859540791,1800,3596,9.251941821278757,1.2593731964009868e-05,-0.04885885833096461,-0.09690218500110656,True
409,1.1680909846777467,1800,3596,9.251514680068958,1.259811126947535e-05,-0.048782674538461315,-0.09689124632184068,True
410,1.1698707484329134,1800,3596,9.251098761879142,1.2602378196233263e-05,-0.048708443663384726,-0.09688053839450869,True
411,1.171481010878324,1800,3596,9.250722917521193,1.2606236296757785e-05,-0.04864132349527968,-0.0968708139462085,True
412,1.1738411674923555,1800,3596,9.25017283645394,1.2611886916820992e-05,-0.048543016209563444,-0.0968564985261341,True
413,1.1758037204094762,1800,3596,9.249716141462745,1.2616581795841905e-05,-0.04846133405147665,-0.09684453844171217,True
414,1.178003599216936,1800,3596,9.24920499186444,1.2621840325134387e-05,-0.048369843139890165,-0.09683107131461582,True
415,1.179831760473462,1800,3596,9.248780832188528,1.2626207025247652e-05,-0.048293866933727905,-0.0968198309550764,True
416,1.1816142176985522,1800,3596,9.24836781756596,1.263046167624841e-05,-0.04821983844789286,-0.09680882904878466,True
417,1.18322691709227,1800,3596,9.247994597357328,1.2634308681872902e-05,-0.048152901381323554,-0.09679883874379477,True
418,1.1855812729218087,1800,3596,9.24745052164071,1.2639920728229377e-05,-0.04805525102372678,-0.09678419232889754,True
419,1.1875394397989112,1800,3596,9.246998709241842,1.2644584623106154e-05,-0.04797409648624387,-0.09677195493914345,True
420,1.1897305575139399,1800,3596,9.246493907275013,1.2649799323898038e-05,-0.04788335561141667,-0.09675820179103387,True
421,1.1915653505411683,1800,3596,9.246071813629529,1.2654162714685687e-05,-0.047807426528820654,-0.09674663661349844,True
422,1.193354273742898,1800,3596,9.24566081226967,1.2658414166623694e-05,-0.0477334442042944,-0.09673531791457834,True
423,1.194972823306216,1800,3596,9.245289412682041,1.266225826755187e-05,-0.04766654905575751,-0.09672504098765897,True
424,1.197313488643431,1800,3596,9.244753082880187,1.2667813336602536e-05,-0.04756987794305227,-0.09671011817598604,True
425,1.199264576454425,1800,3596,9.244306497488047,1.267244466651855e-05,-0.047489391732007114,-0.09669770380311546,True
426,1.201439503466645,1800,3596,9.24380987739666,1.267759378523451e-05,-0.047399669982833514,-0.09668363814806616,True
427,1.2032872325853532,1800,3596,9.243388400211861,1.2681968788292699e-05,-0.047323529062500674,-0.09667170764286342,True
428,1.2050887684763438,1800,3596,9.242978002281914,1.2686231642599652e-05,-0.04724934086951024,-0.09666003228827424,True
429,1.206718729520162,1800,3596,9.242607151032207,1.269008600320286e-05,-0.04718225985347754,-0.09664943245050917,True
430,1.209044786400682,1800,3596,9.242078680284326,1.2695582397250461e-05,-0.04708659962667622,-0.09663424581422911,True
431,1.2106614204358266,1800,3596,9.241711860607513,1.2699402032423367e-05,-0.047020164718560686,-0.09662367081652765,True
432,1.2127864189815227,1800,3596,9.241230461314833,1.2704413803261206e-05,-0.0469328922170036,-0.09660966919756034,True
433,1.2147737948448594,1800,3596,9.240780861252382,1.2709099666261628e-05,-0.046851334975695116,-0.09659654125134134,True
434,1.2167114863118513,1800,3596,9.240343123299137,1.2713665045829074e-05,-0.04677187320499658,-0.09658369220045676,True
435,1.218464635734108,1800,3596,9.239947603150785,1.2717792826704651e-05,-0.04670002733926047,-0.09657202488266647,True
436,1.2212507962976815,1682,3360,9.534585565776394,1.5044234558351875e-05,-0.04658594142549212,-0.09655340091552267,True
437,1.2235134055199524,1682,3360,9.534078185796634,1.5050533105313103e-05,-0.04649337849349375,-0.0965382027277597,True
438,1.2258574032698561,1682,3360,9.533553422901875,1.5057052704689818e-05,-0.046397566128963855,-0.09652238805692456,True
439,1.2281428010760465,1682,3360,9.533042628158032,1.5063403876776003e-05,-0.04630422751935974,-0.09650690053828659,True
440,1.2302105419485088,1682,3360,9.532581084644754,1.5069147696472354e-05,-0.04621982735540728,-0.0964928451176035,True
441,1.2334927171468735,1682,3360,9.531850172318645,1.5078250538951739e-05,-0.04608603270244102,-0.0964703826092849,True
442,1.2360808737566913,1682,3360,9.53127493213766,1.508542250013736e-05,-0.045980627565075344,-0.096452584132635,True
443,1.238137324798572,1682,3360,9.530818628810165,1.5091116226465404e-05,-0.04589694731917185,-0.09643838084013667,True
444,1.24014236456469,1682,3360,9.530374380539161,1.5096663454580644e-05,-0.04581541926953671,-0.09642448048853597,True
445,1.2419564481624548,1682,3360,9.529972991666698,1.5101678879036918e-05,-0.04574170701704,-0.09641185960940471,True
446,1.2451212015603232,1682,3360,9.529273998840774,1.5110420503147347e-05,-0.04561322889595286,-0.09638974124420507,True
447,1.247505916832779,1682,3360,9.528748338342035,1.5117000845027683e-05,-0.04551651534696277,-0.09637299004562,True
448,1.2496746699730465,1682,3360,9.528271061825778,1.5122980271897823e-05,-0.04542863310796895,-0.0963576929221999,True
449,1.2517892042847052,1682,3360,9.527806431134387,1.5128805635121669e-05,-0.04534301469263262,-0.09634272058708429,True
450,1.2537023543764008,1682,3360,9.52738665739289,1.5134072337613516e-05,-0.04526560721240645,-0.09632912516743411,True
451,1.256755650775176,1682,3360,9.526717909761322,1.514247009453009e-05,-0.04514218021521685,-0.09630733127477639,True
452,1.259149639161933,1682,3360,9.526194589471402,1.51490479396756e-05,-0.045045501175371316,-0.09629016073708793,True
453,1.261354156662037,1682,3360,9.525713480482484,1.515510011714088e-05,-0.04495654833272145,-0.09627428493733475,True
454,1.2635035612242973,1682,3360,9.525245130394335,1.5160996293532861e-05,-0.04486988809892892,-0.09625874687090624,True
455,1.2654482605903468,1682,3360,9.524822006118429,1.5166326944750477e-05,-0.044791539738635616,-0.09624463836820135,True
456,1.2684126426761395,1682,3360,9.524178154398244,1.5174445425922653e-05,-0.04467221710556138,-0.09622304031603024,True
457,1.2707643446196926,1682,3360,9.52366834606171,1.5180879722070276e-05,-0.04457764788303553,-0.0962058274513071,True
458,1.2730147823845073,1682,3360,9.523181293591376,1.5187031820835704e-05,-0.04448722680497512,-0.09618929059481879,True
459,1.2752089592049742,1682,3360,9.522707172774625,1.5193025256364185e-05,-0.04439913773839897,-0.09617310591518796,True
460,1.2771941668042928,1682,3360,9.522278847925588,1.5198443763612144e-05,-0.04431949890006616,-0.09615841058277941,True
461,1.2800873143296485,1682,3360,9.52165571711298,1.5206333466725504e-05,-0.04420354042868392,-0.09613690581767104,True
462,1.2824296496405623,1682,3360,9.521152166091042,1.521271500205232e-05,-0.04410974846983895,-0.09611941852257658,True
463,1.2847082978228173,1682,3360,9.520663116303139,1.521891784191524e-05,-0.04401858373167185,-0.09610234086495345,True
464,1.286929979800334,1682,3360,9.520187060454303,1.5224960662089786e-05,-0.043929771199309034,-0.09608562777253052,True
465,1.2889400730182388,1682,3360,9.51975713269003,1.5230424997040254e-05,-0.04384951491743318,-0.09607043807504756,True
466,1.2917591192772306,1682,3360,9.519154911827044,1.5238079304238819e-05,-0.04373697900312547,-0.09604908438682291,True
467,1.2940670074835907,1682,3360,9.518662871997874,1.5244340010639173e-05,-0.0436449539374488,-0.0960315219122333,True
468,1.296383647595576,1682,3360,9.518169800760479,1.5250619676326548e-05,-0.043552663657550714,-0.09601382337017583,True
469,1.2986423717047728,1682,3360,9.517689843020719,1.5256737294094939e-05,-0.04346275601051573,-0.09599650320275915,True
470,1.3006859792321848,1682,3360,9.517256263751696,1.526226796840981e-05,-0.043381475069333916,-0.09598077814704933,True
471,1.3033797119883275,1682,3360,9.516685719732866,1.5269551872708948e-05,-0.04327442951137089,-0.09595997159840344,True
472,1.3056435331932335,1682,3360,9.5162070828396,1.5275667804847332e-05,-0.04318454981077709,-0.09594241640677911,True
473,1.3080194564818157,1682,3360,9.515705577805301,1.5282081246251514e-05,-0.043090299622570744,-0.0959239238705484,True
474,1.310327479919124,1682,3360,9.515219220872472,1.5288306123245845e-05,-0.042998821554917716,-0.09590589325982901,True
475,1.3124318854461308,1682,3360,9.51477647086485,1.5293977310557698e-05,-0.04291548134152931,-0.09588939623620504,True
476,1.315033305084853,1682,3360,9.514230073949415,1.530098197455297e-05,-0.04281254698050396,-0.09586892776346856,True
477,1.3172781305047465,1682,3360,9.51375939232914,1.5307021208257763e-05,-0.042723801567127795,-0.0958511982674757,True
478,1.3196643556002527,1682,3360,9.513259891220702,1.5313435468973344e-05,-0.04262954633023289,-0.09583228435169672,True
479,1.3219225518532767,1682,3360,9.512787974923086,1.531950054939728e-05,-0.04254042434481152,-0.09581432100216783,True
480,1.3241777916600768,1682,3360,9.512317436918275,1.5325552761118778e-05,-0.04245149283377646,-0.0957963189944159,True
481,1.3267139689305623,1682,3360,9.51178918984669,1.5332353039607475e-05,-0.04235157111000093,-0.095776000314965,True
482,1.3289860007585048,1682,3360,9.511316773650162,1.5338439829076837e-05,-0.04226213551401821,-0.09575773122991246,True
483,1.3313192066557349,1682,3360,9.510832436329057,1.534468532724936e-05,-0.04217036966975499,-0.09573890488689746,True
484,1.3329307785820674,1682,3360,9.510498370828897,1.5348996104277963e-05,-0.04210703195339448,-0.09572586267633473,True
485,1.3345020612105145,1682,3360,9.510173027613698,1.535319673164081e-05,-0.042045313909948714,-0.0957131161550599,True
486,1.3359236978740228,1682,3360,9.509878984509253,1.535699524588429e-05,-0.04198950450523474,-0.09570155775492581,True
487,1.3381414914229026,1682,3360,9.509420865737217,1.536291718320589e-05,-0.0419024986316129,-0.09568347739282104,True
488,1.3399076434884591,1682,3360,9.509056559925998,1.536762980326389e-05,-0.04183326190588786,-0.09566903637044799,True
489,1.34199279476843,1682,3360,9.508627045972679,1.537318975013368e-05,-0.04175157775261264,-0.09565193850431811,True
490,1.343908349071171,1682,3360,9.508233031107965,1.537829384849742e-05,-0.04167659281173336,-0.09563618496011292,True
491,1.3458830079548534,1682,3360,9.507827423662832,1.5383551741140736e-05,-0.041599349611026334,-0.09561989903799542,True
492,1.3476696040879688,1682,3360,9.507460938947863,1.5388305712320255e-05,-0.04152951143791471,-0.09560512360619658,True
493,1.349999386917716,1682,3360,9.506983733407075,1.5394500484422828e-05,-0.041438509217716815,-0.0955857982123687,True
494,1.3519805721912235,1682,3360,9.506578555805511,1.5399764294531082e-05,-0.04136118492509766,-0.09556931305311223,True
495,1.3541507499630825,1682,3360,9.50613538539852,1.5405525977776882e-05,-0.0412765493309943,-0.09555120118427499,True
496,1.3559934160816738,1682,3360,9.505759635639793,1.541041464496846e-05,-0.04120473976945174,-0.09553577828686444,True
497,1.3577900155473799,1682,3360,9.505393772168741,1.5415178600968373e-05,-0.04113477763623491,-0.09552069776639105,True
498,1.3594155103019148,1682,3360,9.505063127367118,1.54194850633758e-05,-0.04107150886134549,-0.09550702784839477,True
499,1.36169909048931,1682,3360,9.504599291661997,1.542553163452166e-05,-0.04098269698793293,-0.09548776460619987,True
500,1.363591915604502,1682,3360,9.504215399153164,1.5430539832778657e-05,-0.040909139049882734,-0.09547175035302,True
501,1.365727899561989,1682,3360,9.503782814302571,1.543618735362124e-05,-0.040826193487261395,-0.0954536274989781,True
502,1.3675474016508815,1682,3360,9.50341484514269,1.5440994721606104e-05,-0.040755589442699566,-0.09543814694604463,True
503,1.3693214161876313,1682,3360,9.503056536030778,1.5445678895723125e-05,-0.04068679628080196,-0.09542301547659224,True
504,1.3709264769586298,1682,3360,9.502732743176503,1.544991441116513e-05,-0.04062459380214614,-0.09540929284487037,True
505,1.373211642086062,1682,3360,9.502272392214955,1.5455940470116504e-05,-0.040536098435719495,-0.09538970274620101,True
506,1.3750945102665355,1682,3360,9.501893627478553,1.5460902176905188e-05,-0.04046323318766744,-0.09537351409742728,True
507,1.377222412568699,1682,3360,9.501466231939101,1.5466505185038158e-05,-0.04038095843618304,-0.09535516972295704,True
508,1.378967089166963,1682,3360,9.501116275175388,1.5471096120293065e-05,-0.04031354489804978,-0.09534008847358508,True
509,1.3806681488499635,1682,3360,9.50077548762823,1.5475569542662144e-05,-0.04024785870367724,-0.09532534957554512,True
510,1.3822072028492585,1682,3360,9.50046751319148,1.5479614614016743e-05,-0.04018846410055446,-0.09531198489703169,True
511,1.3844598260311614,1682,3360,9.50001735991243,1.5485531147448284e-05,-0.040101592860673343,-0.09529237342379265,True
512,1.3862981920306083,1682,3360,9.499650527004459,1.5490356151679738e-05,-0.04003075112488873,-0.09527632412188144,True
513,1.388396437508618,1682,3360,9.499232426070328,1.549585937562346e-05,-0.03994995398672489,-0.09525795741949383,True
514,1.3900994908958637,1682,3360,9.49889353311544,1.5500323110995314e-05,-0.039884420864183326,-0.09524301186547715,True
515,1.3917599679484738,1682,3360,9.498563509767788,1.5504672652152954e-05,-0.03982056600924003,-0.09522840714672373,True
516,1.3932623043297099,1682,3360,9.498265254864007,1.5508605765245824e-05,-0.03976282657548297,-0.09521516543192612,True
517,1.3955096052936824,1682,3360,9.497819702044138,1.5514485273775432e-05,-0.039676516067711665,-0.09519530815334848,True
518,1.3973306314410365,1682,3360,9.497459188097515,1.5519246131940873e-05,-0.039606630171818605,-0.09517917403028844,True
519,1.3994384041125159,1682,3360,9.497042492055456,1.5524752807100365e-05,-0.03952579887578367,-0.0951604509504698,True
520,1.401068673035752,1682,3360,9.49672062681468,1.5529009177330265e-05,-0.03946332297980931,-0.09514593382952086,True
521,1.4026581852353956,1682,3360,9.49640716951589,1.5533156787471097e-05,-0.03940244554066333,-0.09513174973534588,True
522,1.4040963153211123,1682,3360,9.496123872227418,1.5536907366502817e-05,-0.03934739699936153,-0.09511889113372393,True
523,1.4063581457494365,1682,3360,9.495678915066637,1.5542804005074514e-05,-0.03926087631674856,-0.09509860069806492,True
524,1.408159486088607,1682,3360,9.495325041551954,1.5547493674124975e-05,-0.0391920270303025,-0.0950824312842053,True
525,1.4102865894346905,1682,3360,9.494907772316852,1.5553029653142157e-05,-0.03911078347787958,-0.09506326764404274,True
526,1.41183607369112,1682,3360,9.49460421292903,1.5557059714278935e-05,-0.03905164237784098,-0.0950492748336467,True
527,1.4133468208415252,1682,3360,9.4943375962823,1.5560986913344897e-05,-0.03899401276088871,-0.09503560500771235,True
528,1.414713687310723,1682,3360,9.494111314620865,1.5564538280354838e-05,-0.03894189967875995,-0.09502321428682262,True
529,1.4170060452297548,1682,3360,9.493732337601104,1.5570490419598257e-05,-0.03885456111826746,-0.09500238533111743,True
530,1.418788216498342,1682,3360,9.493438153179676,1.5575114546091368e-05,-0.0387867123206181,-0.09498615003256466,True
531,1.420952604548802,1682,3360,9.493081401543577,1.5580726476311074e-05,-0.038704372954790164,-0.09496638346914471,True
532,1.422410740376563,1682,3360,9.492841384741986,1.558450481298474e-05,-0.03864893900568993,-0.09495303632932647,True
533,1.423832422808573,1682,3360,9.492607619646034,1.5588186804093807e-05,-0.03859491998666657,-0.09493999929044125,True
534,1.4251187069139633,1682,3360,9.492396717402295,1.559151904358757e-05,-0.038546150684404604,-0.09492813979089823,True
535,1.427461284409219,1682,3360,9.49201205511076,1.559757682876189e-05,-0.03845716614788891,-0.09490661647720783,True
536,1.429230858601386,1682,3360,9.491722537814363,1.5602154835428456e-05,-0.03839014082860917,-0.09489023876080949,True
537,1.431360510500781,1682,3360,9.491373914469765,1.5607653114993485e-05,-0.03830935767799547,-0.09487057774721841,True
538,1.4333846122635805,1682,3360,9.491043385441298,1.5612878321360774e-05,-0.038232714940350965,-0.0948518010835376,True
539,1.4353155783132934,1682,3360,9.490728530410001,1.56178596399789e-05,-0.038159653015643336,-0.09483384467935,True
540,1.4379865108271588,1682,3360,9.490293767616826,1.5624744304339063e-05,-0.03805868021875694,-0.09480893681108188,True
541,1.4402214418682888,1682,3360,9.489930641303708,1.563050016348371e-05,-0.03797426792148449,-0.09478803223755516,True
542,1.4420019142057754,1682,3360,9.48964178808936,1.5635082399823847e-05,-0.037907071038830537,-0.09477133764420204,True
543,1.4437378747347793,1682,3360,9.489360525939222,1.563954731170088e-05,-0.03784159731434043,-0.09475502564002491,True
544,1.4453085056893542,1682,3360,9.489106364973917,1.5643584672922215e-05,-0.03778239601131163,-0.09474023755584826,True
545,1.4478463282448502,1682,3360,9.488696322178393,1.565010353073726e-05,-0.03768681249204127,-0.09471628370511884,True
546,1.4498179495549266,1682,3360,9.488378298526444,1.5655164000468152e-05,-0.0376126170964132,-0.09469762357360409,True
547,1.4516672309873684,1682,3360,9.488080434212623,1.5659907310945478e-05,-0.03754307559639454,-0.0946800811874888,True
548,1.453470280383499,1682,3360,9.48779041279616,1.5664529079832145e-05,-0.037475319221001,-0.09466294004185674,True
549,1.455101610789825,1682,3360,9.487528349225476,1.5668708169015138e-05,-0.03741405546324929,-0.09464739966469804,True
550,1.4575589746577862,1682,3360,9.487134191527101,1.567499889122712e-05,-0.03732184154267079,-0.09462393345769082,True
551,1.4595235535202846,1682,3360,9.486819596568388,1.568002421749135e-05,-0.03724818104436288,-0.0946051239657604,True
552,1.4613349074597863,1682,3360,9.486529947547039,1.5684654560045472e-05,-0.03718031396515738,-0.09458774288558153,True
553,1.4631009775507664,1682,3360,9.486247917468916,1.568916632022729e-05,-0.037114188186749594,-0.09457076073144988,True
554,1.4646988504905494,1682,3360,9.485993068385447,1.5693245992686938e-05,-0.0370543980619928,-0.09455536566298609,True
555,1.4671093757560811,1682,3360,9.485609183545426,1.5699396241956533e-05,-0.036964267909120135,-0.09453208653654332,True
556,1.4690387946120609,1682,3360,9.485302415322737,1.5704315257117145e-05,-0.03689218553192507,-0.09451340656861351,True
557,1.4708116512297238,1682,3360,9.48502093017876,1.5708832217767883e-05,-0.036825998598040074,-0.0944962055382087,True
558,1.4725401864316154,1682,3360,9.484746841686254,1.571323356329483e-05,-0.036761509017719685,-0.09447940061915869,True
559,1.4741040992335002,1682,3360,9.484499162463413,1.5717213464406462e-05,-0.03670319763607717,-0.09446416731398108,True
560,1.476528465605952,1568,3132,9.840569280150497,1.869985150564009e-05,-0.036612871846098086,-0.09444049856058964,True
561,1.4784523351354437,1568,3132,9.840205046019648,1.870567681767974e-05,-0.03654125230194018,-0.09442166948506134,True
562,1.480156477701712,1568,3132,9.839882839426982,1.871083357732307e-05,-0.036477856075046236,-0.09440495638002008,True
563,1.481818016703528,1568,3132,9.839569074619545,1.8715858469987825e-05,-0.036416084130744084,-0.09438862994515668,True
564,1.4833213138958854,1568,3132,9.83928552080317,1.872040232451659e-05,-0.03636022876327322,-0.09437383188550508,True
565,1.4857961171696843,1568,3132,9.838819399234144,1.8727877459241248e-05,-0.03626834613319782,-0.09434941585929629,True
566,1.487712670350902,1568,3132,9.838459002024761,1.8733661982742042e-05,-0.03619724900334492,-0.09433046068966017,True
567,1.4894017207234356,1568,3132,9.838141804370538,1.8738756685933648e-05,-0.03613463426404327,-0.09431372176520839,True
568,1.491048544836758,1568,3132,9.837832914043805,1.8743721140686913e-05,-0.036073623520560594,-0.09429737087257514,True
569,1.4925385285582706,1568,3132,9.83755376262775,1.8748210369011806e-05,-0.03601845621977107,-0.09428255129489987,True
570,1.4950551695069407,1568,3132,9.837082955910947,1.875578756919667e-05,-0.03592534734061978,-0.09425746470521024,True
571,1.496999682360638,1568,3132,9.83671977511967,1.8761637650214835e-05,-0.03585346658605386,-0.09423803332899669,True
572,1.4986643036618261,1568,3132,9.836409280886036,1.8766642557060948e-05,-0.03579197450880506,-0.09422136572115572,True
573,1.500287309430405,1568,3132,9.836106913303507,1.8771519584840973e-05,-0.03573205724085228,-0.09420508536001956,True
574,1.5017557432206559,1568,3132,9.835833652095419,1.8775929745469482e-05,-0.03567787821069919,-0.09419033054741605,True
575,1.5042071338220921,1568,3132,9.835378126640233,1.8783287058357234e-05,-0.035587499695993716,-0.09416564610774183,True
576,1.5061033727038193,1568,3132,9.835026321962058,1.8788973919614698e-05,-0.035517646499179614,-0.09414650651046733,True
577,1.5078077275165924,1568,3132,9.834710533888867,1.8794082150574995e-05,-0.035454904955870795,-0.09412926998679438,True
578,1.5094694734589211,1568,3132,9.834403019934848,1.8799059769977857e-05,-0.03539377116799666,-0.09411243372056707,True
579,1.510972957883041,1568,3132,9.834125115535628,1.8803560888072396e-05,-0.035338493044961256,-0.0940971748149787,True
580,1.5133272244911495,1568,3132,9.83369056690181,1.8810604348399268e-05,-0.03525199811475517,-0.0940732316499959,True
581,1.5151952317542055,1568,3132,9.83334630467293,1.8816188950143276e-05,-0.03518342344907811,-0.09405419069757229,True
582,1.5169434610311328,1568,3132,9.833024543522901,1.8821412221190232e-05,-0.03511929016134946,-0.09403633613306411,True
583,1.5186479845760914,1568,3132,9.832711223104894,1.882650186510427e-05,-0.035056801406787144,-0.09401889585877651,True
584,1.5201901725454263,1568,3132,9.832428079926633,1.883110422213289e-05,-0.03500029905251126,-0.09400308926224149,True
585,1.5224725137350106,1568,3132,9.832009632739467,1.883791089737285e-05,-0.03491674017560374,-0.09397964905008449,True
586,1.5243240993213476,1568,3132,9.831670674954976,1.8843429016450314e-05,-0.03484900532097136,-0.0939605911688941,True
587,1.5261032500816327,1568,3132,9.831345410535842,1.8848727921111168e-05,-0.03478396543110429,-0.09394224380742752,True
588,1.527837922073104,1568,3132,9.831028686106404,1.885389123409019e-05,-0.034720594176626776,-0.09392432205315113,True
589,1.5294073872078116,1568,3132,9.8307424729115,1.8858560166977065e-05,-0.03466329458507744,-0.09390807903475296,True
590,1.5316420937474504,1568,3132,9.83033551195913,1.886520370717046e-05,-0.034581767070866395,-0.09388490522373202,True
591,1.5334812793171295,1568,3132,9.830001079235583,1.8870667606342554e-05,-0.034514721536877,-0.09386579241082019,True
592,1.5352814422108167,1568,3132,9.829723634979942,1.8876012204278946e-05,-0.03444914426369454,-0.09384704978161038,True
593,1.537036601032014,1568,3132,9.829459853487085,1.8881220007937156e-05,-0.034385250021159636,-0.0938287420619082,True
594,1.5386246018701968,1568,3132,9.829221502701023,1.8885929142491888e-05,-0.03432747805027611,-0.09381214930806309,True
595,1.5408294803410172,1568,3132,9.828891047036755,1.889246329438266e-05,-0.03424732219816458,-0.09378906596481607,True
596,1.5426611519865219,1568,3132,9.828616954468181,1.8897887719460053e-05,-0.03418078551492083,-0.09376985002063937,True
597,1.5444743845778248,1568,3132,9.82834600373359,1.890325415489047e-05,-0.0341149647208841,-0.0937507920672487,True
598,1.5462422863542997,1568,3132,9.828082192933646,1.8908483217702484e-05,-0.0340508336196359,-0.09373217660806812,True
599,1.547841816532582,1568,3132,9.827843818098868,1.891321153477386e-05,-0.03399284779705067,-0.09371530520384999,True
600,1.5500123161846204,1568,3132,9.82752082498508,1.891962354227642e-05,-0.03391422039690438,-0.093692367570585,True
601,1.5518318194008316,1568,3132,9.827250596454254,1.8924996602887618e-05,-0.03384838112516207,-0.09367307267890976,True
602,1.5536613435288018,1568,3132,9.826979034618509,1.8930392602512258e-05,-0.03378218061897792,-0.09365369154637732,True
603,1.5554451295533909,1568,3132,9.826714743972321,1.8935652036375916e-05,-0.033717701993596125,-0.09363473347875692,True
604,1.5570590311949672,1568,3132,9.826475938278097,1.8940407805922615e-05,-0.03365940236361423,-0.09361755179120584,True
605,1.559208900968315,1568,3132,9.826158290791946,1.89467388559377e-05,-0.03358179810205485,-0.09359462106203634,True
606,1.5610231559558088,1568,3132,9.82589064301172,1.895207796036743e-05,-0.03351635868517744,-0.0935752317905319,True
607,1.5628617374213718,1568,3132,9.825619790543792,1.8957485251187846e-05,-0.03345008853020852,-0.09355554691089177,True
608,1.5646543543502958,1568,3132,9.825356081274647,1.8962754086331927e-05,-0.033385520425389795,-0.09353631963586781,True
609,1.5662762458573525,1568,3132,9.825117803163351,1.8967518336367883e-05,-0.03332714017546991,-0.09351889420476744,True
610,1.5684059307727694,1568,3132,9.824805378639923,1.897377021132105e-05,-0.03325053740705955,-0.09349597081142944,True
611,1.570213813895407,1568,3132,9.824540567711843,1.897907385438292e-05,-0.033185559070798704,-0.0934764735644876,True
612,1.5720616902140137,1568,3132,9.824270282710643,1.8984491416457348e-05,-0.03311919023671345,-0.09345650937780275,True
613,1.5738633696246325,1568,3132,9.824007128203096,1.8989770247435126e-05,-0.03305452631965636,-0.09343700962562265,True
614,1.5754934605197377,1568,3132,9.823769353284964,1.899454352573119e-05,-0.03299605972213386,-0.09341933753520607,True
615,1.5776081109556799,1568,3132,9.823461346193398,1.9000731757406877e-05,-0.03292026841700854,-0.0933963705856029,True
616,1.579411320449708,1568,3132,9.823199044544396,1.900600583066418e-05,-0.03285567445746398,-0.09337674962578496,True
617,1.5812660946062351,1568,3132,9.822929740877518,1.901142581300309e-05,-0.03278930906952621,-0.09335653074880954,True
618,1.5830744994086672,1568,3132,9.822667373172797,1.9016708583434433e-05,-0.032724616219842066,-0.09333678781158619,True
619,1.584710675182123,1568,3132,9.822430529684036,1.9021483786886175e-05,-0.032666159557858704,-0.0933188868615826,True
620,1.5868126962086535,1568,3132,9.822126547695717,1.902761575297108e-05,-0.03259108965849395,-0.09329585404462046,True
621,1.5886127409703477,1568,3132,9.821866630748813,1.9032863317766227e-05,-0.03252685304150833,-0.09327609342355378,True
622,1.5904730430761447,1568,3132,9.82159839539016,1.9038283159979818e-05,-0.03246051327336035,-0.09325563576728868,True
623,1.592286837629672,1568,3132,9.821337239742451,1.9056051042492168e-05,-0.03239587819695893,-0.09323565481199145,True
624,1.5939278898445082,1568,3132,9.82110127369682,1.906082986471688e-05,-0.03233743812061807,-0.09321754729026882,True
625,1.5960289169011048,1568,3132,9.820799608135426,1.9066944323243215e-05,-0.03226267221720235,-0.09319432345913137,True
626,1.5978310528912516,1568,3132,9.820541250594228,1.907218552685071e-05,-0.03219859123304187,-0.09317436687322772,True
627,1.5996909709565443,1568,3132,9.82027498945893,1.907759143996729e-05,-0.03213250275191445,-0.0931537350924189,True
628,1.6015043910706481,1568,3132,9.820015756259963,1.9082858959346377e-05,-0.032068112604500584,-0.09313358457855589,True
629,1.6031451045068934,1568,3132,9.81978152751988,1.908762204342866e-05,-0.032009894067476646,-0.09311532382706031,True
630,1.6052571617524336,1568,3132,9.819480450644994,1.9093749617341766e-05,-0.03193500536697824,-0.09309177607956642,True
631,1.607067046533757,1568,3132,9.819222843136487,1.9098997090609923e-05,-0.03187088019082254,-0.0930715606940819,True
632,1.6089203919559623,1568,3132,9.818959426370503,1.9104367256198643e-05,-0.0318052621050311,-0.09305082486004251,True
633,1.6107274037431125,1568,3132,9.818702961599707,1.9109599959525575e-05,-0.03174133021018637,-0.09303057332682035,True
634,1.6123623191692786,1568,3132,9.81847123352262,1.911433157554748e-05,-0.03168352595783586,-0.09301222154532127,True
635,1.6144924260884181,1568,3132,9.818169761915305,1.9120492455022002e-05,-0.03160826911382493,-0.09298827002949686,True
636,1.6163107558718366,1568,3132,9.817912812300222,1.9125748130304977e-05,-0.03154407702697074,-0.09296778732591257,True
637,1.6181548281579126,1568,3132,9.817652597385916,1.9131074927942696e-05,-0.03147902278321334,-0.09294698001823293,True
638,1.6199527986368594,1568,3132,9.817399248556598,1.913626539519695e-05,-0.03141564012925993,-0.09292665933776531,True
639,1.6215795338316639,1568,3132,9.817170334656241,1.9140958838279164e-05,-0.03135833238211614,-0.09290824546139781,True
640,1.6237442976894272,1568,3132,9.816866160572244,1.9147200653436546e-05,-0.03128212728101912,-0.09288369937279445,True
641,1.6255784169770777,1568,3132,9.816608848451288,1.9152485582699012e-05,-0.031217612352938615,-0.0928628649673755,True
642,1.6274048330078585,1568,3132,9.81635298342909,1.9157745077891176e-05,-0.031153414484117993,-0.09284208399232982,True
643,1.629185588637938,1568,3132,9.816103866733632,1.9162870001156126e-05,-0.03109086588623723,-0.09282178981672132,True
644,1.630796748494049,1568,3132,9.815878765644646,1.9167504292712357e-05,-0.031034309605510728,-0.09280340050536492,True
645,1.6330092919911294,1568,3132,9.81557012569694,1.9173864139274898e-05,-0.030956707077342584,-0.0927781044270759,True
646,1.6348633608236014,1568,3132,9.815311895490185,1.917919003482357e-05,-0.03089172765999209,-0.0927568684195916,True
647,1.6366660716398655,1568,3132,9.815061177389753,1.9184365226734897e-05,-0.03082859358768761,-0.09273618725029376,True
648,1.6384237146862688,1568,3132,9.814817067807844,1.9189408048301977e-05,-0.03076708100052887,-0.09271599141394174,True
649,1.6400139631564343,1568,3132,9.814596496143622,1.9193968050863375e-05,-0.030711463427675056,-0.09269769206159076,True
650,1.6422227678017407,1568,3132,9.814290584756405,1.9200297757017128e-05,-0.03063427022521594,-0.09267223243084002,True
651,1.644069159807259,1568,3132,9.814035272200181,1.9205585327422527e-05,-0.030569794148003114,-0.0926509123338296,True
652,1.6458758661115098,1568,3132,9.813785804762821,1.9210756120973522e-05,-0.03050674937670838,-0.09263001719395486,True
653,1.6476374047579156,1568,3132,9.813542913965067,1.9215794635648242e-05,-0.03044532396537833,-0.09260961280017571,True
654,1.6492311778188196,1568,3132,9.81332344454783,1.922035074038782e-05,-0.030389785384845824,-0.09259112479202486,True
655,1.6514454883454164,1568,3132,9.813018979594968,1.922667677620038e-05,-0.030312680845463687,-0.09256539607852793,True
656,1.6532956125929559,1568,3132,9.812764995095803,1.9231958792685223e-05,-0.030248309355057554,-0.09254386122641939,True
657,1.6550990855539567,1568,3132,9.812517769814,1.923710451017602e-05,-0.030185606326881456,-0.09252283628070379,True
658,1.6568574716907278,1568,3132,9.81227706162992,1.9242118604633784e-05,-0.030124513965714146,-0.09250230571884152,True
659,1.6584483924812048,1568,3132,9.812059564237474,1.9246652635101006e-05,-0.030069276537421426,-0.09248370379736914,True
660,1.6606702613871676,1568,3132,9.811756263473567,1.9252980835090537e-05,-0.029992190578984355,-0.09245768213796854,True
661,1.6625224587314733,1568,3132,9.811503829775159,1.9258252580288815e-05,-0.029927981910386363,-0.09243595228554588,True
662,1.6643225606758278,1568,3132,9.811258847952878,1.9263372962820758e-05,-0.029865624396953477,-0.09241480084705325,True
663,1.6660776600715508,1568,3132,9.811020324169046,1.9268362374959825e-05,-0.02980486864508746,-0.09239414714256505,True
664,1.66766560714359,1568,3132,9.81080480033914,1.9272874094884064e-05,-0.029749935597193126,-0.09237543407216792,True
665,1.6698978587296551,1568,3132,9.810502283199089,1.9279212428041066e-05,-0.0296727722219327,-0.09234908587846019,True
666,1.6717534664239793,1568,3132,9.81025121320119,1.9284477725413373e-05,-0.029608680537789804,-0.09232714576162734,True
667,1.673548740807746,1568,3132,9.810008655218345,1.928956876077623e-05,-0.029546717747772823,-0.09230588652511065,True
668,1.6752991333319187,1568,3132,9.809772490866726,1.9294529589286946e-05,-0.029486346583539443,-0.09228512808134137,True
669,1.6768828218059753,1568,3132,9.809559098553738,1.929901547258326e-05,-0.029431761263748066,-0.09226632054596828,True
670,1.6791258548410042,1568,3132,9.809257318815957,1.9305364971438985e-05,-0.02935450905028681,-0.09223964033811388,True
671,1.6809844964236618,1568,3132,9.809007658765998,1.9310622770528943e-05,-0.02929054795809441,-0.0922174948798733,True
672,1.6827749354392836,1568,3132,9.808767505532524,1.9315684591654613e-05,-0.029228978720328508,-0.09219612984010866,True
673,1.6845206134794353,1568,3132,9.80853368206017,1.9320616965258604e-05,-0.029168990995529304,-0.09217526858885153,True
674,1.6861000364683605,1568,3132,9.808322404590845,1.932507712687245e-05,-0.029114752353392004,-0.09215636830606652,True
675,1.6883528939611097,1568,3132,9.80802149763683,1.9331434995863117e-05,-0.02903744661683414,-0.09212936693261309,True
676,1.6902141101327288,1568,3132,9.807773303896596,1.9336684016650042e-05,-0.028973632292997355,-0.09210702201419535,True
677,1.692000209482103,1568,3132,9.807535469476559,1.934171817095755e-05,-0.028912438095811406,-0.09208554701357341,True
678,1.693741656347811,1568,3132,9.80730390336645,1.9346623596172287e-05,-0.028852815787041713,-0.09206457887027134,True
679,1.6953172511307457,1568,3132,9.807094665222372,1.9351059399779053e-05,-0.02879890755876273,-0.09204558217724901,True
680,1.697577409672249,1568,3132,9.806794971524868,1.935741845417846e-05,-0.028721636685558237,-0.09201828952178415,True
681,1.6994401948513769,1568,3132,9.806548370703247,1.936265590325893e-05,-0.028658003836371244,-0.09199575795293444,True
682,1.701223189681059,1568,3132,9.80631267244677,1.9367666010145006e-05,-0.028597141134967634,-0.09197415986219054,True
683,1.7029616096397149,1568,3132,9.8060831860629,1.9372548011790342e-05,-0.02853784184726297,-0.09195307199129665,True
684,1.704534465793131,1568,3132,9.805875827001687,1.937696264173724e-05,-0.028484225715939365,-0.09193396721470953,True
685,1.7067982622038471,1568,3132,9.805577829436878,1.938331257041312e-05,-0.02840711596918858,-0.09190642777968966,True
686,1.708661381611364,1568,3132,9.805332975284633,1.9388535036275238e-05,-0.028343706672144697,-0.09188372541812043,True
687,1.7104429862069992,1568,3132,9.805099171255618,1.9393526024105325e-05,-0.02828311605584629,-0.09186198491120229,True
688,1.7121800506874933,1568,3132,9.804871529372331,1.939838940145384e-05,-0.02822408194297362,-0.09184075840427217,True
689,1.7137516804555162,1568,3132,9.804665837115392,1.9402787195118343e-05,-0.0281707056381341,-0.09182152838419366,True
690,1.71601482530059,1568,3132,9.804370089812053,1.9409116027554823e-05,-0.028093903141692356,-0.09179379534123636,True
691,1.7178769415372699,1568,3132,9.804127145920765,1.941431984410094e-05,-0.028030762457632266,-0.09177093961896263,True
692,1.719659125290491,1568,3132,9.803894965945782,1.9419297309904453e-05,-0.027970376499389382,-0.09174903375686394,True
693,1.72139675444987,1568,3132,9.803668905839618,1.942414751368532e-05,-0.027911541911256797,-0.0917276461865813,True
694,1.7229688951179014,1568,3132,9.803464643278872,1.942853339644165e-05,-0.027858346126156938,-0.09170827059131811,True
695,1.7252270746930662,1568,3132,9.803171691348668,1.9434829204156924e-05,-0.02778199619906497,-0.09168039853769067,True
696,1.727086913401763,1568,3132,9.802930809423295,1.944001091428092e-05,-0.02771916655920883,-0.09165740646086473,True
697,1.7288716321340871,1568,3132,9.802699990782669,1.9444980366569245e-05,-0.02765891904101985,-0.09163531195356464,True
698,1.7306117328985238,1568,3132,9.802475257008835,1.9449822761048124e-05,-0.027600219509134973,-0.09161374054874535,True
699,1.7321861097802866,1568,3132,9.80227219368081,1.945420158196472e-05,-0.027547145972292013,-0.09159419868676827,True
700,1.7344355240688856,1568,3132,9.80198260452717,1.9460455776989372e-05,-0.027471361310477782,-0.09156619679071834,True
701,1.736292011857131,1458,2912,10.137641152708833,2.3296185107675893e-05,-0.027408891708869586,-0.0915431231139171,True
702,1.7380809712622067,1458,2912,10.1374169747368,2.330214144991258e-05,-0.027348725569664396,-0.09152081924509045,True
703,1.7398252066818714,1458,2912,10.137198709476982,2.3307945519588415e-05,-0.027290105519784794,-0.09149904378849627,True
704,1.7414033244426719,1458,2912,10.137001493815847,2.3313193949236048e-05,-0.027237104049320372,-0.09147931732813083,True
705,1.7436410581258315,1458,2912,10.13672227343911,2.332063146810393e-05,-0.027162007413755997,-0.09145130525207135,True
706,1.7454933834114854,1458,2912,10.136491521870798,2.332678390369119e-05,-0.0270998964020295,-0.09142808190439622,True
707,1.7472878879043492,1458,2912,10.136268299322275,2.3332740689415783e-05,-0.027039768680738915,-0.09140555262326705,True
708,1.7490375297848004,1458,2912,10.136050966140187,2.3338545190376926e-05,-0.026981186367342425,-0.09138355733171416,True
709,1.750620539105057,1458,2912,10.135854593741088,2.3343794007415365e-05,-0.026928219206193496,-0.09136363198975392,True
710,1.7525393452856406,1458,2912,10.135616899753309,2.3350152618912332e-05,-0.02686406211942554,-0.09133944832463081,True
711,1.7540172875119424,1458,2912,10.13543406740139,2.335504755240281e-05,-0.026814679898060828,-0.0913207975138865,True
712,1.7552951479715375,1458,2912,10.135276161057163,2.335927786667178e-05,-0.02677200683235565,-0.09130465512026678,True
713,1.7566188078353662,1458,2912,10.135112766222342,2.336365799268279e-05,-0.02672782787368813,-0.09128791795915836,True
714,1.75774543891157,1458,2912,10.134973829341952,2.3367384594037835e-05,-0.026690243699405314,-0.09127365926016032,True
715,1.7588439042110622,1458,2912,10.134838486825338,2.3371016711313598e-05,-0.026653615753905534,-0.09125974557998398,True
716,1.7598377537674423,1458,2912,10.134716137103156,2.3374301817543614e-05,-0.026620490403491022,-0.0912471472607814,True
717,1.7617874185953042,1458,2912,10.134476402835253,2.338074315728673e-05,-0.02655554622139667,-0.09122240597957021,True
718,1.763242350659766,1458,2912,10.134297746565565,2.3385547342994076e-05,-0.026507115547321235,-0.09120391968833294,True
719,1.7645285510616304,1458,2912,10.134139983032608,2.3389792428088004e-05,-0.02646432535529323,-0.09118756089243818,True
720,1.7659123989387808,1458,2912,10.133970424358745,2.3394357833685436e-05,-0.026418311718549317,-0.09116994289959643,True
721,1.7670122982608518,1458,2912,10.133835791610771,2.3397985008376733e-05,-0.026381758094521278,-0.09115592716569126,True
722,1.7680847000997346,1458,2912,10.133704639098177,2.340152022891744e-05,-0.026346134086006265,-0.09114225101032494,True
723,1.7690549684298276,1458,2912,10.133586074938428,2.3404717720991334e-05,-0.026313916377887638,-0.09112986810927226,True
724,1.7709857881827702,1458,2912,10.133350408573918,2.341107762290773e-05,-0.026249841473588623,-0.09110520033386871,True
725,1.772418649021347,1458,2912,10.13317575741888,2.341579473843414e-05,-0.026202324303855613,-0.09108687197447235,True
726,1.7738984847228494,1458,2912,10.132995591624042,2.3420664153333667e-05,-0.02615327853636993,-0.09106792278826226,True
727,1.7753481621439278,1458,2912,10.132819305562318,2.3425432056489215e-05,-0.026105261129282673,-0.09104934009278057,True
728,1.7763715694759412,1458,2912,10.132694979363885,2.3428796615727786e-05,-0.02607138016183884,-0.09103620983369057,True
729,1.7773693916246884,1458,2912,10.132573860065994,2.343207600061526e-05,-0.026038359961987632,-0.09102339849745697,True
730,1.7782721830922128,1458,2912,10.132464359600105,2.3435042120028994e-05,-0.026008496113171457,-0.09101179937499024,True
731,1.7801504103290426,1458,2912,10.132236802607235,2.3441210244011174e-05,-0.025946400820239426,-0.09098764366966747,True
732,1.7815275789002953,1458,2912,10.13207017059899,2.3445730504868164e-05,-0.025900901279118455,-0.09096991127371773,True
733,1.7829875870247633,1458,2912,10.131893716889778,2.345052042883304e-05,-0.02585269292214845,-0.09095109324856954,True
734,1.7844657221044145,1458,2912,10.131715349055753,2.3455369809183996e-05,-0.025803921980233,-0.09093200031538093,True
735,1.7855240085818878,1458,2912,10.131587663514923,2.3458836369646376e-05,-0.025769010933042902,-0.09091835468957257,True
736,1.7865558378975948,1458,2912,10.131463338262787,2.346221725995874e-05,-0.025734993469318533,-0.09090501963469802,True
737,1.787489397754598,1458,2912,10.131350943392116,2.3465275393748197e-05,-0.025704228542001883,-0.09089294595713215,True
738,1.7893723408437836,1458,2912,10.131124505097008,2.347144044798766e-05,-0.025642212779761468,-0.09086856985236133,True
739,1.7907664466861206,1458,2912,10.130957075062547,2.3476002542373284e-05,-0.025596328138234876,-0.090850501137905,True
740,1.7921897407536562,1458,2912,10.13078633377069,2.348065798819816e-05,-0.025549509933450863,-0.09083203578286747,True
741,1.7936552795881653,1458,2912,10.130610729779292,2.3485449369515848e-05,-0.025501330825789884,-0.09081300297892755,True
742,1.7947232460783198,1458,2912,10.130482894702745,2.3488939494948237e-05,-0.025466240104628023,-0.09079912103669574,True
743,1.795764513406084,1458,2912,10.130358361560697,2.349234118626785e-05,-0.02543204149235964,-0.09078557612985338,True
744,1.7967066124169833,1458,2912,10.130245779225781,2.3495417941774655e-05,-0.025401112626603058,-0.09077331266384742,True
745,1.7985799158691407,1458,2912,10.130022170609568,2.350153302659369e-05,-0.025339648112840438,-0.09074890353441406,True
746,1.7999728917689026,1458,2912,10.129856116481943,2.3506077770019806e-05,-0.025293974390094058,-0.09073073230588788,True
747,1.8014398357026948,1458,2912,10.129681446792866,2.3510861589588727e-05,-0.025245903710023887,-0.09071157710498809,True
748,1.8029374204807027,1458,2912,10.129503342470482,2.351574298435775e-05,-0.025196859020233546,-0.09069200161203503,True
749,1.8039826627900766,1458,2912,10.129379162074045,2.351914854237945e-05,-0.025162646156377998,-0.09067832678760171,True
750,1.8050017740420117,1458,2912,10.129258187203272,2.3522467838074104e-05,-0.025129302821889986,-0.09066498430121483,True
751,1.8059238270793685,1458,2912,10.129148819964113,2.3525470091617738e-05,-0.025099147235906984,-0.09065290438722695,True
752,1.807773822037234,1458,2912,10.128929632688944,2.3531491018704976e-05,-0.0250386780108185,-0.09062864420652939,True
753,1.8091457116097445,1458,2912,10.128767303571628,2.353595360506708e-05,-0.02499386618047012,-0.0906106336849396,True
754,1.8105956988852085,1458,2912,10.128595929441538,2.3540668045670467e-05,-0.024946530970211538,-0.09059157940125229,True
755,1.8120902061905326,1458,2912,10.12841950421442,2.3545524920904638e-05,-0.02489777216929579,-0.09057192018954954,True
756,1.8131579986334145,1458,2912,10.128293583187356,2.3548993596359745e-05,-0.024862953574517226,-0.09055786176719949,True
757,1.8141990962653836,1458,2912,10.128170915005715,2.3552374385170544e-05,-0.024829020256746916,-0.0905441449216646,True
758,1.8151410417417537,1458,2912,10.128060018968826,2.355543223778145e-05,-0.024798331394150205,-0.0905317260011263,True
759,1.8169910849806001,1458,2912,10.127842457865297,2.356143529620156e-05,-0.024738091190855765,-0.09050731119983255,True
760,1.8183715398045024,1458,2912,10.127680332308039,2.3565912299112328e-05,-0.02469317170788083,-0.09048907340105966,True
761,1.8197682542158873,1458,2912,10.127516481998414,2.3570439959551263e-05,-0.02464774926887367,-0.09047060332276025,True
762,1.8212810682971394,1458,2912,10.127339221216364,2.3575341681725957e-05,-0.02459858099028786,-0.0904505782819047,True
763,1.822358084134521,1458,2912,10.127213156881188,2.3578829881315137e-05,-0.024563595510147092,-0.09043630936160732,True
764,1.8234081745758886,1458,2912,10.127090350196422,2.358222968811039e-05,-0.024529499715140478,-0.09042238716754908,True
765,1.824358256404139,1458,2912,10.126979329894105,2.358530473440733e-05,-0.024498664056428365,-0.09040978235985878,True
766,1.8262018426439681,1458,2912,10.126764144529728,2.3591268958074374e-05,-0.02443886361407689,-0.09038530034121692,True
767,1.8275821595170783,1458,2912,10.12660324376994,2.3595732139610623e-05,-0.024394120372997867,-0.0903669504064886,True
768,1.8290180043354667,1458,2912,10.126436061662682,2.360037272145111e-05,-0.02434760443147324,-0.09034784424930231,True
769,1.8304669832950822,1458,2912,10.12626754819351,2.360505356785065e-05,-0.024300691224206326,-0.09032854466536738,True
770,1.831554954015246,1458,2912,10.126141150019562,2.3608566745950973e-05,-0.024265484893574225,-0.09031404114943711,True
771,1.832615725467349,1458,2912,10.12601801920079,2.361199089122006e-05,-0.024231174100912252,-0.09029989015860887,True
772,1.8335754710665242,1458,2912,10.125906706954204,2.3615087940229656e-05,-0.02420014416893186,-0.09028707822635623,True
773,1.835416074310615,1458,2912,10.125693474730594,2.3621024727452568e-05,-0.024140669463750992,-0.0902624845701423,True
774,1.8367979810363977,1458,2912,10.125533592356586,2.362547970739672e-05,-0.024096046564344345,-0.09024400007634356,True
775,1.838254195949503,1458,2912,10.125365307317459,2.3630172058629604e-05,-0.02404905202324769,-0.09022450331363177,True
776,1.839814262757045,1458,2912,10.125185242359825,2.3635196607728043e-05,-0.023998737767826704,-0.09020359524090313,True
777,1.840835389001768,1458,2912,10.125067506538935,2.3638483981138233e-05,-0.02396582281585863,-0.09018989840690353,True
778,1.8418309870903613,1458,2912,10.124952793584908,2.364168838505922e-05,-0.023933742175337662,-0.09017653634541242,True
779,1.842731766313591,1458,2912,10.124849114210837,2.3644586235406047e-05,-0.023904732362477775,-0.0901644369472051,True
780,1.8445303135063114,1458,2912,10.124642300278694,2.3650370235669897e-05,-0.02384683826290379,-0.09014025961352148,True
781,1.8458641125871509,1458,2912,10.12448971998943,2.36546685511744e-05,-0.023803870496892393,-0.09012209437990881,True
782,1.8472725815399826,1458,2912,10.124327552103388,2.3659182685534016e-05,-0.023758650321505863,-0.09010334119481925,True
783,1.8487156762180348,1458,2912,10.124161970459056,2.3663821329250624e-05,-0.023712270883942885,-0.09008391801576524,True
784,1.8497619014410702,1458,2912,10.124042445968076,2.3667175474359112e-05,-0.023678684590684902,-0.09006977078550965,True
785,1.8507819710334843,1458,2912,10.123925782401662,2.3670448734707763e-05,-0.023645940174684653,-0.09005599869302841,True
786,1.851704891141253,1458,2912,10.123820314635674,2.367340961026236e-05,-0.023616326953319486,-0.09004353017781072,True
787,1.853505498814684,1458,2912,10.123614775546082,2.3679183431950518e-05,-0.023558584275320982,-0.09001918288472865,True
788,1.85485104463487,1458,2912,10.123461379264285,2.368349586107743e-05,-0.023515463259612658,-0.09000097021724707,True
789,1.8561383271025989,1458,2912,10.123314782921366,2.3687619774165243e-05,-0.023474232192735894,-0.08998353135286788,True
790,1.8575364583184637,1458,2912,10.123155737954761,2.3692096875636032e-05,-0.02342947601448147,-0.08996457436399238,True
791,1.858573192199401,1458,2912,10.123037921346285,2.369541539867083e-05,-0.02339630567856809,-0.08995050644606642,True
792,1.8595840077332468,1458,2912,10.122923146225014,2.3698649873647672e-05,-0.023363978496446183,-0.08993678119969004,True
793,1.860498555121012,1458,2912,10.12281938406937,2.370157541706834e-05,-0.023334742020044034,-0.08992435541180105,True
794,1.8622810400647722,1458,2912,10.122617370852014,2.3707274906982258e-05,-0.023277791363313108,-0.08990011614261145,True
795,1.8636126304068057,1458,2912,10.122466650872454,2.3711530494237223e-05,-0.02323527473114826,-0.08988199034161884,True
796,1.8649192169104936,1458,2912,10.122318920751503,2.3715704389481993e-05,-0.023193579639997894,-0.08986418988594352,True
797,1.8663542060767213,1458,2912,10.122156854964887,2.3720286459226284e-05,-0.023147813545838683,-0.08984462298499105,True
798,1.8677770983376831,1458,2912,10.121996343484248,2.37248277988664e-05,-0.02310246060204186,-0.0898252033615077,True
799,1.8684802240400131,1458,2912,10.121917095468156,2.3727071128610988e-05,-0.023080059386136574,-0.08981560062580746,True
800,1.8691163853895887,1458,2912,10.12184543413467,2.372910037050077e-05,-0.023059797344423323,-0.08980690875983768,True
801,1.8704030836352104,1458,2912,10.12170060659934,2.373320346436766e-05,-0.023018832031180388,-0.08978931778448693,True
802,1.871589070203754,1458,2912,10.121567250272975,2.373698389508489e-05,-0.02298109288569218,-0.08977309099238398,True
803,1.8729010742413266,1458,2912,10.121419875000248,2.3741164294635102e-05,-0.022939365704565,-0.08975512585844281,True
804,1.8743687761912042,1458,2912,10.121255198660569,2.3745838724421763e-05,-0.022892714189627746,-0.08973501108231671,True
805,1.8754863499993917,1458,2912,10.121129939795942,2.3749396554241453e-05,-0.022857211066203878,-0.08971968230279015,True
806,1.876575984462761,1458,2912,10.121007922882908,2.3752864183693707e-05,-0.022822611636558222,-0.08970472637833213,True
807,1.8775618442150517,1458,2912,10.120897620702419,2.3756000512065275e-05,-0.022791321143325244,-0.08969118599732331,True
808,1.8793598070064945,1458,2912,10.120696687000043,2.3761717847730922e-05,-0.02273428874800275,-0.08966647011734122,True
809,1.8807340669986843,1458,2912,10.120543304995893,2.3766085629753765e-05,-0.02269072577233945,-0.0896475599126573,True
810,1.8820225943668447,1458,2912,10.12039964881775,2.377017913691774e-05,-0.022649903435654685,-0.08962981468012007,True
811,1.8833581241906359,1458,2912,10.120250913059095,2.377442018485325e-05,-0.02260761556796586,-0.08961140706541199,True
812,1.884660265769071,1458,2912,10.12010605294238,2.3778553446275562e-05,-0.022566407962347275,-0.08959344488963894,True
813,1.8858383938636507,1458,2912,10.119975122845013,2.3782291584093154e-05,-0.022529144561431784,-0.08957718084458041,True
814,1.8874414381971292,1458,2912,10.119796491528115,2.3787384186861968e-05,-0.022478318302991983,-0.0895550590462576,True
815,1.8887291690357415,1458,2912,10.11965439652426,2.3791457808149154e-05,-0.022437790161458457,-0.08953722337987596,True
816,1.8899469533012052,1458,2912,10.119519513234337,2.379531650710592e-05,-0.02239933894278947,-0.08952036934698415,True
817,1.8912023274911007,1458,2912,10.119380609516028,2.3799293028022688e-05,-0.02235972231898791,-0.08950298159860787,True
818,1.8921638078277283,1458,2912,10.119274320826273,2.3802337408115868e-05,-0.02232939434059801,-0.08948965546001869,True
819,1.8931012511561676,1458,2912,10.119170770599457,2.3805304786059262e-05,-0.022299836564987477,-0.08947665486137715,True
820,1.8939494141677642,1458,2912,10.11907715105981,2.3807988767283766e-05,-0.02227310391991256,-0.08946488596758159,True
821,1.8956572906481597,1458,2912,10.118888835704515,2.3813391085813847e-05,-0.022219303918743334,-0.08944116927886522,True
822,1.896919443193383,1458,2912,10.11874983746776,2.381738156880716e-05,-0.0221795698400298,-0.08942362625825895,True
823,1.898196817605367,1458,2912,10.118609310389017,2.38214185532935e-05,-0.022139378385604154,-0.0894058578343051,True
824,1.8994923023274168,1458,2912,10.118466941799642,2.3825511032688446e-05,-0.022098639354265676,-0.08938782338639437,True
825,1.9007553999313131,1458,2912,10.118329679093884,2.3829521768203694e-05,-0.022059100210154912,-0.08936996590865776,True
826,1.9018982025254445,1458,2912,10.11820294700735,2.3833106876632727e-05,-0.02202304101428556,-0.08935429299399139,True
827,1.9037567187197055,1458,2912,10.117999373698401,2.38389703461084e-05,-0.021964695403169428,-0.08932835783868204,True
828,1.9052153543807435,1458,2912,10.117839821571106,2.3843570043009576e-05,-0.021918936530901073,-0.08930798226881426,True
829,1.9064441791633726,1458,2912,10.117705555664484,2.384744322451122e-05,-0.021880408881499905,-0.08929080304707865,True
830,1.9076351632652404,1458,2912,10.117575554672701,2.3851195698642095e-05,-0.02184308704009863,-0.08927414064167458,True
831,1.908789039700423,1458,2912,10.117449726050818,2.3854829869250574e-05,-0.021806946133066787,-0.08925798598980891,True
832,1.90984699088267,1458,2912,10.117334463387518,2.3858160726533903e-05,-0.021773825393195896,-0.08924316446068595,True
833,1.9114113515784084,1458,2912,10.117164212812252,2.386308391101489e-05,-0.021724878280083848,-0.08922123101256543,True
834,1.9128958027695262,1458,2912,10.117002862586256,2.3867753320559683e-05,-0.021678461772413248,-0.0892003988967342,True
835,1.9141654563445627,1458,2912,10.116865016584272,2.387174528032529e-05,-0.021638785028017013,-0.08918256646823672,True
836,1.915436069358293,1458,2912,10.11672721169325,2.3875738662381198e-05,-0.021599100012654172,-0.08916470697306592,True
837,1.9166620873324973,1458,2912,10.116594380622129,2.387959031835966e-05,-0.02156082827367417,-0.08914746147333769,True
838,1.9177957792403504,1458,2912,10.116471672446691,2.388315056206588e-05,-0.021525456505933502,-0.08913150344585305,True
839,1.9193191966528502,1458,2912,10.116306962771372,2.3887932668907986e-05,-0.02147795222975607,-0.08911004261842068,True
840,1.9205780641468664,1458,2912,10.116171012737812,2.3891882559792208e-05,-0.021438720772744002,-0.08909229392398238,True
841,1.921791528624908,1458,2912,10.11604010041696,2.3895688502954516e-05,-0.021400924403628882,-0.08907517279314403,True
842,1.9230291038570613,1458,2912,10.115906722471804,2.3899568524533684e-05,-0.021362397309384315,-0.08905769882345907,True
843,1.9239420082722063,1458,2912,10.115808423036917,2.3902429625983717e-05,-0.021333990651915283,-0.0890448008792398,True
844,1.9248320900769613,1458,2912,10.115712653030704,2.3905218426569376e-05,-0.02130630499737704,-0.08903221866270777,True
845,1.9256374021856573,1458,2912,10.115626064781178,2.3907740925743963e-05,-0.02128126515747223,-0.08902082907102865,True
846,1.927305375727883,1458,2912,10.115446906128136,2.391296351296263e-05,-0.021229429947384193,-0.08899722159197868,True
847,1.9285266061201582,1458,2912,10.11533892258454,2.3916785508365695e-05,-0.021191501642790975,-0.08897992237191402,True
848,1.9298236991485282,1458,2912,10.115516272628154,2.3920843287311052e-05,-0.021151239098768017,-0.08896153494580686,True
849,1.9310481863076348,1458,2912,10.11568367419506,2.3924672404634586e-05,-0.021113251004268432,-0.0889441639188348,True
850,1.9322420612879796,1458,2912,10.115846872160546,2.3928404318963884e-05,-0.02107623185835513,-0.08892721521407168,True
851,1.9333222338891574,1458,2912,10.115994511503866,2.3931779569930492e-05,-0.02104275474795418,-0.08891187048562998,True
852,1.93514032229632,1458,2912,10.116242974720173,2.393745798414058e-05,-0.02098644314644723,-0.08888602125706668,True
853,1.936561249902752,1458,2912,10.116437130483058,2.3941893663954368e-05,-0.020942463615882555,-0.08886579970939437,True
854,1.9378389234329916,1458,2912,10.116611690182888,2.3945880387934164e-05,-0.020902940956486482,-0.08884760262219427,True
855,1.9389477731888292,1458,2912,10.116763166781043,2.3949339028427213e-05,-0.020868658317661687,-0.08883179903254024,True
856,1.9400289017012255,1458,2912,10.116910841245685,2.3952710005056545e-05,-0.020835248532860756,-0.08881638078109666,True
857,1.9410070655931122,1458,2912,10.117044438432245,2.3955758923856315e-05,-0.02080503408320663,-0.08880242263302746,True
858,1.9427735972826667,1458,2912,10.117285678362654,2.3961262765473435e-05,-0.020750500224021258,-0.08877719470570392,True
859,1.9441223140529473,1458,2912,10.117469833330787,2.3965462768271598e-05,-0.02070889265964994,-0.0887579163022256,True
860,1.9454159140091178,1458,2912,10.117646441096316,2.3969489397733348e-05,-0.02066900820870629,-0.08873941170795935,True
861,1.9465625081597864,1458,2912,10.11780296037086,2.3973057062745976e-05,-0.020633675005861794,-0.08872299847841741,True
862,1.947680437456711,1458,2912,10.117955550671653,2.3976534256244583e-05,-0.02059924199693748,-0.08870698521319317,True
863,1.948691897297067,1458,2912,10.11809359481129,2.397967920843811e-05,-0.02056810269287225,-0.08869248819500491,True
864,1.9504750997284646,1458,2912,10.118336933822746,2.3985221289257763e-05,-0.020513237455042736,-0.08866690956018916,True
865,1.9518479984358237,1458,2912,10.118524253903727,2.3989486028826574e-05,-0.020471025333908613,-0.08864719865443901,True
866,1.95316729733986,1458,2912,10.118704238680799,2.399358247018279e-05,-0.020430484881014774,-0.08862824279787379,True
867,1.9542905984212666,1458,2912,10.118857466546839,2.399706898822928e-05,-0.020395985565625142,-0.08861209184489105,True
868,1.9553858169756495,1458,2912,10.119006848554331,2.4000467119889343e-05,-0.020362364910258182,-0.08859633476765236,True
869,1.9563767290010219,1458,2912,10.119141990632448,2.4003540588124866e-05,-0.02033196000917653,-0.08858206994031337,True
870,1.958148628451454,1458,2912,10.119383613250026,2.4009033996965782e-05,-0.02027762419141442,-0.08855654235244118,True
871,1.9595075234765318,1458,2912,10.119568889823105,2.4013244872001032e-05,-0.02023598169709443,-0.08853694754572422,True
872,1.9608473268231137,1458,2912,10.119751541103621,2.4017394765773226e-05,-0.020194948321847234,-0.0885176133646512,True
873,1.961972308681652,1458,2912,10.11990488856284,2.4020877913407604e-05,-0.02016051269771666,-0.08850136791196955,True
874,1.9630691659940567,1458,2912,10.120054387292468,2.402427275890902e-05,-0.020126954178946013,-0.08848551872989302,True
875,1.9640615607049767,1458,2912,10.120189635082768,2.402734325465905e-05,-0.020096605529754515,-0.08847117059220239,True
876,1.9658331209129756,1458,2912,10.120431039543803,2.4032822102366478e-05,-0.02004246173909749,-0.08844553737925973,True
877,1.967192734044147,1458,2912,10.120616282427086,2.403702484099864e-05,-0.020000936613573578,-0.08842584749919119,True
878,1.9685597491416047,1458,2912,10.120802511074462,2.4041248591069464e-05,-0.019959210216870964,-0.08840603538633732,True
879,1.9696750742850782,1458,2912,10.120954434418172,2.4044693322035036e-05,-0.01992518482666525,-0.08838985981751415,True
880,1.9707625163000557,1458,2912,10.121102545071698,2.404805073630261e-05,-0.019892025998964245,-0.08837407899472025,True
881,1.9717463924084768,1458,2912,10.121236537330892,2.4051087387558724e-05,-0.01986203873280548,-0.08835979289606735,True
882,1.9735131155366616,1458,2912,10.121477113336026,2.405653784964945e-05,-0.019808223734689864,-0.08833412012168981,True
883,1.9748665130005065,1458,2912,10.121661380066543,2.4060711103121764e-05,-0.01976702695108868,-0.08831443649452358,True
884,1.976242352864574,1458,2912,10.121849599915688,2.4064969848116417e-05,-0.019725326853199436,-0.0882941173972149,True
885,1.9773584578015289,1458,2912,10.122000602847274,2.40682123187812e-05,-0.01969123710824902,-0.08827815554410756,True
886,1.9784466601149688,1458,2912,10.122148717268082,2.4071235315549368e-05,-0.019658166212096075,-0.0882622965326455,True
887,1.9794312241124317,1458,2912,10.12228270603164,2.4073969686516116e-05,-0.01962825915417421,-0.08824793957621821,True
888,1.9811976381570275,1458,2912,10.12252307272268,2.4078872830990768e-05,-0.019574634400746596,-0.08822216236366431,True
889,1.982551117346702,1458,2912,10.122707222817166,2.408262772552866e-05,-0.019533573680293063,-0.08820239418110182,True
890,1.9839213424479567,1458,2912,10.122893597076796,2.408642932452367e-05,-0.0194919825425124,-0.0881823754188639,True
891,1.9850394921268162,1458,2912,10.123045725603188,2.4089526430447353e-05,-0.019458147032395963,-0.08816601219503312,True
892,1.9861296880640111,1458,2912,10.123194008024505,2.4092546861332404e-05,-0.01942512717609962,-0.08815005716221544,True
893,1.9871160558163865,1458,2912,10.123328150188257,2.409527885724522e-05,-0.019395266207411548,-0.08813561338948744,True
894,1.9888829328328939,1458,2912,10.12356841455231,2.410017009714143e-05,-0.019341808194429475,-0.08810972108763107,True
895,1.9902371208859222,1458,2912,10.123752534579888,2.410391685999283e-05,-0.019300864536667822,-0.08808985961119145,True
896,1.9916035944302166,1458,2912,10.12393830298631,2.4107695795405014e-05,-0.019259574129777066,-0.08806980320296559,True
897,1.9927226470117603,1458,2912,10.124090418153047,2.411078916396317e-05,-0.01922577852365942,-0.08805336726348237,True
898,1.9938137232788904,1458,2912,10.124238716262566,2.411380401778752e-05,-0.01919284380988919,-0.08803733268232247,True
899,1.9948008875203413,1458,2912,10.124372878487,2.4116530749071385e-05,-0.019163059377967168,-0.0880228170799594,True
900,1.9965676100778182,1458,2912,10.124613311437702,2.412141469977382e-05,-0.01910986077239466,-0.08799670364930579,True
901,1.9979217120212525,1458,2912,10.124796941585833,2.412514489749163e-05,-0.019068984133962408,-0.08797687668088092,True
902,1.9992791922932156,1458,2912,10.124981365688432,2.4128888766646243e-05,-0.019028103885614128,-0.08795686980592116,True
903,2.0004014767187073,1458,2912,10.125133813951251,2.4131982872997566e-05,-0.01899432556019747,-0.08794031820141257,True
904,2.001495704033914,1458,2912,10.125282439601047,2.4134998339302333e-05,-0.0189614075451134,-0.08792417090212065,True
905,2.0024857192238414,1458,2912,10.125416898686012,2.4137725605749543e-05,-0.018931638252906245,-0.087909553325035,True
906,2.004253082895957,1458,2912,10.125656903952537,2.4142591970063714e-05,-0.018878526901940203,-0.08788343902146856,True
907,2.0056083293698066,1458,2912,10.125840919025226,2.414632156724384e-05,-0.018837828321452775,-0.0878633974467806,True
908,2.006954301625683,1458,2912,10.126023653995846,2.4150023870644886e-05,-0.01879743235786019,-0.08784347877026413,True
909,2.008079988881491,1458,2912,10.126176465423214,2.415311892543441e-05,-0.01876366622291125,-0.08782680910333346,True
910,2.009177533955608,1458,2912,10.126325442554677,2.415613541819452e-05,-0.018730760412557668,-0.08781054663585519,True
911,2.0101705509277963,1458,2912,10.126460219278771,2.4158863627348216e-05,-0.018701002274515516,-0.08779582485127835,True
912,2.011938310586629,1458,2912,10.12670011848437,2.4163718038886462e-05,-0.018648059568691124,-0.087769598177556,True
913,2.0132945752020532,1458,2912,10.12688414946208,2.4167440437074047e-05,-0.018607468924425753,-0.0877494599119999,True
914,2.0146455805474943,1458,2912,10.127067445991225,2.4171146625096873e-05,-0.018567059922426875,-0.087729385502851,True
915,2.015769011276916,1458,2912,10.127219850108785,2.417422719713265e-05,-0.018533476246418143,-0.08771268172350719,True
916,2.0168643562383295,1458,2912,10.127368430318556,2.4177229578575923e-05,-0.01850074825957703,-0.08769638609095226,True
917,2.017855382631751,1458,2912,10.127502848112002,2.4179945028171826e-05,-0.018471150945485612,-0.0876816343783001,True
918,2.0196204851536095,1458,2912,10.127742228978295,2.418477917036114e-05,-0.018418467939364955,-0.08765534140758297,True
919,2.0209741622720685,1458,2912,10.127925788200322,2.4188484528805942e-05,-0.018378092805981627,-0.08763516061059914,True
920,2.0223364607163603,1458,2912,10.128110495695175,2.4192211698478485e-05,-0.018337485037591507,-0.0876148369525385,True
921,2.0234577744831768,1458,2912,10.128262512924126,2.4195278233806506e-05,-0.018304079125630292,-0.08759809765344917,True
922,2.0245510554059365,1458,2912,10.128410716129364,2.4198266938193498e-05,-0.018271524387553605,-0.08758176747934651,True
923,2.025540214335706,1458,2912,10.12854479298941,2.420097002115328e-05,-0.01824208376299278,-0.0875669845919104,True
924,2.0273021713296657,1458,2912,10.128783591513939,2.4205782647684125e-05,-0.01818967432296314,-0.08754063357637282,True
925,2.028653170510097,1458,2912,10.128966668496204,2.4209470795135314e-05,-0.018149516765119868,-0.08752041239597119,True
926,2.0300126748597904,1458,2912,10.129150877563218,2.4213180387612925e-05,-0.01810913078850565,-0.08750004972289516,True
927,2.0311370047725177,1458,2912,10.129303204960221,2.421624696200331e-05,-0.018075749556101917,-0.0874831987205634,True
928,2.032233226437711,1458,2912,10.129451710705915,2.4219235701974583e-05,-0.018043218953947178,-0.08746675963469991,True
929,2.033225046039206,1458,2912,10.129586061326421,2.422193881560816e-05,-0.018013800232926286,-0.08745187821784531,True
930,2.034985883401987,1458,2912,10.12982455413687,2.422673553713988e-05,-0.01796160357209818,-0.0874254397183892,True
931,2.036337084938168,1458,2912,10.130007540652052,2.423041438693955e-05,-0.017921577696785755,-0.08740513562897617,True
932,2.0376849039748777,1458,2912,10.130190049127489,2.423408228216669e-05,-0.017881676081821923,-0.08738486844092008,True
933,2.038813644793663,1458,2912,10.130342876102619,2.423715267992397e-05,-0.017848278753945408,-0.08736788481558203,True
934,2.03991416709232,1352,2700,10.547128963365884,2.919849044008734e-05,-0.017815732586745722,-0.08735131607411553,True
935,2.040909877743161,1352,2700,10.54727432748359,2.9201739073823602e-05,-0.017786299869091013,-0.08733631763895705,True
936,2.0426700396665183,1352,2700,10.54753125804615,2.9207479128929775e-05,-0.017734302592020995,-0.08730978566395972,True
937,2.0440220790310377,1352,2700,10.54772858579597,2.9211885818736412e-05,-0.017694389547615118,-0.0872893895500634,True
938,2.045361019293523,1352,2700,10.54792397611929,2.921624776237151e-05,-0.017654887055352064,-0.08726917731297695,True
939,2.0464928108472122,1352,2700,10.548089116753962,2.9219933310454128e-05,-0.017621514648186738,-0.08725208146922284,True
940,2.047596307612366,1352,2700,10.54825011184787,2.9223525293550073e-05,-0.01758899280346539,-0.08723540365386351,True
941,2.0485947094471157,1352,2700,10.548395759285157,2.9226773985176776e-05,-0.017559582159860018,-0.08722030623063409,True
942,2.0503533163982866,1352,2700,10.548652269866459,2.9232493627418672e-05,-0.017507809842743922,-0.08719369484987502,True
943,2.0517052413283636,1352,2700,10.5488494328001,2.9236888160576015e-05,-0.01746803776681475,-0.0871732214971476,True
944,2.0530361676446773,1352,2700,10.54904350812726,2.9241212408368682e-05,-0.017428907072490694,-0.08715305262112177,True
945,2.0541535754005054,1352,2700,10.549206428165135,2.924484140708265e-05,-0.017396072259725837,-0.08713610904095218,True
946,2.055243047962449,1352,2700,10.549365258708153,2.9248378296501284e-05,-0.017364074150635705,-0.08711957997359204,True
947,2.0562287612324326,1352,2700,10.549508948145391,2.9251577177059576e-05,-0.017335137005688978,-0.08710461738866807,True
948,2.057977756319815,1352,2700,10.549763867518267,2.9257250465001456e-05,-0.017283824321203796,-0.08707805050136525,True
949,2.059318858314782,1352,2700,10.549959307366136,2.9261598267998825e-05,-0.017244505906705315,-0.08705766383815619,True
950,2.0606435467739175,1352,2700,10.550152330499277,2.92658908613337e-05,-0.017205692057243482,-0.08703751338937266,True
951,2.0617702899594406,1352,2700,10.550316490458195,2.9269540498068e-05,-0.017172696444004078,-0.08702036357177381,True
952,2.062868864565189,1352,2700,10.550476529780967,2.9273097490661935e-05,-0.017140541809079562,-0.08700363332632091,True
953,2.063862813018204,1352,2700,10.550621312818592,2.927631454320604e-05,-0.01711146326127283,-0.0869884886314502,True
954,2.065612671961844,1352,2700,10.550876170009502,2.9281975575676412e-05,-0.01706030199140448,-0.08696180815591639,True
955,2.0669574275998457,1352,2700,10.551071997915923,2.928632365830861e-05,-0.01702101232217213,-0.08694128881111277,True
956,2.068269128607426,1352,2700,10.551262988071631,2.9290562897803736e-05,-0.016982711434041446,-0.08692126080083734,True
957,2.069398836275923,1352,2700,10.551427459045453,2.9294212445815637e-05,-0.0169497429783629,-0.08690400127084011,True
958,2.070500301253105,1352,2700,10.551587801618354,2.929776934992987e-05,-0.016917614897792428,-0.08688716406505154,True
959,2.071496864803521,1352,2700,10.55173285906797,2.930098631977968e-05,-0.016888560437569748,-0.08687192260230941,True
960,2.0732446346132747,1352,2700,10.551987225411752,2.930662561252703e-05,-0.016837636655137614,-0.08684517425858615,True
961,2.0745889612912833,1352,2700,10.552182847558827,2.931096079632316e-05,-0.01679849516594531,-0.08682458486143035,True
962,2.075894298851381,1352,2700,10.552372772251273,2.9315168303469336e-05,-0.016760511726438318,-0.08680457975089578,True
963,2.0770271150595363,1352,2700,10.552537575377192,2.9318818211956728e-05,-0.01672756676309866,-0.08678720835480297,True
964,2.0781316108623287,1352,2700,10.552698241828189,2.9322375464868335e-05,-0.016695461665669452,-0.0867702620837682,True
965,2.079130916588838,1352,2700,10.552843592338727,2.9325592747731776e-05,-0.01666642806619307,-0.08675492194724557,True
966,2.080876129270564,1352,2700,10.553097401493035,2.933120888576111e-05,-0.016615754824341925,-0.08672811376336306,True
967,2.0822203762054414,1352,2700,10.553292869725654,2.9335532343848507e-05,-0.016576751208094452,-0.08670744945726425,True
968,2.083518808690769,1352,2700,10.553481652510126,2.933970652762774e-05,-0.01653909955256582,-0.0866874767474714,True
969,2.084654964580295,1352,2700,10.553646821546625,2.9343357522431138e-05,-0.01650617192833885,-0.08666998996814387,True
970,2.0857627165723898,1352,2700,10.553807844760236,2.93469158309318e-05,-0.016474083821811335,-0.08665293120441508,True
971,2.0867649683746095,1352,2700,10.553953518089905,2.935013406591183e-05,-0.016445065668956142,-0.08663748928716411,True
972,2.0875245356528467,1352,2700,10.554063907169384,2.9352572317692518e-05,-0.0164230829631328,-0.08662578174078528,True
973,2.088029446137625,1352,2700,10.554137284954324,2.935419271622339e-05,-0.01640847423055848,-0.08661799666449202,True
974,2.088585002605214,1352,2700,10.5542180175491,2.935597534008509e-05,-0.016392404196933663,-0.08660942870335017,True
975,2.0892495341818176,1352,2700,10.554314579561828,2.9358107222795447e-05,-0.01637318740145797,-0.08659917713462667,True
976,2.089953640015665,1352,2700,10.554416886629951,2.9360365494651597e-05,-0.016352832467722803,-0.08658831146112034,True
977,2.0906580937839863,1352,2700,10.554519236828066,2.9362624341311108e-05,-0.016332474066212306,-0.08657743682865274,True
978,2.0912360005877417,1352,2700,10.554603195281302,2.9364477013759884e-05,-0.016315777744749356,-0.0865685130253058,True
979,2.091770359106249,1352,2700,10.554680823811202,2.936618972702616e-05,-0.016300343436940208,-0.0865602594398362,True
980,2.0923301143861863,1352,2700,10.554762437488051,2.936798848984852e-05,-0.01628420097697092,-0.08655153369211596,True
981,2.092884872205559,1352,2700,10.554842720134076,2.9369760973930357e-05,-0.016268164278473995,-0.08654303813786451,True
982,2.0934148239894057,1352,2700,10.554919700520955,2.9371458411597853e-05,-0.016252868420221,-0.08653484628084143,True
983,2.0939315269788494,1352,2700,10.554994745871522,2.9373113405408533e-05,-0.016237959141979855,-0.08652685719889613,True
984,2.0943990201599263,1352,2700,10.555062642330048,2.9374610475173106e-05,-0.016224472692489132,-0.08651962726598705,True
985,2.095223573977819,1352,2700,10.55518239068705,2.9377250323532163e-05,-0.016200692533558887,-0.08650687137206445,True
986,2.095993006095341,1352,2700,10.555294125525462,2.9379713005158507e-05,-0.016178510152500887,-0.08649496376007806,True
987,2.096600414038221,1352,2700,10.555382326630122,2.938165661237742e-05,-0.016161004292058037,-0.08648556055329798,True
988,2.0971842334688517,1352,2700,10.555467096647494,2.9383524387611597e-05,-0.016144182951083164,-0.08647652001807066,True
989,2.097720353758632,1352,2700,10.555544937315943,2.9385239217244738e-05,-0.016128739859629704,-0.08646821586925624,True
990,2.098233083773721,1352,2700,10.55561937830317,2.938687892878376e-05,-0.01611397407304898,-0.08646027206071208,True
991,2.098857505856813,1352,2700,10.555710029887576,2.9388875461436035e-05,-0.01609599648319296,-0.08645059520964316,True
992,2.0994188794506954,1352,2700,10.555791524125832,2.9390670022274857e-05,-0.016079838460541285,-0.08644189299868105,True
993,2.1000396867525524,1352,2700,10.555881641168355,2.9392654174739222e-05,-0.016061974613685234,-0.08643226679939475,True
994,2.100598624844679,1352,2700,10.55596277301442,2.9394440213474018e-05,-0.01604589538412511,-0.08642359752902934,True
995,2.101100681330081,1352,2700,10.556035644929592,2.939604418879517e-05,-0.016031455984170488,-0.08641580855738651,True
996,2.1015901864034277,1352,2700,10.556106691544096,2.93976078024649e-05,-0.016017380788311192,-0.08640821255141917,True
997,2.102033071945698,1352,2700,10.556170969024887,2.939902227225116e-05,-0.016004648807842366,-0.08640133846903869,True
998,2.1029413376231787,1352,2700,10.55630277938486,2.9401922421702557e-05,-0.015978546391525475,-0.08638723667600778,True
999,2.1036265892730626,1352,2700,10.556402218323884,2.940410984428782e-05,-0.015958860246006172,-0.08637659346635204,True
1000,2.104171174581552,1352,2700,10.556481239968083,2.9405847867380675e-05,-0.01594321963017547,-0.08636813267280805,True
1001,2.1047101251338063,1352,2700,10.556559440465993,2.940756757991469e-05,-0.015927744675165494,-0.08635975725085815,True
1002,2.1052942596097637,1352,2700,10.55664419218836,2.9409431119817782e-05,-0.01591097671433772,-0.0863506772882234,True
1003,2.1058485430412475,1352,2700,10.556724608708448,2.941119907483866e-05,-0.015895069791363764,-0.08634205904287448,True
1004,2.106473752186048,1352,2700,10.556815310006005,2.9413192858156648e-05,-0.015877132318081834,-0.08633233534607124,True
1005,2.107013680857108,1352,2700,10.556893635551608,2.9414914321105688e-05,-0.01586164567358094,-0.08632393569945268,True
1006,2.107578504484991,1352,2700,10.556975568141974,2.9416714817457885e-05,-0.015845449102705564,-0.08631514650881975,True
1007,2.108171865758777,1352,2700,10.557061635471394,2.941860591428161e-05,-0.015828438754710517,-0.08630591075881608,True
1008,2.1086952060491058,1352,2700,10.557137542631667,2.942027351354961e-05,-0.015813439568250563,-0.08629776277003767,True
1009,2.109205462832051,1352,2700,10.557211548536705,2.9421899131840845e-05,-0.015798818839554543,-0.0862898165756451,True
1010,2.1096671237310147,1352,2700,10.5572785032673,2.942336968115125e-05,-0.01578559351386072,-0.08628262553665994,True
1011,2.1105565336492873,1352,2700,10.557407485503841,2.942620213929866e-05,-0.015760122376122003,-0.08626876731374342,True
1012,2.1112140086247564,1352,2700,10.557502826120418,2.942829538141877e-05,-0.01574130007955251,-0.0862585193048066,True
1013,2.1117658966504678,1352,2700,10.557582850656408,2.9430052097276293e-05,-0.015725504961437597,-0.08624991470416321,True
1014,2.112354667809541,1352,2700,10.557668219060803,2.9431925847169655e-05,-0.015708658661509015,-0.0862407325780793,True
1015,2.1128857563398924,1352,2700,10.557745220005508,2.9433615689386783e-05,-0.01569346671330233,-0.08623244788670234,True
1016,2.1134224212432855,1352,2700,10.557823025498505,2.9435322962639276e-05,-0.015678119036035887,-0.08622407414349967,True
1017,2.1140230931705446,1352,2700,10.557910105727931,2.943723349747105e-05,-0.015660945407539748,-0.08621469922341221,True
1018,2.1145834035619373,1352,2700,10.557991330583107,2.9439015289586766e-05,-0.015644930000992,-0.0862059518890965,True
1019,2.1152158809759385,1352,2700,10.558083011732016,2.9441026167108622e-05,-0.01562685683327534,-0.08619607520456918,True
1020,2.115773747883395,1352,2700,10.558163873596495,2.9442799452686377e-05,-0.015610920009795158,-0.08618736122644491,True
1021,2.116254913231842,1352,2700,10.558233614647845,2.9444328641713088e-05,-0.015597177616176579,-0.08617984353722918,True
1022,2.116724049446475,1352,2700,10.558301608940994,2.9445819364342634e-05,-0.015583781742382584,-0.0861725121928541,True
1023,2.117148506021749,1352,2700,10.558363124245698,2.94471679267549e-05,-0.015571664185812503,-0.08616587775990894,True
1024,2.1180540607319926,1352,2700,10.558494356948696,2.9450044339469492e-05,-0.015545820052649269,-0.08615171904196955,True
1025,2.1186969741279427,1352,2700,10.558587521335749,2.9452085924699043e-05,-0.015527478055819333,-0.08614166331556383,True
1026,2.1192386117913884,1352,2700,10.558666005134487,2.9453805562715577e-05,-0.015512029656901079,-0.08613318936741968,True
1027,2.1197887075627477,1352,2700,10.558745710822365,2.945555172386139e-05,-0.015496343961709541,-0.08612458089007691,True
1028,2.1203903141768023,1352,2700,10.558832875162837,2.9457461026523685e-05,-0.015479194056858478,-0.08611516384081783,True
1029,2.1209469214113597,1352,2700,10.558912357064596,2.945924219377847e-05,-0.015463292530722358,-0.08610662132287597,True
1030,2.1215661080987047,1352,2700,10.559003217457715,2.9461191475105947e-05,-0.015445689599296944,-0.08609675138082507,True
1031,2.122103950581277,1352,2700,10.559081135662742,2.946289716493863e-05,-0.015430369321995797,-0.08608832576346431,True
1032,2.1226595836860724,1352,2700,10.559161619029657,2.946465928954002e-05,-0.015414547030073236,-0.08607961922855248,True
1033,2.1232603366484,1352,2700,10.559248635166975,2.946656405897516e-05,-0.015397444294374271,-0.08607020317243527,True
1034,2.1236872840877368,1352,2700,10.559310475359823,2.9467917438661e-05,-0.015385292312636328,-0.08606350972708685,True
1035,2.1241035578409537,1352,2700,10.559370766341553,2.9469236813109614e-05,-0.015373446476983701,-0.08605698242515758,True
1036,2.1244801864750116,1352,2700,10.559425313674595,2.9470430368337678e-05,-0.015362730801599028,-0.0860510756453825,True
1037,2.1253451993866292,1352,2700,10.559550586359812,2.94731710754684e-05,-0.0153381269822042,-0.08603750552156991,True
1038,2.1259564416045578,1352,2700,10.559639101698904,2.947510722430901e-05,-0.015320747108527669,-0.08602791331746373,True
1039,2.1265076573067745,1352,2700,10.559718919675637,2.947685289555226e-05,-0.015305078263282756,-0.08601926086247572,True
1040,2.12709461649456,1352,2700,10.559803909274933,2.9478711399132035e-05,-0.015288397761252327,-0.08601004491336381,True
1041,2.127723410303588,1352,2700,10.559894951138391,2.948070195197821e-05,-0.015270533427706047,-0.08600016939108074,True
1042,2.1282890696070353,1352,2700,10.559976847791749,2.948249225879212e-05,-0.015254467179963975,-0.08599128300994643,True
1043,2.128901320357272,1352,2700,10.560065484941218,2.9484429641482548e-05,-0.015237082381408501,-0.08598166212828079,True
1044,2.1294336488358567,1352,2700,10.56014254777877,2.948611377903228e-05,-0.015221970945816392,-0.08597329496322523,True
1045,2.129974385527021,1352,2700,10.560220823844222,2.9487824205165357e-05,-0.01520662465453769,-0.08596479357860481,True
1046,2.1305662047593614,1352,2700,10.560306489710417,2.9489695860106538e-05,-0.015189833068081027,-0.08595548670397479,True
1047,2.1311293561261664,1352,2700,10.560388001762902,2.9491476490508697e-05,-0.015173859129976222,-0.08594662834093456,True
1048,2.131665297618838,1352,2700,10.560465571664478,2.9493170758079846e-05,-0.01515866086393685,-0.08593819589109894,True
1049,2.132319708142859,1352,2700,10.56056028245663,2.9495239138612376e-05,-0.015140108233329029,-0.08592789671033471,True
1050,2.132978682206158,1352,2700,10.56065564914716,2.9497321439322807e-05,-0.015121431818632451,-0.08591752257475971,True
1051,2.1335904333859617,1352,2700,10.560744175186166,2.949925412875715e-05,-0.015104098997877978,-0.08590788920110348,True
1052,2.134101457948418,1352,2700,10.560818122327847,2.9500868257347393e-05,-0.01508962376524145,-0.08589983990029318,True
1053,2.1346669530198596,1352,2700,10.560899947112896,2.950265411744225e-05,-0.015073609653902122,-0.08589093047910001,True
1054,2.1351953417001823,1352,2700,10.560976398954619,2.9504322479614393e-05,-0.015058650145701277,-0.08588260361907982,True
1055,2.13574881616978,1352,2700,10.561056476357912,2.9506069726441487e-05,-0.015042984368096757,-0.08587387931604906,True
1056,2.136357896371919,1352,2700,10.561144593947883,2.950799213659423e-05,-0.015025749381584394,-0.0858642760098055,True
1057,2.136933885721646,1352,2700,10.561227919941166,2.950980972311942e-05,-0.015009455218511318,-0.08585519202109793,True
1058,2.137554350503251,1352,2700,10.56131767496476,2.951176725628763e-05,-0.014991907785628963,-0.08584540398674975,True
1059,2.1379576526110213,1352,2700,10.561376013879013,2.9513039398107684e-05,-0.014980504580848736,-0.08583904028367892,True
1060,2.138350872166484,1352,2700,10.561432891271306,2.951427959260388e-05,-0.014969388569403767,-0.08583283462688673,True
1061,2.1387066422403223,1352,2700,10.561484350299205,2.9515401527807417e-05,-0.01495933299674354,-0.08582721899280593,True
1062,2.139460917388533,1352,2700,10.561593443940543,2.9517779720928884e-05,-0.014938019532279807,-0.08581531019327585,True
1063,2.1400088836221585,1352,2700,10.561672692820377,2.9519507057297015e-05,-0.01492254043027974,-0.08580665624923209,True
1064,2.1405598870546783,1352,2700,10.561752377877271,2.9521243615050663e-05,-0.014906979437945889,-0.08579795215024086,True
1065,2.14120110418844,1352,2700,10.561845103890809,2.9523264094549216e-05,-0.014888875784052562,-0.08578782028667209,True
1066,2.141902109925013,1352,2700,10.56194647064673,2.952547243430797e-05,-0.01486909021048112,-0.08577674032903845,True
1067,2.142525198569274,1352,2700,10.562036564673672,2.952743487070256e-05,-0.014851509248642515,-0.08576688905313046,True
1068,2.1431561487565887,1352,2700,10.562127790043224,2.9529421645267154e-05,-0.014833711684285975,-0.08575691069742564,True
1069,2.143690246870392,1352,2700,10.56220500746138,2.9531103122498353e-05,-0.014818650212010905,-0.08574846188920418,True
1070,2.1442186586837124,1352,2700,10.56228139969017,2.9532766380185094e-05,-0.014803752737110043,-0.08574010101329183,True
1071,2.1447046439434416,1352,2700,10.562351655505859,2.95342958187266e-05,-0.014790054605344695,-0.08573240966575424,True
1072,2.1451784795717685,1352,2700,10.5624201515889,2.953578677904485e-05,-0.014776701934696095,-0.08572490904720745,True
1073,2.1456071879970295,1352,2700,10.562482121725319,2.953713553302507e-05,-0.0147646234857274,-0.08571812141124963,True
1074,2.146401676997357,1352,2700,10.562596958734797,2.953963456836299e-05,-0.014742245986450776,-0.08570553902856284,True
1075,2.1470058075483394,1352,2700,10.562684275691321,2.954153436357438e-05,-0.01472523560793005,-0.08569596842585783,True
1076,2.147563661971617,1352,2700,10.562764899411379,2.9543288296124164e-05,-0.014709532515748365,-0.08568712869470946,True
1077,2.148159799213772,1352,2700,10.56285105178697,2.9545162217144325e-05,-0.014692756298676578,-0.08567767988008543,True
1078,2.14882649534502,1352,2700,10.562947396438936,2.9547257459542628e-05,-0.014673999916688774,-0.0856671097078725,True
1079,2.14940194394876,1352,2700,10.563030549008156,2.9549065575319298e-05,-0.01465781541074726,-0.08565798380703574,True
1080,2.149999217266668,1352,2700,10.563116624735688,2.9550946845240755e-05,-0.01464096798780689,-0.08564854662825386,True
1081,2.150526344496029,1352,2700,10.56319301376573,2.9552597521636144e-05,-0.01462620409325062,-0.0856401453680728,True
1082,2.1510623021345054,1352,2700,10.563270453173434,2.9554280369341952e-05,-0.014611141650577218,-0.08563163944316748,True
1083,2.151519904574343,1352,2700,10.563336561255666,2.95557172231497e-05,-0.014598284853987106,-0.08562437551411906,True
1084,2.151966066953264,1352,2700,10.563401016458037,2.9557117875063106e-05,-0.01458575200596346,-0.08561729160606035,True
1085,2.1523697376769633,1352,2700,10.563459330747337,2.955838492083555e-05,-0.014574414924793284,-0.08561088128601435,True
1086,2.153153643463611,1352,2700,10.563572569349608,2.9560844921114605e-05,-0.014552405078198091,-0.08559842938148632,True
1087,2.153738714249357,1352,2700,10.563657079969632,2.9562680511126256e-05,-0.014535983171913146,-0.08558913312807989,True
1088,2.1542930934620017,1352,2700,10.56373715253054,2.956441948775599e-05,-0.0145204269264513,-0.08558032237019153,True
1089,2.154895688200668,1352,2700,10.5638241849097,2.956630932984291e-05,-0.014503522286901244,-0.08557074284946442,True
1090,2.155580478149659,1352,2700,10.563923083780486,2.9568456452589138e-05,-0.0144843175414796,-0.08555985354348908,True
1091,2.1561759537166836,1352,2700,10.564009077508388,2.9570323149916355e-05,-0.014467622684315125,-0.08555038191925862,True
1092,2.156776192158304,1352,2700,10.564095755053618,2.9572204377218743e-05,-0.0144507989532379,-0.08554083198497686,True
1093,2.1572951760963406,1352,2700,10.564170695605037,2.95738306149854e-05,-0.014436256435238264,-0.08553257280535626,True
1094,2.1578194506255386,1352,2700,10.56424639633617,2.9575473143281723e-05,-0.014421569280786362,-0.08552422753477462,True
1095,2.1582789434814913,1352,2700,10.564312740287594,2.95769124679577e-05,-0.014408699893790206,-0.08551691186740806,True
1096,2.1587269490164545,1352,2700,10.564377423093848,2.9578315591872012e-05,-0.014396154910221767,-0.08550977765578602,True
1097,2.1591322873573517,1352,2700,10.564435942547119,2.9579584916560546e-05,-0.014384806980466354,-0.08550332176666073,True
1098,2.159926893575175,1352,2700,10.56455065635595,2.9582072713226637e-05,-0.01436256733531463,-0.08549066247024811,True
1099,2.1605174744549913,1352,2700,10.564635910608665,2.958392128252836e-05,-0.014346043318160168,-0.08548125083117178,True
1100,2.1610649191352422,1352,2700,10.564714933216088,2.9585634511643506e-05,-0.014330730354781822,-0.0854725244979157,True
1101,2.1616581442667666,1352,2700,10.564800560030033,2.958749064630375e-05,-0.014314141263344841,-0.08546306603091666,True
1102,2.1623288921050516,1352,2700,10.564897371838606,2.9589588864530736e-05,-0.01429538981121918,-0.08545236854869709,True
1103,2.1629150039448177,1352,2700,10.564981961829627,2.9591421956344684e-05,-0.014279009365358919,-0.08544301842681806,True
1104,2.1635164017970965,1352,2700,10.56506875394689,2.959330246023554e-05,-0.014262206349975715,-0.08543342192623102,True
1105,2.164038718471147,1352,2700,10.565144129850218,2.9594935356452954e-05,-0.014247616671787783,-0.08542508528931836,True
1106,2.164568498412791,1352,2700,10.565220578977604,2.9596591291737364e-05,-0.014232822201525906,-0.08541662761080501,True
1107,2.165032716931364,1352,2700,10.565287564464379,2.9598042050981644e-05,-0.014219861595546508,-0.08540921498911808,True
1108,2.16548532998695,1352,2700,10.565352872541274,2.959945632116964e-05,-0.014207227735892093,-0.08540198625232567,True
1109,2.1658948370372855,1352,2700,10.565411957835433,2.9600735726835406e-05,-0.014195799433447558,-0.0853954447973741,True
1110,2.1667011528893454,1352,2700,10.565528291202925,2.960325432401446e-05,-0.014173303677727962,-0.08538256117439985,True
1111,2.167302132309942,1352,2700,10.565614993640697,2.9605131067469597e-05,-0.014156542183466195,-0.08537295563873865,True
1112,2.167848794017118,1352,2700,10.565693855101305,2.960683786442657e-05,-0.01414129978456631,-0.08536421614640455,True
1113,2.1684373086459345,1352,2700,10.56577875022884,2.9608674976527553e-05,-0.014124894784169922,-0.08535480520572852,True
1114,2.1690914649789192,1352,2700,10.565873109884512,2.9610716540687095e-05,-0.014106665276353021,-0.08534434174506117,True
1115,2.169669622175661,1352,2700,10.565956501164045,2.961252056325143e-05,-0.014090558411972778,-0.0853350915479654,True
1116,2.170273898821506,1352,2700,10.566043655743423,2.961440569405144e-05,-0.014073728531755772,-0.08532542094625162,True
1117,2.170801635814769,1352,2700,10.566119767577076,2.9616051713280375e-05,-0.014059034258162822,-0.08531697319452286,True
1118,2.1713348293469608,1352,2700,10.566196662562628,2.96177144534723e-05,-0.014044191778263562,-0.08530843615857531,True
1119,2.1717977244265967,1352,2700,10.56626341654276,2.9619157720665225e-05,-0.014031309202345618,-0.08530102309096316,True
1120,2.1722490471292986,1352,2700,10.566328498909964,2.9620564688559724e-05,-0.014018751406706047,-0.0852937939366191,True
1121,2.172657386717219,1352,2700,10.566387380011161,2.962183748926653e-05,-0.01400739191050484,-0.08528725211726648,True
1122,2.173475199996119,1352,2700,10.566505300494814,2.9624386075493033e-05,-0.01398464799137289,-0.08527414670155992,True
1123,2.174080333794791,1352,2700,10.56659254925168,2.9626271403763403e-05,-0.013967824410463625,-0.08526444656533474,True
1124,2.1746245966855895,1352,2700,10.566671016987403,2.962796676359309e-05,-0.013952697269726325,-0.0852557200704907,True
1125,2.1752084911563543,1352,2700,10.566755194531522,2.9629785222080937e-05,-0.01393647292447299,-0.08524635584003368,True
1126,2.175856757688962,1352,2700,10.566848647895839,2.9631803712874643e-05,-0.01391846508895856,-0.08523595646266921,True
1127,2.1764373087680724,1352,2700,10.566932333695314,2.963361100642886e-05,-0.013902343049628348,-0.08522664100540536,True
1128,2.177046399998744,1352,2700,10.567020129395615,2.9635506751033273e-05,-0.013885433152645538,-0.08521686506923284,True
1129,2.1775750695674105,1352,2700,10.567096329513378,2.963715185291815e-05,-0.013870759862209703,-0.08520837783991206,True
1130,2.178107932077637,1352,2700,10.567175479937632,2.9638839185461636e-05,-0.013855955945997624,-0.0851992745768948,True
1131,2.178567133589695,1352,2700,10.567239310275506,2.964023819465506e-05,-0.013843234996189849,-0.08519244610911247,True
1132,2.179014855063997,1352,2700,10.567303838341546,2.9641630521235185e-05,-0.013830816757098172,-0.08518525392969006,True
1133,2.1794199363976077,1352,2700,10.567362212609133,2.9642890305116785e-05,-0.013819583987546506,-0.08517874557217064,True
1134,2.1802454099852184,1352,2700,10.56748107649292,2.9645458976539146e-05,-0.01379665735495178,-0.08516549411725319,True
1135,2.1808543073502733,1352,2700,10.567568901419905,2.9647349565948476e-05,-0.013779826288083656,-0.08515569051037097,True
1136,2.1813966711374633,1352,2700,10.567647052895841,2.9649034893009472e-05,-0.013764799662569917,-0.08514696935779395,True
1137,2.1819790614003978,1352,2700,10.56773096019425,2.9650844561709134e-05,-0.013748669053868762,-0.08513760234328074,True
1138,2.1826235317880673,1352,2700,10.567823808955614,2.9652846634880082e-05,-0.013730823954269,-0.0851272340740375,True
1139,2.183207022521856,1352,2700,10.56790786763747,2.965465887328935e-05,-0.013714672045985622,-0.08511784450166407,True
1140,2.1838208631402267,1352,2700,10.567996295457002,2.965656494107278e-05,-0.013697684690126326,-0.08510796394545742,True
1141,2.1843453852611674,1352,2700,10.568071851404907,2.9658193370133314e-05,-0.013683173123758927,-0.08509951913242716,True
1142,2.1848785673350903,1352,2700,10.568148651559083,2.9659848380243398e-05,-0.013668425635916082,-0.08509093293574696,True
1143,2.185334938894812,1352,2700,10.56821438523577,2.966126471782735e-05,-0.013655805609819403,-0.0850835821328777,True
1144,2.1857799011659154,1352,2700,10.568278472905204,2.966264543655783e-05,-0.013643503721340274,-0.08507641374294145,True
1145,2.1861824860775414,1352,2700,10.56833645412154,2.9663894494753e-05,-0.013632375695299355,-0.08506992694690577,True
1146,2.187014546231694,1352,2700,10.568456283897653,2.9666475484529124e-05,-0.013609383140410734,-0.08505651642625603,True
1147,2.187624427195715,1352,2700,10.568544110893209,2.9668366806140794e-05,-0.013592535818149079,-0.08504668389160217,True
1148,2.1881701282750328,1352,2700,10.568623114717035,2.967006385410636e-05,-0.013577461772657014,-0.08503778644164628,True
1149,2.1887564944399855,1352,2700,10.56870712209894,2.9671876515816533e-05,-0.013561276678293495,-0.08502842595270152,True
1150,2.1893983253748956,1352,2700,10.568799539569426,2.9673865550450424e-05,-0.013543561198081498,-0.08501807071082554,True
1151,2.189977716852809,1352,2700,10.568882955405456,2.9675660973376604e-05,-0.013527574374258972,-0.08500872047516253,True
1152,2.1905922006430956,1352,2700,10.568971421466404,2.9677564666868718e-05,-0.013510623820020135,-0.08499880134960358,True
1153,2.1911146404527244,1352,2700,10.569046632117356,2.967918287726323e-05,-0.013496216196867895,-0.08499036609220209,True
1154,2.191651420472681,1352,2700,10.569123904071104,2.968084519322202e-05,-0.013481416788982702,-0.08498169733787989,True
1155,2.192104185822245,1352,2700,10.569189079123928,2.9682247083639645e-05,-0.0134689366331191,-0.08497438386359293,True
1156,2.192545632038218,1352,2700,10.569252622145862,2.9683613722007574e-05,-0.01345677107921113,-0.08496725189822363,True
1157,2.192945035757475,1352,2700,10.569310110626295,2.9684850044356487e-05,-0.013445766368194452,-0.08496079808244686,True
1158,2.193788186016718,1352,2700,10.569431464510075,2.9687459384600183e-05,-0.013422542091749604,-0.08494717023336706,True
1159,2.194400048771513,1352,2700,10.56951952389458,2.9689352457264963e-05,-0.013405694305396197,-0.0849372777369291,True
1160,2.194949149401964,1352,2700,10.569598545929347,2.9691051021371485e-05,-0.013390578901648305,-0.08492839786352796,True
1161,2.195539577809086,1352,2700,10.569683511466849,2.9692877071543474e-05,-0.013374330241615877,-0.0849188473455385,True
1162,2.1961742448315817,1352,2700,10.569774838995182,2.9694839508606855e-05,-0.013356869153929016,-0.08490857858086723,True
1163,2.1967425859866125,1352,2700,10.569856616795228,2.9696596526857382e-05,-0.013341237403304028,-0.0848993807385943,True
1164,2.197351588262336,1352,2700,10.569944241157605,2.969847886311099e-05,-0.01332449196239107,-0.08488952239085962,True
1165,2.1978775629540905,1352,2700,10.570019916008876,2.9700104241359763e-05,-0.013310033352762748,-0.08488100605530677,True
1166,2.198417521087322,1352,2700,10.57009700791615,2.970177801315166e-05,-0.01329520093453835,-0.08487234800403179,True
1167,2.1988690436096476,1352,2700,10.570162554971136,2.9703167401053645e-05,-0.01328278831439754,-0.08486494737535027,True
1168,2.199309278068995,1352,2700,10.570225889424961,2.970452697085604e-05,-0.013270694783986188,-0.08485781498382888,True
1169,2.199707585437409,1352,2700,10.570283184190744,2.9705757110238738e-05,-0.013259755694801569,-0.0848513607845102,True
1170,2.200565315822587,1352,2700,10.570406561213643,2.9708405492720043e-05,-0.01323620594094986,-0.08483745822928113,True
1171,2.201182045630958,1352,2700,10.570495267853868,2.971030920234951e-05,-0.013219278855894565,-0.08482745895403332,True
1172,2.201734717729323,1352,2700,10.570574756209771,2.9712014848656416e-05,-0.01320411419656687,-0.08481849615012377,True
1173,2.20232172822125,1352,2700,10.570659179256468,2.9713826119602585e-05,-0.013188011705812644,-0.08480897418938424,True
1174,2.202948245688276,1352,2700,10.570749280049068,2.9715758872569032e-05,-0.013170830399523485,-0.08479880879522647,True
1175,2.2035071773730124,1352,2700,10.57082965582689,2.971748280670578e-05,-0.013155506956498128,-0.08478973786163296,True
1176,2.2041135255908557,1352,2700,10.57091684613653,2.9719352612154174e-05,-0.013138888155086619,-0.0847798949962931,True
1177,2.2046429125607574,1352,2700,10.570992966358403,2.9720984758525565e-05,-0.013124382598702501,-0.08477129942899883,True
1178,2.2051854363908205,1352,2700,10.571070971703447,2.972265710441945e-05,-0.01310952090060289,-0.0847624886250554,True
1179,2.205635080945285,1352,2700,10.571135620042131,2.9724042904900507e-05,-0.013097206397708588,-0.08475518472221244,True
1180,2.206073484385797,1352,2700,10.571198649575612,2.9725393859414295e-05,-0.013085202317084238,-0.08474806212284913,True
1181,2.2064701351177973,1352,2700,10.571255673521394,2.972661599485228e-05,-0.013074343668738525,-0.08474161680988795,True
1182,2.2073354678991564,1352,2700,10.57138032682718,2.9729284729142037e-05,-0.013050668231452268,-0.08472748539469596,True
1183,2.2079592615596084,1352,2700,10.571469739183563,2.9731202724624353e-05,-0.013033596016065914,-0.0847174098747632,True
1184,2.2085187025727464,1352,2700,10.571550157429687,2.973292508297163e-05,-0.013018294851980389,-0.0847083119636386,True
1185,2.20910282281784,1352,2700,10.57163411184106,2.9734723368293535e-05,-0.013002323727046614,-0.08469881047733333,True
1186,2.2097261933463415,1352,2700,10.571723705335438,2.9736642013362654e-05,-0.012985284097987312,-0.08468866795071164,True
1187,2.2102761117293994,1352,2700,10.571802737767376,2.973833422700121e-05,-0.012970256472952094,-0.08467971846489827,True
1188,2.210877697518754,1352,2700,10.571889191792943,2.9740185057990548e-05,-0.012953821424734405,-0.08466992578963636,True
1189,2.2114098239785562,1352,2700,10.571965660298046,2.9741821863539185e-05,-0.0129392878855141,-0.08466126177029307,True
1190,2.2119535205169996,1352,2700,10.572043787634392,2.9743493955758545e-05,-0.012924442179027266,-0.08465240743016705,True
1191,2.2125613195239566,1352,2700,10.572131121463046,2.9745362836052413e-05,-0.012907850760630113,-0.08464250683973346,True
1192,2.212865920449076,1352,2700,10.57217488788338,2.9746299266491328e-05,-0.012899537629135302,-0.08463754420945285,True
1193,2.2131415117623874,1352,2700,10.572214485074035,2.974714643447155e-05,-0.012892017268067733,-0.08463305367072385,True
1194,2.2137568225971336,1352,2700,10.572302889072038,2.9749037642356374e-05,-0.012875230457769116,-0.0846230258190716,True
1195,2.2143073287952575,1352,2700,10.572381978151505,2.975072933501928e-05,-0.012860215766776838,-0.08461405200985331,True
1196,2.21490799094272,1352,2700,10.57246826877132,2.9752574786363205e-05,-0.01284383760894122,-0.08460425831362609,True
1197,2.2155637205009953,1352,2700,10.57256246596131,2.9754588970369427e-05,-0.012825963250119532,-0.08459356397913897,True
1198,2.2161790707523323,1352,2700,10.572650857134285,2.975647872204152e-05,-0.012809194727159558,-0.08458352565023439,True
1199,2.2167502758279625,1352,2700,10.572732902082478,2.975823256865378e-05,-0.012793633668616584,-0.08457420527382298,True
1200,2.2173743561525043,1352,2700,10.5728225383877,2.9760148342933928e-05,-0.012776636923628265,-0.08456401957401843,True
1201,2.2179109838589284,1352,2700,10.572899608985887,2.976179535426437e-05,-0.012762026087111786,-0.08455525922251453,True
1202,2.218449398654684,1352,2700,10.572976933096017,2.9763447538326432e-05,-0.012747370336429364,-0.08454646774263944,True
1203,2.2188799083137383,1352,2700,10.573038758232085,2.9764768371256864e-05,-0.01273565446961205,-0.08453943680460621,True
1204,2.219299655231225,1352,2700,10.573099034627196,2.976605601919986e-05,-0.012724233869375365,-0.08453258052255416,True
1205,2.219679426251787,1352,2700,10.573153569036744,2.9767220866161272e-05,-0.01271390292829596,-0.08452637615841663,True
1206,2.22008809024328,1352,2700,10.57321225022555,2.9768474167990683e-05,-0.012702788118583823,-0.08451969872587647,True
1207,2.220321490151946,1352,2700,10.573245764214521,2.976918987853725e-05,-0.012696441035639383,-0.08451588454201447,True
1208,2.2205780943613718,1352,2700,10.573282609096376,2.9769976678597094e-05,-0.012689463826174273,-0.08451169075518633,True
1209,2.2208788435455062,1352,2700,10.573325791202988,2.9770898762450407e-05,-0.012681287384279837,-0.08450677494930917,True
1210,2.2212129365484543,1352,2700,10.573373759758745,2.977192295870332e-05,-0.0126722058720709,-0.08450131339636033,True
1211,2.221547383696816,1352,2700,10.573421777690292,2.9772948125502397e-05,-0.012663116136617608,-0.08449584534540697,True
1212,2.221826377645357,1352,2700,10.573461832762924,2.9773803231922223e-05,-0.012655534611253023,-0.08449128338150924,True
1213,2.222075933645101,1352,2700,10.573497660815386,2.9774568034574384e-05,-0.01264875396032155,-0.08448720231016266,True
1214,2.222351078571137,1352,2700,10.573537161632057,2.9775411184435298e-05,-0.01264127895035766,-0.08448270231385133,True
1215,2.222608937703626,1352,2700,10.573574179962712,2.9776201292358013e-05,-0.01263427446579491,-0.08447848457201296,True
1216,2.2228891467912035,1352,2700,10.573614405818436,2.9777059807496656e-05,-0.012626663848003164,-0.08447390076727626,True
1217,2.223169982501986,1352,2700,10.573654720625402,2.9777920160914545e-05,-0.012619037245953452,-0.0844693061923821,True
1218,2.223437208435371,1352,2700,10.573693080906116,2.9778738739935474e-05,-0.01261178119470096,-0.0844649337898637,True
1219,2.22373849755013,1352,2700,10.573736329673432,2.9779661578041333e-05,-0.012603601336897911,-0.08446000349798574,True
1220,2.2239963195333985,1352,2700,10.573773338253611,2.978045119695775e-05,-0.012596602536242688,-0.08445578400332893,True
1221,2.224266490699847,1352,2700,10.573812118530682,2.9781278562723352e-05,-0.012589269423833566,-0.08445136194680844,True
1222,2.2245449880988417,1352,2700,10.573852092877976,2.978213135067032e-05,-0.012581711323975515,-0.08444680311313352,True
1223,2.224811450774723,1352,2700,10.573890338954671,2.9782947210286047e-05,-0.012574480783532349,-0.08444244079613047,True
1224,2.2251135035630796,1352,2700,10.573933692131085,2.9783871955157376e-05,-0.012566285613579892,-0.08443749527700145,True
1225,2.225372416810842,1352,2700,10.573970852867099,2.9784664544788923e-05,-0.012559261840814871,-0.08443325558655881,True
1226,2.2256431019259253,1352,2700,10.574009702240495,2.9785493095432928e-05,-0.01255191964393177,-0.08442882267337476,True
1227,2.2258440855111985,1352,2700,10.574038547530321,2.9786108237101162e-05,-0.012546468687182552,-0.08442553090839897,True
1228,2.2260400445070445,1352,2700,10.574066671176569,2.9786707967911606e-05,-0.012541154448403473,-0.08442232120044146,True
1229,2.2262173407411865,1352,2700,10.574092115484596,2.978725055137174e-05,-0.012536346837826319,-0.08441941698293748,True
1230,2.2266702845927284,1352,2700,10.574157117013511,2.9788636560863723e-05,-0.012524066636192266,-0.0844119965078299,True
1231,2.227006408521447,1352,2700,10.574205352691111,2.9789664952180702e-05,-0.012514955287160845,-0.08440648898642766,True
1232,2.2272842781658255,1352,2700,10.574245227477553,2.9790515022845363e-05,-0.012507424107704716,-0.08440193544545402,True
1233,2.2275519071527015,1352,2700,10.574283631818657,2.9791333685034187e-05,-0.012500171498152274,-0.08439754922834469,True
1234,2.2278469626467086,1352,2700,10.574325970659674,2.979223616171608e-05,-0.012492176710822561,-0.08439271297917875,True
1235,2.2281103188888665,1352,2700,10.574363759995858,2.979304160169201e-05,-0.01248504181576434,-0.08438839582037161,True
1236,2.2283710571505253,1352,2700,10.574401172852607,2.979383896220696e-05,-0.012477978729062512,-0.08438412113264232,True
1237,2.2286476388235315,1352,2700,10.574440857978159,2.9794684699936698e-05,-0.012470487437587871,-0.08437958622358543,True
1238,2.2289168292959403,1352,2700,10.574479481679367,2.9795507760484044e-05,-0.012463197303757563,-0.08437517201585468,True
1239,2.229221999853962,1352,2700,10.574523266589312,2.9796440744632394e-05,-0.012454933910107928,-0.08437016724279395,True
1240,2.2294893526286614,1352,2700,10.574561624784792,2.9797258024207184e-05,-0.012447695547441295,-0.08436578215898652,True
1241,2.2297520421652735,1352,2700,10.574599313122313,2.979806097264804e-05,-0.012440584332632912,-0.08436147310994968,True
1242,2.2300397939416143,1352,2700,10.574640595967079,2.9798940451114792e-05,-0.012432795702445133,-0.08435675244762694,True
1243,2.2303026067775136,1352,2700,10.574678300078958,2.979974363004842e-05,-0.012425683052040358,-0.08435244043054335,True
1244,2.230597696148834,1352,2700,10.574720633532237,2.9800645366737518e-05,-0.01241769795106569,-0.08434759832378469,True
1245,2.230863105319713,1352,2700,10.574758708279518,2.98014563251771e-05,-0.01241051697154353,-0.08434324273874222,True
1246,2.231124647206343,1352,2700,10.574796227426413,2.9802255393022313e-05,-0.012403441515166702,-0.08433895017135876,True
1247,2.231426460597504,1352,2700,10.574839522339873,2.9803177418604906e-05,-0.012395277714439629,-0.08433399611033321,True
1248,2.2316869877836325,1352,2700,10.574876894049648,2.9803973236130293e-05,-0.012388231636206094,-0.08432971923436958,True
1249,2.231975922826223,1352,2700,10.574918339672218,2.980485574858455e-05,-0.012380418276287254,-0.08432497550702348,True
1250,2.232239687117726,1352,2700,10.57495617390752,2.9805661302358858e-05,-0.012373286540901328,-0.0843206445476771,True
1251,2.2324995025596763,1352,2700,10.574993440898513,2.9806454724087613e-05,-0.012366262456175232,-0.08431637798530756,True
1252,2.2327552552301313,1352,2700,10.575030124278607,2.9807235671325057e-05,-0.012359349070432388,-0.08431217771312033,True
1253,2.233068496958367,1352,2700,10.575075052427518,2.9808192067265084e-05,-0.012350882866664928,-0.08430703269274875,True
1254,2.233403352544883,1352,2700,10.575123079049693,2.980921435073089e-05,-0.012341833875525864,-0.08430153198116458,True
1255,2.233663115820036,1352,2700,10.575160334581675,2.98100073080286e-05,-0.012334815113648333,-0.08429726432363296,True
1256,2.2339076162729725,1352,2700,10.57519540049053,2.9810753601719227e-05,-0.012328209601592685,-0.08429324699867874,True
1257,2.2341971024579834,1352,2700,10.575236917066894,2.9811637130676576e-05,-0.012320389723821823,-0.0842884900402261,True
1258,2.2344563613369246,1352,2700,10.575274097799557,2.9812428327974013e-05,-0.012313387319791654,-0.08428422931404286,True
1259,2.234747447673726,1352,2700,10.575315841859116,2.981331657467633e-05,-0.01230552631262899,-0.08427944501717552,True
1260,2.235008227462913,1352,2700,10.575353238953312,2.9814112262772066e-05,-0.012298484701784504,-0.08427515835881824,True
1261,2.235274974004369,1352,2700,10.575391490826657,2.9814926082859517e-05,-0.012291282884561279,-0.08427077316755904,True
1262,2.2355667939928026,1352,2700,10.575433337075332,2.981581632067527e-05,-0.012283405186226351,-0.08426597526156401,True
1263,2.235829657317936,1352,2700,10.575471030246476,2.9816618142844745e-05,-0.012276310131014635,-0.0842616529516041,True
1264,2.2361237606405666,1352,2700,10.575513201915193,2.981751517526566e-05,-0.01226837292284233,-0.08425681644018729,True
1265,2.236385255445839,1352,2700,10.575550697056153,2.9818312670551507e-05,-0.012261316702050037,-0.08425251568883535,True
1266,2.23664958788504,1352,2700,10.575588598215976,2.981911874697842e-05,-0.01225418480702168,-0.08424816782058697,True
1267,2.2369437867550914,1352,2700,10.575630780516407,2.9820015821806175e-05,-0.012246248171333102,-0.08424332817518201,True
1268,2.2372054149100222,1352,2700,10.57566829206649,2.9820813502494764e-05,-0.012239191154710095,-0.08423902383656884,True
1269,2.237498009302726,1352,2700,10.5757102423432,2.9821705514738022e-05,-0.012231299918166905,-0.08423420952731198,True
1270,2.2377599335213745,1352,2700,10.575747794548954,2.9822503946140135e-05,-0.012224236807060064,-0.08422989937743042,True
1271,2.238023863950275,1352,2700,10.575785633526559,2.982330842030574e-05,-0.012217120492087633,-0.08422555576780796,True
1272,2.2383199349551433,1352,2700,10.57582807915278,2.9824210781479193e-05,-0.012209138663841858,-0.08422068268478694,True
1273,2.238580788134641,1352,2700,10.57586547510668,2.9825005726831295e-05,-0.012202107233376877,-0.08421638876837473,True
1274,2.2388301216892614,1352,2700,10.575901218901562,2.982576549643966e-05,-0.012195387136665084,-0.08421228406601394,True
1275,2.2390732219050733,1352,2700,10.575936068313696,2.9826506210478315e-05,-0.012188835823873333,-0.08420828159845203,True
1276,2.239293169719531,1352,2700,10.575967598129138,2.982717632696782e-05,-0.012182909112721275,-0.0842046599836617,True
1277,2.2396797793289807,1352,2700,10.576023017201951,2.982835410485399e-05,-0.01217249311726288,-0.08419829340872714,True
1278,2.240035658679062,1352,2700,10.576074029617734,2.9829438129244234e-05,-0.012162906745552544,-0.08419243203209298,True
1279,2.2403250048564587,1352,2700,10.576115504311108,2.983031938012944e-05,-0.012155113774861448,-0.0841876658426775,True
1280,2.24060194806907,1352,2700,10.57615519980894,2.98311627858543e-05,-0.012147655849182884,-0.08418310349184,True
1281,2.2408889999906023,1352,2700,10.576196343154747,2.9832036894971546e-05,-0.012139926824305432,-0.08417837406723064,True
1282,2.241138262910681,1352,2700,10.576232069633095,2.9832795854335055e-05,-0.012133216141168385,-0.08417426679708914,True
1283,2.241415419527584,1352,2700,10.57627179300614,2.983363967173096e-05,-0.012125755446364177,-0.08416969945480052,True
1284,2.241680503979751,1352,2700,10.576309785241381,2.9834446661505484e-05,-0.012118620666947542,-0.08416533058187964,True
1285,2.2419474239691226,1352,2700,10.576348039663719,2.9835259165656656e-05,-0.012111437406686971,-0.08416093099825872,True
1286,2.2422513525220893,1352,2700,10.576391596807149,2.9836184239654424e-05,-0.012103259318390347,-0.08415592086369642,True
1287,2.2425161557707725,1352,2700,10.576429546033292,2.98369901431541e-05,-0.012096134998389615,-0.0841515551868961,True
1288,2.2428050483845254,1352,2700,10.576470946470076,2.983786927825922e-05,-0.012088363601457652,-0.08414679185774715,True
1289,2.243066854650806,1352,2700,10.576508464417271,2.9838665909348762e-05,-0.01208132179204937,-0.08414247466084607,True
1290,2.243323618622526,1352,2700,10.57654525897113,2.9839447127918793e-05,-0.01207441646697388,-0.08413824018272384,True
1291,2.243629143817998,1352,2700,10.576589039679154,2.9840376625913113e-05,-0.012066200899848452,-0.08413320101505956,True
1292,2.243893895108158,1352,2700,10.576626976866898,2.9841181995197685e-05,-0.012059082738113534,-0.084128833841606,True
1293,2.244182254425141,1352,2700,10.576668295852025,2.984205909749097e-05,-0.01205133087408427,-0.08412407674918845,True
1294,2.2444441016882593,1352,2700,10.576705815176958,2.9842855480416117e-05,-0.012044292664850603,-0.08411975654845924,True
1295,2.2447000623010354,1352,2700,10.57674249022309,2.9843633889737476e-05,-0.01203741353924967,-0.08411553304564859,True
1296,2.2450083295616423,1352,2700,10.576786658560268,2.9844571290631288e-05,-0.012029129776708766,-0.08411044591298567,True
1297,2.2452726710039315,1352,2700,10.5768245324853,2.9845375035963253e-05,-0.012022027386978336,-0.08410608314850246,True
1298,2.2455595157193784,1352,2700,10.57686562958441,2.9846247121619502e-05,-0.01201432138713928,-0.08410134848677656,True
1299,2.245702089176575,1352,2700,10.576886056576665,2.984668054385272e-05,-0.01201049156013019,-0.08409899494500087,True
1300,2.2458310842089304,1352,2700,10.576904537731131,2.984707266599668e-05,-0.012007026731458079,-0.08409686545342557,True
1301,2.2461392649543086,1352,2700,10.576948689312932,2.9848009438902042e-05,-0.011998749846138065,-0.08409177751182179,True
1302,2.246365644661182,1352,2700,10.576981120928489,2.9848697504782684e-05,-0.011992670715873593,-0.0840880396598643,True
1303,2.2466494119898925,1352,2700,10.57702177303628,2.9849559922339557e-05,-0.01198505143994407,-0.08408335380689685,True
1304,2.246961520084824,1352,2700,10.57706648442036,2.985050836244854e-05,-0.011976672443791941,-0.08407819933318139,True
1305,2.24726594018739,1352,2700,10.577110093241652,2.9851433344264954e-05,-0.011968501018448811,-0.0840731712451302,True
1306,2.247559157559863,1352,2700,10.577152096141873,2.9852324197622163e-05,-0.011960631453356595,-0.08406832762406125,True
1307,2.247861599895714,1352,2700,10.577195419296288,2.985324298772764e-05,-0.011952515480989537,-0.08406333104221361,True
1308,2.2481648628772746,1352,2700,10.577238858851937,2.985416417647517e-05,-0.011944378685218901,-0.08405832031181398,True
1309,2.2484312356646114,1352,2700,10.577277013122618,2.985497323635039e-05,-0.011937232637150547,-0.08405391864199929,True
1310,2.2486734496787903,1352,2700,10.577311706412106,2.985570884708137e-05,-0.011930735550756556,-0.08404991576046333,True
1311,2.2489524801494554,1352,2700,10.577351672091238,2.985655619734056e-05,-0.011923251830134513,-0.0840453039892968,True
1312,2.2492199677994904,1352,2700,10.577389983575491,2.985736841921608e-05,-0.011916078660980392,-0.08404088252319436,True
1313,2.24951626476377,1352,2700,10.577432420218827,2.9858268036656067e-05,-0.011908134001217617,-0.08403598431931636,True
1314,2.2497800467281195,1352,2700,10.57747019920475,2.985906885055991e-05,-0.011901062137607,-0.08403162314647072,True
1315,2.2500378754753,1352,2700,10.577507124795254,2.985985151897436e-05,-0.011894150741886218,-0.08402735996975264,True
1316,2.2503489976784294,1352,2700,10.577551681876042,2.9860795871906866e-05,-0.011885811942421186,-0.08402221501082244,True
1317,2.2506129637486083,1352,2700,10.577589484293572,2.9861597024921848e-05,-0.011878737961815253,-0.08401784941350171,True
1318,2.250896593824109,1352,2700,10.577630101814124,2.9862457779641217e-05,-0.011871138090054162,-0.08401315807997925,True
1319,2.251153416338184,1352,2700,10.577666879692963,2.9863237100497383e-05,-0.011864257407073593,-0.08400890969828873,True
1320,2.251408839098076,1352,2700,10.577703456318625,2.98640121040845e-05,-0.011857415074940945,-0.0840046840605089,True
1321,2.2517250927699024,1352,2700,10.577748742856953,2.9864971586046416e-05,-0.01184894440275848,-0.08399945146044896,True
1322,2.2519504598449203,1352,2700,10.577781013876018,2.9865655269259683e-05,-0.011842908808043291,-0.08399572226350249,True
1323,2.2521701927425966,1352,2700,10.577812477534259,2.9866321807446845e-05,-0.011837024792971163,-0.08399208596903673,True
1324,2.252368998697875,1352,2700,10.57784094426582,2.986692482863418e-05,-0.011831701631012811,-0.08398879572395043,True
1325,2.252760834729088,1352,2700,10.577897048367157,2.986811323191359e-05,-0.011821211710929258,-0.08398231009473806,True
1326,2.253053998655105,1352,2700,10.577939023691641,2.9869002257325777e-05,-0.011813364557432753,-0.08397745701795756,True
1327,2.253311030333407,1352,2700,10.577975824523387,2.9869781643904897e-05,-0.01180648545791927,-0.08397320165288771,True
1328,2.2535904677283725,1352,2700,10.5780158322756,2.9870628896021984e-05,-0.011799007735361015,-0.08396857485189821,True
1329,2.2538944228999753,1352,2700,10.578059349569068,2.9871550382676733e-05,-0.011790875088545455,-0.08396354149442894,True
1330,2.2541801107095125,1352,2700,10.578100250067418,2.987241641593297e-05,-0.011783232230156003,-0.08395881015333895,True
1331,2.2544789638573093,1352,2700,10.578143034281883,2.98733222696097e-05,-0.011775238379659263,-0.0839538601928321,True
1332,2.2547283538851843,1352,2700,10.578178736816346,2.987407811380182e-05,-0.011768568453979514,-0.08394972904079612,True
1333,2.2549839468761093,1352,2700,10.578215326514137,2.9874852690156936e-05,-0.011761733461334467,-0.08394549474131802,True
1334,2.2552708575703946,1352,2700,10.57825639830256,2.9875722104078976e-05,-0.011754062006211659,-0.08394074113009614,True
1335,2.2555521032613797,1352,2700,10.578296658131281,2.9876574271086332e-05,-0.011746543075497932,-0.08393608085939888,True
1336,2.2558514342003946,1352,2700,10.578339506150268,2.9877481132251148e-05,-0.011738541796402227,-0.08393112032819242,True
1337,2.2561049099299453,1352,2700,10.578375789037802,2.9878249006683434e-05,-0.011731767092634168,-0.08392691931027127,True
1338,2.2563671939233245,1352,2700,10.578413331838117,2.98790434968104e-05,-0.011724757918271468,-0.08392257185946769,True
1339,2.256651482482539,1352,2700,10.5784532786981,2.9879916532948237e-05,-0.01171707963732363,-0.08391797932232933,True
1340,2.256928103266091,1352,2700,10.578493615537575,2.9880742374589203e-05,-0.011709771521142304,-0.08391327303119267,True
1341,2.257228352103539,1352,2700,10.578536593505369,2.9881651432120026e-05,-0.011701750694156132,-0.08390829469903749,True
1342,2.2574795632026508,1352,2700,10.578572546880302,2.988241212629932e-05,-0.011695041103998417,-0.08390412904587413,True
1343,2.257741323044229,1352,2700,10.578610008834083,2.9883204718222848e-05,-0.011688050751017594,-0.08389978797657596,True
1344,2.258023322730878,1352,2700,10.578650367338907,2.9884058478893213e-05,-0.011680520780935226,-0.08389511076910938,True
1345,2.258297601169488,1352,2700,10.578689620619498,2.988488875311323e-05,-0.011673197923597889,-0.08389056113779478,True
1346,2.2585108603757362,1352,2700,10.578720140977534,2.988553424468285e-05,-0.01166750484937551,-0.08388702332093129,True
1347,2.25871878810176,1352,2700,10.57874989761782,2.9886163558982823e-05,-0.011661954670984881,-0.08388357368304752,True
1348,2.2589069131872748,1352,2700,10.578776819709274,2.988673291299548e-05,-0.01165693353318941,-0.08388045235357686,True
1349,2.259285482580708,1352,2700,10.578830993508909,2.9887878539007155e-05,-0.011646830987685403,-0.08387417053016624,True
1350,2.25956738277182,1352,2700,10.578871333208983,2.988873151858003e-05,-0.011639309276868418,-0.08386949219033532,True
1351,2.259824769257193,1352,2700,10.578908163978028,2.9889510257801067e-05,-0.01163244252414055,-0.08386522025944257,True
1352,2.2601112165016275,1352,2700,10.578949152128075,2.9890376844835332e-05,-0.01162480153670293,-0.08386046549076062,True
1353,2.260425494057017,1352,2700,10.578994121799735,2.9891327516452644e-05,-0.011616419420543929,-0.08385524812562578,True
1354,2.2607102585830035,1352,2700,10.579034867394373,2.9892188825317888e-05,-0.011608825513568663,-0.0838505201914179,True
1355,2.261002775623183,1352,2700,10.57907672075806,2.9893073512371615e-05,-0.011601025952278493,-0.08384566303959334,True
1356,2.261248491875449,1352,2700,10.579111877344134,2.989381657979977e-05,-0.011594475173808516,-0.08384158253445637,True
1357,2.261501799758207,1352,2700,10.5791481193962,2.9894582535912302e-05,-0.011587722795314337,-0.08383737557070006,True
1358,2.261786780701186,1352,2700,10.579188891895505,2.9895444193045994e-05,-0.011580127126098773,-0.08383264210755847,True
1359,2.262070861277607,1352,2700,10.579229534580005,2.989630304635815e-05,-0.011572556516296843,-0.08382792307700221,True
1360,2.2623753345792466,1352,2700,10.579273094080834,2.989722344653962e-05,-0.011564443637226335,-0.08382286468994013,True
1361,2.2626239120327227,1352,2700,10.579308655760926,2.9897974815373698e-05,-0.011557820958917359,-0.08381873453749375,True
1362,2.262884976741134,1352,2700,10.579346002956838,2.9898763862914034e-05,-0.011550866526497734,-0.0838143964716859,True
1363,2.263162745651698,1352,2700,10.57938573888858,2.989960332223702e-05,-0.011543468071044637,-0.08380978035864978,True
1364,2.263440569899558,1352,2700,10.579425481796866,2.990044286816467e-05,-0.011536069152922865,-0.0838051628374355,True
1365,2.2637449025032765,1352,2700,10.579469015998242,2.990136241534945e-05,-0.011527965447641009,-0.08380010414719224,True
1366,2.2639941704774174,1352,2700,10.579504672217947,2.9902115521706353e-05,-0.011521328819382247,-0.08379596035744355,True
1367,2.2642589974489056,1352,2700,10.579542553107839,2.9902915568463857e-05,-0.011514278896646288,-0.08379155747298633,True
1368,2.2645339603022876,1352,2700,10.57958188296233,2.9903746159968923e-05,-0.011506960095422458,-0.08378698559970671,True
1369,2.26480984734053,1352,2700,10.579621344086224,2.9904579463581333e-05,-0.01149961768830944,-0.08378239788069133,True
1370,2.265032090458135,1352,2700,10.579653131926845,2.990525067272512e-05,-0.011493703664499998,-0.08377870183584196,True
1371,2.2652487774980727,1352,2700,10.579684124448876,2.990590505269571e-05,-0.011487938099356401,-0.08377509790155277,True
1372,2.2654448276766743,1352,2700,10.579712164781746,2.9906497078382766e-05,-0.01148272211628474,-0.0837718369522045,True
1373,2.265827774458103,1352,2700,10.579766934014877,2.9907653378125756e-05,-0.011472535364222367,-0.08376546660311918,True
1374,2.2661158585337944,1352,2700,10.57980813530238,2.9908523132705024e-05,-0.011464873199645988,-0.08376067367837217,True
1375,2.2663730658819077,1352,2700,10.579844919597386,2.9909299601166024e-05,-0.011458033151989157,-0.08375639404074464,True
1376,2.2666562525764675,1352,2700,10.579885418247923,2.9910154421565555e-05,-0.011450503275544748,-0.08375168164121999,True
1377,2.2669674972876237,1352,2700,10.579929928732218,2.9911093830066542e-05,-0.01144222856147354,-0.08374650171770978,True
1378,2.267255193483379,2738,5472,7.348387870136425,5.323026310975222e-06,-0.03790810318954639,-0.02249999478939214,True
1379,2.297255193483579,2738,5472,7.34838787288891,5.3396076223446395e-06,-0.037423779353725393,-0.022775140656714078,True
1380,2.3269549005144654,2738,5472,7.348387899932949,5.3569422114865385e-06,-0.03694703613695007,-0.023037943042106084,True
1381,2.3563575189227777,2738,5472,7.348387768047385,5.376290946349305e-06,-0.03647730313089749,-0.023289795767123953,True
1382,2.3854662530538917,2738,5472,7.348387446986284,5.394178500620295e-06,-0.03601502209635405,-0.023530597024466523,True
1383,2.4142838494890384,2738,5472,7.348387146148968,5.4095674724601485e-06,-0.03556067131735387,-0.023760075888665563,True
1384,2.44310144592464,2738,5472,7.348386959701988,5.424823029912687e-06,-0.03511008301972371,-0.023980194506180323,True
1385,2.4719190423602413,2738,5472,7.348386911833511,5.4399470520079115e-06,-0.03466353822948316,-0.02419063104694555,True
1386,2.5007366387958427,2738,5472,7.348386967709635,5.454941455597846e-06,-0.034221133123146945,-0.024391280963967265,True
1387,2.529554235231444,2738,5472,7.3483870671123945,5.469808031815031e-06,-0.03378282201757041,-0.024582260790960535,True
1388,2.5583718316670456,2738,5472,7.348387187285677,5.482341732512009e-06,-0.03334847570893938,-0.024763874860197835,True
1389,2.587189428102647,2738,5472,7.348387300919914,5.496958065382185e-06,-0.03291793638148103,-0.024936556927823806,True
1390,2.6160070245382485,2738,5472,7.348387394248289,5.511450694475539e-06,-0.032491055924321305,-0.025100805335382857,True
1391,2.644824620973395,2738,5472,7.348387465016853,5.525820449044071e-06,-0.03206771552223259,-0.02525712395851446,True
1392,2.6733542840597693,2738,5472,7.348387517547209,5.5421265200810715e-06,-0.03165201026004538,-0.02540452273918652,True
1393,2.7015983026144568,2738,5472,7.348387556865537,5.555971526302085e-06,-0.03124375595177093,-0.025543607556348418,True
1394,2.729559880983288,2738,5472,7.348387583504392,5.569563689078021e-06,-0.030842785437480317,-0.02567488253216016,True
1395,2.7572417657488586,2738,5472,7.341757633004825,5.582908662532738e-06,-0.030448960502569896,-0.02579875333989925,True
1396,2.784923650514429,2738,5472,7.3417576179436965,5.59614394442425e-06,-0.030058265847801663,-0.025916699404544188,True
1397,2.812605535280454,2738,5472,7.341757623943138,5.609270586250463e-06,-0.02967072321513662,-0.02602881065050676,True
1398,2.8402874200460246,2738,5472,7.341757644888871,5.6222896800672665e-06,-0.029286362132902942,-0.02613514890601199,True
1399,2.867969304811595,2738,5472,7.3417576742059545,5.635202325485608e-06,-0.028905217731872514,-0.026235762601209037,True
1400,2.8956511895771655,2738,5472,7.321879288805002,5.648009602892443e-06,-0.028527328264862876,-0.026330698690372994,True
1401,2.923333074342736,2738,5472,7.321879324884576,5.6607125561111935e-06,-0.028152732410951346,-0.0264200110601014,True
1402,2.9510149591083064,2738,5472,7.341757765529076,5.6711511903123e-06,-0.02778146665614151,-0.026503765406310133,True
1403,2.978696843873877,2738,5472,7.341757785242383,5.683654002695324e-06,-0.027413563102606165,-0.02658204102018729,True
1404,3.006378728639447,2738,5472,7.321879435716587,5.6960556185713975e-06,-0.027049047973204194,-0.02665493021478326,True
1405,3.0340606134054724,2738,5472,7.288788978157105,5.708356914595009e-06,-0.026687940936964635,-0.026722536216681428,True
1406,3.061742498171043,2738,5472,7.288788997312302,5.7205587449081305e-06,-0.02633025523054496,-0.026784970289095184,True
1407,3.0894243829366133,2738,5472,7.288789010747641,5.732661947432125e-06,-0.025975998424958624,-0.026842348698472192,True
1408,3.1171062677021837,2738,5472,7.288789019696025,5.744667348344744e-06,-0.025625173610604252,-0.026894789943096745,True
1409,3.1450650994893294,2738,5472,7.288789025508292,5.756694416894844e-06,-0.025274322569769633,-0.026942864952694056,True
1410,3.173303624879736,2738,5472,7.288789029355174,5.7687422266712025e-06,-0.02492351362599529,-0.02698655348204639,True
1411,3.201824590455999,2738,5472,7.28878903228738,5.780809825815065e-06,-0.024572816783633877,-0.027025835911319,True
1412,3.2306307427998036,2738,5472,7.242546857446022,5.792896237144726e-06,-0.024222304583305133,-0.02706069248118272,True
1413,3.2597248284932903,2738,5472,7.2425468596413545,5.805000457872996e-06,-0.02387205269614777,-0.027091102930203014,True
1414,3.289110051881835,2738,5472,7.242546863547634,5.815352380996702e-06,-0.023522134817955016,-0.027117046835129232,True
1415,3.3187891595480323,2738,5472,7.242546869509027,5.827497734813598e-06,-0.023172633750661805,-0.027138502885214043,True
1416,3.3487648980731137,2738,5472,7.242546877597536,5.839658538800974e-06,-0.022823635650344423,-0.02715544987230093,True
1417,3.379040471803819,2738,5472,7.242546887659416,5.851833559643257e-06,-0.022475224490970513,-0.027167867336095997,True
1418,3.409618627321379,2738,5472,7.242546899367862,5.8640216560070955e-06,-0.02212749234754595,-0.027175735574353117,True
1419,3.440502568971624,2738,5472,7.242546912282631,5.876221840967088e-06,-0.02178052846685973,-0.02717903653290554,True
1420,3.4716955011003847,2738,5472,7.183237298209613,5.888433095863262e-06,-0.02143442426634337,-0.027177753979614062,True
1421,3.5032001702898015,2738,5472,7.183237314647275,5.9006541938959e-06,-0.021089278015117858,-0.027171874020041224,True
1422,3.5350202386493947,2738,5472,7.110968497267098,5.9128842340023394e-06,-0.020745179527896288,-0.027161385187043512,True
1423,3.56715845276085,2738,5472,7.110968515240581,5.925121930834848e-06,-0.02040223007197374,-0.027146279009598977,True
1424,3.5996180169695435,2738,5472,7.110968531899566,5.937366146952986e-06,-0.020060527269195893,-0.027126549873514982,True
1425,3.6324021356222147,2738,5472,7.110968546985585,5.9496157147014125e-06,-0.019720170113345238,-0.02710219515985617,True
1426,3.66551401306333,2738,5472,7.110968560397713,5.961869436561444e-06,-0.01938125897753036,-0.027073215280481944,True
1427,3.698956853639629,2738,5472,7.110968572173157,5.9741260855448825e-06,-0.019043895641036743,-0.02703961367940923,True
1428,3.7327343194597233,2738,5472,7.110968582457181,5.986384571014827e-06,-0.01870817880475619,-0.02700139626893924,True
1429,3.7668496148698978,2738,5472,7.110968591469101,5.9986436036563755e-06,-0.018374213351952186,-0.026958572332844453,True
1430,3.801305944215983,2738,5472,7.110968599467387,6.0109018663300355e-06,-0.01804210563592434,-0.026911154142167614,True
1431,3.8361069696065897,2738,5472,7.0258721517607405,6.023158175082742e-06,-0.017711959157765238,-0.026859156247993152,True
1432,3.8712558953875487,2738,5472,7.025872158755918,6.035411154109351e-06,-0.017383883355078157,-0.02680259677153789,True
1433,3.906756383668835,2738,5472,7.025872165403288,6.047659558855565e-06,-0.017057984858630828,-0.026741496093744127,True
1434,3.9426120965595146,2738,5472,7.025872171880809,6.059902112976384e-06,-0.01673437186208056,-0.026675877542965992,True
1435,3.978826238405418,2738,5472,7.025872178303881,6.072137355124155e-06,-0.016413158051250508,-0.026605768409460287,True
1436,4.0154024713156105,2738,5472,6.9281033418368905,6.08436395212232e-06,-0.016094454228818233,-0.02653119838356211,True
1437,4.052344457399613,2738,5472,6.928103349775847,6.0965805407989735e-06,-0.015778372429237086,-0.026452200445551282,True
1438,4.089655858766491,2738,5472,6.928103357731994,6.1087857285713396e-06,-0.015465025786134684,-0.026368810995825987,True
1439,4.1273403375262205,2738,5472,6.928103365638044,6.120978094033072e-06,-0.015154528392811844,-0.026281069983015402,True
1440,4.1654015557878665,2738,5472,6.928103373412045,6.1320402348772466e-06,-0.014846995158469834,-0.026189021025549524,True
1441,4.20384363342464,2738,5472,6.830009170184406,6.144218589116378e-06,-0.014542538073176665,-0.026092710357757627,True
1442,4.242670232546061,2738,5472,6.830010207365053,6.1563803653956845e-06,-0.01424127345894281,-0.025992189151295322,True
1443,4.281885015260741,2738,5472,6.830011249385535,6.168523800570115e-06,-0.013943318011757152,-0.02588751256032085,True
1444,4.321491643678655,2738,5472,6.830012294904775,6.180647330485314e-06,-0.013648788650127187,-0.025778739800154757,True
1445,4.361494695436704,2738,5472,6.830013343010203,6.192749641261839e-06,-0.01335779577627788,-0.025665931601263674,True
1446,4.401897374879809,2738,5472,6.830014393076209,6.204828973518e-06,-0.013070459957126775,-0.025549156647029687,True
1447,4.442704259645325,2738,5472,6.830015444724092,6.2168839540665215e-06,-0.012786891787621602,-0.025428483893254594,True
1448,4.483919469606462,2738,5472,6.830016497661055,6.228913041113834e-06,-0.01250720512441694,-0.025303987759968356,True
1449,4.525546666871833,2738,5472,6.830017551583547,6.2409145331995295e-06,-0.012231516546642363,-0.025175748335287636,True
1450,4.567589971315556,2592,5180,7.021511394313594,7.1638055601781325e-06,-0.011959938969647697,-0.025043848653295123,True
1451,4.610053960573168,2592,5180,7.021512479494208,7.177493974635059e-06,-0.011692581838895176,-0.024908374604883862,True
1452,4.652942296754645,2592,5180,7.021513564022007,7.191145335223118e-06,-0.011429559628084661,-0.02476941934888763,True
1453,4.696259557496887,2592,5180,7.0215146470305765,7.204757872344845e-06,-0.011170980117478402,-0.02462707750730608,True
1454,4.74001032043634,2592,5180,7.021515727517163,7.218329781056439e-06,-0.010916950183509187,-0.024481448054416214,True
1455,4.784198247682525,2592,5180,7.02151680435194,7.231858943622785e-06,-0.010667580685187349,-0.024332637452003644,True
1456,4.828828374635577,2592,5180,7.021517876356272,7.245343635953858e-06,-0.010422973147699329,-0.02418075200359153,True
1457,4.873904821168708,2592,5180,7.0215189422674325,7.258781823323089e-06,-0.010183232646835697,-0.02402590552824929,True
1458,4.919431707155127,2592,5180,7.021520000776692,7.272171447279846e-06,-0.009948462195815678,-0.02386821632418383,True
1459,4.9654140679949705,2592,5180,7.021521050563152,7.2855106905012635e-06,-0.009718758019846802,-0.023707803946055706,True
1460,5.0118560235614495,2592,5180,7.021522090263134,7.2987974393695495e-06,-0.009494218768239093,-0.0235447955297127,True
1461,5.0587626092547,2592,5180,7.021523118515876,7.312029816317744e-06,-0.009274936132196937,-0.023379319383621033,True
1462,5.106138402712077,2592,5180,7.021524133933455,7.3252057835458e-06,-0.009061001430622731,-0.023211509751046015,True
1463,5.1539879815691165,2592,5180,7.021525135102292,7.33832327796309e-06,-0.008852503044980545,-0.023041505169305837,True
1464,5.20231592346363,2592,5180,7.021526120571292,7.351380212434124e-06,-0.008649526175349862,-0.022869448407970564,True
1465,5.251127263795752,2592,5180,7.0215270888604815,7.364374598017555e-06,-0.008452150781057165,-0.022695484762996217,True
1466,5.300426580201929,2592,5180,7.021528038450648,7.377304297796838e-06,-0.008260455180871736,-0.022519765235289,True
1467,5.350218908083207,2592,5180,7.021528967809105,7.390167271920033e-06,-0.008074512103959602,-0.02234244317696972,True
1468,5.4005092828388115,2592,5180,7.021529875387294,7.402961454198097e-06,-0.007894390398854733,-0.022163675821127743,True
1469,5.451302282106553,2450,4896,7.217076921509828,8.528515029833147e-06,-0.007720156318289495,-0.0219836257888487,True
1470,5.502603399049804,2450,4896,7.217077820729558,8.543075919100963e-06,-0.007551868523920927,-0.02180245608937795,True
1471,5.554417211305463,2450,4896,7.217078693127077,8.557550450559604e-06,-0.007389584119298067,-0.02162033646592465,True
1472,5.606749212038267,2450,4896,7.217079537044789,8.571936271537311e-06,-0.007233352393591588,-0.02143743677645041,True
1473,5.659604894411132,2450,4896,7.2170803508108134,8.586230998459702e-06,-0.007083217782532236,-0.021253930088971557,True
1474,5.712988836061413,2450,4896,7.217081132735302,8.60043197771601e-06,-0.0069392220280701045,-0.021069995651721657,True
1475,5.766906530153392,2450,4896,7.21708188114607,8.614536782452584e-06,-0.006801398742806015,-0.020885812338636147,True
1476,5.821363469850439,2450,4896,7.217082594373371,8.62854296044267e-06,-0.0066697759730264105,-0.02070156165686831,True
1477,5.876365148317291,2450,4896,7.217083270741635,8.64244803677217e-06,-0.006544375964334614,-0.020517427528951644,True
1478,5.931916600954082,2450,4896,7.217083908559082,8.656249402941827e-06,-0.006425215885099276,-0.020333597566007017,True
1479,5.98802377868833,2450,4896,7.217084506131762,8.669944661127887e-06,-0.00631230463194607,-0.020150258263952354,True
1480,6.044692174684769,2450,4896,7.217085061754786,8.683531280172421e-06,-0.006205645719120372,-0.019967599331377713,True
1481,6.101927282106317,2450,4896,7.217085573727112,8.69700671439769e-06,-0.00610523600670228,-0.019785811869619575,True
1482,6.159734594118163,2450,4896,7.217086040362077,8.710368405684858e-06,-0.006011065516473883,-0.01960508807865813,True
1483,6.218120061647369,2450,4896,7.2170864475667695,8.723613888605029e-06,-0.00592311659886995,-0.019425619554013736,True
1484,6.277089177858215,2450,4896,7.21708679966585,8.736740581147044e-06,-0.00584136526128388,-0.019247599831370716,True
1485,6.336647893678673,2450,4896,7.217087101396347,8.749745995005041e-06,-0.005765779635186384,-0.019071221244093054,True
1486,6.396802617799949,2312,4620,7.4314410648569345,1.0118442381475993e-05,-0.005696320102525512,-0.01889667471454659,True
1487,6.457558843385868,2312,4620,7.431441295567632,1.0133189557414349e-05,-0.005632940775087589,-0.01872415340468202,True
1488,6.518922521364402,2312,4620,7.4314414704115075,1.0147788046430611e-05,-0.005575587667108714,-0.01855384829843766,True
1489,6.580899602663067,2312,4620,7.4314415878424525,1.0162234930501937e-05,-0.005524199209012158,-0.018385949197149275,True
1490,6.6434964959735225,2312,4620,7.431441646339682,1.0176527395429156e-05,-0.005478705864523501,-0.01822064314279387,True
1491,6.706719609987431,2312,4620,7.4314417158831,1.0190662622445299e-05,-0.005439030567228758,-0.018058115347815235,True
1492,6.770574895631853,2312,4620,7.431441777880765,1.0204637692522843e-05,-0.005405088897239931,-0.017898549929058323,True
1493,6.834481450807743,2312,4620,7.431441782048444,1.0218325374143869e-05,-0.005377019877800399,-0.01774352997291357,True
1494,6.898388005983179,2312,4620,7.431441727781849,1.0231719022622943e-05,-0.005354587842926463,-0.01759323409591291,True
1495,6.962294561159069,2312,4620,7.431441615383293,1.0244823280061063e-05,-0.005337531841907993,-0.017447701932298065,True
1496,7.02620111633496,2312,4620,7.431441447704214,1.025764271746173e-05,-0.00532559556378128,-0.01730696444519729,True
1497,7.09010767151085,2312,4620,7.431441230427567,1.0270181841752456e-05,-0.005318527543605769,-0.017171044255726697,True
1498,7.154014226686286,2312,4620,7.431440971360206,1.0282445097682636e-05,-0.005316081341656558,-0.017039955970353758,True
1499,7.217920781862176,2312,4620,7.431440679286955,1.029443687019004e-05,-0.005318015693764074,-0.01691370650941117,True
1500,7.281827337038067,2312,4620,7.431440362820261,1.030616148580164e-05,-0.0053240946344858845,-0.016792295438840667,True
1501,7.345733892213957,2312,4620,7.431440029495644,1.0317623214755167e-05,-0.0053340875948897195,-0.01667571530412366,True
1502,7.409640447389847,2312,4620,7.4314396852320375,1.0328826272167754e-05,-0.005347769479151142,-0.016563951965229175,True
1503,7.473547002565283,2312,4620,7.43143933414361,1.0339774819709776e-05,-0.005364920723185187,-0.016456984929858195,True
1504,7.537453557741173,2178,4352,7.650591784114404,1.2003359856624547e-05,-0.005385327339530738,-0.01635478768322973,True
1505,7.601360112917064,2178,4352,7.65059143291713,1.201549863908861e-05,-0.005408780951187849,-0.01625732801221477,True
1506,7.665266668092954,2178,4352,7.6505910777615025,1.2027355951566823e-05,-0.005435078816813916,-0.01616456832250161,True
1507,7.72917322326839,2178,4352,7.650590718036884,1.2038936380464892e-05,-0.005464023849090425,-0.016076465948293896,True
1508,7.79307977844428,2178,4352,7.650590352761143,1.2050244456925005e-05,-0.005495424626764189,-0.01599297345388122,True
1509,7.856986333620171,2178,4352,7.650589980828778,1.2061284657929607e-05,-0.005529095401030526,-0.015914038927377635,True
1510,7.920892888796061,2178,4352,7.650589621982745,1.2072061406902909e-05,-0.005564856096304972,-0.015839606266916325,True
1511,7.984799443971497,2178,4352,7.650589348808525,1.2082579074814633e-05,-0.005602532304942151,-0.015769615459415322,True
1512,8.048705999147387,2178,4352,7.6505890678428505,1.2092841981127214e-05,-0.005641955275673306,-0.01570400285228741,True
1513,8.112612554323277,2178,4352,7.650588778874719,1.2102854394330867e-05,-0.005682961895400899,-0.015642701418417657,True
1514,8.176519109499168,2178,4352,7.650588481752334,1.2112620532841593e-05,-0.005725394663841475,-0.015585641014200092,True
1515,8.240425664674603,2178,4352,7.650588176363359,1.2122144565867134e-05,-0.0057691016608145025,-0.015532748630884993,True
1516,8.304332219850494,2178,4352,7.6505878626160575,1.2131430613811432e-05,-0.0058139365062476,-0.015483948639168625,True
1517,8.368238775026384,2178,4352,7.650587540426093,1.2140482749003741e-05,-0.005859758312806639,-0.015439163026803447,True
1518,8.432145330202275,2178,4352,7.650587209709754,1.214930499644066e-05,-0.005906431631362319,-0.01539831162912827,True
1519,8.49605188537771,2178,4352,7.650586870384378,1.2157901334162768e-05,-0.00595382638980499,-0.015361312352488596,True
1520,8.5599584405536,2178,4352,7.650586522371462,1.216627569376798e-05,-0.006001817825429251,-0.015328081390209755,True
1521,8.623864995729491,2178,4352,7.650586165603967,1.21744319610946e-05,-0.006050286411272118,-0.01529853343101377,True
1522,8.687771550905381,2178,4352,7.650585800032724,1.2182373976557609e-05,-0.00609911777708196,-0.015272581859886726,True
1523,8.751678106080817,2178,4352,7.650585425632125,1.2190105535551334e-05,-0.006148202625198335,-0.015250138951238697,True
1524,8.816223699342572,2048,4092,7.892149131190167,1.4208503158981377e-05,-0.0061979293829255416,-0.015230942803476888,True
1525,8.881414739381853,2048,4092,7.892148767557055,1.4217206779708475e-05,-0.006248203675831977,-0.015215002161283794,True
1526,8.94725763488941,2048,4092,7.892148391656945,1.4225752722320338e-05,-0.006298930245921398,-0.015202321947455601,True
1527,9.013758794557816,2048,4092,7.892148002030303,1.4234139129892033e-05,-0.0063500130798353,-0.01519290318256232,True
1528,9.080925084840601,2048,4092,7.892147738260481,1.4242364254312175e-05,-0.006401355895269805,-0.015186742882841747,True
1529,9.14876291443079,2048,4092,7.892147515519402,1.425042634474091e-05,-0.006452861581891817,-0.015183834125820448,True
1530,9.217279149782371,2048,4092,7.892147277288503,1.425832376365782e-05,-0.006504433052766805,-0.01518416591017935,True
1531,9.286480657350694,2048,4092,7.892147018015251,1.4266054932232898e-05,-0.006555973049901264,-0.015187723183495351,True
1532,9.356374303590655,2048,4092,7.89214673141497,1.4273618334284796e-05,-0.00660738430988935,-0.015194486803018036,True
1533,9.426966497194371,2048,4092,7.892146410827028,1.4281012473101991e-05,-0.006658569407165363,-0.01520443343187622,True
1534,9.498265020143663,2048,4092,7.892146049530665,1.4289755117148233e-05,-0.0067094322552873,-0.015217535798110724,True
1535,9.570276281129736,2048,4092,7.892145641028555,1.429652897640274e-05,-0.0067598762973535,-0.015233762298160305,True
1536,9.643007604372087,2048,4092,7.89214535743457,1.4303284839777106e-05,-0.00680980633581513,-0.015253077367739544,True
1537,9.716466314088848,2048,4092,7.892145149992469,1.4309885407414293e-05,-0.006859128046104074,-0.0152754413795102,True
1538,9.790659734499059,2048,4092,7.982359174412478,1.4316329789837337e-05,-0.006907748159930164,-0.015300810660315254,True
1539,9.865595189821306,2048,4092,7.9823590815311976,1.4322617173738128e-05,-0.00695557464819446,-0.015329137518962956,True
1540,9.941280004274176,2048,4092,7.9823589855774255,1.4328746825379981e-05,-0.007002516902393298,-0.015360370284405154,True
1541,10.017721502077165,2048,4092,7.9823588868118005,1.4334718093912316e-05,-0.007048485913613118,-0.015394453354035447,True
1542,10.094927465212095,2048,4092,7.982358785506966,1.4340530448434631e-05,-0.007093394709907945,-0.01543132747744438,True
1543,10.17290521789755,2048,4092,7.982358681940189,1.4346183409748729e-05,-0.007137157976210376,-0.01547092941309275,True
1544,10.251662999879954,2048,4092,7.982358576391166,1.4351676653702691e-05,-0.007179692983056359,-0.015513192679377485,True
1545,10.331208135377892,2048,4092,7.982358469132816,1.4357009881809036e-05,-0.007220918731074404,-0.015558046712894447,True
1546,10.411548864137785,2048,4092,8.11310422023317,1.4362182951707131e-05,-0.007260757091639925,-0.015605417933172534,True
1547,10.492692968141455,2048,4092,8.113104121468107,1.4367195785679005e-05,-0.007299132223978848,-0.015655229094708872,True
1548,10.574648687135777,2048,4092,8.11310402174307,1.4368755094844343e-05,-0.007335971189631559,-0.015707399941004282,True
1549,10.657423803102574,1922,3840,8.346054652939577,1.6825699663958764e-05,-0.007371203627302117,-0.015761846717605884,True
1550,10.741026555788267,1922,3840,8.346054541062545,1.6831036228098282e-05,-0.0074047623077399425,-0.01581848287136722,True
1551,10.825465642702056,1922,3840,8.346054428597174,1.6836186761058535e-05,-0.007436583212537975,-0.015877219216100635,True
1552,10.91074884582713,1922,3840,8.346054315717273,1.6841151835778844e-05,-0.0074666051313691615,-0.015937963094880967,True
1553,10.996884862672687,1922,3840,8.346054202574908,1.6845932209219976e-05,-0.007494770477422558,-0.016000619784685473,True
1554,11.08388239074884,1922,3840,8.46819272228267,1.6850528765973792e-05,-0.007521025005552625,-0.016065091987700637,True
1555,11.171750127565247,1922,3840,8.468192622887134,1.6854942520704856e-05,-0.007545317902143529,-0.016131279930572645,True
1556,11.260496312868327,1922,3840,8.468192523597084,1.6859174598991666e-05,-0.0075676017798463014,-0.01619908113423419,True
1557,11.350130101930517,1922,3840,8.468192424543703,1.6859381783784785e-05,-0.007587833139076733,-0.016268391602398555,True
1558,11.44066019226284,1922,3840,8.346054072131208,1.6863265773841927e-05,-0.007605972088304197,-0.01633910491194372,True
1559,11.53209573913773,1922,3840,8.346053954290259,1.6866972685498482e-05,-0.007621982641543475,-0.016411113047193875,True
1560,11.624445440065301,1922,3840,8.468192506485927,1.6870504330490363e-05,-0.007635832623668612,-0.016484305816552663,True
1561,11.717718450319353,1922,3840,8.468192403784572,1.6873862680381336e-05,-0.007647493912207586,-0.016558571697346498,True
1562,11.811924382936468,1922,3840,8.468192301558766,1.68770498622401e-05,-0.007656942456534559,-0.01663379796092039,True
1563,11.907072393190447,1922,3840,8.468192199881592,1.6880068126298207e-05,-0.007664158244672313,-0.016709870064681543,True
1636,19.971227208864093,1568,3132,9.289992409657552,2.7973983961525263e-05,-0.006226450234728036,-0.01913490701915188,True
1856,49.973613530885814,968,1932,11.748823723102515,9.242987880186988e-05,-0.013494115128427018,-0.02577064818933493,True
