snapshot_index,field,reference,matched,centroid_max_abs_diff,gradient_q95_abs_diff,fraction_abs_diff,active_points,largest_component_points
0,Rstar,HF1R,True,1.3234889800848443e-23,4.440892098500626e-16,0.0,97,63
0,Estar,HF1R,True,1.1102230246251565e-16,0.0,0.0,97,36
0,Bstar,HF1R,True,2.7755575615628914e-17,2.220446049250313e-16,5.551115123125783e-17,97,37
1,Rstar,HF1R,True,1.1102230246251565e-16,0.0,0.0,97,63
1,Estar,HF1R,True,5.551115123125783e-17,4.440892098500626e-16,0.0,97,36
1,Bstar,HF1R,True,8.326672684688674e-17,0.0,5.551115123125783e-17,97,37
2,Rstar,HF1R,True,1.1102230246251565e-16,0.0,0.0,97,63
2,Estar,HF1R,True,2.220446049250313e-16,0.0,0.0,97,36
2,Bstar,HF1R,True,1.1102230246251565e-16,0.0,5.551115123125783e-17,97,37
3,Rstar,HF1R,True,0.0,0.0,0.0,97,63
3,Estar,HF1R,True,8.673617379884035e-17,0.0,0.0,97,36
3,Bstar,HF1R,True,8.326672684688674e-17,0.0,5.551115123125783e-17,97,37
4,Rstar,HF1R,True,1.1102230246251565e-16,0.0,0.0,97,61
4,Estar,HF1R,True,1.1102230246251565e-16,4.440892098500626e-16,0.0,97,36
4,Bstar,HF1R,True,1.1102230246251565e-16,2.220446049250313e-16,5.551115123125783e-17,97,37
5,Rstar,HF1R,True,5.551115123125783e-17,0.0,0.0,97,61
5,Estar,HF1R,True,9.71445146547012e-17,0.0,0.0,97,36
5,Bstar,HF1R,True,8.326672684688674e-17,0.0,5.551115123125783e-17,97,37
6,Rstar,HF1R,True,0.0,0.0,0.0,97,61
6,Estar,HF1R,True,8.673617379884035e-17,1.3322676295501878e-15,0.0,97,36
6,Bstar,HF1R,True,8.326672684688674e-17,0.0,5.551115123125783e-17,97,37
7,Rstar,HF1R,True,1.1102230246251565e-16,0.0,0.0,97,61
7,Estar,HF1R,True,1.1102230246251565e-16,0.0,0.0,97,51
7,Bstar,HF1R,True,1.1102230246251565e-16,0.0,5.551115123125783e-17,97,37
8,Rstar,HF1R,True,5.551115123125783e-17,0.0,0.0,97,61
8,Estar,HF1R,True,1.1102230246251565e-16,4.440892098500626e-16,0.0,97,51
8,Bstar,HF1R,True,4.163336342344337e-17,0.0,5.551115123125783e-17,97,37
9,Rstar,HF1R,True,1.1102230246251565e-16,0.0,0.0,97,59
9,Estar,HF1R,True,6.245004513516506e-17,0.0,5.551115123125783e-17,97,37
9,Bstar,HF1R,True,3.3306690738754696e-16,0.0,5.551115123125783e-17,97,37
10,Rstar,HF1R,True,1.1102230246251565e-16,0.0,0.0,97,59
10,Estar,HF1R,True,2.1250362580715887e-17,0.0,5.551115123125783e-17,97,37
10,Bstar,HF1R,True,1.1102230246251565e-16,0.0,5.551115123125783e-17,97,37
11,Rstar,HF1R,True,1.3234889800848443e-23,0.0,0.0,97,59
11,Estar,HF1R,True,1.1102230246251565e-16,8.881784197001252e-16,5.551115123125783e-17,97,37
11,Bstar,HF1R,True,1.1102230246251565e-16,2.220446049250313e-16,5.551115123125783e-17,97,37
12,Rstar,HF1R,True,1.1102230246251565e-16,0.0,0.0,97,59
12,Estar,HF1R,True,2.7755575615628914e-17,8.881784197001252e-16,0.0,97,65
12,Bstar,HF1R,True,6.938893903907228e-17,0.0,5.551115123125783e-17,97,37
13,Rstar,HF1R,True,5.551115123125783e-17,0.0,0.0,97,57
13,Estar,HF1R,True,2.7755575615628914e-17,4.440892098500626e-16,0.0,97,65
13,Bstar,HF1R,True,5.551115123125783e-17,2.220446049250313e-16,5.551115123125783e-17,97,37
14,Rstar,HF1R,True,1.1102230246251565e-16,4.440892098500626e-16,0.0,97,58
14,Estar,HF1R,True,1.1102230246251565e-16,0.0,0.0,97,65
14,Bstar,HF1R,True,1.1102230246251565e-16,2.220446049250313e-16,5.551115123125783e-17,97,37
15,Rstar,HF1R,True,4.597017211338539e-17,4.440892098500626e-16,0.0,97,58
15,Estar,HF1R,True,1.1102230246251565e-16,0.0,0.0,97,65
15,Bstar,HF1R,True,2.220446049250313e-16,0.0,5.551115123125783e-17,97,37
16,Rstar,HF1R,True,4.9439619065339e-17,0.0,0.0,97,58
16,Estar,HF1R,True,2.7755575615628914e-17,8.881784197001252e-16,0.0,97,65
16,Bstar,HF1R,True,4.163336342344337e-17,2.220446049250313e-16,5.551115123125783e-17,97,37
17,Rstar,HF1R,True,1.1102230246251565e-16,4.440892098500626e-16,0.0,97,54
17,Estar,HF1R,True,1.1102230246251565e-16,8.881784197001252e-16,0.0,97,65
17,Bstar,HF1R,True,2.7755575615628914e-17,2.220446049250313e-16,5.551115123125783e-17,97,37
18,Rstar,HF1R,True,9.020562075079397e-17,0.0,0.0,97,54
18,Estar,HF1R,True,5.551115123125783e-17,0.0,0.0,97,65
18,Bstar,HF1R,True,4.163336342344337e-17,2.220446049250313e-16,5.551115123125783e-17,97,37
19,Rstar,HF1R,True,1.1102230246251565e-16,4.440892098500626e-16,0.0,97,51
19,Estar,HF1R,True,2.7755575615628914e-17,4.440892098500626e-16,0.0,97,65
19,Bstar,HF1R,True,2.220446049250313e-16,0.0,5.551115123125783e-17,97,37
20,Rstar,HF1R,True,1.1102230246251565e-16,0.0,0.0,97,51
20,Estar,HF1R,True,1.1102230246251565e-16,0.0,0.0,97,65
20,Bstar,HF1R,True,8.760353553682876e-17,0.0,0.0,97,38
21,Rstar,HF1R,True,1.1102230246251565e-16,0.0,0.0,97,51
21,Estar,HF1R,True,1.3234889800848443e-23,0.0,0.0,97,65
21,Bstar,HF1R,True,9.627715291671279e-17,0.0,0.0,97,38
22,Rstar,HF1R,True,1.1102230246251565e-16,0.0,0.0,97,51
22,Estar,HF1R,True,8.326672684688674e-17,0.0,0.0,97,65
22,Bstar,HF1R,True,1.3234889800848443e-23,0.0,0.0,97,39
23,Rstar,HF1R,True,1.1102230246251565e-16,0.0,0.0,97,51
23,Estar,HF1R,True,1.1102230246251565e-16,0.0,0.0,97,65
23,Bstar,HF1R,True,1.1102230246251565e-16,2.220446049250313e-16,0.0,97,39
24,Rstar,HF1R,True,1.1102230246251565e-16,0.0,0.0,97,51
24,Estar,HF1R,True,2.7755575615628914e-17,0.0,0.0,97,65
24,Bstar,HF1R,True,5.551115123125783e-17,0.0,0.0,97,39
25,Rstar,HF1R,True,1.1102230246251565e-16,0.0,0.0,97,51
25,Estar,HF1R,True,1.1102230246251565e-16,8.881784197001252e-16,0.0,97,65
25,Bstar,HF1R,True,1.1102230246251565e-16,0.0,0.0,97,39
26,Rstar,HF1R,True,1.1102230246251565e-16,0.0,0.0,97,51
26,Estar,HF1R,True,1.1102230246251565e-16,4.440892098500626e-16,0.0,97,67
26,Bstar,HF1R,True,5.551115123125783e-17,0.0,0.0,97,39
27,Rstar,HF1R,True,1.1102230246251565e-16,0.0,0.0,97,51
27,Estar,HF1R,True,1.1102230246251565e-16,0.0,0.0,97,67
27,Bstar,HF1R,True,2.220446049250313e-16,2.220446049250313e-16,0.0,97,39
28,Rstar,HF1R,True,1.1102230246251565e-16,0.0,0.0,97,51
28,Estar,HF1R,True,0.0,4.440892098500626e-16,0.0,97,67
28,Bstar,HF1R,True,1.1102230246251565e-16,4.440892098500626e-16,0.0,97,39
29,Rstar,HF1R,True,0.0,0.0,0.0,97,51
29,Estar,HF1R,True,8.326672684688674e-17,0.0,0.0,97,67
29,Bstar,HF1R,True,6.938893903907228e-17,2.220446049250313e-16,0.0,97,39
30,Rstar,HF1R,True,1.1102230246251565e-16,4.440892098500626e-16,0.0,97,51
30,Estar,HF1R,True,5.551115123125783e-17,0.0,0.0,97,69
30,Bstar,HF1R,True,8.326672684688674e-17,4.440892098500626e-16,5.551115123125783e-17,97,40
31,Rstar,HF1R,True,5.551115123125783e-17,0.0,0.0,97,50
31,Estar,HF1R,True,8.326672684688674e-17,4.440892098500626e-16,0.0,97,69
31,Bstar,HF1R,True,8.326672684688674e-17,0.0,0.0,97,42
32,Rstar,HF1R,True,6.418476861114186e-17,0.0,0.0,97,50
32,Estar,HF1R,True,0.0,0.0,0.0,97,69
32,Bstar,HF1R,True,2.7755575615628914e-17,4.440892098500626e-16,0.0,97,42
33,Rstar,HF1R,True,6.938893903907228e-18,0.0,0.0,97,50
33,Estar,HF1R,True,5.551115123125783e-17,0.0,0.0,97,69
33,Bstar,HF1R,True,0.0,2.220446049250313e-16,0.0,97,42
34,Rstar,HF1R,True,1.1102230246251565e-16,4.440892098500626e-16,0.0,97,50
34,Estar,HF1R,True,1.3234889800848443e-23,0.0,0.0,97,69
34,Bstar,HF1R,True,1.1102230246251565e-16,0.0,0.0,97,42
35,Rstar,HF1R,True,2.949029909160572e-17,0.0,0.0,97,50
35,Estar,HF1R,True,1.1102230246251565e-16,0.0,0.0,97,69
35,Bstar,HF1R,True,1.1102230246251565e-16,0.0,0.0,97,42
36,Rstar,HF1R,True,5.551115123125783e-17,4.440892098500626e-16,0.0,97,50
36,Estar,HF1R,True,0.0,8.881784197001252e-16,0.0,97,71
36,Bstar,HF1R,True,2.7755575615628914e-17,0.0,0.0,97,42
37,Rstar,HF1R,True,5.551115123125783e-17,4.440892098500626e-16,0.0,97,50
37,Estar,HF1R,True,1.1102230246251565e-16,0.0,0.0,97,71
37,Bstar,HF1R,True,1.1102230246251565e-16,2.220446049250313e-16,0.0,97,42
38,Rstar,HF1R,True,5.551115123125783e-17,0.0,0.0,97,49
38,Estar,HF1R,True,1.3234889800848443e-23,8.881784197001252e-16,0.0,97,71
38,Bstar,HF1R,True,8.326672684688674e-17,2.220446049250313e-16,0.0,97,42
39,Rstar,HF1R,True,1.1102230246251565e-16,0.0,0.0,97,49
39,Estar,HF1R,True,1.1102230246251565e-16,0.0,0.0,97,73
39,Bstar,HF1R,True,1.1102230246251565e-16,2.220446049250313e-16,0.0,97,42
40,Rstar,HF1R,True,5.551115123125783e-17,0.0,0.0,97,49
40,Estar,HF1R,True,1.1102230246251565e-16,0.0,0.0,97,73
40,Bstar,HF1R,True,2.7755575615628914e-17,0.0,0.0,97,42
41,Rstar,HF1R,True,5.551115123125783e-17,0.0,0.0,97,49
41,Estar,HF1R,True,1.1102230246251565e-16,0.0,0.0,97,73
41,Bstar,HF1R,True,1.1102230246251565e-16,2.220446049250313e-16,0.0,97,42
42,Rstar,HF1R,True,1.1102230246251565e-16,4.440892098500626e-16,0.0,97,50
42,Estar,HF1R,True,1.1102230246251565e-16,0.0,0.0,97,73
42,Bstar,HF1R,True,1.3234889800848443e-23,2.220446049250313e-16,0.0,97,42
43,Rstar,HF1R,True,1.1102230246251565e-16,4.440892098500626e-16,0.0,97,49
43,Estar,HF1R,True,1.1102230246251565e-16,0.0,0.0,97,73
43,Bstar,HF1R,True,1.1102230246251565e-16,6.661338147750939e-16,0.0,97,42
44,Rstar,HF1R,True,1.1102230246251565e-16,0.0,0.0,97,49
44,Estar,HF1R,True,0.0,0.0,0.0,97,73
44,Bstar,HF1R,True,1.1102230246251565e-16,0.0,0.0,97,42
45,Rstar,HF1R,True,1.1102230246251565e-16,0.0,0.0,97,49
45,Estar,HF1R,True,5.551115123125783e-17,0.0,0.0,97,73
45,Bstar,HF1R,True,2.220446049250313e-16,2.220446049250313e-16,0.0,97,42
46,Rstar,HF1R,True,1.1102230246251565e-16,0.0,0.0,97,49
46,Estar,HF1R,True,5.551115123125783e-17,0.0,0.0,97,73
46,Bstar,HF1R,True,1.1102230246251565e-16,2.220446049250313e-16,0.0,97,42
47,Rstar,HF1R,True,1.1102230246251565e-16,0.0,0.0,97,49
47,Estar,HF1R,True,5.551115123125783e-17,0.0,0.0,97,73
47,Bstar,HF1R,True,1.1102230246251565e-16,2.220446049250313e-16,0.0,97,42
48,Rstar,HF1R,True,1.1102230246251565e-16,0.0,0.0,97,49
48,Estar,HF1R,True,8.326672684688674e-17,0.0,0.0,97,73
48,Bstar,HF1R,True,1.1102230246251565e-16,0.0,0.0,97,42
49,Rstar,HF1R,True,1.1102230246251565e-16,0.0,0.0,97,49
49,Estar,HF1R,True,2.7755575615628914e-17,0.0,0.0,97,73
49,Bstar,HF1R,True,2.220446049250313e-16,2.220446049250313e-16,0.0,97,42
50,Rstar,HF1R,True,1.3234889800848443e-23,0.0,0.0,97,49
50,Estar,HF1R,True,8.326672684688674e-17,0.0,0.0,97,73
50,Bstar,HF1R,True,2.7755575615628914e-17,0.0,0.0,97,42
51,Rstar,HF1R,True,1.1102230246251565e-16,0.0,0.0,97,49
51,Estar,HF1R,True,8.326672684688674e-17,0.0,0.0,97,73
51,Bstar,HF1R,True,0.0,0.0,0.0,97,42
52,Rstar,HF1R,True,5.551115123125783e-17,0.0,0.0,97,49
52,Estar,HF1R,True,1.1102230246251565e-16,0.0,0.0,97,74
52,Bstar,HF1R,True,0.0,0.0,0.0,97,42
53,Rstar,HF1R,True,5.551115123125783e-17,8.881784197001252e-16,0.0,97,49
53,Estar,HF1R,True,4.163336342344337e-17,0.0,0.0,97,74
53,Bstar,HF1R,True,1.1102230246251565e-16,0.0,0.0,97,42
54,Rstar,HF1R,True,1.1102230246251565e-16,4.440892098500626e-16,0.0,97,48
54,Estar,HF1R,True,1.1102230246251565e-16,8.881784197001252e-16,0.0,97,74
54,Bstar,HF1R,True,2.7755575615628914e-17,0.0,0.0,97,42
55,Rstar,HF1R,True,1.1102230246251565e-16,4.440892098500626e-16,0.0,97,49
55,Estar,HF1R,True,5.551115123125783e-17,0.0,0.0,97,75
55,Bstar,HF1R,True,0.0,0.0,0.0,97,42
56,Rstar,HF1R,True,1.1102230246251565e-16,0.0,0.0,97,49
56,Estar,HF1R,True,1.1102230246251565e-16,0.0,0.0,97,77
56,Bstar,HF1R,True,2.220446049250313e-16,2.220446049250313e-16,0.0,97,42
57,Rstar,HF1R,True,1.1102230246251565e-16,0.0,0.0,97,49
57,Estar,HF1R,True,5.551115123125783e-17,0.0,0.0,97,78
57,Bstar,HF1R,True,1.1102230246251565e-16,4.440892098500626e-16,0.0,97,42
58,Rstar,HF1R,True,1.1102230246251565e-16,4.440892098500626e-16,0.0,97,49
58,Estar,HF1R,True,7.979727989493313e-17,0.0,0.0,97,78
58,Bstar,HF1R,True,5.551115123125783e-17,0.0,0.0,97,42
59,Rstar,HF1R,True,1.1102230246251565e-16,0.0,0.0,97,49
59,Estar,HF1R,True,7.979727989493313e-17,0.0,0.0,97,78
59,Bstar,HF1R,True,1.1102230246251565e-16,0.0,0.0,97,42
60,Rstar,HF1R,True,0.0,4.440892098500626e-16,0.0,97,49
60,Estar,HF1R,True,7.112366251504909e-17,0.0,0.0,97,78
60,Bstar,HF1R,True,1.1102230246251565e-16,0.0,0.0,97,42
61,Rstar,HF1R,True,5.551115123125783e-17,8.881784197001252e-16,0.0,97,49
61,Estar,HF1R,True,3.3306690738754696e-16,0.0,0.0,97,78
61,Bstar,HF1R,True,1.3234889800848443e-23,0.0,0.0,97,42
62,Rstar,HF1R,True,5.551115123125783e-17,0.0,0.0,97,49
62,Estar,HF1R,True,1.3234889800848443e-23,0.0,0.0,97,79
62,Bstar,HF1R,True,5.551115123125783e-17,0.0,0.0,97,42
63,Rstar,HF1R,True,1.3234889800848443e-23,0.0,0.0,97,49
63,Estar,HF1R,True,1.1102230246251565e-16,0.0,0.0,97,80
63,Bstar,HF1R,True,1.1102230246251565e-16,2.220446049250313e-16,0.0,97,42
64,Rstar,HF1R,True,1.1102230246251565e-16,0.0,0.0,97,49
64,Estar,HF1R,True,8.326672684688674e-17,0.0,0.0,97,79
64,Bstar,HF1R,True,1.1102230246251565e-16,2.220446049250313e-16,0.0,97,42
65,Rstar,HF1R,True,1.1102230246251565e-16,0.0,0.0,97,49
65,Estar,HF1R,True,1.0408340855860843e-17,0.0,0.0,97,80
65,Bstar,HF1R,True,5.551115123125783e-17,0.0,0.0,97,42
66,Rstar,HF1R,True,1.1102230246251565e-16,8.881784197001252e-16,0.0,97,49
66,Estar,HF1R,True,0.0,0.0,0.0,97,81
66,Bstar,HF1R,True,2.7755575615628914e-17,0.0,0.0,97,44
67,Rstar,HF1R,True,1.1102230246251565e-16,4.440892098500626e-16,0.0,97,48
67,Estar,HF1R,True,1.1102230246251565e-16,0.0,0.0,97,82
67,Bstar,HF1R,True,5.551115123125783e-17,0.0,0.0,97,44
68,Rstar,HF1R,True,8.326672684688674e-17,0.0,0.0,97,49
68,Estar,HF1R,True,9.194034422677078e-17,0.0,0.0,97,82
68,Bstar,HF1R,True,5.551115123125783e-17,0.0,0.0,97,42
69,Rstar,HF1R,True,0.0,4.440892098500626e-16,0.0,97,49
69,Estar,HF1R,True,1.1102230246251565e-16,0.0,0.0,97,82
69,Bstar,HF1R,True,0.0,0.0,0.0,97,42
70,Rstar,HF1R,True,2.7755575615628914e-17,0.0,0.0,97,49
70,Estar,HF1R,True,3.3306690738754696e-16,8.881784197001252e-16,0.0,97,82
70,Bstar,HF1R,True,1.1102230246251565e-16,0.0,5.551115123125783e-17,97,43
71,Rstar,HF1R,True,2.7755575615628914e-17,0.0,0.0,97,47
71,Estar,HF1R,True,8.673617379884035e-19,0.0,0.0,97,82
71,Bstar,HF1R,True,1.1102230246251565e-16,2.220446049250313e-16,5.551115123125783e-17,97,43
72,Rstar,HF1R,True,9.367506770274758e-17,0.0,0.0,97,46
72,Estar,HF1R,True,2.7755575615628914e-17,0.0,0.0,97,81
72,Bstar,HF1R,True,1.1102230246251565e-16,0.0,5.551115123125783e-17,97,43
73,Rstar,HF1R,True,5.551115123125783e-17,0.0,0.0,97,45
73,Estar,HF1R,True,8.326672684688674e-17,0.0,0.0,97,81
73,Bstar,HF1R,True,8.326672684688674e-17,0.0,5.551115123125783e-17,97,43
74,Rstar,HF1R,True,2.7755575615628914e-17,0.0,0.0,97,44
74,Estar,HF1R,True,1.1102230246251565e-16,0.0,0.0,97,80
74,Bstar,HF1R,True,1.1102230246251565e-16,0.0,5.551115123125783e-17,97,43
75,Rstar,HF1R,True,2.7755575615628914e-17,4.440892098500626e-16,0.0,97,42
75,Estar,HF1R,True,6.852157730108388e-17,0.0,0.0,97,80
75,Bstar,HF1R,True,2.220446049250313e-16,2.220446049250313e-16,5.551115123125783e-17,97,43
76,Rstar,HF1R,True,8.326672684688674e-17,0.0,0.0,97,44
76,Estar,HF1R,True,2.7755575615628914e-17,0.0,0.0,97,81
76,Bstar,HF1R,True,2.7755575615628914e-17,0.0,0.0,97,44
77,Rstar,HF1R,True,1.1102230246251565e-16,4.440892098500626e-16,0.0,97,42
77,Estar,HF1R,True,1.1102230246251565e-16,0.0,0.0,97,81
77,Bstar,HF1R,True,1.1102230246251565e-16,0.0,0.0,97,44
78,Rstar,HF1R,True,5.551115123125783e-17,0.0,0.0,97,42
78,Estar,HF1R,True,1.3234889800848443e-23,8.881784197001252e-16,0.0,97,81
78,Bstar,HF1R,True,1.1102230246251565e-16,0.0,0.0,97,45
79,Rstar,HF1R,True,1.3234889800848443e-23,0.0,5.551115123125783e-17,97,40
79,Estar,HF1R,True,1.1102230246251565e-16,0.0,0.0,97,81
79,Bstar,HF1R,True,1.1102230246251565e-16,2.220446049250313e-16,0.0,97,46
80,Rstar,HF1R,True,1.1102230246251565e-16,4.440892098500626e-16,5.551115123125783e-17,97,40
80,Estar,HF1R,True,1.1102230246251565e-16,0.0,0.0,97,81
80,Bstar,HF1R,True,1.1102230246251565e-16,0.0,0.0,97,46
81,Rstar,HF1R,True,1.1102230246251565e-16,0.0,5.551115123125783e-17,97,37
81,Estar,HF1R,True,1.1102230246251565e-16,0.0,0.0,97,81
81,Bstar,HF1R,True,1.1102230246251565e-16,0.0,0.0,97,46
82,Rstar,HF1R,True,2.7755575615628914e-17,0.0,5.551115123125783e-17,97,37
82,Estar,HF1R,True,1.1102230246251565e-16,0.0,0.0,97,82
82,Bstar,HF1R,True,0.0,0.0,0.0,97,46
83,Rstar,HF1R,True,1.3234889800848443e-23,0.0,5.551115123125783e-17,97,37
83,Estar,HF1R,True,1.734723475976807e-18,0.0,0.0,97,82
83,Bstar,HF1R,True,5.551115123125783e-17,0.0,0.0,97,46
84,Rstar,HF1R,True,1.1102230246251565e-16,0.0,5.551115123125783e-17,97,37
84,Estar,HF1R,True,5.551115123125783e-17,0.0,0.0,97,82
84,Bstar,HF1R,True,0.0,0.0,0.0,97,46
85,Rstar,HF1R,True,1.1102230246251565e-16,4.440892098500626e-16,5.551115123125783e-17,97,37
85,Estar,HF1R,True,5.551115123125783e-17,0.0,0.0,97,83
85,Bstar,HF1R,True,1.1102230246251565e-16,0.0,0.0,97,46
86,Rstar,HF1R,True,1.1102230246251565e-16,0.0,5.551115123125783e-17,97,37
86,Estar,HF1R,True,1.1102230246251565e-16,0.0,0.0,97,83
86,Bstar,HF1R,True,1.1102230246251565e-16,4.440892098500626e-16,0.0,97,46
87,Rstar,HF1R,True,4.85722573273506e-17,0.0,5.551115123125783e-17,97,37
87,Estar,HF1R,True,1.1102230246251565e-16,0.0,0.0,97,83
87,Bstar,HF1R,True,3.3306690738754696e-16,0.0,0.0,97,46
88,Rstar,HF1R,True,5.551115123125783e-17,4.440892098500626e-16,5.551115123125783e-17,97,37
88,Estar,HF1R,True,1.1102230246251565e-16,0.0,0.0,97,82
88,Bstar,HF1R,True,5.551115123125783e-17,0.0,0.0,97,46
89,Rstar,HF1R,True,5.551115123125783e-17,0.0,5.551115123125783e-17,97,37
89,Estar,HF1R,True,1.3877787807814457e-16,0.0,0.0,97,82
89,Bstar,HF1R,True,1.1102230246251565e-16,2.220446049250313e-16,0.0,97,46
90,Rstar,HF1R,True,1.1102230246251565e-16,0.0,0.0,97,38
90,Estar,HF1R,True,1.1102230246251565e-16,0.0,0.0,97,82
90,Bstar,HF1R,True,2.7755575615628914e-17,0.0,0.0,97,46
91,Rstar,HF1R,True,1.1102230246251565e-16,0.0,0.0,97,38
91,Estar,HF1R,True,1.1102230246251565e-16,0.0,0.0,97,82
91,Bstar,HF1R,True,1.1102230246251565e-16,0.0,0.0,97,46
92,Rstar,HF1R,True,1.1102230246251565e-16,4.440892098500626e-16,5.551115123125783e-17,97,40
92,Estar,HF1R,True,1.1102230246251565e-16,8.881784197001252e-16,0.0,97,82
92,Bstar,HF1R,True,5.551115123125783e-17,0.0,0.0,97,46
93,Rstar,HF1R,True,1.1102230246251565e-16,0.0,5.551115123125783e-17,97,40
93,Estar,HF1R,True,1.1102230246251565e-16,0.0,0.0,97,82
93,Bstar,HF1R,True,2.7755575615628914e-17,2.220446049250313e-16,0.0,97,46
94,Rstar,HF1R,True,4.85722573273506e-17,4.440892098500626e-16,5.551115123125783e-17,97,40
94,Estar,HF1R,True,1.1102230246251565e-16,0.0,0.0,97,82
94,Bstar,HF1R,True,2.220446049250313e-16,0.0,0.0,97,46
95,Rstar,HF1R,True,1.1102230246251565e-16,0.0,5.551115123125783e-17,97,40
95,Estar,HF1R,True,1.1102230246251565e-16,0.0,0.0,97,82
95,Bstar,HF1R,True,5.551115123125783e-17,2.220446049250313e-16,0.0,97,46
96,Rstar,HF1R,True,1.1102230246251565e-16,0.0,5.551115123125783e-17,97,40
96,Estar,HF1R,True,1.1102230246251565e-16,0.0,0.0,97,82
96,Bstar,HF1R,True,2.220446049250313e-16,0.0,0.0,97,46
97,Rstar,HF1R,True,1.1102230246251565e-16,4.440892098500626e-16,5.551115123125783e-17,97,40
97,Estar,HF1R,True,8.326672684688674e-17,0.0,0.0,97,82
97,Bstar,HF1R,True,1.1102230246251565e-16,0.0,0.0,97,47
98,Rstar,HF1R,True,2.220446049250313e-16,0.0,5.551115123125783e-17,97,40
98,Estar,HF1R,True,8.326672684688674e-17,0.0,0.0,97,82
98,Bstar,HF1R,True,5.551115123125783e-17,2.220446049250313e-16,0.0,97,47
99,Rstar,HF1R,True,3.3306690738754696e-16,4.440892098500626e-16,0.0,97,38
99,Estar,HF1R,True,1.1102230246251565e-16,0.0,0.0,97,82
99,Bstar,HF1R,True,2.7755575615628914e-17,0.0,0.0,97,49
100,Rstar,HF1R,True,7.632783294297951e-17,0.0,0.0,97,38
100,Estar,HF1R,True,1.1102230246251565e-16,0.0,0.0,97,82
100,Bstar,HF1R,True,1.1102230246251565e-16,0.0,0.0,97,49
101,Rstar,HF1R,True,4.163336342344337e-17,0.0,0.0,97,38
101,Estar,HF1R,True,5.551115123125783e-17,0.0,0.0,97,82
101,Bstar,HF1R,True,1.1102230246251565e-16,2.220446049250313e-16,0.0,97,49
102,Rstar,HF1R,True,9.020562075079397e-17,0.0,0.0,97,38
102,Estar,HF1R,True,1.1102230246251565e-16,0.0,0.0,97,82
102,Bstar,HF1R,True,1.1102230246251565e-16,0.0,0.0,97,49
103,Rstar,HF1R,True,1.1102230246251565e-16,0.0,0.0,97,39
103,Estar,HF1R,True,2.7755575615628914e-17,8.881784197001252e-16,0.0,97,84
103,Bstar,HF1R,True,1.1102230246251565e-16,0.0,0.0,97,49
104,Rstar,HF1R,True,8.326672684688674e-17,4.440892098500626e-16,0.0,97,39
104,Estar,HF1R,True,2.7755575615628914e-17,0.0,0.0,97,84
104,Bstar,HF1R,True,1.3234889800848443e-23,0.0,0.0,97,49
105,Rstar,HF1R,True,2.7755575615628914e-17,0.0,0.0,97,54
105,Estar,HF1R,True,8.326672684688674e-17,0.0,0.0,97,84
105,Bstar,HF1R,True,2.7755575615628914e-17,2.220446049250313e-16,0.0,97,49
106,Rstar,HF1R,True,2.7755575615628914e-17,0.0,0.0,97,54
106,Estar,HF1R,True,1.1102230246251565e-16,0.0,0.0,97,84
106,Bstar,HF1R,True,1.1102230246251565e-16,2.220446049250313e-16,0.0,97,49
107,Rstar,HF1R,True,5.551115123125783e-17,0.0,0.0,97,54
107,Estar,HF1R,True,1.1102230246251565e-16,8.881784197001252e-16,0.0,97,84
107,Bstar,HF1R,True,1.1102230246251565e-16,0.0,0.0,97,49
108,Rstar,HF1R,True,5.551115123125783e-17,4.440892098500626e-16,0.0,97,54
108,Estar,HF1R,True,1.1102230246251565e-16,0.0,0.0,97,84
108,Bstar,HF1R,True,5.551115123125783e-17,2.220446049250313e-16,0.0,97,49
109,Rstar,HF1R,True,1.1102230246251565e-16,0.0,0.0,97,54
109,Estar,HF1R,True,5.551115123125783e-17,0.0,0.0,97,84
109,Bstar,HF1R,True,1.1102230246251565e-16,0.0,0.0,97,49
110,Rstar,HF1R,True,1.1102230246251565e-16,0.0,0.0,97,54
110,Estar,HF1R,True,2.7755575615628914e-17,0.0,0.0,97,84
110,Bstar,HF1R,True,1.1102230246251565e-16,0.0,0.0,97,49
111,Rstar,HF1R,True,8.326672684688674e-17,0.0,0.0,97,67
111,Estar,HF1R,True,0.0,0.0,0.0,97,84
111,Bstar,HF1R,True,1.1102230246251565e-16,0.0,0.0,97,49
112,Rstar,HF1R,True,1.1102230246251565e-16,0.0,0.0,97,68
112,Estar,HF1R,True,1.1102230246251565e-16,0.0,0.0,97,84
112,Bstar,HF1R,True,1.1102230246251565e-16,2.220446049250313e-16,0.0,97,49
113,Rstar,HF1R,True,1.1102230246251565e-16,4.440892098500626e-16,0.0,97,69
113,Estar,HF1R,True,1.1102230246251565e-16,0.0,0.0,97,84
113,Bstar,HF1R,True,0.0,0.0,0.0,97,49
114,Rstar,HF1R,True,1.1102230246251565e-16,0.0,0.0,97,69
114,Estar,HF1R,True,1.3234889800848443e-23,8.881784197001252e-16,0.0,97,84
114,Bstar,HF1R,True,2.220446049250313e-16,0.0,0.0,97,51
115,Rstar,HF1R,True,5.551115123125783e-17,0.0,0.0,97,69
115,Estar,HF1R,True,1.1102230246251565e-16,0.0,0.0,97,84
115,Bstar,HF1R,True,2.7755575615628914e-17,0.0,0.0,97,51
116,Rstar,HF1R,True,2.7755575615628914e-17,0.0,0.0,97,69
116,Estar,HF1R,True,1.1102230246251565e-16,8.881784197001252e-16,0.0,97,84
116,Bstar,HF1R,True,1.1102230246251565e-16,4.440892098500626e-16,0.0,97,51
117,Rstar,HF1R,True,1.1102230246251565e-16,4.440892098500626e-16,0.0,97,69
117,Estar,HF1R,True,5.551115123125783e-17,0.0,0.0,97,84
117,Bstar,HF1R,True,1.1102230246251565e-16,0.0,0.0,97,51
118,Rstar,HF1R,True,1.1102230246251565e-16,0.0,0.0,97,69
118,Estar,HF1R,True,0.0,0.0,0.0,97,84
118,Bstar,HF1R,True,1.1102230246251565e-16,0.0,0.0,97,51
119,Rstar,HF1R,True,1.1102230246251565e-16,0.0,0.0,97,69
119,Estar,HF1R,True,1.1102230246251565e-16,0.0,0.0,97,84
119,Bstar,HF1R,True,1.1102230246251565e-16,0.0,0.0,97,51
120,Rstar,HF1R,True,7.632783294297951e-17,0.0,0.0,97,69
120,Estar,HF1R,True,0.0,0.0,0.0,97,84
120,Bstar,HF1R,True,1.1102230246251565e-16,0.0,0.0,97,51
121,Rstar,HF1R,True,1.1102230246251565e-16,0.0,0.0,97,69
121,Estar,HF1R,True,1.1102230246251565e-16,0.0,0.0,97,84
121,Bstar,HF1R,True,1.1102230246251565e-16,0.0,0.0,97,51
122,Rstar,HF1R,True,9.367506770274758e-17,0.0,0.0,97,69
122,Estar,HF1R,True,5.551115123125783e-17,0.0,0.0,97,84
122,Bstar,HF1R,True,2.7755575615628914e-17,0.0,0.0,97,51
123,Rstar,HF1R,True,2.7755575615628914e-17,1.3322676295501878e-15,0.0,97,69
123,Estar,HF1R,True,1.1102230246251565e-16,0.0,0.0,97,84
123,Bstar,HF1R,True,1.1102230246251565e-16,0.0,0.0,97,51
124,Rstar,HF1R,True,8.326672684688674e-17,0.0,0.0,97,69
124,Estar,HF1R,True,5.551115123125783e-17,0.0,0.0,97,84
124,Bstar,HF1R,True,1.3234889800848443e-23,2.220446049250313e-16,0.0,97,51
125,Rstar,HF1R,True,5.551115123125783e-17,0.0,0.0,97,69
125,Estar,HF1R,True,0.0,0.0,0.0,97,84
125,Bstar,HF1R,True,1.1102230246251565e-16,2.220446049250313e-16,0.0,97,51
126,Rstar,HF1R,True,8.326672684688674e-17,0.0,0.0,97,69
126,Estar,HF1R,True,1.1102230246251565e-16,0.0,0.0,97,84
126,Bstar,HF1R,True,8.326672684688674e-17,0.0,0.0,97,51
127,Rstar,HF1R,True,5.551115123125783e-17,4.440892098500626e-16,0.0,97,71
127,Estar,HF1R,True,1.1102230246251565e-16,0.0,0.0,97,84
127,Bstar,HF1R,True,5.551115123125783e-17,0.0,0.0,97,51
128,Rstar,HF1R,True,1.1102230246251565e-16,4.440892098500626e-16,0.0,97,71
128,Estar,HF1R,True,1.3234889800848443e-23,0.0,0.0,97,84
128,Bstar,HF1R,True,1.1102230246251565e-16,4.440892098500626e-16,0.0,97,51
129,Rstar,HF1R,True,4.336808689942018e-17,0.0,0.0,97,71
129,Estar,HF1R,True,1.3234889800848443e-23,0.0,0.0,97,84
129,Bstar,HF1R,True,5.551115123125783e-17,2.220446049250313e-16,0.0,97,51
130,Rstar,HF1R,True,7.28583859910259e-17,4.440892098500626e-16,0.0,97,71
130,Estar,HF1R,True,1.1102230246251565e-16,0.0,0.0,97,84
130,Bstar,HF1R,True,8.326672684688674e-17,2.220446049250313e-16,0.0,97,51
131,Rstar,HF1R,True,6.418476861114186e-17,0.0,0.0,97,71
131,Estar,HF1R,True,0.0,0.0,0.0,97,84
131,Bstar,HF1R,True,5.551115123125783e-17,0.0,0.0,97,51
132,Rstar,HF1R,True,1.1102230246251565e-16,0.0,0.0,97,71
132,Estar,HF1R,True,9.367506770274758e-17,0.0,0.0,97,85
132,Bstar,HF1R,True,5.551115123125783e-17,2.220446049250313e-16,0.0,97,51
133,Rstar,HF1R,True,1.1102230246251565e-16,4.440892098500626e-16,0.0,97,71
133,Estar,HF1R,True,2.220446049250313e-16,0.0,0.0,97,85
133,Bstar,HF1R,True,2.7755575615628914e-17,2.220446049250313e-16,0.0,97,51
134,Rstar,HF1R,True,4.336808689942018e-17,0.0,0.0,97,71
134,Estar,HF1R,True,1.1102230246251565e-16,0.0,0.0,97,85
134,Bstar,HF1R,True,8.326672684688674e-17,4.440892098500626e-16,0.0,97,51
135,Rstar,HF1R,True,6.591949208711867e-17,0.0,0.0,97,71
135,Estar,HF1R,True,5.551115123125783e-17,0.0,0.0,97,85
135,Bstar,HF1R,True,1.1102230246251565e-16,0.0,0.0,97,51
136,Rstar,HF1R,True,9.8879238130678e-17,0.0,0.0,97,71
136,Estar,HF1R,True,1.1102230246251565e-16,0.0,0.0,97,85
136,Bstar,HF1R,True,1.1102230246251565e-16,0.0,0.0,97,51
137,Rstar,HF1R,True,1.1102230246251565e-16,4.440892098500626e-16,0.0,97,71
137,Estar,HF1R,True,0.0,0.0,0.0,97,86
137,Bstar,HF1R,True,1.1102230246251565e-16,0.0,0.0,97,51
138,Rstar,HF1R,True,5.551115123125783e-17,0.0,0.0,97,73
138,Estar,HF1R,True,2.220446049250313e-16,8.881784197001252e-16,0.0,97,86
138,Bstar,HF1R,True,2.7755575615628914e-17,0.0,0.0,97,51
139,Rstar,HF1R,True,1.1102230246251565e-16,4.440892098500626e-16,0.0,97,74
139,Estar,HF1R,True,1.1102230246251565e-16,0.0,0.0,97,86
139,Bstar,HF1R,True,8.326672684688674e-17,2.220446049250313e-16,0.0,97,51
140,Rstar,HF1R,True,1.1102230246251565e-16,8.881784197001252e-16,0.0,97,75
140,Estar,HF1R,True,1.1102230246251565e-16,0.0,0.0,97,86
140,Bstar,HF1R,True,1.1102230246251565e-16,2.220446049250313e-16,0.0,97,51
141,Rstar,HF1R,True,1.1102230246251565e-16,0.0,0.0,97,75
141,Estar,HF1R,True,5.551115123125783e-17,0.0,0.0,97,87
141,Bstar,HF1R,True,2.7755575615628914e-17,0.0,0.0,97,51
142,Rstar,HF1R,True,1.1102230246251565e-16,0.0,0.0,97,75
142,Estar,HF1R,True,1.1102230246251565e-16,0.0,0.0,97,87
142,Bstar,HF1R,True,5.551115123125783e-17,2.220446049250313e-16,0.0,97,51
143,Rstar,HF1R,True,9.367506770274758e-17,8.881784197001252e-16,0.0,97,75
143,Estar,HF1R,True,6.938893903907228e-17,8.881784197001252e-16,0.0,97,87
143,Bstar,HF1R,True,5.551115123125783e-17,0.0,0.0,97,51
144,Rstar,HF1R,True,8.847089727481716e-17,4.440892098500626e-16,0.0,97,75
144,Estar,HF1R,True,5.551115123125783e-17,0.0,0.0,97,87
144,Bstar,HF1R,True,1.1102230246251565e-16,2.220446049250313e-16,0.0,97,51
145,Rstar,HF1R,True,1.1102230246251565e-16,0.0,0.0,97,75
145,Estar,HF1R,True,7.806255641895632e-18,0.0,0.0,97,87
145,Bstar,HF1R,True,5.551115123125783e-17,0.0,0.0,97,51
146,Rstar,HF1R,True,1.1102230246251565e-16,0.0,0.0,97,75
146,Estar,HF1R,True,1.1102230246251565e-16,0.0,0.0,97,87
146,Bstar,HF1R,True,1.1102230246251565e-16,0.0,0.0,97,51
147,Rstar,HF1R,True,1.3877787807814457e-17,4.440892098500626e-16,0.0,97,75
147,Estar,HF1R,True,1.1102230246251565e-16,8.881784197001252e-16,0.0,97,87
147,Bstar,HF1R,True,1.1102230246251565e-16,0.0,0.0,97,51
148,Rstar,HF1R,True,1.1102230246251565e-16,0.0,0.0,97,75
148,Estar,HF1R,True,1.1102230246251565e-16,8.881784197001252e-16,0.0,97,87
148,Bstar,HF1R,True,2.7755575615628914e-17,0.0,0.0,97,51
149,Rstar,HF1R,True,1.1102230246251565e-16,4.440892098500626e-16,0.0,97,75
149,Estar,HF1R,True,2.220446049250313e-16,0.0,0.0,97,87
149,Bstar,HF1R,True,2.7755575615628914e-17,0.0,0.0,97,51
150,Rstar,HF1R,True,1.1102230246251565e-16,4.440892098500626e-16,0.0,97,75
150,Estar,HF1R,True,1.1102230246251565e-16,0.0,0.0,97,89
150,Bstar,HF1R,True,1.1102230246251565e-16,2.220446049250313e-16,0.0,97,51
151,Rstar,HF1R,True,6.938893903907228e-18,0.0,0.0,97,75
151,Estar,HF1R,True,1.1102230246251565e-16,0.0,0.0,97,89
151,Bstar,HF1R,True,1.1102230246251565e-16,2.220446049250313e-16,0.0,97,51
152,Rstar,HF1R,True,2.7755575615628914e-17,4.440892098500626e-16,0.0,97,75
152,Estar,HF1R,True,1.1102230246251565e-16,0.0,0.0,97,89
152,Bstar,HF1R,True,1.1102230246251565e-16,0.0,0.0,97,51
153,Rstar,HF1R,True,1.1102230246251565e-16,4.440892098500626e-16,0.0,97,75
153,Estar,HF1R,True,5.551115123125783e-17,8.881784197001252e-16,0.0,97,89
153,Bstar,HF1R,True,1.1102230246251565e-16,0.0,0.0,97,52
154,Rstar,HF1R,True,4.5102810375396984e-17,0.0,0.0,97,75
154,Estar,HF1R,True,2.220446049250313e-16,0.0,0.0,97,89
154,Bstar,HF1R,True,8.326672684688674e-17,0.0,0.0,97,52
155,Rstar,HF1R,True,1.1102230246251565e-16,0.0,0.0,97,75
155,Estar,HF1R,True,0.0,0.0,0.0,97,89
155,Bstar,HF1R,True,5.551115123125783e-17,2.220446049250313e-16,0.0,97,53
156,Rstar,HF1R,True,1.1102230246251565e-16,8.881784197001252e-16,0.0,97,75
156,Estar,HF1R,True,5.551115123125783e-17,0.0,0.0,97,89
156,Bstar,HF1R,True,5.551115123125783e-17,0.0,0.0,97,53
157,Rstar,HF1R,True,8.326672684688674e-17,8.881784197001252e-16,0.0,97,75
157,Estar,HF1R,True,1.3234889800848443e-23,0.0,0.0,97,89
157,Bstar,HF1R,True,1.1102230246251565e-16,0.0,0.0,97,54
158,Rstar,HF1R,True,1.1102230246251565e-16,4.440892098500626e-16,0.0,97,75
158,Estar,HF1R,True,2.220446049250313e-16,0.0,0.0,97,89
158,Bstar,HF1R,True,0.0,0.0,0.0,97,54
159,Rstar,HF1R,True,7.546047120499111e-17,0.0,0.0,97,75
159,Estar,HF1R,True,5.551115123125783e-17,0.0,0.0,97,89
159,Bstar,HF1R,True,5.551115123125783e-17,0.0,0.0,97,54
160,Rstar,HF1R,True,5.551115123125783e-17,4.440892098500626e-16,0.0,97,75
160,Estar,HF1R,True,0.0,0.0,0.0,97,89
160,Bstar,HF1R,True,1.1102230246251565e-16,0.0,0.0,97,54
161,Rstar,HF1R,True,2.7755575615628914e-17,4.440892098500626e-16,0.0,97,75
161,Estar,HF1R,True,1.3234889800848443e-23,0.0,0.0,97,89
161,Bstar,HF1R,True,1.1102230246251565e-16,0.0,0.0,97,54
162,Rstar,HF1R,True,3.9898639947466563e-17,4.440892098500626e-16,0.0,97,75
162,Estar,HF1R,True,1.1102230246251565e-16,0.0,0.0,97,89
162,Bstar,HF1R,True,5.551115123125783e-17,0.0,0.0,97,54
163,Rstar,HF1R,True,1.1102230246251565e-16,0.0,0.0,97,76
163,Estar,HF1R,True,1.1102230246251565e-16,0.0,0.0,97,89
163,Bstar,HF1R,True,5.551115123125783e-17,0.0,0.0,97,54
164,Rstar,HF1R,True,1.1102230246251565e-16,0.0,0.0,97,76
164,Estar,HF1R,True,1.1102230246251565e-16,0.0,0.0,97,89
164,Bstar,HF1R,True,5.551115123125783e-17,0.0,0.0,97,54
165,Rstar,HF1R,True,1.1102230246251565e-16,4.440892098500626e-16,0.0,97,76
165,Estar,HF1R,True,5.551115123125783e-17,0.0,0.0,97,90
165,Bstar,HF1R,True,5.551115123125783e-17,0.0,0.0,97,54
166,Rstar,HF1R,True,1.1102230246251565e-16,8.881784197001252e-16,0.0,97,76
166,Estar,HF1R,True,6.245004513516506e-17,0.0,0.0,97,90
166,Bstar,HF1R,True,5.551115123125783e-17,0.0,0.0,97,54
167,Rstar,HF1R,True,3.469446951953614e-18,1.3322676295501878e-15,0.0,97,76
167,Estar,HF1R,True,1.734723475976807e-18,0.0,0.0,97,90
167,Bstar,HF1R,True,1.3234889800848443e-23,0.0,0.0,97,54
168,Rstar,HF1R,True,1.3877787807814457e-17,8.881784197001252e-16,0.0,97,78
168,Estar,HF1R,True,2.42861286636753e-17,0.0,0.0,97,90
168,Bstar,HF1R,True,1.3234889800848443e-23,0.0,0.0,97,56
169,Rstar,HF1R,True,1.1102230246251565e-16,0.0,0.0,97,78
169,Estar,HF1R,True,1.1102230246251565e-16,8.881784197001252e-16,0.0,97,90
169,Bstar,HF1R,True,5.551115123125783e-17,0.0,0.0,97,56
170,Rstar,HF1R,True,3.3306690738754696e-16,0.0,0.0,97,78
170,Estar,HF1R,True,1.1102230246251565e-16,0.0,0.0,97,90
170,Bstar,HF1R,True,1.1102230246251565e-16,0.0,0.0,97,56
171,Rstar,HF1R,True,1.1102230246251565e-16,4.440892098500626e-16,0.0,97,78
171,Estar,HF1R,True,8.153200337090993e-17,0.0,0.0,97,90
171,Bstar,HF1R,True,5.551115123125783e-17,0.0,0.0,97,56
172,Rstar,HF1R,True,1.1102230246251565e-16,4.440892098500626e-16,0.0,97,78
172,Estar,HF1R,True,8.153200337090993e-17,0.0,0.0,97,90
172,Bstar,HF1R,True,0.0,0.0,0.0,97,56
173,Rstar,HF1R,True,7.19910242530375e-17,0.0,0.0,97,78
173,Estar,HF1R,True,4.5102810375396984e-17,0.0,0.0,97,90
173,Bstar,HF1R,True,5.551115123125783e-17,0.0,0.0,97,56
174,Rstar,HF1R,True,2.220446049250313e-16,8.881784197001252e-16,0.0,97,79
174,Estar,HF1R,True,3.9898639947466563e-17,8.881784197001252e-16,0.0,97,90
174,Bstar,HF1R,True,1.3234889800848443e-23,0.0,0.0,97,56
175,Rstar,HF1R,True,5.551115123125783e-17,4.440892098500626e-16,0.0,97,80
175,Estar,HF1R,True,1.1102230246251565e-16,0.0,0.0,97,90
175,Bstar,HF1R,True,1.1102230246251565e-16,0.0,0.0,97,56
176,Rstar,HF1R,True,1.1102230246251565e-16,4.440892098500626e-16,0.0,97,80
176,Estar,HF1R,True,1.1102230246251565e-16,0.0,0.0,97,90
176,Bstar,HF1R,True,1.1102230246251565e-16,0.0,0.0,97,56
177,Rstar,HF1R,True,7.28583859910259e-17,4.440892098500626e-16,0.0,97,80
177,Estar,HF1R,True,1.1102230246251565e-16,0.0,0.0,97,90
177,Bstar,HF1R,True,0.0,2.220446049250313e-16,0.0,97,56
178,Rstar,HF1R,True,1.0408340855860843e-17,0.0,0.0,97,80
178,Estar,HF1R,True,4.683753385137379e-17,0.0,0.0,97,90
178,Bstar,HF1R,True,1.3234889800848443e-23,0.0,0.0,97,56
179,Rstar,HF1R,True,5.551115123125783e-17,0.0,0.0,97,80
179,Estar,HF1R,True,1.1102230246251565e-16,0.0,0.0,97,90
179,Bstar,HF1R,True,1.1102230246251565e-16,0.0,0.0,97,56
180,Rstar,HF1R,True,1.1102230246251565e-16,0.0,0.0,97,80
180,Estar,HF1R,True,2.220446049250313e-16,8.881784197001252e-16,0.0,97,90
180,Bstar,HF1R,True,5.551115123125783e-17,0.0,0.0,97,56
181,Rstar,HF1R,True,1.1102230246251565e-16,0.0,0.0,97,80
181,Estar,HF1R,True,1.1102230246251565e-16,0.0,0.0,97,90
181,Bstar,HF1R,True,1.3234889800848443e-23,0.0,0.0,97,56
182,Rstar,HF1R,True,1.1102230246251565e-16,4.440892098500626e-16,0.0,97,80
182,Estar,HF1R,True,6.418476861114186e-17,0.0,0.0,97,90
182,Bstar,HF1R,True,1.1102230246251565e-16,0.0,0.0,97,56
183,Rstar,HF1R,True,1.1102230246251565e-16,4.440892098500626e-16,0.0,97,80
183,Estar,HF1R,True,1.1102230246251565e-16,0.0,0.0,97,90
183,Bstar,HF1R,True,1.1102230246251565e-16,2.220446049250313e-16,0.0,97,56
184,Rstar,HF1R,True,1.1102230246251565e-16,0.0,0.0,97,80
184,Estar,HF1R,True,5.811323644522304e-17,0.0,0.0,97,90
184,Bstar,HF1R,True,1.1102230246251565e-16,0.0,0.0,97,56
185,Rstar,HF1R,True,1.1102230246251565e-16,0.0,0.0,97,80
185,Estar,HF1R,True,1.1102230246251565e-16,0.0,0.0,97,90
185,Bstar,HF1R,True,1.1102230246251565e-16,0.0,0.0,97,56
186,Rstar,HF1R,True,5.551115123125783e-17,0.0,0.0,97,80
186,Estar,HF1R,True,5.551115123125783e-17,0.0,0.0,97,90
186,Bstar,HF1R,True,1.3234889800848443e-23,0.0,0.0,97,56
187,Rstar,HF1R,True,1.1102230246251565e-16,0.0,0.0,97,80
187,Estar,HF1R,True,1.1102230246251565e-16,0.0,0.0,97,90
187,Bstar,HF1R,True,1.3234889800848443e-23,0.0,0.0,97,56
188,Rstar,HF1R,True,1.3234889800848443e-23,0.0,0.0,97,80
188,Estar,HF1R,True,1.1102230246251565e-16,0.0,0.0,97,90
188,Bstar,HF1R,True,0.0,0.0,0.0,97,56
189,Rstar,HF1R,True,1.1102230246251565e-16,0.0,0.0,97,80
189,Estar,HF1R,True,0.0,0.0,0.0,97,91
189,Bstar,HF1R,True,5.551115123125783e-17,0.0,0.0,97,56
190,Rstar,HF1R,True,1.1102230246251565e-16,4.440892098500626e-16,0.0,97,80
190,Estar,HF1R,True,5.551115123125783e-17,0.0,0.0,97,91
190,Bstar,HF1R,True,0.0,0.0,0.0,97,56
191,Rstar,HF1R,True,1.1102230246251565e-16,0.0,0.0,97,80
191,Estar,HF1R,True,1.8214596497756474e-17,0.0,0.0,97,91
191,Bstar,HF1R,True,5.551115123125783e-17,0.0,0.0,97,56
192,Rstar,HF1R,True,1.1102230246251565e-16,8.881784197001252e-16,0.0,97,80
192,Estar,HF1R,True,1.1102230246251565e-16,1.7763568394002505e-15,0.0,97,91
192,Bstar,HF1R,True,1.1102230246251565e-16,0.0,0.0,97,56
193,Rstar,HF1R,True,5.551115123125783e-17,4.440892098500626e-16,0.0,97,80
193,Estar,HF1R,True,1.1102230246251565e-16,0.0,0.0,97,91
193,Bstar,HF1R,True,1.1102230246251565e-16,2.220446049250313e-16,0.0,97,56
194,Rstar,HF1R,True,0.0,4.440892098500626e-16,0.0,97,80
194,Estar,HF1R,True,2.220446049250313e-16,0.0,0.0,97,91
194,Bstar,HF1R,True,1.1102230246251565e-16,0.0,0.0,97,56
195,Rstar,HF1R,True,1.1102230246251565e-16,4.440892098500626e-16,0.0,97,80
195,Estar,HF1R,True,1.3234889800848443e-23,8.881784197001252e-16,0.0,97,92
195,Bstar,HF1R,True,5.551115123125783e-17,2.220446049250313e-16,0.0,97,56
196,Rstar,HF1R,True,1.1102230246251565e-16,8.881784197001252e-16,0.0,97,80
196,Estar,HF1R,True,0.0,0.0,0.0,97,92
196,Bstar,HF1R,True,5.551115123125783e-17,0.0,0.0,97,56
197,Rstar,HF1R,True,0.0,0.0,0.0,97,80
197,Estar,HF1R,True,2.220446049250313e-16,0.0,0.0,97,92
197,Bstar,HF1R,True,1.3234889800848443e-23,0.0,0.0,97,56
198,Rstar,HF1R,True,0.0,4.440892098500626e-16,0.0,97,80
198,Estar,HF1R,True,1.1102230246251565e-16,0.0,0.0,97,92
198,Bstar,HF1R,True,1.1102230246251565e-16,0.0,0.0,97,56
199,Rstar,HF1R,True,1.1102230246251565e-16,4.440892098500626e-16,0.0,97,80
199,Estar,HF1R,True,4.85722573273506e-17,0.0,0.0,97,93
199,Bstar,HF1R,True,0.0,0.0,0.0,97,56
200,Rstar,HF1R,True,3.3306690738754696e-16,0.0,0.0,97,80
200,Estar,HF1R,True,1.1102230246251565e-16,0.0,0.0,97,93
200,Bstar,HF1R,True,1.1102230246251565e-16,0.0,0.0,97,56
201,Rstar,HF1R,True,1.3234889800848443e-23,8.881784197001252e-16,0.0,97,80
201,Estar,HF1R,True,8.413408858487514e-17,0.0,0.0,97,93
201,Bstar,HF1R,True,1.1102230246251565e-16,0.0,0.0,97,56
202,Rstar,HF1R,True,1.1102230246251565e-16,0.0,0.0,97,82
202,Estar,HF1R,True,1.1102230246251565e-16,8.881784197001252e-16,0.0,97,93
202,Bstar,HF1R,True,5.551115123125783e-17,2.220446049250313e-16,0.0,97,56
203,Rstar,HF1R,True,5.551115123125783e-17,0.0,0.0,97,82
203,Estar,HF1R,True,1.1102230246251565e-16,0.0,0.0,97,93
203,Bstar,HF1R,True,1.1102230246251565e-16,0.0,0.0,97,56
204,Rstar,HF1R,True,1.1102230246251565e-16,4.440892098500626e-16,0.0,97,82
204,Estar,HF1R,True,5.551115123125783e-17,0.0,0.0,97,93
204,Bstar,HF1R,True,1.1102230246251565e-16,0.0,0.0,97,56
205,Rstar,HF1R,True,2.220446049250313e-16,4.440892098500626e-16,0.0,97,82
205,Estar,HF1R,True,1.1102230246251565e-16,0.0,0.0,97,93
205,Bstar,HF1R,True,1.1102230246251565e-16,0.0,0.0,97,56
206,Rstar,HF1R,True,1.3234889800848443e-23,0.0,0.0,97,82
206,Estar,HF1R,True,1.1102230246251565e-16,0.0,0.0,97,93
206,Bstar,HF1R,True,1.1102230246251565e-16,0.0,0.0,97,56
207,Rstar,HF1R,True,1.3234889800848443e-23,4.440892098500626e-16,0.0,97,82
207,Estar,HF1R,True,1.1102230246251565e-16,0.0,0.0,97,93
207,Bstar,HF1R,True,1.1102230246251565e-16,2.220446049250313e-16,0.0,97,56
208,Rstar,HF1R,True,1.1102230246251565e-16,4.440892098500626e-16,0.0,97,82
208,Estar,HF1R,True,8.500145032286355e-17,0.0,0.0,97,93
208,Bstar,HF1R,True,1.1102230246251565e-16,0.0,0.0,97,56
209,Rstar,HF1R,True,5.551115123125783e-17,0.0,0.0,97,82
209,Estar,HF1R,True,1.1102230246251565e-16,8.881784197001252e-16,0.0,97,93
209,Bstar,HF1R,True,1.1102230246251565e-16,0.0,0.0,97,56
210,Rstar,HF1R,True,1.1102230246251565e-16,0.0,0.0,97,82
210,Estar,HF1R,True,8.847089727481716e-17,0.0,0.0,97,93
210,Bstar,HF1R,True,1.1102230246251565e-16,0.0,0.0,97,56
211,Rstar,HF1R,True,0.0,0.0,0.0,97,82
211,Estar,HF1R,True,1.1102230246251565e-16,0.0,0.0,97,93
211,Bstar,HF1R,True,5.551115123125783e-17,0.0,0.0,97,56
212,Rstar,HF1R,True,1.1102230246251565e-16,0.0,0.0,97,82
212,Estar,HF1R,True,5.334274688628682e-17,0.0,0.0,97,93
212,Bstar,HF1R,True,1.1102230246251565e-16,2.220446049250313e-16,0.0,97,56
213,Rstar,HF1R,True,1.1102230246251565e-16,0.0,0.0,97,82
213,Estar,HF1R,True,1.1102230246251565e-16,0.0,0.0,97,93
213,Bstar,HF1R,True,1.1102230246251565e-16,0.0,0.0,97,56
214,Rstar,HF1R,True,1.1102230246251565e-16,0.0,0.0,97,82
214,Estar,HF1R,True,9.107298248878237e-17,0.0,0.0,97,93
214,Bstar,HF1R,True,1.1102230246251565e-16,0.0,0.0,97,56
215,Rstar,HF1R,True,0.0,4.440892098500626e-16,0.0,97,82
215,Estar,HF1R,True,3.9898639947466563e-17,0.0,0.0,97,93
215,Bstar,HF1R,True,1.1102230246251565e-16,0.0,0.0,97,56
216,Rstar,HF1R,True,5.551115123125783e-17,1.3322676295501878e-15,0.0,97,82
216,Estar,HF1R,True,1.1102230246251565e-16,0.0,0.0,97,93
216,Bstar,HF1R,True,0.0,2.220446049250313e-16,0.0,97,56
217,Rstar,HF1R,True,1.1102230246251565e-16,0.0,0.0,97,82
217,Estar,HF1R,True,3.469446951953614e-18,8.881784197001252e-16,0.0,97,93
217,Bstar,HF1R,True,1.3234889800848443e-23,2.220446049250313e-16,0.0,97,56
218,Rstar,HF1R,True,5.551115123125783e-17,0.0,0.0,97,82
218,Estar,HF1R,True,5.551115123125783e-17,0.0,0.0,97,93
218,Bstar,HF1R,True,1.1102230246251565e-16,0.0,0.0,97,56
219,Rstar,HF1R,True,1.1102230246251565e-16,0.0,0.0,97,82
219,Estar,HF1R,True,5.551115123125783e-17,0.0,0.0,97,93
219,Bstar,HF1R,True,2.220446049250313e-16,0.0,0.0,97,56
220,Rstar,HF1R,True,1.1102230246251565e-16,0.0,0.0,97,82
220,Estar,HF1R,True,5.551115123125783e-17,0.0,0.0,97,93
220,Bstar,HF1R,True,1.1102230246251565e-16,0.0,0.0,97,56
221,Rstar,HF1R,True,1.1102230246251565e-16,0.0,0.0,97,82
221,Estar,HF1R,True,8.847089727481716e-17,0.0,0.0,97,93
221,Bstar,HF1R,True,1.1102230246251565e-16,2.220446049250313e-16,0.0,97,56
222,Rstar,HF1R,True,1.1102230246251565e-16,0.0,0.0,97,82
222,Estar,HF1R,True,6.245004513516506e-17,0.0,0.0,97,93
222,Bstar,HF1R,True,5.551115123125783e-17,0.0,0.0,97,56
223,Rstar,HF1R,True,1.1102230246251565e-16,0.0,0.0,97,84
223,Estar,HF1R,True,9.454242944073599e-17,0.0,0.0,97,93
223,Bstar,HF1R,True,1.1102230246251565e-16,4.440892098500626e-16,0.0,97,56
224,Rstar,HF1R,True,1.1102230246251565e-16,0.0,0.0,97,84
224,Estar,HF1R,True,1.1102230246251565e-16,0.0,0.0,97,93
224,Bstar,HF1R,True,5.551115123125783e-17,0.0,0.0,97,56
225,Rstar,HF1R,True,2.220446049250313e-16,8.881784197001252e-16,0.0,97,84
225,Estar,HF1R,True,5.551115123125783e-17,0.0,0.0,97,93
225,Bstar,HF1R,True,1.3234889800848443e-23,0.0,0.0,97,56
226,Rstar,HF1R,True,1.1102230246251565e-16,0.0,0.0,97,84
226,Estar,HF1R,True,4.5102810375396984e-17,0.0,0.0,97,93
226,Bstar,HF1R,True,1.1102230246251565e-16,0.0,0.0,97,56
227,Rstar,HF1R,True,5.551115123125783e-17,8.881784197001252e-16,0.0,97,84
227,Estar,HF1R,True,5.551115123125783e-17,8.881784197001252e-16,0.0,97,93
227,Bstar,HF1R,True,1.1102230246251565e-16,2.220446049250313e-16,0.0,97,58
228,Rstar,HF1R,True,1.1102230246251565e-16,0.0,0.0,97,84
228,Estar,HF1R,True,3.3306690738754696e-16,0.0,0.0,97,93
228,Bstar,HF1R,True,0.0,0.0,0.0,97,58
229,Rstar,HF1R,True,1.1102230246251565e-16,0.0,0.0,97,84
229,Estar,HF1R,True,1.1102230246251565e-16,0.0,0.0,97,93
229,Bstar,HF1R,True,1.1102230246251565e-16,0.0,0.0,97,58
230,Rstar,HF1R,True,1.1102230246251565e-16,0.0,0.0,97,84
230,Estar,HF1R,True,5.551115123125783e-17,8.881784197001252e-16,0.0,97,93
230,Bstar,HF1R,True,1.1102230246251565e-16,0.0,0.0,97,58
231,Rstar,HF1R,True,1.1102230246251565e-16,0.0,0.0,97,84
231,Estar,HF1R,True,5.551115123125783e-17,0.0,0.0,97,93
231,Bstar,HF1R,True,1.1102230246251565e-16,0.0,0.0,97,58
232,Rstar,HF1R,True,0.0,0.0,0.0,97,84
232,Estar,HF1R,True,5.551115123125783e-17,0.0,0.0,97,94
232,Bstar,HF1R,True,1.1102230246251565e-16,2.220446049250313e-16,0.0,97,58
233,Rstar,HF1R,True,5.551115123125783e-17,0.0,0.0,97,84
233,Estar,HF1R,True,1.1102230246251565e-16,0.0,0.0,97,94
233,Bstar,HF1R,True,5.551115123125783e-17,0.0,0.0,97,58
234,Rstar,HF1R,True,1.1102230246251565e-16,0.0,0.0,97,84
234,Estar,HF1R,True,9.80118763926896e-17,0.0,0.0,97,93
234,Bstar,HF1R,True,5.551115123125783e-17,0.0,0.0,97,58
235,Rstar,HF1R,True,1.1102230246251565e-16,0.0,0.0,97,84
235,Estar,HF1R,True,7.979727989493313e-17,0.0,0.0,97,93
235,Bstar,HF1R,True,1.3234889800848443e-23,0.0,0.0,97,58
236,Rstar,HF1R,True,0.0,0.0,0.0,97,84
236,Estar,HF1R,True,3.3306690738754696e-16,0.0,0.0,97,93
236,Bstar,HF1R,True,0.0,0.0,0.0,97,58
237,Rstar,HF1R,True,1.1102230246251565e-16,0.0,0.0,97,84
237,Estar,HF1R,True,8.673617379884035e-17,8.881784197001252e-16,0.0,97,93
237,Bstar,HF1R,True,1.1102230246251565e-16,0.0,0.0,97,58
238,Rstar,HF1R,True,5.551115123125783e-17,0.0,0.0,97,84
238,Estar,HF1R,True,1.3234889800848443e-23,0.0,0.0,97,94
238,Bstar,HF1R,True,1.1102230246251565e-16,0.0,0.0,97,58
239,Rstar,HF1R,True,0.0,8.881784197001252e-16,0.0,97,84
239,Estar,HF1R,True,5.551115123125783e-17,0.0,0.0,97,95
239,Bstar,HF1R,True,0.0,2.220446049250313e-16,0.0,97,58
240,Rstar,HF1R,True,1.1102230246251565e-16,8.881784197001252e-16,0.0,97,84
240,Estar,HF1R,True,2.220446049250313e-16,8.881784197001252e-16,0.0,97,95
240,Bstar,HF1R,True,0.0,0.0,0.0,97,58
241,Rstar,HF1R,True,1.3234889800848443e-23,0.0,0.0,97,84
241,Estar,HF1R,True,1.1102230246251565e-16,0.0,0.0,97,95
241,Bstar,HF1R,True,0.0,0.0,0.0,97,58
242,Rstar,HF1R,True,2.220446049250313e-16,0.0,0.0,97,84
242,Estar,HF1R,True,1.1102230246251565e-16,0.0,0.0,97,95
242,Bstar,HF1R,True,0.0,2.220446049250313e-16,0.0,97,58
243,Rstar,HF1R,True,1.1102230246251565e-16,0.0,0.0,97,84
243,Estar,HF1R,True,1.1102230246251565e-16,0.0,0.0,97,95
243,Bstar,HF1R,True,1.3234889800848443e-23,0.0,0.0,97,58
244,Rstar,HF1R,True,1.3234889800848443e-23,0.0,0.0,97,84
244,Estar,HF1R,True,1.1102230246251565e-16,0.0,0.0,97,95
244,Bstar,HF1R,True,2.220446049250313e-16,0.0,0.0,97,58
245,Rstar,HF1R,True,5.551115123125783e-17,0.0,0.0,97,84
245,Estar,HF1R,True,1.3234889800848443e-23,0.0,0.0,97,96
245,Bstar,HF1R,True,1.1102230246251565e-16,0.0,0.0,97,58
246,Rstar,HF1R,True,1.1102230246251565e-16,8.881784197001252e-16,0.0,97,84
246,Estar,HF1R,True,5.551115123125783e-17,0.0,0.0,97,96
246,Bstar,HF1R,True,1.1102230246251565e-16,0.0,0.0,97,58
247,Rstar,HF1R,True,1.1102230246251565e-16,8.881784197001252e-16,0.0,97,84
247,Estar,HF1R,True,0.0,0.0,0.0,97,96
247,Bstar,HF1R,True,1.1102230246251565e-16,2.220446049250313e-16,0.0,97,59
248,Rstar,HF1R,True,1.1102230246251565e-16,0.0,0.0,97,84
248,Estar,HF1R,True,5.551115123125783e-17,0.0,0.0,97,96
248,Bstar,HF1R,True,1.1102230246251565e-16,0.0,0.0,97,59
249,Rstar,HF1R,True,5.551115123125783e-17,0.0,0.0,97,84
249,Estar,HF1R,True,1.3234889800848443e-23,0.0,0.0,97,96
249,Bstar,HF1R,True,5.551115123125783e-17,0.0,0.0,97,59
250,Rstar,HF1R,True,1.1102230246251565e-16,0.0,0.0,97,84
250,Estar,HF1R,True,1.1102230246251565e-16,8.881784197001252e-16,0.0,97,96
250,Bstar,HF1R,True,5.551115123125783e-17,2.220446049250313e-16,0.0,97,59
251,Rstar,HF1R,True,1.1102230246251565e-16,0.0,0.0,97,84
251,Estar,HF1R,True,1.3234889800848443e-23,0.0,0.0,97,96
251,Bstar,HF1R,True,1.1102230246251565e-16,0.0,0.0,97,59
252,Rstar,HF1R,True,0.0,0.0,0.0,97,84
252,Estar,HF1R,True,1.8214596497756474e-17,1.7763568394002505e-15,0.0,97,97
252,Bstar,HF1R,True,1.3234889800848443e-23,0.0,0.0,97,59
253,Rstar,HF1R,True,1.3234889800848443e-23,0.0,0.0,97,84
253,Estar,HF1R,True,1.1102230246251565e-16,0.0,0.0,97,97
253,Bstar,HF1R,True,2.220446049250313e-16,0.0,0.0,97,59
254,Rstar,HF1R,True,5.551115123125783e-17,0.0,0.0,97,84
254,Estar,HF1R,True,0.0,0.0,0.0,97,97
254,Bstar,HF1R,True,5.551115123125783e-17,2.220446049250313e-16,0.0,97,59
255,Rstar,HF1R,True,1.1102230246251565e-16,0.0,0.0,97,84
255,Estar,HF1R,True,5.551115123125783e-17,0.0,0.0,97,97
255,Bstar,HF1R,True,5.551115123125783e-17,2.220446049250313e-16,0.0,97,59
256,Rstar,HF1R,True,0.0,0.0,0.0,97,84
256,Estar,HF1R,True,1.1102230246251565e-16,0.0,0.0,97,97
256,Bstar,HF1R,True,0.0,0.0,0.0,97,59
257,Rstar,HF1R,True,5.551115123125783e-17,0.0,0.0,97,84
257,Estar,HF1R,True,5.551115123125783e-17,0.0,0.0,97,97
257,Bstar,HF1R,True,1.1102230246251565e-16,2.220446049250313e-16,0.0,97,59
258,Rstar,HF1R,True,1.1102230246251565e-16,0.0,0.0,97,84
258,Estar,HF1R,True,4.2500725161431774e-17,0.0,0.0,97,97
258,Bstar,HF1R,True,0.0,0.0,0.0,97,59
259,Rstar,HF1R,True,8.673617379884035e-18,0.0,0.0,97,85
259,Estar,HF1R,True,1.734723475976807e-17,8.881784197001252e-16,0.0,97,97
259,Bstar,HF1R,True,1.1102230246251565e-16,0.0,0.0,97,59
260,Rstar,HF1R,True,9.020562075079397e-17,8.881784197001252e-16,0.0,97,85
260,Estar,HF1R,True,1.1102230246251565e-16,1.7763568394002505e-15,0.0,97,97
260,Bstar,HF1R,True,5.551115123125783e-17,0.0,0.0,97,59
261,Rstar,HF1R,True,9.540979117872439e-17,0.0,0.0,97,85
261,Estar,HF1R,True,1.1102230246251565e-16,0.0,0.0,97,97
261,Bstar,HF1R,True,2.220446049250313e-16,0.0,0.0,97,59
262,Rstar,HF1R,True,1.1102230246251565e-16,0.0,0.0,97,85
262,Estar,HF1R,True,5.551115123125783e-17,0.0,0.0,97,97
262,Bstar,HF1R,True,1.1102230246251565e-16,2.220446049250313e-16,0.0,97,59
263,Rstar,HF1R,True,1.1102230246251565e-16,0.0,0.0,97,85
263,Estar,HF1R,True,9.8879238130678e-17,0.0,0.0,97,97
263,Bstar,HF1R,True,1.1102230246251565e-16,0.0,0.0,97,59
264,Rstar,HF1R,True,6.418476861114186e-17,8.881784197001252e-16,0.0,97,85
264,Estar,HF1R,True,1.5612511283791264e-17,8.881784197001252e-16,0.0,97,97
264,Bstar,HF1R,True,5.551115123125783e-17,2.220446049250313e-16,0.0,97,59
265,Rstar,HF1R,True,7.28583859910259e-17,0.0,0.0,97,85
265,Estar,HF1R,True,8.847089727481716e-17,0.0,0.0,97,97
265,Bstar,HF1R,True,1.1102230246251565e-16,0.0,0.0,97,59
266,Rstar,HF1R,True,2.7755575615628914e-17,0.0,0.0,97,85
266,Estar,HF1R,True,1.1102230246251565e-16,0.0,0.0,97,97
266,Bstar,HF1R,True,1.1102230246251565e-16,2.220446049250313e-16,0.0,97,61
267,Rstar,HF1R,True,8.066464163292153e-17,0.0,0.0,97,87
267,Estar,HF1R,True,1.1102230246251565e-16,0.0,0.0,97,97
267,Bstar,HF1R,True,5.551115123125783e-17,0.0,0.0,97,61
268,Rstar,HF1R,True,1.1102230246251565e-16,0.0,0.0,97,87
268,Estar,HF1R,True,6.852157730108388e-17,0.0,0.0,97,97
268,Bstar,HF1R,True,1.1102230246251565e-16,0.0,0.0,97,61
269,Rstar,HF1R,True,5.898059818321144e-17,0.0,0.0,97,87
269,Estar,HF1R,True,1.1102230246251565e-16,0.0,0.0,97,97
269,Bstar,HF1R,True,0.0,0.0,0.0,97,61
270,Rstar,HF1R,True,1.0408340855860843e-17,0.0,0.0,97,87
270,Estar,HF1R,True,4.336808689942018e-19,0.0,0.0,97,97
270,Bstar,HF1R,True,0.0,0.0,0.0,97,61
271,Rstar,HF1R,True,2.7755575615628914e-17,0.0,0.0,97,87
271,Estar,HF1R,True,1.1102230246251565e-16,0.0,0.0,97,97
271,Bstar,HF1R,True,1.3234889800848443e-23,0.0,0.0,97,61
272,Rstar,HF1R,True,1.1102230246251565e-16,0.0,0.0,97,87
272,Estar,HF1R,True,1.1102230246251565e-16,0.0,0.0,97,97
272,Bstar,HF1R,True,1.1102230246251565e-16,2.220446049250313e-16,0.0,97,61
273,Rstar,HF1R,True,1.1102230246251565e-16,0.0,0.0,97,87
273,Estar,HF1R,True,5.551115123125783e-17,8.881784197001252e-16,0.0,97,97
273,Bstar,HF1R,True,0.0,0.0,0.0,97,61
274,Rstar,HF1R,True,1.1102230246251565e-16,0.0,0.0,97,87
274,Estar,HF1R,True,6.158268339717665e-17,0.0,0.0,97,97
274,Bstar,HF1R,True,1.3234889800848443e-23,0.0,0.0,97,61
275,Rstar,HF1R,True,2.220446049250313e-16,8.881784197001252e-16,0.0,97,88
275,Estar,HF1R,True,5.941427905220564e-17,0.0,0.0,97,97
275,Bstar,HF1R,True,1.1102230246251565e-16,0.0,0.0,97,61
276,Rstar,HF1R,True,5.551115123125783e-17,0.0,0.0,97,88
276,Estar,HF1R,True,5.551115123125783e-17,0.0,0.0,97,97
276,Bstar,HF1R,True,1.1102230246251565e-16,0.0,0.0,97,61
277,Rstar,HF1R,True,1.1102230246251565e-16,8.881784197001252e-16,0.0,97,89
277,Estar,HF1R,True,4.163336342344337e-17,8.881784197001252e-16,0.0,97,97
277,Bstar,HF1R,True,1.1102230246251565e-16,0.0,0.0,97,61
278,Rstar,HF1R,True,1.1102230246251565e-16,0.0,0.0,97,89
278,Estar,HF1R,True,1.734723475976807e-17,0.0,0.0,97,97
278,Bstar,HF1R,True,1.1102230246251565e-16,2.220446049250313e-16,0.0,97,61
279,Rstar,HF1R,True,1.1102230246251565e-16,0.0,0.0,97,89
279,Estar,HF1R,True,1.1102230246251565e-16,0.0,0.0,97,97
279,Bstar,HF1R,True,1.1102230246251565e-16,0.0,0.0,97,59
280,Rstar,HF1R,True,2.220446049250313e-16,0.0,0.0,97,89
280,Estar,HF1R,True,8.847089727481716e-17,0.0,0.0,97,97
280,Bstar,HF1R,True,1.1102230246251565e-16,0.0,0.0,97,59
281,Rstar,HF1R,True,3.642919299551295e-17,0.0,0.0,97,89
281,Estar,HF1R,True,1.1102230246251565e-16,0.0,0.0,97,97
281,Bstar,HF1R,True,1.3234889800848443e-23,2.220446049250313e-16,0.0,97,61
282,Rstar,HF1R,True,8.500145032286355e-17,0.0,0.0,97,89
282,Estar,HF1R,True,2.7321894746634712e-17,0.0,0.0,97,97
282,Bstar,HF1R,True,1.1102230246251565e-16,0.0,0.0,97,61
283,Rstar,HF1R,True,1.1102230246251565e-16,0.0,0.0,97,89
283,Estar,HF1R,True,1.1102230246251565e-16,0.0,0.0,97,97
283,Bstar,HF1R,True,1.1102230246251565e-16,4.440892098500626e-16,0.0,97,61
284,Rstar,HF1R,True,9.107298248878237e-17,0.0,0.0,97,89
284,Estar,HF1R,True,5.551115123125783e-17,0.0,0.0,97,97
284,Bstar,HF1R,True,5.551115123125783e-17,0.0,0.0,97,61
285,Rstar,HF1R,True,1.1102230246251565e-16,0.0,0.0,97,89
285,Estar,HF1R,True,1.1102230246251565e-16,0.0,0.0,97,97
285,Bstar,HF1R,True,0.0,0.0,0.0,97,61
286,Rstar,HF1R,True,5.551115123125783e-17,0.0,0.0,97,89
286,Estar,HF1R,True,2.0816681711721685e-17,0.0,0.0,97,97
286,Bstar,HF1R,True,1.3234889800848443e-23,0.0,0.0,97,59
287,Rstar,HF1R,True,1.1102230246251565e-16,0.0,0.0,97,89
287,Estar,HF1R,True,1.1102230246251565e-16,8.881784197001252e-16,0.0,97,97
287,Bstar,HF1R,True,2.220446049250313e-16,0.0,0.0,97,59
288,Rstar,HF1R,True,8.890457814381136e-17,0.0,0.0,97,89
288,Estar,HF1R,True,1.1102230246251565e-16,0.0,0.0,97,97
288,Bstar,HF1R,True,1.1102230246251565e-16,2.220446049250313e-16,0.0,97,59
289,Rstar,HF1R,True,1.1102230246251565e-16,0.0,0.0,97,89
289,Estar,HF1R,True,0.0,0.0,0.0,97,97
289,Bstar,HF1R,True,1.1102230246251565e-16,2.220446049250313e-16,0.0,97,59
290,Rstar,HF1R,True,1.1102230246251565e-16,0.0,0.0,97,89
290,Estar,HF1R,True,1.3877787807814457e-17,0.0,0.0,97,97
290,Bstar,HF1R,True,0.0,0.0,0.0,97,59
291,Rstar,HF1R,True,5.551115123125783e-17,0.0,0.0,97,89
291,Estar,HF1R,True,8.673617379884035e-17,8.881784197001252e-16,0.0,97,97
291,Bstar,HF1R,True,1.1102230246251565e-16,0.0,0.0,97,59
292,Rstar,HF1R,True,1.1102230246251565e-16,0.0,0.0,97,89
292,Estar,HF1R,True,1.1102230246251565e-16,0.0,0.0,97,97
292,Bstar,HF1R,True,5.551115123125783e-17,0.0,0.0,97,59
293,Rstar,HF1R,True,1.1102230246251565e-16,8.881784197001252e-16,0.0,97,89
293,Estar,HF1R,True,1.1102230246251565e-16,0.0,0.0,97,97
293,Bstar,HF1R,True,1.1102230246251565e-16,2.220446049250313e-16,0.0,97,59
294,Rstar,HF1R,True,3.7730235602495554e-17,0.0,0.0,97,89
294,Estar,HF1R,True,5.551115123125783e-17,0.0,0.0,97,97
294,Bstar,HF1R,True,5.551115123125783e-17,0.0,0.0,97,59
295,Rstar,HF1R,True,5.551115123125783e-17,0.0,0.0,97,90
295,Estar,HF1R,True,1.3234889800848443e-23,0.0,0.0,97,97
295,Bstar,HF1R,True,1.1102230246251565e-16,0.0,0.0,97,59
296,Rstar,HF1R,True,1.1102230246251565e-16,0.0,0.0,97,90
296,Estar,HF1R,True,1.1102230246251565e-16,0.0,0.0,97,97
296,Bstar,HF1R,True,5.551115123125783e-17,0.0,0.0,97,59
297,Rstar,HF1R,True,2.220446049250313e-16,0.0,0.0,97,90
297,Estar,HF1R,True,5.551115123125783e-17,8.881784197001252e-16,0.0,97,97
297,Bstar,HF1R,True,5.551115123125783e-17,0.0,0.0,97,59
298,Rstar,HF1R,True,1.1102230246251565e-16,0.0,0.0,97,90
298,Estar,HF1R,True,5.551115123125783e-17,0.0,0.0,97,97
298,Bstar,HF1R,True,5.551115123125783e-17,0.0,0.0,97,59
299,Rstar,HF1R,True,1.3234889800848443e-23,0.0,0.0,97,90
299,Estar,HF1R,True,1.1102230246251565e-16,0.0,0.0,97,97
299,Bstar,HF1R,True,1.1102230246251565e-16,2.220446049250313e-16,0.0,97,59
300,Rstar,HF1R,True,0.0,0.0,0.0,97,90
300,Estar,HF1R,True,1.3234889800848443e-23,8.881784197001252e-16,0.0,97,97
300,Bstar,HF1R,True,1.1102230246251565e-16,0.0,0.0,97,59
301,Rstar,HF1R,True,1.3234889800848443e-23,0.0,0.0,97,90
301,Estar,HF1R,True,1.3234889800848443e-23,8.881784197001252e-16,0.0,97,97
301,Bstar,HF1R,True,0.0,0.0,0.0,97,59
302,Rstar,HF1R,True,1.1102230246251565e-16,0.0,0.0,97,90
302,Estar,HF1R,True,0.0,0.0,0.0,97,97
302,Bstar,HF1R,True,2.220446049250313e-16,2.220446049250313e-16,0.0,97,59
303,Rstar,HF1R,True,1.3234889800848443e-23,8.881784197001252e-16,0.0,97,90
303,Estar,HF1R,True,1.3234889800848443e-23,0.0,0.0,97,97
303,Bstar,HF1R,True,5.551115123125783e-17,2.220446049250313e-16,0.0,97,59
304,Rstar,HF1R,True,5.551115123125783e-17,8.881784197001252e-16,0.0,97,90
304,Estar,HF1R,True,1.1102230246251565e-16,8.881784197001252e-16,0.0,97,97
304,Bstar,HF1R,True,1.1102230246251565e-16,2.220446049250313e-16,0.0,97,59
305,Rstar,HF1R,True,2.220446049250313e-16,8.881784197001252e-16,0.0,97,90
305,Estar,HF1R,True,1.3234889800848443e-23,0.0,0.0,97,97
305,Bstar,HF1R,True,0.0,0.0,0.0,97,59
306,Rstar,HF1R,True,5.551115123125783e-17,0.0,0.0,97,90
306,Estar,HF1R,True,3.3306690738754696e-16,0.0,0.0,97,97
306,Bstar,HF1R,True,0.0,0.0,0.0,97,59
307,Rstar,HF1R,True,1.1102230246251565e-16,0.0,0.0,97,90
307,Estar,HF1R,True,1.1102230246251565e-16,0.0,0.0,97,97
307,Bstar,HF1R,True,5.551115123125783e-17,0.0,0.0,97,59
308,Rstar,HF1R,True,5.551115123125783e-17,0.0,0.0,97,90
308,Estar,HF1R,True,0.0,0.0,0.0,97,97
308,Bstar,HF1R,True,1.1102230246251565e-16,0.0,0.0,97,59
309,Rstar,HF1R,True,5.551115123125783e-17,0.0,0.0,97,90
309,Estar,HF1R,True,1.1102230246251565e-16,0.0,0.0,97,97
309,Bstar,HF1R,True,1.1102230246251565e-16,0.0,0.0,97,59
310,Rstar,HF1R,True,1.1102230246251565e-16,0.0,0.0,97,90
310,Estar,HF1R,True,1.3234889800848443e-23,0.0,0.0,97,97
310,Bstar,HF1R,True,1.1102230246251565e-16,0.0,0.0,97,59
311,Rstar,HF1R,True,1.1102230246251565e-16,0.0,0.0,97,90
311,Estar,HF1R,True,0.0,0.0,0.0,97,97
311,Bstar,HF1R,True,5.551115123125783e-17,2.220446049250313e-16,0.0,97,59
312,Rstar,HF1R,True,0.0,0.0,0.0,97,90
312,Estar,HF1R,True,0.0,0.0,0.0,97,97
312,Bstar,HF1R,True,5.551115123125783e-17,2.220446049250313e-16,0.0,97,59
313,Rstar,HF1R,True,1.1102230246251565e-16,0.0,0.0,97,90
313,Estar,HF1R,True,5.551115123125783e-17,0.0,0.0,97,97
313,Bstar,HF1R,True,2.220446049250313e-16,0.0,0.0,97,59
314,Rstar,HF1R,True,0.0,0.0,0.0,97,90
314,Estar,HF1R,True,5.551115123125783e-17,0.0,0.0,97,97
314,Bstar,HF1R,True,3.3306690738754696e-16,0.0,0.0,97,59
315,Rstar,HF1R,True,0.0,0.0,0.0,97,90
315,Estar,HF1R,True,5.551115123125783e-17,0.0,0.0,97,97
315,Bstar,HF1R,True,1.1102230246251565e-16,0.0,0.0,97,59
316,Rstar,HF1R,True,1.1102230246251565e-16,0.0,0.0,97,91
316,Estar,HF1R,True,1.1102230246251565e-16,0.0,0.0,97,97
316,Bstar,HF1R,True,1.1102230246251565e-16,0.0,0.0,97,59
317,Rstar,HF1R,True,2.220446049250313e-16,0.0,0.0,97,91
317,Estar,HF1R,True,1.1102230246251565e-16,0.0,0.0,97,97
317,Bstar,HF1R,True,1.1102230246251565e-16,0.0,0.0,97,59
318,Rstar,HF1R,True,1.1102230246251565e-16,0.0,0.0,97,91
318,Estar,HF1R,True,5.551115123125783e-17,0.0,0.0,97,97
318,Bstar,HF1R,True,0.0,2.220446049250313e-16,0.0,97,59
319,Rstar,HF1R,True,8.673617379884035e-17,0.0,0.0,97,91
319,Estar,HF1R,True,1.1102230246251565e-16,0.0,0.0,97,97
319,Bstar,HF1R,True,1.1102230246251565e-16,0.0,0.0,97,59
320,Rstar,HF1R,True,1.1102230246251565e-16,0.0,0.0,97,91
320,Estar,HF1R,True,5.551115123125783e-17,0.0,0.0,97,97
320,Bstar,HF1R,True,1.1102230246251565e-16,2.220446049250313e-16,0.0,97,59
321,Rstar,HF1R,True,1.1102230246251565e-16,0.0,0.0,97,91
321,Estar,HF1R,True,1.1102230246251565e-16,0.0,0.0,97,97
321,Bstar,HF1R,True,1.1102230246251565e-16,0.0,0.0,97,59
322,Rstar,HF1R,True,1.1102230246251565e-16,0.0,0.0,97,91
322,Estar,HF1R,True,9.367506770274758e-17,8.881784197001252e-16,0.0,97,97
322,Bstar,HF1R,True,1.1102230246251565e-16,0.0,0.0,97,59
323,Rstar,HF1R,True,5.551115123125783e-17,0.0,0.0,97,91
323,Estar,HF1R,True,1.1102230246251565e-16,0.0,0.0,97,97
323,Bstar,HF1R,True,1.1102230246251565e-16,0.0,0.0,97,59
324,Rstar,HF1R,True,5.551115123125783e-17,0.0,0.0,97,91
324,Estar,HF1R,True,1.1102230246251565e-16,0.0,0.0,97,97
324,Bstar,HF1R,True,1.1102230246251565e-16,0.0,0.0,97,59
325,Rstar,HF1R,True,1.1102230246251565e-16,0.0,0.0,97,91
325,Estar,HF1R,True,5.551115123125783e-17,0.0,0.0,97,97
325,Bstar,HF1R,True,1.3234889800848443e-23,0.0,0.0,97,60
326,Rstar,HF1R,True,8.847089727481716e-17,8.881784197001252e-16,0.0,97,91
326,Estar,HF1R,True,1.1102230246251565e-16,0.0,0.0,97,97
326,Bstar,HF1R,True,1.3234889800848443e-23,2.220446049250313e-16,0.0,97,60
327,Rstar,HF1R,True,1.1102230246251565e-16,0.0,0.0,97,91
327,Estar,HF1R,True,6.765421556309548e-17,0.0,0.0,97,97
327,Bstar,HF1R,True,5.551115123125783e-17,0.0,0.0,97,60
328,Rstar,HF1R,True,1.1102230246251565e-16,0.0,0.0,97,92
328,Estar,HF1R,True,1.1102230246251565e-16,0.0,0.0,97,97
328,Bstar,HF1R,True,1.1102230246251565e-16,4.440892098500626e-16,0.0,97,60
329,Rstar,HF1R,True,1.3234889800848443e-23,0.0,0.0,90,86
329,Estar,HF1R,True,1.1102230246251565e-16,8.881784197001252e-16,0.0,90,90
329,Bstar,HF1R,True,5.551115123125783e-17,0.0,0.0,90,60
330,Rstar,HF1R,True,3.3306690738754696e-16,0.0,0.0,90,86
330,Estar,HF1R,True,5.551115123125783e-17,0.0,0.0,90,90
330,Bstar,HF1R,True,1.1102230246251565e-16,0.0,0.0,90,60
331,Rstar,HF1R,True,0.0,8.881784197001252e-16,0.0,90,86
331,Estar,HF1R,True,0.0,0.0,0.0,90,90
331,Bstar,HF1R,True,1.3234889800848443e-23,2.220446049250313e-16,0.0,90,60
332,Rstar,HF1R,True,0.0,8.881784197001252e-16,0.0,90,86
332,Estar,HF1R,True,5.551115123125783e-17,0.0,0.0,90,90
332,Bstar,HF1R,True,0.0,0.0,0.0,90,60
333,Rstar,HF1R,True,1.1102230246251565e-16,8.881784197001252e-16,0.0,90,86
333,Estar,HF1R,True,5.551115123125783e-17,0.0,0.0,90,90
333,Bstar,HF1R,True,1.3234889800848443e-23,4.440892098500626e-16,0.0,90,60
334,Rstar,HF1R,True,2.220446049250313e-16,0.0,0.0,90,86
334,Estar,HF1R,True,0.0,0.0,0.0,90,90
334,Bstar,HF1R,True,1.1102230246251565e-16,0.0,0.0,90,60
335,Rstar,HF1R,True,5.551115123125783e-17,0.0,0.0,90,86
335,Estar,HF1R,True,0.0,8.881784197001252e-16,0.0,90,90
335,Bstar,HF1R,True,0.0,2.220446049250313e-16,0.0,90,60
336,Rstar,HF1R,True,1.1102230246251565e-16,0.0,0.0,90,86
336,Estar,HF1R,True,2.220446049250313e-16,0.0,0.0,90,90
336,Bstar,HF1R,True,5.551115123125783e-17,0.0,0.0,90,60
337,Rstar,HF1R,True,1.1102230246251565e-16,0.0,0.0,90,86
337,Estar,HF1R,True,0.0,0.0,0.0,90,90
337,Bstar,HF1R,True,5.551115123125783e-17,0.0,0.0,90,60
338,Rstar,HF1R,True,0.0,8.881784197001252e-16,0.0,90,86
338,Estar,HF1R,True,1.3234889800848443e-23,0.0,0.0,90,90
338,Bstar,HF1R,True,1.1102230246251565e-16,2.220446049250313e-16,0.0,90,60
339,Rstar,HF1R,True,5.551115123125783e-17,0.0,0.0,90,86
339,Estar,HF1R,True,5.551115123125783e-17,0.0,0.0,90,90
339,Bstar,HF1R,True,1.1102230246251565e-16,2.220446049250313e-16,0.0,90,60
340,Rstar,HF1R,True,1.3234889800848443e-23,0.0,0.0,90,86
340,Estar,HF1R,True,1.1102230246251565e-16,0.0,0.0,90,90
340,Bstar,HF1R,True,1.1102230246251565e-16,0.0,0.0,90,60
341,Rstar,HF1R,True,2.220446049250313e-16,0.0,1.1102230246251565e-16,90,88
341,Estar,HF1R,True,1.3234889800848443e-23,0.0,0.0,90,90
341,Bstar,HF1R,True,1.1102230246251565e-16,2.220446049250313e-16,0.0,90,60
342,Rstar,HF1R,True,1.1102230246251565e-16,0.0,1.1102230246251565e-16,90,88
342,Estar,HF1R,True,0.0,0.0,0.0,90,90
342,Bstar,HF1R,True,1.1102230246251565e-16,0.0,0.0,90,60
343,Rstar,HF1R,True,1.1102230246251565e-16,8.881784197001252e-16,1.1102230246251565e-16,90,88
343,Estar,HF1R,True,0.0,0.0,0.0,90,90
343,Bstar,HF1R,True,1.1102230246251565e-16,2.220446049250313e-16,0.0,90,60
344,Rstar,HF1R,True,3.3306690738754696e-16,0.0,1.1102230246251565e-16,90,88
344,Estar,HF1R,True,2.220446049250313e-16,0.0,0.0,90,90
344,Bstar,HF1R,True,2.220446049250313e-16,0.0,0.0,90,62
345,Rstar,HF1R,True,1.1102230246251565e-16,0.0,1.1102230246251565e-16,90,88
345,Estar,HF1R,True,2.220446049250313e-16,0.0,0.0,90,90
345,Bstar,HF1R,True,1.1102230246251565e-16,2.220446049250313e-16,0.0,90,62
346,Rstar,HF1R,True,1.3234889800848443e-23,0.0,1.1102230246251565e-16,90,88
346,Estar,HF1R,True,1.1102230246251565e-16,8.881784197001252e-16,0.0,90,90
346,Bstar,HF1R,True,1.1102230246251565e-16,0.0,0.0,90,62
347,Rstar,HF1R,True,1.1102230246251565e-16,8.881784197001252e-16,1.1102230246251565e-16,90,88
347,Estar,HF1R,True,0.0,0.0,0.0,90,90
347,Bstar,HF1R,True,1.1102230246251565e-16,2.220446049250313e-16,0.0,90,62
348,Rstar,HF1R,True,1.1102230246251565e-16,0.0,1.1102230246251565e-16,90,88
348,Estar,HF1R,True,5.551115123125783e-17,0.0,0.0,90,90
348,Bstar,HF1R,True,5.551115123125783e-17,0.0,0.0,90,62
349,Rstar,HF1R,True,0.0,8.881784197001252e-16,1.1102230246251565e-16,90,88
349,Estar,HF1R,True,5.551115123125783e-17,0.0,0.0,90,90
349,Bstar,HF1R,True,1.3234889800848443e-23,0.0,0.0,90,62
350,Rstar,HF1R,True,1.1102230246251565e-16,0.0,1.1102230246251565e-16,90,88
350,Estar,HF1R,True,2.220446049250313e-16,8.881784197001252e-16,0.0,90,90
350,Bstar,HF1R,True,1.1102230246251565e-16,0.0,0.0,90,62
351,Rstar,HF1R,True,5.551115123125783e-17,0.0,1.1102230246251565e-16,90,88
351,Estar,HF1R,True,0.0,0.0,0.0,90,90
351,Bstar,HF1R,True,1.1102230246251565e-16,0.0,0.0,90,62
352,Rstar,HF1R,True,1.1102230246251565e-16,8.881784197001252e-16,1.1102230246251565e-16,90,88
352,Estar,HF1R,True,0.0,8.881784197001252e-16,0.0,90,90
352,Bstar,HF1R,True,1.1102230246251565e-16,0.0,0.0,90,62
353,Rstar,HF1R,True,2.220446049250313e-16,0.0,1.1102230246251565e-16,90,88
353,Estar,HF1R,True,1.1102230246251565e-16,0.0,0.0,90,90
353,Bstar,HF1R,True,1.1102230246251565e-16,0.0,0.0,90,62
354,Rstar,HF1R,True,1.1102230246251565e-16,0.0,1.1102230246251565e-16,90,88
354,Estar,HF1R,True,1.1102230246251565e-16,0.0,0.0,90,90
354,Bstar,HF1R,True,1.1102230246251565e-16,0.0,0.0,90,62
355,Rstar,HF1R,True,1.1102230246251565e-16,8.881784197001252e-16,1.1102230246251565e-16,90,88
355,Estar,HF1R,True,1.1102230246251565e-16,0.0,0.0,90,90
355,Bstar,HF1R,True,0.0,0.0,0.0,90,62
356,Rstar,HF1R,True,5.551115123125783e-17,0.0,0.0,90,90
356,Estar,HF1R,True,5.551115123125783e-17,0.0,0.0,90,90
356,Bstar,HF1R,True,5.551115123125783e-17,0.0,0.0,90,62
357,Rstar,HF1R,True,1.1102230246251565e-16,8.881784197001252e-16,0.0,90,90
357,Estar,HF1R,True,5.551115123125783e-17,0.0,0.0,90,90
357,Bstar,HF1R,True,0.0,0.0,0.0,90,62
358,Rstar,HF1R,True,5.551115123125783e-17,0.0,0.0,90,90
358,Estar,HF1R,True,1.1102230246251565e-16,0.0,0.0,90,90
358,Bstar,HF1R,True,5.551115123125783e-17,2.220446049250313e-16,0.0,90,62
359,Rstar,HF1R,True,5.551115123125783e-17,0.0,0.0,90,90
359,Estar,HF1R,True,1.1102230246251565e-16,0.0,0.0,90,90
359,Bstar,HF1R,True,5.551115123125783e-17,0.0,0.0,90,62
360,Rstar,HF1R,True,1.1102230246251565e-16,0.0,0.0,90,90
360,Estar,HF1R,True,1.1102230246251565e-16,0.0,0.0,90,90
360,Bstar,HF1R,True,1.1102230246251565e-16,0.0,0.0,90,62
361,Rstar,HF1R,True,1.1102230246251565e-16,0.0,0.0,90,90
361,Estar,HF1R,True,1.1102230246251565e-16,0.0,0.0,90,90
361,Bstar,HF1R,True,1.3234889800848443e-23,0.0,0.0,90,62
362,Rstar,HF1R,True,0.0,0.0,0.0,90,90
362,Estar,HF1R,True,1.1102230246251565e-16,0.0,0.0,90,90
362,Bstar,HF1R,True,5.551115123125783e-17,0.0,0.0,90,62
363,Rstar,HF1R,True,5.551115123125783e-17,0.0,0.0,90,90
363,Estar,HF1R,True,1.1102230246251565e-16,8.881784197001252e-16,0.0,90,90
363,Bstar,HF1R,True,1.1102230246251565e-16,2.220446049250313e-16,0.0,90,62
364,Rstar,HF1R,True,1.1102230246251565e-16,0.0,0.0,90,90
364,Estar,HF1R,True,1.1102230246251565e-16,0.0,0.0,90,90
364,Bstar,HF1R,True,1.1102230246251565e-16,2.220446049250313e-16,0.0,90,62
365,Rstar,HF1R,True,1.1102230246251565e-16,0.0,0.0,90,90
365,Estar,HF1R,True,1.1102230246251565e-16,0.0,0.0,90,90
365,Bstar,HF1R,True,1.1102230246251565e-16,0.0,0.0,90,62
366,Rstar,HF1R,True,1.1102230246251565e-16,0.0,0.0,90,90
366,Estar,HF1R,True,1.1102230246251565e-16,0.0,0.0,90,90
366,Bstar,HF1R,True,0.0,2.220446049250313e-16,0.0,90,62
367,Rstar,HF1R,True,1.1102230246251565e-16,0.0,0.0,90,90
367,Estar,HF1R,True,1.1102230246251565e-16,0.0,0.0,90,90
367,Bstar,HF1R,True,1.1102230246251565e-16,0.0,0.0,90,62
368,Rstar,HF1R,True,0.0,0.0,0.0,90,90
368,Estar,HF1R,True,1.1102230246251565e-16,0.0,0.0,90,90
368,Bstar,HF1R,True,2.220446049250313e-16,0.0,0.0,90,62
369,Rstar,HF1R,True,5.551115123125783e-17,0.0,0.0,90,90
369,Estar,HF1R,True,1.1102230246251565e-16,0.0,0.0,90,90
369,Bstar,HF1R,True,1.1102230246251565e-16,0.0,0.0,90,62
370,Rstar,HF1R,True,5.551115123125783e-17,0.0,0.0,90,90
370,Estar,HF1R,True,5.551115123125783e-17,0.0,0.0,90,90
370,Bstar,HF1R,True,1.1102230246251565e-16,0.0,0.0,90,62
371,Rstar,HF1R,True,1.1102230246251565e-16,0.0,0.0,90,90
371,Estar,HF1R,True,1.1102230246251565e-16,0.0,0.0,90,90
371,Bstar,HF1R,True,1.1102230246251565e-16,0.0,0.0,90,62
372,Rstar,HF1R,True,1.1102230246251565e-16,8.881784197001252e-16,0.0,90,90
372,Estar,HF1R,True,5.551115123125783e-17,0.0,0.0,90,90
372,Bstar,HF1R,True,1.1102230246251565e-16,0.0,0.0,90,62
373,Rstar,HF1R,True,1.1102230246251565e-16,0.0,0.0,90,90
373,Estar,HF1R,True,1.1102230246251565e-16,0.0,0.0,90,90
373,Bstar,HF1R,True,1.1102230246251565e-16,0.0,0.0,90,62
374,Rstar,HF1R,True,5.551115123125783e-17,0.0,0.0,90,90
374,Estar,HF1R,True,1.1102230246251565e-16,0.0,0.0,90,90
374,Bstar,HF1R,True,0.0,0.0,0.0,90,62
375,Rstar,HF1R,True,2.220446049250313e-16,0.0,0.0,90,90
375,Estar,HF1R,True,5.551115123125783e-17,0.0,0.0,90,90
375,Bstar,HF1R,True,1.3234889800848443e-23,0.0,0.0,90,62
376,Rstar,HF1R,True,1.1102230246251565e-16,0.0,0.0,90,90
376,Estar,HF1R,True,1.1102230246251565e-16,0.0,0.0,90,90
376,Bstar,HF1R,True,5.551115123125783e-17,2.220446049250313e-16,0.0,90,62
377,Rstar,HF1R,True,0.0,0.0,0.0,90,90
377,Estar,HF1R,True,0.0,0.0,0.0,90,90
377,Bstar,HF1R,True,5.551115123125783e-17,2.220446049250313e-16,0.0,90,62
378,Rstar,HF1R,True,1.1102230246251565e-16,0.0,0.0,90,90
378,Estar,HF1R,True,2.220446049250313e-16,0.0,0.0,90,90
378,Bstar,HF1R,True,1.3234889800848443e-23,2.220446049250313e-16,0.0,90,62
379,Rstar,HF1R,True,0.0,0.0,0.0,90,90
379,Estar,HF1R,True,1.1102230246251565e-16,0.0,0.0,90,90
379,Bstar,HF1R,True,1.1102230246251565e-16,2.220446049250313e-16,0.0,90,62
380,Rstar,HF1R,True,5.551115123125783e-17,0.0,0.0,90,90
380,Estar,HF1R,True,5.551115123125783e-17,0.0,0.0,90,90
380,Bstar,HF1R,True,1.1102230246251565e-16,0.0,0.0,90,62
381,Rstar,HF1R,True,5.551115123125783e-17,0.0,0.0,90,90
381,Estar,HF1R,True,5.551115123125783e-17,8.881784197001252e-16,0.0,90,90
381,Bstar,HF1R,True,1.1102230246251565e-16,0.0,0.0,90,62
382,Rstar,HF1R,True,5.551115123125783e-17,8.881784197001252e-16,0.0,90,90
382,Estar,HF1R,True,1.1102230246251565e-16,8.881784197001252e-16,0.0,90,90
382,Bstar,HF1R,True,1.1102230246251565e-16,0.0,0.0,90,62
383,Rstar,HF1R,True,1.3234889800848443e-23,0.0,0.0,90,90
383,Estar,HF1R,True,1.1102230246251565e-16,0.0,0.0,90,90
383,Bstar,HF1R,True,0.0,0.0,0.0,90,62
384,Rstar,HF1R,True,1.1102230246251565e-16,0.0,0.0,90,90
384,Estar,HF1R,True,1.1102230246251565e-16,0.0,0.0,90,90
384,Bstar,HF1R,True,0.0,0.0,0.0,90,62
385,Rstar,HF1R,True,1.1102230246251565e-16,0.0,0.0,90,90
385,Estar,HF1R,True,0.0,0.0,0.0,90,90
385,Bstar,HF1R,True,1.3234889800848443e-23,2.220446049250313e-16,0.0,90,62
386,Rstar,HF1R,True,1.1102230246251565e-16,8.881784197001252e-16,0.0,90,90
386,Estar,HF1R,True,1.1102230246251565e-16,0.0,0.0,90,90
386,Bstar,HF1R,True,1.1102230246251565e-16,0.0,0.0,90,62
387,Rstar,HF1R,True,1.1102230246251565e-16,0.0,0.0,90,90
387,Estar,HF1R,True,1.1102230246251565e-16,0.0,0.0,90,90
387,Bstar,HF1R,True,5.551115123125783e-17,2.220446049250313e-16,0.0,90,62
388,Rstar,HF1R,True,1.1102230246251565e-16,0.0,0.0,90,90
388,Estar,HF1R,True,1.3234889800848443e-23,0.0,0.0,90,90
388,Bstar,HF1R,True,1.1102230246251565e-16,2.220446049250313e-16,0.0,90,62
389,Rstar,HF1R,True,1.1102230246251565e-16,0.0,0.0,90,90
389,Estar,HF1R,True,0.0,0.0,0.0,90,90
389,Bstar,HF1R,True,0.0,0.0,0.0,90,62
390,Rstar,HF1R,True,1.1102230246251565e-16,0.0,0.0,90,90
390,Estar,HF1R,True,2.220446049250313e-16,0.0,0.0,90,90
390,Bstar,HF1R,True,0.0,0.0,0.0,90,64
391,Rstar,HF1R,True,1.1102230246251565e-16,0.0,0.0,90,90
391,Estar,HF1R,True,1.1102230246251565e-16,1.7763568394002505e-15,0.0,90,90
391,Bstar,HF1R,True,0.0,0.0,0.0,90,64
392,Rstar,HF1R,True,3.3306690738754696e-16,0.0,0.0,90,90
392,Estar,HF1R,True,5.551115123125783e-17,8.881784197001252e-16,0.0,90,90
392,Bstar,HF1R,True,5.551115123125783e-17,2.220446049250313e-16,0.0,90,64
393,Rstar,HF1R,True,0.0,8.881784197001252e-16,0.0,90,90
393,Estar,HF1R,True,5.551115123125783e-17,0.0,0.0,90,90
393,Bstar,HF1R,True,0.0,0.0,0.0,90,64
394,Rstar,HF1R,True,5.551115123125783e-17,0.0,0.0,90,90
394,Estar,HF1R,True,2.220446049250313e-16,8.881784197001252e-16,0.0,90,90
394,Bstar,HF1R,True,0.0,0.0,0.0,90,64
395,Rstar,HF1R,True,1.1102230246251565e-16,0.0,0.0,90,90
395,Estar,HF1R,True,5.551115123125783e-17,0.0,0.0,90,90
395,Bstar,HF1R,True,5.551115123125783e-17,0.0,0.0,90,64
396,Rstar,HF1R,True,1.1102230246251565e-16,0.0,0.0,90,90
396,Estar,HF1R,True,1.1102230246251565e-16,0.0,0.0,90,90
396,Bstar,HF1R,True,1.1102230246251565e-16,0.0,0.0,90,64
397,Rstar,HF1R,True,5.551115123125783e-17,0.0,0.0,90,90
397,Estar,HF1R,True,1.1102230246251565e-16,0.0,0.0,90,90
397,Bstar,HF1R,True,1.1102230246251565e-16,2.220446049250313e-16,0.0,90,64
398,Rstar,HF1R,True,1.3234889800848443e-23,0.0,0.0,90,90
398,Estar,HF1R,True,5.551115123125783e-17,0.0,0.0,90,90
398,Bstar,HF1R,True,1.1102230246251565e-16,0.0,0.0,90,64
399,Rstar,HF1R,True,1.1102230246251565e-16,0.0,0.0,90,90
399,Estar,HF1R,True,2.220446049250313e-16,0.0,0.0,90,90
399,Bstar,HF1R,True,1.1102230246251565e-16,2.220446049250313e-16,0.0,90,64
400,Rstar,HF1R,True,1.1102230246251565e-16,0.0,0.0,90,90
400,Estar,HF1R,True,1.1102230246251565e-16,8.881784197001252e-16,0.0,90,90
400,Bstar,HF1R,True,1.1102230246251565e-16,0.0,0.0,90,64
401,Rstar,HF1R,True,1.1102230246251565e-16,0.0,0.0,90,90
401,Estar,HF1R,True,1.1102230246251565e-16,0.0,0.0,90,90
401,Bstar,HF1R,True,1.1102230246251565e-16,2.220446049250313e-16,0.0,90,64
402,Rstar,HF1R,True,2.220446049250313e-16,0.0,0.0,90,90
402,Estar,HF1R,True,0.0,8.881784197001252e-16,0.0,90,90
402,Bstar,HF1R,True,1.1102230246251565e-16,2.220446049250313e-16,0.0,90,64
403,Rstar,HF1R,True,2.220446049250313e-16,8.881784197001252e-16,0.0,90,90
403,Estar,HF1R,True,1.1102230246251565e-16,0.0,0.0,90,90
403,Bstar,HF1R,True,5.551115123125783e-17,0.0,0.0,90,64
404,Rstar,HF1R,True,1.1102230246251565e-16,0.0,0.0,90,90
404,Estar,HF1R,True,1.3234889800848443e-23,0.0,0.0,90,90
404,Bstar,HF1R,True,1.1102230246251565e-16,0.0,0.0,90,64
405,Rstar,HF1R,True,0.0,0.0,0.0,90,90
405,Estar,HF1R,True,1.3234889800848443e-23,8.881784197001252e-16,0.0,90,90
405,Bstar,HF1R,True,1.3234889800848443e-23,0.0,0.0,90,64
406,Rstar,HF1R,True,0.0,0.0,0.0,90,90
406,Estar,HF1R,True,1.1102230246251565e-16,1.7763568394002505e-15,0.0,90,90
406,Bstar,HF1R,True,5.551115123125783e-17,2.220446049250313e-16,0.0,90,64
407,Rstar,HF1R,True,5.551115123125783e-17,8.881784197001252e-16,0.0,90,90
407,Estar,HF1R,True,1.1102230246251565e-16,0.0,0.0,90,90
407,Bstar,HF1R,True,1.1102230246251565e-16,2.220446049250313e-16,0.0,90,64
408,Rstar,HF1R,True,1.1102230246251565e-16,8.881784197001252e-16,0.0,90,90
408,Estar,HF1R,True,5.551115123125783e-17,0.0,0.0,90,90
408,Bstar,HF1R,True,1.1102230246251565e-16,0.0,0.0,90,64
409,Rstar,HF1R,True,1.1102230246251565e-16,0.0,0.0,90,90
409,Estar,HF1R,True,1.1102230246251565e-16,0.0,0.0,90,90
409,Bstar,HF1R,True,0.0,0.0,0.0,90,64
410,Rstar,HF1R,True,5.551115123125783e-17,8.881784197001252e-16,0.0,90,90
410,Estar,HF1R,True,0.0,0.0,0.0,90,90
410,Bstar,HF1R,True,1.1102230246251565e-16,0.0,0.0,90,64
411,Rstar,HF1R,True,5.551115123125783e-17,0.0,0.0,90,90
411,Estar,HF1R,True,1.1102230246251565e-16,8.881784197001252e-16,0.0,90,90
411,Bstar,HF1R,True,2.220446049250313e-16,0.0,0.0,90,64
412,Rstar,HF1R,True,5.551115123125783e-17,0.0,0.0,90,90
412,Estar,HF1R,True,1.1102230246251565e-16,0.0,0.0,90,90
412,Bstar,HF1R,True,1.3234889800848443e-23,2.220446049250313e-16,0.0,90,64
413,Rstar,HF1R,True,1.1102230246251565e-16,0.0,0.0,90,90
413,Estar,HF1R,True,5.551115123125783e-17,0.0,0.0,90,90
413,Bstar,HF1R,True,1.1102230246251565e-16,0.0,0.0,90,64
414,Rstar,HF1R,True,0.0,0.0,0.0,90,90
414,Estar,HF1R,True,5.551115123125783e-17,0.0,0.0,90,90
414,Bstar,HF1R,True,1.3234889800848443e-23,0.0,0.0,90,64
415,Rstar,HF1R,True,0.0,0.0,0.0,90,90
415,Estar,HF1R,True,1.1102230246251565e-16,0.0,0.0,90,90
415,Bstar,HF1R,True,1.1102230246251565e-16,0.0,0.0,90,64
416,Rstar,HF1R,True,5.551115123125783e-17,0.0,0.0,90,90
416,Estar,HF1R,True,0.0,0.0,0.0,90,90
416,Bstar,HF1R,True,0.0,0.0,0.0,90,66
417,Rstar,HF1R,True,1.1102230246251565e-16,0.0,0.0,90,90
417,Estar,HF1R,True,0.0,0.0,0.0,90,90
417,Bstar,HF1R,True,5.551115123125783e-17,0.0,0.0,90,66
418,Rstar,HF1R,True,1.1102230246251565e-16,0.0,0.0,90,90
418,Estar,HF1R,True,1.1102230246251565e-16,0.0,0.0,90,90
418,Bstar,HF1R,True,1.3234889800848443e-23,0.0,0.0,90,66
419,Rstar,HF1R,True,1.1102230246251565e-16,0.0,0.0,90,90
419,Estar,HF1R,True,5.551115123125783e-17,8.881784197001252e-16,0.0,90,90
419,Bstar,HF1R,True,1.3234889800848443e-23,0.0,0.0,90,66
420,Rstar,HF1R,True,0.0,0.0,0.0,90,90
420,Estar,HF1R,True,1.1102230246251565e-16,0.0,0.0,90,90
420,Bstar,HF1R,True,0.0,0.0,0.0,90,66
421,Rstar,HF1R,True,1.1102230246251565e-16,8.881784197001252e-16,0.0,90,90
421,Estar,HF1R,True,5.551115123125783e-17,8.881784197001252e-16,0.0,90,90
421,Bstar,HF1R,True,0.0,0.0,0.0,90,66
422,Rstar,HF1R,True,1.1102230246251565e-16,0.0,0.0,90,90
422,Estar,HF1R,True,0.0,0.0,0.0,90,90
422,Bstar,HF1R,True,1.3234889800848443e-23,0.0,0.0,90,66
423,Rstar,HF1R,True,5.551115123125783e-17,0.0,0.0,90,90
423,Estar,HF1R,True,0.0,0.0,0.0,90,90
423,Bstar,HF1R,True,1.3234889800848443e-23,0.0,0.0,90,66
424,Rstar,HF1R,True,0.0,8.881784197001252e-16,0.0,90,90
424,Estar,HF1R,True,1.1102230246251565e-16,0.0,0.0,90,90
424,Bstar,HF1R,True,0.0,0.0,0.0,90,66
425,Rstar,HF1R,True,1.1102230246251565e-16,0.0,0.0,90,90
425,Estar,HF1R,True,1.1102230246251565e-16,0.0,0.0,90,90
425,Bstar,HF1R,True,1.3234889800848443e-23,0.0,0.0,90,66
426,Rstar,HF1R,True,1.1102230246251565e-16,0.0,0.0,90,90
426,Estar,HF1R,True,1.1102230246251565e-16,0.0,0.0,90,90
426,Bstar,HF1R,True,5.551115123125783e-17,0.0,0.0,90,66
427,Rstar,HF1R,True,1.1102230246251565e-16,0.0,0.0,90,90
427,Estar,HF1R,True,1.1102230246251565e-16,8.881784197001252e-16,0.0,90,90
427,Bstar,HF1R,True,1.1102230246251565e-16,2.220446049250313e-16,0.0,90,66
428,Rstar,HF1R,True,1.3234889800848443e-23,0.0,0.0,90,90
428,Estar,HF1R,True,1.1102230246251565e-16,8.881784197001252e-16,0.0,90,90
428,Bstar,HF1R,True,0.0,2.220446049250313e-16,0.0,90,66
429,Rstar,HF1R,True,5.551115123125783e-17,0.0,0.0,90,90
429,Estar,HF1R,True,1.1102230246251565e-16,0.0,0.0,90,90
429,Bstar,HF1R,True,5.551115123125783e-17,0.0,0.0,90,66
430,Rstar,HF1R,True,0.0,0.0,0.0,90,90
430,Estar,HF1R,True,1.1102230246251565e-16,0.0,0.0,90,90
430,Bstar,HF1R,True,1.1102230246251565e-16,0.0,0.0,90,66
431,Rstar,HF1R,True,0.0,8.881784197001252e-16,0.0,90,90
431,Estar,HF1R,True,5.551115123125783e-17,8.881784197001252e-16,0.0,90,90
431,Bstar,HF1R,True,6.617444900424222e-24,2.220446049250313e-16,0.0,90,66
432,Rstar,HF1R,True,1.1102230246251565e-16,0.0,0.0,90,90
432,Estar,HF1R,True,2.220446049250313e-16,0.0,0.0,90,90
432,Bstar,HF1R,True,5.551115123125783e-17,0.0,0.0,90,66
433,Rstar,HF1R,True,5.551115123125783e-17,0.0,0.0,90,90
433,Estar,HF1R,True,1.1102230246251565e-16,0.0,0.0,90,90
433,Bstar,HF1R,True,0.0,0.0,0.0,90,66
434,Rstar,HF1R,True,1.1102230246251565e-16,0.0,0.0,90,90
434,Estar,HF1R,True,2.220446049250313e-16,0.0,0.0,90,90
434,Bstar,HF1R,True,1.1102230246251565e-16,0.0,0.0,90,66
435,Rstar,HF1R,True,1.1102230246251565e-16,8.881784197001252e-16,0.0,90,90
435,Estar,HF1R,True,1.3234889800848443e-23,0.0,0.0,90,90
435,Bstar,HF1R,True,0.0,2.220446049250313e-16,0.0,90,66
436,Rstar,HF1R,True,5.551115123125783e-17,0.0,0.0,85,85
436,Estar,HF1R,True,1.1102230246251565e-16,0.0,0.0,85,85
436,Bstar,HF1R,True,5.551115123125783e-17,0.0,0.0,85,58
437,Rstar,HF1R,True,5.551115123125783e-17,0.0,0.0,85,85
437,Estar,HF1R,True,5.551115123125783e-17,0.0,0.0,85,85
437,Bstar,HF1R,True,5.551115123125783e-17,0.0,0.0,85,58
438,Rstar,HF1R,True,3.469446951953614e-17,0.0,0.0,85,85
438,Estar,HF1R,True,1.1102230246251565e-16,0.0,0.0,85,85
438,Bstar,HF1R,True,0.0,2.220446049250313e-16,0.0,85,59
439,Rstar,HF1R,True,8.847089727481716e-17,0.0,0.0,85,85
439,Estar,HF1R,True,1.1102230246251565e-16,0.0,0.0,85,85
439,Bstar,HF1R,True,5.551115123125783e-17,0.0,0.0,85,59
440,Rstar,HF1R,True,5.551115123125783e-17,0.0,0.0,85,85
440,Estar,HF1R,True,5.551115123125783e-17,0.0,0.0,85,85
440,Bstar,HF1R,True,0.0,0.0,0.0,85,59
441,Rstar,HF1R,True,5.551115123125783e-17,0.0,0.0,85,85
441,Estar,HF1R,True,7.28583859910259e-17,0.0,0.0,85,85
441,Bstar,HF1R,True,1.3234889800848443e-23,0.0,0.0,85,59
442,Rstar,HF1R,True,5.551115123125783e-17,0.0,0.0,85,85
442,Estar,HF1R,True,1.1102230246251565e-16,0.0,0.0,85,85
442,Bstar,HF1R,True,5.551115123125783e-17,0.0,0.0,85,59
443,Rstar,HF1R,True,2.220446049250313e-16,0.0,0.0,85,85
443,Estar,HF1R,True,1.1102230246251565e-16,8.881784197001252e-16,0.0,85,85
443,Bstar,HF1R,True,5.551115123125783e-17,0.0,0.0,85,59
444,Rstar,HF1R,True,1.1102230246251565e-16,0.0,0.0,85,85
444,Estar,HF1R,True,5.551115123125783e-17,0.0,0.0,85,85
444,Bstar,HF1R,True,1.3234889800848443e-23,0.0,0.0,85,59
445,Rstar,HF1R,True,3.3306690738754696e-16,0.0,0.0,85,85
445,Estar,HF1R,True,1.1102230246251565e-16,0.0,0.0,85,85
445,Bstar,HF1R,True,0.0,0.0,0.0,85,59
446,Rstar,HF1R,True,1.1102230246251565e-16,8.881784197001252e-16,0.0,85,85
446,Estar,HF1R,True,5.551115123125783e-17,0.0,0.0,85,85
446,Bstar,HF1R,True,5.551115123125783e-17,0.0,0.0,85,59
447,Rstar,HF1R,True,7.025630077706069e-17,0.0,0.0,85,85
447,Estar,HF1R,True,5.551115123125783e-17,0.0,0.0,85,85
447,Bstar,HF1R,True,5.551115123125783e-17,0.0,0.0,85,61
448,Rstar,HF1R,True,1.1102230246251565e-16,0.0,0.0,85,85
448,Estar,HF1R,True,5.551115123125783e-17,0.0,0.0,85,85
448,Bstar,HF1R,True,1.3234889800848443e-23,0.0,0.0,85,61
449,Rstar,HF1R,True,1.1102230246251565e-16,0.0,0.0,85,85
449,Estar,HF1R,True,1.1102230246251565e-16,0.0,0.0,85,85
449,Bstar,HF1R,True,5.551115123125783e-17,0.0,0.0,85,61
450,Rstar,HF1R,True,2.220446049250313e-16,0.0,0.0,85,85
450,Estar,HF1R,True,5.551115123125783e-17,0.0,0.0,85,85
450,Bstar,HF1R,True,1.3234889800848443e-23,0.0,0.0,85,61
451,Rstar,HF1R,True,1.1102230246251565e-16,0.0,0.0,85,85
451,Estar,HF1R,True,1.1102230246251565e-16,0.0,0.0,85,85
451,Bstar,HF1R,True,5.551115123125783e-17,0.0,0.0,85,61
452,Rstar,HF1R,True,1.1102230246251565e-16,0.0,0.0,85,85
452,Estar,HF1R,True,9.8879238130678e-17,0.0,0.0,85,85
452,Bstar,HF1R,True,1.1102230246251565e-16,0.0,0.0,85,61
453,Rstar,HF1R,True,6.071532165918825e-17,0.0,0.0,85,85
453,Estar,HF1R,True,1.1102230246251565e-16,0.0,0.0,85,85
453,Bstar,HF1R,True,0.0,0.0,0.0,85,61
454,Rstar,HF1R,True,6.331740687315346e-17,0.0,0.0,85,85
454,Estar,HF1R,True,1.1102230246251565e-16,0.0,0.0,85,85
454,Bstar,HF1R,True,5.551115123125783e-17,0.0,0.0,85,61
455,Rstar,HF1R,True,3.469446951953614e-18,8.881784197001252e-16,0.0,85,85
455,Estar,HF1R,True,1.1102230246251565e-16,8.881784197001252e-16,0.0,85,85
455,Bstar,HF1R,True,5.551115123125783e-17,0.0,0.0,85,61
456,Rstar,HF1R,True,1.1102230246251565e-16,0.0,0.0,85,85
456,Estar,HF1R,True,5.074066167232161e-17,0.0,0.0,85,85
456,Bstar,HF1R,True,0.0,0.0,0.0,85,61
457,Rstar,HF1R,True,1.474514954580286e-17,8.881784197001252e-16,0.0,85,85
457,Estar,HF1R,True,1.1102230246251565e-16,0.0,0.0,85,85
457,Bstar,HF1R,True,1.3234889800848443e-23,0.0,0.0,85,61
458,Rstar,HF1R,True,5.551115123125783e-17,0.0,0.0,85,85
458,Estar,HF1R,True,1.1102230246251565e-16,0.0,0.0,85,85
458,Bstar,HF1R,True,1.1102230246251565e-16,2.220446049250313e-16,0.0,85,61
459,Rstar,HF1R,True,6.245004513516506e-17,0.0,0.0,85,85
459,Estar,HF1R,True,3.0357660829594124e-18,0.0,0.0,85,85
459,Bstar,HF1R,True,5.551115123125783e-17,2.220446049250313e-16,0.0,85,61
460,Rstar,HF1R,True,1.1102230246251565e-16,0.0,0.0,85,85
460,Estar,HF1R,True,3.9898639947466563e-17,0.0,0.0,85,85
460,Bstar,HF1R,True,5.551115123125783e-17,0.0,0.0,85,61
461,Rstar,HF1R,True,1.1102230246251565e-16,0.0,0.0,85,85
461,Estar,HF1R,True,9.107298248878237e-18,0.0,0.0,85,85
461,Bstar,HF1R,True,5.551115123125783e-17,0.0,0.0,85,61
462,Rstar,HF1R,True,1.1102230246251565e-16,0.0,0.0,85,85
462,Estar,HF1R,True,0.0,0.0,0.0,85,85
462,Bstar,HF1R,True,0.0,0.0,0.0,85,61
463,Rstar,HF1R,True,1.1102230246251565e-16,0.0,0.0,85,85
463,Estar,HF1R,True,5.551115123125783e-17,0.0,0.0,85,85
463,Bstar,HF1R,True,0.0,0.0,0.0,85,61
464,Rstar,HF1R,True,5.551115123125783e-17,0.0,0.0,85,85
464,Estar,HF1R,True,1.3234889800848443e-23,8.881784197001252e-16,0.0,85,85
464,Bstar,HF1R,True,1.1102230246251565e-16,2.220446049250313e-16,0.0,85,61
465,Rstar,HF1R,True,5.811323644522304e-17,0.0,0.0,85,85
465,Estar,HF1R,True,2.220446049250313e-16,0.0,0.0,85,85
465,Bstar,HF1R,True,5.551115123125783e-17,0.0,0.0,85,61
466,Rstar,HF1R,True,6.505213034913027e-17,0.0,0.0,85,85
466,Estar,HF1R,True,2.220446049250313e-16,0.0,0.0,85,85
466,Bstar,HF1R,True,0.0,2.220446049250313e-16,0.0,85,61
467,Rstar,HF1R,True,2.220446049250313e-16,0.0,0.0,85,85
467,Estar,HF1R,True,0.0,0.0,0.0,85,85
467,Bstar,HF1R,True,0.0,0.0,0.0,85,61
468,Rstar,HF1R,True,1.1102230246251565e-16,8.881784197001252e-16,0.0,85,85
468,Estar,HF1R,True,1.1102230246251565e-16,0.0,0.0,85,85
468,Bstar,HF1R,True,2.220446049250313e-16,0.0,0.0,85,61
469,Rstar,HF1R,True,1.3010426069826053e-17,0.0,0.0,85,85
469,Estar,HF1R,True,1.3234889800848443e-23,0.0,0.0,85,85
469,Bstar,HF1R,True,5.551115123125783e-17,2.220446049250313e-16,0.0,85,61
470,Rstar,HF1R,True,1.1102230246251565e-16,0.0,0.0,85,85
470,Estar,HF1R,True,1.1102230246251565e-16,0.0,0.0,85,85
470,Bstar,HF1R,True,1.1102230246251565e-16,0.0,0.0,85,61
471,Rstar,HF1R,True,3.382710778154774e-17,0.0,0.0,85,85
471,Estar,HF1R,True,1.1102230246251565e-16,0.0,0.0,85,85
471,Bstar,HF1R,True,5.551115123125783e-17,0.0,0.0,85,61
472,Rstar,HF1R,True,2.220446049250313e-16,0.0,0.0,85,85
472,Estar,HF1R,True,5.551115123125783e-17,0.0,0.0,85,85
472,Bstar,HF1R,True,5.551115123125783e-17,0.0,0.0,85,61
473,Rstar,HF1R,True,1.1102230246251565e-16,0.0,0.0,85,85
473,Estar,HF1R,True,0.0,0.0,0.0,85,85
473,Bstar,HF1R,True,1.3234889800848443e-23,0.0,0.0,85,61
474,Rstar,HF1R,True,2.220446049250313e-16,0.0,0.0,85,85
474,Estar,HF1R,True,1.1102230246251565e-16,0.0,0.0,85,85
474,Bstar,HF1R,True,0.0,0.0,0.0,85,61
475,Rstar,HF1R,True,7.19910242530375e-17,0.0,0.0,85,85
475,Estar,HF1R,True,5.551115123125783e-17,0.0,0.0,85,85
475,Bstar,HF1R,True,1.1102230246251565e-16,0.0,0.0,85,61
476,Rstar,HF1R,True,7.025630077706069e-17,0.0,0.0,85,85
476,Estar,HF1R,True,1.1102230246251565e-16,0.0,0.0,85,85
476,Bstar,HF1R,True,1.1102230246251565e-16,0.0,0.0,85,61
477,Rstar,HF1R,True,1.734723475976807e-17,0.0,0.0,85,85
477,Estar,HF1R,True,1.1102230246251565e-16,8.881784197001252e-16,0.0,85,85
477,Bstar,HF1R,True,5.551115123125783e-17,0.0,0.0,85,61
478,Rstar,HF1R,True,8.933825901280557e-17,0.0,0.0,85,85
478,Estar,HF1R,True,5.551115123125783e-17,8.881784197001252e-16,0.0,85,85
478,Bstar,HF1R,True,5.551115123125783e-17,0.0,0.0,85,61
479,Rstar,HF1R,True,1.1102230246251565e-16,0.0,0.0,85,85
479,Estar,HF1R,True,1.1102230246251565e-16,0.0,0.0,85,85
479,Bstar,HF1R,True,1.3234889800848443e-23,0.0,0.0,85,61
480,Rstar,HF1R,True,1.1102230246251565e-16,0.0,0.0,85,85
480,Estar,HF1R,True,1.1102230246251565e-16,0.0,0.0,85,85
480,Bstar,HF1R,True,5.551115123125783e-17,0.0,0.0,85,61
481,Rstar,HF1R,True,1.0408340855860843e-17,8.881784197001252e-16,0.0,85,85
481,Estar,HF1R,True,0.0,0.0,0.0,85,85
481,Bstar,HF1R,True,5.551115123125783e-17,2.220446049250313e-16,0.0,85,61
482,Rstar,HF1R,True,3.3306690738754696e-16,0.0,0.0,85,85
482,Estar,HF1R,True,5.551115123125783e-17,0.0,0.0,85,85
482,Bstar,HF1R,True,1.3234889800848443e-23,0.0,0.0,85,61
483,Rstar,HF1R,True,1.1102230246251565e-16,0.0,0.0,85,85
483,Estar,HF1R,True,0.0,0.0,0.0,85,85
483,Bstar,HF1R,True,0.0,2.220446049250313e-16,0.0,85,61
484,Rstar,HF1R,True,0.0,8.881784197001252e-16,0.0,85,85
484,Estar,HF1R,True,0.0,0.0,0.0,85,85
484,Bstar,HF1R,True,1.3234889800848443e-23,0.0,0.0,85,61
485,Rstar,HF1R,True,0.0,0.0,0.0,85,85
485,Estar,HF1R,True,5.551115123125783e-17,0.0,0.0,85,85
485,Bstar,HF1R,True,1.3234889800848443e-23,2.220446049250313e-16,0.0,85,61
486,Rstar,HF1R,True,1.3234889800848443e-23,0.0,0.0,85,85
486,Estar,HF1R,True,5.551115123125783e-17,0.0,0.0,85,85
486,Bstar,HF1R,True,5.551115123125783e-17,0.0,0.0,85,61
487,Rstar,HF1R,True,1.1102230246251565e-16,0.0,0.0,85,85
487,Estar,HF1R,True,0.0,0.0,0.0,85,85
487,Bstar,HF1R,True,0.0,0.0,0.0,85,61
488,Rstar,HF1R,True,0.0,8.881784197001252e-16,0.0,85,85
488,Estar,HF1R,True,5.551115123125783e-17,0.0,0.0,85,85
488,Bstar,HF1R,True,1.3234889800848443e-23,2.220446049250313e-16,0.0,85,61
489,Rstar,HF1R,True,5.551115123125783e-17,0.0,0.0,85,85
489,Estar,HF1R,True,0.0,0.0,0.0,85,85
489,Bstar,HF1R,True,1.3234889800848443e-23,0.0,0.0,85,61
490,Rstar,HF1R,True,2.220446049250313e-16,0.0,0.0,85,85
490,Estar,HF1R,True,5.551115123125783e-17,0.0,0.0,85,85
490,Bstar,HF1R,True,5.551115123125783e-17,0.0,0.0,85,61
491,Rstar,HF1R,True,1.1102230246251565e-16,8.881784197001252e-16,0.0,85,85
491,Estar,HF1R,True,0.0,0.0,0.0,85,85
491,Bstar,HF1R,True,0.0,0.0,0.0,85,61
492,Rstar,HF1R,True,1.1102230246251565e-16,0.0,0.0,85,85
492,Estar,HF1R,True,5.551115123125783e-17,0.0,0.0,85,85
492,Bstar,HF1R,True,0.0,0.0,0.0,85,61
493,Rstar,HF1R,True,5.551115123125783e-17,1.7763568394002505e-15,0.0,85,85
493,Estar,HF1R,True,0.0,0.0,0.0,85,85
493,Bstar,HF1R,True,1.1102230246251565e-16,0.0,0.0,85,61
494,Rstar,HF1R,True,1.1102230246251565e-16,0.0,0.0,85,85
494,Estar,HF1R,True,0.0,0.0,0.0,85,85
494,Bstar,HF1R,True,1.1102230246251565e-16,0.0,0.0,85,61
495,Rstar,HF1R,True,1.1102230246251565e-16,8.881784197001252e-16,0.0,85,85
495,Estar,HF1R,True,5.551115123125783e-17,0.0,0.0,85,85
495,Bstar,HF1R,True,5.551115123125783e-17,0.0,0.0,85,61
496,Rstar,HF1R,True,5.551115123125783e-17,0.0,0.0,85,85
496,Estar,HF1R,True,0.0,0.0,0.0,85,85
496,Bstar,HF1R,True,5.551115123125783e-17,0.0,0.0,85,61
497,Rstar,HF1R,True,1.1102230246251565e-16,0.0,0.0,85,85
497,Estar,HF1R,True,2.220446049250313e-16,8.881784197001252e-16,0.0,85,85
497,Bstar,HF1R,True,0.0,2.220446049250313e-16,0.0,85,61
498,Rstar,HF1R,True,1.1102230246251565e-16,8.881784197001252e-16,0.0,85,85
498,Estar,HF1R,True,0.0,0.0,0.0,85,85
498,Bstar,HF1R,True,5.551115123125783e-17,0.0,0.0,85,61
499,Rstar,HF1R,True,0.0,0.0,0.0,85,85
499,Estar,HF1R,True,5.551115123125783e-17,0.0,0.0,85,85
499,Bstar,HF1R,True,5.551115123125783e-17,0.0,0.0,85,61
500,Rstar,HF1R,True,1.6653345369377348e-16,0.0,0.0,85,85
500,Estar,HF1R,True,1.3234889800848443e-23,8.881784197001252e-16,0.0,85,85
500,Bstar,HF1R,True,5.551115123125783e-17,0.0,0.0,85,61
501,Rstar,HF1R,True,5.551115123125783e-17,0.0,0.0,85,85
501,Estar,HF1R,True,1.3234889800848443e-23,0.0,0.0,85,85
501,Bstar,HF1R,True,1.3234889800848443e-23,2.220446049250313e-16,0.0,85,61
502,Rstar,HF1R,True,1.1102230246251565e-16,0.0,0.0,85,85
502,Estar,HF1R,True,5.551115123125783e-17,0.0,0.0,85,85
502,Bstar,HF1R,True,5.551115123125783e-17,0.0,0.0,85,61
503,Rstar,HF1R,True,5.551115123125783e-17,0.0,0.0,85,85
503,Estar,HF1R,True,0.0,8.881784197001252e-16,0.0,85,85
503,Bstar,HF1R,True,1.1102230246251565e-16,2.220446049250313e-16,0.0,85,61
504,Rstar,HF1R,True,1.1102230246251565e-16,0.0,0.0,85,85
504,Estar,HF1R,True,0.0,0.0,0.0,85,85
504,Bstar,HF1R,True,0.0,0.0,0.0,85,61
505,Rstar,HF1R,True,1.1102230246251565e-16,0.0,0.0,85,85
505,Estar,HF1R,True,5.551115123125783e-17,0.0,0.0,85,85
505,Bstar,HF1R,True,1.3234889800848443e-23,2.220446049250313e-16,0.0,85,61
506,Rstar,HF1R,True,5.551115123125783e-17,0.0,0.0,85,85
506,Estar,HF1R,True,1.3234889800848443e-23,8.881784197001252e-16,0.0,85,85
506,Bstar,HF1R,True,5.551115123125783e-17,0.0,0.0,85,61
507,Rstar,HF1R,True,5.551115123125783e-17,0.0,0.0,85,85
507,Estar,HF1R,True,1.3234889800848443e-23,0.0,0.0,85,85
507,Bstar,HF1R,True,1.1102230246251565e-16,0.0,0.0,85,61
508,Rstar,HF1R,True,1.1102230246251565e-16,0.0,0.0,85,85
508,Estar,HF1R,True,5.551115123125783e-17,0.0,0.0,85,85
508,Bstar,HF1R,True,0.0,2.220446049250313e-16,0.0,85,61
509,Rstar,HF1R,True,1.1102230246251565e-16,0.0,0.0,85,85
509,Estar,HF1R,True,1.3234889800848443e-23,0.0,0.0,85,85
509,Bstar,HF1R,True,0.0,2.220446049250313e-16,0.0,85,61
510,Rstar,HF1R,True,1.1102230246251565e-16,8.881784197001252e-16,0.0,85,85
510,Estar,HF1R,True,0.0,0.0,0.0,85,85
510,Bstar,HF1R,True,1.3234889800848443e-23,0.0,0.0,85,61
511,Rstar,HF1R,True,1.1102230246251565e-16,0.0,0.0,85,85
511,Estar,HF1R,True,5.551115123125783e-17,0.0,0.0,85,85
511,Bstar,HF1R,True,5.551115123125783e-17,0.0,0.0,85,61
512,Rstar,HF1R,True,3.3306690738754696e-16,0.0,0.0,85,85
512,Estar,HF1R,True,0.0,8.881784197001252e-16,0.0,85,85
512,Bstar,HF1R,True,5.551115123125783e-17,0.0,0.0,85,61
513,Rstar,HF1R,True,1.1102230246251565e-16,0.0,0.0,85,85
513,Estar,HF1R,True,1.3234889800848443e-23,8.881784197001252e-16,0.0,85,85
513,Bstar,HF1R,True,5.551115123125783e-17,2.220446049250313e-16,0.0,85,61
514,Rstar,HF1R,True,2.220446049250313e-16,0.0,0.0,85,85
514,Estar,HF1R,True,5.551115123125783e-17,0.0,0.0,85,85
514,Bstar,HF1R,True,5.551115123125783e-17,0.0,0.0,85,61
515,Rstar,HF1R,True,1.1102230246251565e-16,0.0,0.0,85,85
515,Estar,HF1R,True,5.551115123125783e-17,0.0,0.0,85,85
515,Bstar,HF1R,True,1.3234889800848443e-23,0.0,0.0,85,61
516,Rstar,HF1R,True,1.1102230246251565e-16,0.0,0.0,85,85
516,Estar,HF1R,True,2.220446049250313e-16,0.0,0.0,85,85
516,Bstar,HF1R,True,5.551115123125783e-17,0.0,0.0,85,61
517,Rstar,HF1R,True,5.551115123125783e-17,8.881784197001252e-16,0.0,85,85
517,Estar,HF1R,True,5.551115123125783e-17,0.0,0.0,85,85
517,Bstar,HF1R,True,5.551115123125783e-17,0.0,0.0,85,61
518,Rstar,HF1R,True,1.3234889800848443e-23,0.0,0.0,85,85
518,Estar,HF1R,True,5.551115123125783e-17,8.881784197001252e-16,0.0,85,85
518,Bstar,HF1R,True,0.0,4.440892098500626e-16,0.0,85,61
519,Rstar,HF1R,True,1.3234889800848443e-23,0.0,0.0,85,85
519,Estar,HF1R,True,1.3234889800848443e-23,0.0,0.0,85,85
519,Bstar,HF1R,True,0.0,2.220446049250313e-16,0.0,85,61
520,Rstar,HF1R,True,0.0,0.0,0.0,85,85
520,Estar,HF1R,True,5.551115123125783e-17,0.0,0.0,85,85
520,Bstar,HF1R,True,0.0,2.220446049250313e-16,0.0,85,61
521,Rstar,HF1R,True,5.551115123125783e-17,0.0,0.0,85,85
521,Estar,HF1R,True,5.551115123125783e-17,0.0,0.0,85,85
521,Bstar,HF1R,True,0.0,2.220446049250313e-16,0.0,85,61
522,Rstar,HF1R,True,1.3234889800848443e-23,0.0,0.0,85,85
522,Estar,HF1R,True,5.551115123125783e-17,8.881784197001252e-16,0.0,85,85
522,Bstar,HF1R,True,0.0,2.220446049250313e-16,0.0,85,61
523,Rstar,HF1R,True,0.0,0.0,0.0,85,85
523,Estar,HF1R,True,0.0,0.0,0.0,85,85
523,Bstar,HF1R,True,0.0,2.220446049250313e-16,0.0,85,61
524,Rstar,HF1R,True,5.551115123125783e-17,8.881784197001252e-16,0.0,85,85
524,Estar,HF1R,True,5.551115123125783e-17,0.0,0.0,85,85
524,Bstar,HF1R,True,1.3234889800848443e-23,0.0,0.0,85,61
525,Rstar,HF1R,True,1.3234889800848443e-23,0.0,0.0,85,85
525,Estar,HF1R,True,1.3234889800848443e-23,8.881784197001252e-16,0.0,85,85
525,Bstar,HF1R,True,5.551115123125783e-17,0.0,0.0,85,61
526,Rstar,HF1R,True,5.551115123125783e-17,0.0,0.0,85,85
526,Estar,HF1R,True,0.0,8.881784197001252e-16,0.0,85,85
526,Bstar,HF1R,True,5.551115123125783e-17,0.0,0.0,85,61
527,Rstar,HF1R,True,8.326672684688674e-17,0.0,0.0,85,85
527,Estar,HF1R,True,0.0,0.0,0.0,85,85
527,Bstar,HF1R,True,5.551115123125783e-17,0.0,0.0,85,61
528,Rstar,HF1R,True,1.1102230246251565e-16,0.0,0.0,85,85
528,Estar,HF1R,True,1.3234889800848443e-23,0.0,0.0,85,85
528,Bstar,HF1R,True,1.3234889800848443e-23,0.0,0.0,85,61
529,Rstar,HF1R,True,5.551115123125783e-17,0.0,0.0,85,85
529,Estar,HF1R,True,0.0,0.0,0.0,85,85
529,Bstar,HF1R,True,5.551115123125783e-17,0.0,0.0,85,61
530,Rstar,HF1R,True,1.1102230246251565e-16,0.0,0.0,85,85
530,Estar,HF1R,True,1.3234889800848443e-23,0.0,0.0,85,85
530,Bstar,HF1R,True,1.1102230246251565e-16,0.0,0.0,85,61
531,Rstar,HF1R,True,1.1102230246251565e-16,0.0,0.0,85,85
531,Estar,HF1R,True,0.0,0.0,0.0,85,85
531,Bstar,HF1R,True,5.551115123125783e-17,2.220446049250313e-16,0.0,85,61
532,Rstar,HF1R,True,5.724587470723463e-17,0.0,0.0,85,85
532,Estar,HF1R,True,1.3234889800848443e-23,0.0,0.0,85,85
532,Bstar,HF1R,True,1.3234889800848443e-23,2.220446049250313e-16,0.0,85,61
533,Rstar,HF1R,True,1.1102230246251565e-16,0.0,0.0,85,85
533,Estar,HF1R,True,1.3234889800848443e-23,0.0,0.0,85,85
533,Bstar,HF1R,True,1.3234889800848443e-23,0.0,0.0,85,61
534,Rstar,HF1R,True,6.938893903907228e-17,8.881784197001252e-16,0.0,85,85
534,Estar,HF1R,True,0.0,8.881784197001252e-16,0.0,85,85
534,Bstar,HF1R,True,5.551115123125783e-17,0.0,0.0,85,61
535,Rstar,HF1R,True,1.1102230246251565e-16,0.0,0.0,85,85
535,Estar,HF1R,True,1.6653345369377348e-16,0.0,0.0,85,85
535,Bstar,HF1R,True,1.1102230246251565e-16,0.0,0.0,85,61
536,Rstar,HF1R,True,1.1102230246251565e-16,0.0,0.0,85,85
536,Estar,HF1R,True,1.1102230246251565e-16,0.0,0.0,85,85
536,Bstar,HF1R,True,6.617444900424222e-24,0.0,0.0,85,61
537,Rstar,HF1R,True,3.382710778154774e-17,0.0,0.0,85,85
537,Estar,HF1R,True,8.153200337090993e-17,8.881784197001252e-16,0.0,85,85
537,Bstar,HF1R,True,5.551115123125783e-17,0.0,0.0,85,61
538,Rstar,HF1R,True,9.627715291671279e-17,8.881784197001252e-16,0.0,85,85
538,Estar,HF1R,True,1.1102230246251565e-16,0.0,0.0,85,85
538,Bstar,HF1R,True,5.551115123125783e-17,0.0,0.0,85,61
539,Rstar,HF1R,True,5.551115123125783e-17,8.881784197001252e-16,0.0,85,85
539,Estar,HF1R,True,1.1102230246251565e-16,8.881784197001252e-16,0.0,85,85
539,Bstar,HF1R,True,5.551115123125783e-17,2.220446049250313e-16,0.0,85,61
540,Rstar,HF1R,True,4.0766001685454967e-17,0.0,0.0,85,85
540,Estar,HF1R,True,1.1102230246251565e-16,0.0,0.0,85,85
540,Bstar,HF1R,True,5.551115123125783e-17,0.0,0.0,85,61
541,Rstar,HF1R,True,6.158268339717665e-17,0.0,0.0,85,85
541,Estar,HF1R,True,6.245004513516506e-17,0.0,0.0,85,85
541,Bstar,HF1R,True,5.551115123125783e-17,0.0,0.0,85,63
542,Rstar,HF1R,True,5.117434254131581e-17,0.0,0.0,85,85
542,Estar,HF1R,True,6.852157730108388e-17,0.0,0.0,85,85
542,Bstar,HF1R,True,1.3234889800848443e-23,0.0,0.0,85,63
543,Rstar,HF1R,True,6.158268339717665e-17,0.0,0.0,85,85
543,Estar,HF1R,True,5.551115123125783e-17,0.0,0.0,85,85
543,Bstar,HF1R,True,1.3234889800848443e-23,0.0,0.0,85,63
544,Rstar,HF1R,True,5.551115123125783e-17,8.881784197001252e-16,0.0,85,85
544,Estar,HF1R,True,5.551115123125783e-17,0.0,0.0,85,85
544,Bstar,HF1R,True,5.551115123125783e-17,0.0,0.0,85,63
545,Rstar,HF1R,True,5.551115123125783e-17,0.0,0.0,85,85
545,Estar,HF1R,True,7.025630077706069e-17,0.0,0.0,85,85
545,Bstar,HF1R,True,0.0,0.0,0.0,85,63
546,Rstar,HF1R,True,5.377642775528102e-17,0.0,0.0,85,85
546,Estar,HF1R,True,9.540979117872439e-17,0.0,0.0,85,85
546,Bstar,HF1R,True,0.0,2.220446049250313e-16,0.0,85,63
547,Rstar,HF1R,True,2.220446049250313e-16,0.0,0.0,85,85
547,Estar,HF1R,True,5.551115123125783e-17,0.0,0.0,85,85
547,Bstar,HF1R,True,1.3234889800848443e-23,0.0,0.0,85,63
548,Rstar,HF1R,True,8.153200337090993e-17,0.0,0.0,85,85
548,Estar,HF1R,True,5.551115123125783e-17,0.0,0.0,85,85
548,Bstar,HF1R,True,0.0,0.0,0.0,85,63
549,Rstar,HF1R,True,2.220446049250313e-16,0.0,0.0,85,85
549,Estar,HF1R,True,5.551115123125783e-17,0.0,0.0,85,85
549,Bstar,HF1R,True,5.551115123125783e-17,0.0,0.0,85,63
550,Rstar,HF1R,True,4.7704895589362195e-17,0.0,0.0,85,85
550,Estar,HF1R,True,5.551115123125783e-17,8.881784197001252e-16,0.0,85,85
550,Bstar,HF1R,True,0.0,2.220446049250313e-16,0.0,85,63
551,Rstar,HF1R,True,9.454242944073599e-17,0.0,0.0,85,85
551,Estar,HF1R,True,7.806255641895632e-17,0.0,0.0,85,85
551,Bstar,HF1R,True,0.0,0.0,0.0,85,63
552,Rstar,HF1R,True,1.1102230246251565e-16,0.0,0.0,85,85
552,Estar,HF1R,True,6.245004513516506e-17,0.0,0.0,85,85
552,Bstar,HF1R,True,5.551115123125783e-17,2.220446049250313e-16,0.0,85,63
553,Rstar,HF1R,True,8.586881206085195e-17,0.0,0.0,85,85
553,Estar,HF1R,True,5.551115123125783e-17,8.881784197001252e-16,0.0,85,85
553,Bstar,HF1R,True,0.0,0.0,0.0,85,63
554,Rstar,HF1R,True,5.551115123125783e-17,0.0,0.0,85,85
554,Estar,HF1R,True,6.418476861114186e-17,0.0,0.0,85,85
554,Bstar,HF1R,True,0.0,0.0,0.0,85,63
555,Rstar,HF1R,True,4.2500725161431774e-17,0.0,0.0,85,85
555,Estar,HF1R,True,6.852157730108388e-17,8.881784197001252e-16,0.0,85,85
555,Bstar,HF1R,True,0.0,0.0,0.0,85,63
556,Rstar,HF1R,True,6.331740687315346e-17,0.0,0.0,85,85
556,Estar,HF1R,True,6.158268339717665e-17,0.0,0.0,85,85
556,Bstar,HF1R,True,5.551115123125783e-17,2.220446049250313e-16,0.0,85,63
557,Rstar,HF1R,True,5.551115123125783e-17,0.0,0.0,85,85
557,Estar,HF1R,True,5.551115123125783e-17,0.0,0.0,85,85
557,Bstar,HF1R,True,5.551115123125783e-17,0.0,0.0,85,63
558,Rstar,HF1R,True,2.0816681711721685e-17,0.0,0.0,85,85
558,Estar,HF1R,True,5.551115123125783e-17,0.0,0.0,85,85
558,Bstar,HF1R,True,1.3234889800848443e-23,0.0,0.0,85,63
559,Rstar,HF1R,True,8.239936510889834e-17,0.0,0.0,85,85
559,Estar,HF1R,True,1.1102230246251565e-16,0.0,0.0,85,85
559,Bstar,HF1R,True,1.3234889800848443e-23,0.0,0.0,85,63
560,Rstar,HF1R,True,5.898059818321144e-17,0.0,0.0,79,79
560,Estar,HF1R,True,2.220446049250313e-16,8.881784197001252e-16,0.0,79,79
560,Bstar,HF1R,True,0.0,2.220446049250313e-16,0.0,79,62
561,Rstar,HF1R,True,3.122502256758253e-17,0.0,0.0,79,79
561,Estar,HF1R,True,5.551115123125783e-17,0.0,0.0,79,79
561,Bstar,HF1R,True,1.3234889800848443e-23,2.220446049250313e-16,0.0,79,62
562,Rstar,HF1R,True,2.220446049250313e-16,0.0,0.0,79,79
562,Estar,HF1R,True,6.451002926288751e-17,0.0,0.0,79,79
562,Bstar,HF1R,True,0.0,2.220446049250313e-16,0.0,79,62
563,Rstar,HF1R,True,8.500145032286355e-17,0.0,0.0,79,79
563,Estar,HF1R,True,5.692061405548898e-17,0.0,0.0,79,79
563,Bstar,HF1R,True,1.3234889800848443e-23,0.0,0.0,79,62
564,Rstar,HF1R,True,7.28583859910259e-17,0.0,0.0,79,79
564,Estar,HF1R,True,9.77950359581925e-17,0.0,0.0,79,79
564,Bstar,HF1R,True,0.0,0.0,0.0,79,62
565,Rstar,HF1R,True,6.418476861114186e-17,0.0,0.0,79,79
565,Estar,HF1R,True,5.551115123125783e-17,0.0,0.0,79,79
565,Bstar,HF1R,True,0.0,2.220446049250313e-16,0.0,79,62
566,Rstar,HF1R,True,5.551115123125783e-17,0.0,0.0,79,79
566,Estar,HF1R,True,5.377642775528102e-17,0.0,0.0,79,79
566,Bstar,HF1R,True,1.3234889800848443e-23,2.220446049250313e-16,0.0,79,62
567,Rstar,HF1R,True,2.949029909160572e-17,0.0,0.0,79,79
567,Estar,HF1R,True,0.0,0.0,0.0,79,79
567,Bstar,HF1R,True,1.3234889800848443e-23,2.220446049250313e-16,0.0,79,62
568,Rstar,HF1R,True,2.2551405187698492e-17,0.0,0.0,79,79
568,Estar,HF1R,True,6.765421556309548e-17,0.0,0.0,79,79
568,Bstar,HF1R,True,0.0,0.0,0.0,79,62
569,Rstar,HF1R,True,5.551115123125783e-17,8.881784197001252e-16,0.0,79,79
569,Estar,HF1R,True,6.418476861114186e-17,0.0,0.0,79,79
569,Bstar,HF1R,True,1.3234889800848443e-23,2.220446049250313e-16,0.0,79,62
570,Rstar,HF1R,True,5.551115123125783e-17,0.0,0.0,79,79
570,Estar,HF1R,True,4.5102810375396984e-17,0.0,0.0,79,79
570,Bstar,HF1R,True,1.3234889800848443e-23,0.0,0.0,79,62
571,Rstar,HF1R,True,6.938893903907228e-18,0.0,0.0,79,79
571,Estar,HF1R,True,5.551115123125783e-17,8.881784197001252e-16,0.0,79,79
571,Bstar,HF1R,True,7.806255641895632e-18,2.220446049250313e-16,0.0,79,63
572,Rstar,HF1R,True,3.729655473350135e-17,0.0,0.0,79,79
572,Estar,HF1R,True,4.683753385137379e-17,0.0,0.0,79,79
572,Bstar,HF1R,True,0.0,0.0,0.0,79,64
573,Rstar,HF1R,True,3.382710778154774e-17,8.881784197001252e-16,0.0,79,79
573,Estar,HF1R,True,5.551115123125783e-17,0.0,0.0,79,79
573,Bstar,HF1R,True,1.1102230246251565e-16,0.0,0.0,79,64
574,Rstar,HF1R,True,5.551115123125783e-17,0.0,0.0,79,79
574,Estar,HF1R,True,9.020562075079397e-17,0.0,0.0,79,79
574,Bstar,HF1R,True,1.3234889800848443e-23,0.0,0.0,79,64
575,Rstar,HF1R,True,5.2909066017292616e-17,0.0,0.0,79,79
575,Estar,HF1R,True,1.1102230246251565e-16,0.0,0.0,79,79
575,Bstar,HF1R,True,0.0,2.220446049250313e-16,0.0,79,64
576,Rstar,HF1R,True,5.551115123125783e-17,0.0,0.0,79,79
576,Estar,HF1R,True,2.2551405187698492e-17,0.0,0.0,79,79
576,Bstar,HF1R,True,0.0,0.0,0.0,79,64
577,Rstar,HF1R,True,5.551115123125783e-17,0.0,0.0,79,79
577,Estar,HF1R,True,2.2551405187698492e-17,0.0,0.0,79,79
577,Bstar,HF1R,True,1.3234889800848443e-23,0.0,0.0,79,64
578,Rstar,HF1R,True,5.551115123125783e-17,0.0,0.0,79,79
578,Estar,HF1R,True,5.551115123125783e-17,0.0,0.0,79,79
578,Bstar,HF1R,True,1.3234889800848443e-23,0.0,0.0,79,64
579,Rstar,HF1R,True,2.0816681711721685e-17,0.0,0.0,79,79
579,Estar,HF1R,True,9.540979117872439e-17,0.0,0.0,79,79
579,Bstar,HF1R,True,1.3234889800848443e-23,0.0,0.0,79,64
580,Rstar,HF1R,True,4.336808689942018e-18,0.0,0.0,79,79
580,Estar,HF1R,True,7.632783294297951e-17,0.0,0.0,79,79
580,Bstar,HF1R,True,1.3234889800848443e-23,2.220446049250313e-16,0.0,79,64
581,Rstar,HF1R,True,6.938893903907228e-17,8.881784197001252e-16,0.0,79,79
581,Estar,HF1R,True,9.540979117872439e-17,0.0,0.0,79,79
581,Bstar,HF1R,True,0.0,0.0,0.0,79,64
582,Rstar,HF1R,True,1.8214596497756474e-17,0.0,0.0,79,79
582,Estar,HF1R,True,7.806255641895632e-17,0.0,0.0,79,79
582,Bstar,HF1R,True,0.0,4.440892098500626e-16,0.0,79,64
583,Rstar,HF1R,True,7.19910242530375e-17,0.0,0.0,79,79
583,Estar,HF1R,True,7.806255641895632e-17,8.881784197001252e-16,0.0,79,79
583,Bstar,HF1R,True,0.0,2.220446049250313e-16,0.0,79,64
584,Rstar,HF1R,True,5.0306980803327406e-17,8.881784197001252e-16,0.0,79,79
584,Estar,HF1R,True,2.949029909160572e-17,8.881784197001252e-16,0.0,79,79
584,Bstar,HF1R,True,0.0,0.0,0.0,79,64
585,Rstar,HF1R,True,5.551115123125783e-17,0.0,0.0,79,79
585,Estar,HF1R,True,5.898059818321144e-17,0.0,0.0,79,79
585,Bstar,HF1R,True,0.0,0.0,0.0,79,64
586,Rstar,HF1R,True,9.71445146547012e-17,8.881784197001252e-16,0.0,79,79
586,Estar,HF1R,True,5.551115123125783e-17,0.0,0.0,79,79
586,Bstar,HF1R,True,1.3234889800848443e-23,0.0,0.0,79,64
587,Rstar,HF1R,True,3.122502256758253e-17,8.881784197001252e-16,0.0,79,79
587,Estar,HF1R,True,6.245004513516506e-17,0.0,0.0,79,79
587,Bstar,HF1R,True,4.336808689942018e-18,4.440892098500626e-16,0.0,79,65
588,Rstar,HF1R,True,7.567731163948821e-17,0.0,0.0,79,79
588,Estar,HF1R,True,5.724587470723463e-17,8.881784197001252e-16,0.0,79,79
588,Bstar,HF1R,True,8.847089727481716e-17,0.0,0.0,79,65
589,Rstar,HF1R,True,6.657001339060997e-17,0.0,0.0,79,79
589,Estar,HF1R,True,5.551115123125783e-17,8.881784197001252e-16,0.0,79,79
589,Bstar,HF1R,True,4.5102810375396984e-17,2.220446049250313e-16,0.0,79,65
590,Rstar,HF1R,True,7.990570011218168e-17,0.0,0.0,79,79
590,Estar,HF1R,True,2.0816681711721685e-17,0.0,0.0,79,79
590,Bstar,HF1R,True,5.117434254131581e-17,0.0,0.0,79,65
591,Rstar,HF1R,True,5.551115123125783e-17,0.0,0.0,79,79
591,Estar,HF1R,True,3.469446951953614e-17,0.0,0.0,79,79
591,Bstar,HF1R,True,1.9081958235744878e-17,2.220446049250313e-16,0.0,79,65
592,Rstar,HF1R,True,9.627715291671279e-17,0.0,0.0,79,79
592,Estar,HF1R,True,5.551115123125783e-17,0.0,0.0,79,79
592,Bstar,HF1R,True,2.5153490401663703e-17,0.0,0.0,79,65
593,Rstar,HF1R,True,4.7704895589362195e-17,8.881784197001252e-16,0.0,79,79
593,Estar,HF1R,True,8.847089727481716e-17,8.881784197001252e-16,0.0,79,79
593,Bstar,HF1R,True,5.204170427930421e-18,0.0,0.0,79,65
594,Rstar,HF1R,True,6.678685382510707e-17,0.0,0.0,79,79
594,Estar,HF1R,True,2.220446049250313e-16,0.0,0.0,79,79
594,Bstar,HF1R,True,4.336808689942018e-17,0.0,0.0,79,65
595,Rstar,HF1R,True,1.214306433183765e-17,0.0,0.0,79,79
595,Estar,HF1R,True,4.85722573273506e-17,0.0,0.0,79,79
595,Bstar,HF1R,True,5.811323644522304e-17,2.220446049250313e-16,0.0,79,65
596,Rstar,HF1R,True,5.551115123125783e-17,0.0,0.0,79,79
596,Estar,HF1R,True,2.220446049250313e-16,0.0,0.0,79,79
596,Bstar,HF1R,True,1.1102230246251565e-16,2.220446049250313e-16,0.0,79,65
597,Rstar,HF1R,True,5.551115123125783e-17,0.0,0.0,79,79
597,Estar,HF1R,True,5.551115123125783e-17,0.0,0.0,79,79
597,Bstar,HF1R,True,5.377642775528102e-17,0.0,0.0,79,65
598,Rstar,HF1R,True,5.551115123125783e-17,0.0,0.0,79,79
598,Estar,HF1R,True,3.122502256758253e-17,0.0,0.0,79,79
598,Bstar,HF1R,True,7.37257477290143e-18,2.220446049250313e-16,0.0,79,65
599,Rstar,HF1R,True,6.938893903907228e-18,0.0,0.0,79,79
599,Estar,HF1R,True,5.551115123125783e-17,0.0,0.0,79,79
599,Bstar,HF1R,True,1.3877787807814457e-17,2.220446049250313e-16,0.0,79,65
600,Rstar,HF1R,True,5.204170427930421e-18,0.0,0.0,79,79
600,Estar,HF1R,True,8.847089727481716e-17,0.0,0.0,79,79
600,Bstar,HF1R,True,7.28583859910259e-17,0.0,0.0,79,65
601,Rstar,HF1R,True,6.852157730108388e-17,0.0,0.0,79,79
601,Estar,HF1R,True,2.2551405187698492e-17,0.0,0.0,79,79
601,Bstar,HF1R,True,4.9439619065339e-17,0.0,0.0,79,65
602,Rstar,HF1R,True,3.122502256758253e-17,0.0,0.0,79,79
602,Estar,HF1R,True,5.551115123125783e-17,8.881784197001252e-16,0.0,79,79
602,Bstar,HF1R,True,0.0,0.0,0.0,79,66
603,Rstar,HF1R,True,8.066464163292153e-17,0.0,0.0,79,79
603,Estar,HF1R,True,2.220446049250313e-16,8.881784197001252e-16,0.0,79,79
603,Bstar,HF1R,True,1.3234889800848443e-23,0.0,0.0,79,66
604,Rstar,HF1R,True,2.688821387764051e-17,0.0,0.0,79,79
604,Estar,HF1R,True,8.673617379884035e-18,0.0,0.0,79,79
604,Bstar,HF1R,True,1.3234889800848443e-23,0.0,0.0,79,66
605,Rstar,HF1R,True,8.760353553682876e-17,8.881784197001252e-16,0.0,79,79
605,Estar,HF1R,True,9.71445146547012e-17,8.881784197001252e-16,0.0,79,79
605,Bstar,HF1R,True,1.3234889800848443e-23,0.0,0.0,79,66
606,Rstar,HF1R,True,6.505213034913027e-17,0.0,0.0,79,79
606,Estar,HF1R,True,9.80118763926896e-17,0.0,0.0,79,79
606,Bstar,HF1R,True,0.0,0.0,0.0,79,66
607,Rstar,HF1R,True,1.734723475976807e-17,8.881784197001252e-16,0.0,79,79
607,Estar,HF1R,True,4.2500725161431774e-17,0.0,0.0,79,79
607,Bstar,HF1R,True,0.0,0.0,0.0,79,66
608,Rstar,HF1R,True,3.122502256758253e-17,0.0,0.0,79,79
608,Estar,HF1R,True,8.673617379884035e-17,0.0,0.0,79,79
608,Bstar,HF1R,True,1.1102230246251565e-16,0.0,0.0,79,66
609,Rstar,HF1R,True,6.418476861114186e-17,0.0,0.0,79,79
609,Estar,HF1R,True,2.220446049250313e-16,0.0,0.0,79,79
609,Bstar,HF1R,True,1.3234889800848443e-23,2.220446049250313e-16,0.0,79,66
610,Rstar,HF1R,True,6.418476861114186e-17,8.881784197001252e-16,0.0,79,79
610,Estar,HF1R,True,6.418476861114186e-17,0.0,0.0,79,79
610,Bstar,HF1R,True,1.3234889800848443e-23,0.0,0.0,79,66
611,Rstar,HF1R,True,1.214306433183765e-17,0.0,0.0,79,79
611,Estar,HF1R,True,1.214306433183765e-17,0.0,0.0,79,79
611,Bstar,HF1R,True,0.0,2.220446049250313e-16,0.0,79,66
612,Rstar,HF1R,True,4.5102810375396984e-17,8.881784197001252e-16,0.0,79,79
612,Estar,HF1R,True,4.5102810375396984e-17,0.0,0.0,79,79
612,Bstar,HF1R,True,1.3234889800848443e-23,0.0,0.0,79,66
613,Rstar,HF1R,True,3.642919299551295e-17,0.0,0.0,79,79
613,Estar,HF1R,True,7.24247051220317e-17,0.0,0.0,79,79
613,Bstar,HF1R,True,0.0,0.0,0.0,79,66
614,Rstar,HF1R,True,6.418476861114186e-17,0.0,0.0,79,79
614,Estar,HF1R,True,4.85722573273506e-17,0.0,0.0,79,79
614,Bstar,HF1R,True,0.0,2.220446049250313e-16,0.0,79,66
615,Rstar,HF1R,True,1.734723475976807e-18,8.881784197001252e-16,0.0,79,79
615,Estar,HF1R,True,7.112366251504909e-17,0.0,0.0,79,79
615,Bstar,HF1R,True,1.3234889800848443e-23,0.0,0.0,79,66
616,Rstar,HF1R,True,5.551115123125783e-17,0.0,0.0,79,79
616,Estar,HF1R,True,9.367506770274758e-17,0.0,0.0,79,79
616,Bstar,HF1R,True,0.0,0.0,0.0,79,66
617,Rstar,HF1R,True,3.903127820947816e-17,0.0,0.0,79,79
617,Estar,HF1R,True,3.8163916471489756e-17,0.0,0.0,79,79
617,Bstar,HF1R,True,1.1102230246251565e-16,2.220446049250313e-16,0.0,79,66
618,Rstar,HF1R,True,5.551115123125783e-17,0.0,0.0,79,79
618,Estar,HF1R,True,5.551115123125783e-17,8.881784197001252e-16,0.0,79,79
618,Bstar,HF1R,True,1.3234889800848443e-23,2.220446049250313e-16,0.0,79,66
619,Rstar,HF1R,True,8.673617379884035e-19,0.0,0.0,79,79
619,Estar,HF1R,True,2.220446049250313e-16,8.881784197001252e-16,0.0,79,79
619,Bstar,HF1R,True,1.1102230246251565e-16,0.0,0.0,79,66
620,Rstar,HF1R,True,7.806255641895632e-17,0.0,0.0,79,79
620,Estar,HF1R,True,9.194034422677078e-17,8.881784197001252e-16,0.0,79,79
620,Bstar,HF1R,True,1.1102230246251565e-16,2.220446049250313e-16,0.0,79,66
621,Rstar,HF1R,True,8.716985466783456e-17,0.0,0.0,79,79
621,Estar,HF1R,True,1.0408340855860843e-17,0.0,0.0,79,79
621,Bstar,HF1R,True,0.0,0.0,0.0,79,66
622,Rstar,HF1R,True,4.5644911461639737e-17,8.881784197001252e-16,0.0,79,79
622,Estar,HF1R,True,8.847089727481716e-17,0.0,0.0,79,79
622,Bstar,HF1R,True,1.3234889800848443e-23,2.220446049250313e-16,0.0,79,66
623,Rstar,HF1R,True,4.336808689942018e-18,0.0,0.0,79,79
623,Estar,HF1R,True,2.6020852139652106e-17,8.881784197001252e-16,0.0,79,79
623,Bstar,HF1R,True,1.3234889800848443e-23,2.220446049250313e-16,0.0,79,66
624,Rstar,HF1R,True,3.393552799879629e-17,0.0,0.0,79,79
624,Estar,HF1R,True,3.642919299551295e-17,0.0,0.0,79,79
624,Bstar,HF1R,True,1.3234889800848443e-23,0.0,0.0,79,66
625,Rstar,HF1R,True,4.868067754459915e-17,0.0,0.0,79,79
625,Estar,HF1R,True,5.551115123125783e-17,0.0,0.0,79,79
625,Bstar,HF1R,True,0.0,2.220446049250313e-16,0.0,79,66
626,Rstar,HF1R,True,5.551115123125783e-17,8.881784197001252e-16,0.0,79,79
626,Estar,HF1R,True,5.453536927602087e-17,0.0,0.0,79,79
626,Bstar,HF1R,True,1.3234889800848443e-23,2.220446049250313e-16,0.0,79,66
627,Rstar,HF1R,True,6.071532165918825e-17,0.0,0.0,79,79
627,Estar,HF1R,True,7.741203511546502e-17,0.0,0.0,79,79
627,Bstar,HF1R,True,1.3234889800848443e-23,0.0,0.0,79,66
628,Rstar,HF1R,True,5.551115123125783e-17,0.0,0.0,79,79
628,Estar,HF1R,True,3.2959746043559335e-17,0.0,0.0,79,79
628,Bstar,HF1R,True,1.1102230246251565e-16,2.220446049250313e-16,0.0,79,66
629,Rstar,HF1R,True,8.326672684688674e-17,0.0,0.0,79,79
629,Estar,HF1R,True,7.340048707726865e-17,0.0,0.0,79,79
629,Bstar,HF1R,True,0.0,0.0,0.0,79,66
630,Rstar,HF1R,True,2.220446049250313e-16,0.0,0.0,79,79
630,Estar,HF1R,True,5.692061405548898e-17,0.0,0.0,79,79
630,Bstar,HF1R,True,0.0,0.0,0.0,79,66
631,Rstar,HF1R,True,0.0,0.0,0.0,79,79
631,Estar,HF1R,True,5.637851296924623e-18,0.0,0.0,79,79
631,Bstar,HF1R,True,0.0,0.0,0.0,79,66
632,Rstar,HF1R,True,1.3877787807814457e-17,8.881784197001252e-16,0.0,79,79
632,Estar,HF1R,True,5.551115123125783e-17,8.881784197001252e-16,0.0,79,79
632,Bstar,HF1R,True,0.0,0.0,0.0,79,66
633,Rstar,HF1R,True,6.548581121812447e-17,0.0,0.0,79,79
633,Estar,HF1R,True,5.854691731421724e-17,0.0,0.0,79,79
633,Bstar,HF1R,True,0.0,2.220446049250313e-16,0.0,79,66
634,Rstar,HF1R,True,2.1250362580715887e-17,0.0,0.0,79,79
634,Estar,HF1R,True,7.719519468096792e-17,0.0,0.0,79,79
634,Bstar,HF1R,True,0.0,2.220446049250313e-16,0.0,79,66
635,Rstar,HF1R,True,1.8214596497756474e-17,0.0,0.0,79,79
635,Estar,HF1R,True,3.252606517456513e-17,0.0,0.0,79,79
635,Bstar,HF1R,True,0.0,0.0,0.0,79,66
636,Rstar,HF1R,True,4.163336342344337e-17,0.0,0.0,79,79
636,Estar,HF1R,True,5.551115123125783e-17,0.0,0.0,79,79
636,Bstar,HF1R,True,1.3234889800848443e-23,0.0,0.0,79,66
637,Rstar,HF1R,True,7.632783294297951e-17,8.881784197001252e-16,0.0,79,79
637,Estar,HF1R,True,8.370040771588094e-17,0.0,0.0,79,79
637,Bstar,HF1R,True,0.0,0.0,0.0,79,66
638,Rstar,HF1R,True,3.0357660829594124e-17,0.0,0.0,79,79
638,Estar,HF1R,True,6.548581121812447e-17,0.0,0.0,79,79
638,Bstar,HF1R,True,0.0,2.220446049250313e-16,0.0,79,66
639,Rstar,HF1R,True,5.551115123125783e-17,8.881784197001252e-16,0.0,79,79
639,Estar,HF1R,True,6.331740687315346e-17,0.0,0.0,79,79
639,Bstar,HF1R,True,0.0,0.0,0.0,79,66
640,Rstar,HF1R,True,2.8189256484623115e-17,8.881784197001252e-16,0.0,79,79
640,Estar,HF1R,True,4.119968255444917e-17,8.881784197001252e-16,0.0,79,79
640,Bstar,HF1R,True,1.1102230246251565e-16,0.0,0.0,79,66
641,Rstar,HF1R,True,5.551115123125783e-17,0.0,0.0,79,79
641,Estar,HF1R,True,4.163336342344337e-17,0.0,0.0,79,79
641,Bstar,HF1R,True,0.0,0.0,0.0,79,66
642,Rstar,HF1R,True,9.194034422677078e-17,0.0,0.0,79,79
642,Estar,HF1R,True,7.632783294297951e-17,8.881784197001252e-16,0.0,79,79
642,Bstar,HF1R,True,1.3234889800848443e-23,0.0,0.0,79,66
643,Rstar,HF1R,True,5.4643789493269423e-17,0.0,0.0,79,79
643,Estar,HF1R,True,2.5587171270657905e-17,0.0,0.0,79,79
643,Bstar,HF1R,True,0.0,0.0,0.0,79,66
644,Rstar,HF1R,True,6.678685382510707e-17,0.0,0.0,79,79
644,Estar,HF1R,True,6.852157730108388e-17,0.0,0.0,79,79
644,Bstar,HF1R,True,1.3234889800848443e-23,0.0,0.0,79,66
645,Rstar,HF1R,True,2.220446049250313e-16,0.0,0.0,79,79
645,Estar,HF1R,True,5.551115123125783e-17,0.0,0.0,79,79
645,Bstar,HF1R,True,0.0,0.0,0.0,79,66
646,Rstar,HF1R,True,5.551115123125783e-17,8.881784197001252e-16,0.0,79,79
646,Estar,HF1R,True,2.688821387764051e-17,0.0,0.0,79,79
646,Bstar,HF1R,True,1.3234889800848443e-23,2.220446049250313e-16,0.0,79,66
647,Rstar,HF1R,True,5.551115123125783e-17,8.881784197001252e-16,0.0,79,79
647,Estar,HF1R,True,5.551115123125783e-17,8.881784197001252e-16,0.0,79,79
647,Bstar,HF1R,True,1.3234889800848443e-23,0.0,0.0,79,66
648,Rstar,HF1R,True,9.367506770274758e-17,0.0,0.0,79,79
648,Estar,HF1R,True,3.8163916471489756e-17,0.0,0.0,79,79
648,Bstar,HF1R,True,1.3234889800848443e-23,0.0,0.0,79,66
649,Rstar,HF1R,True,2.3418766925686896e-17,0.0,0.0,79,79
649,Estar,HF1R,True,3.122502256758253e-17,0.0,0.0,79,79
649,Bstar,HF1R,True,1.3234889800848443e-23,2.220446049250313e-16,0.0,79,66
650,Rstar,HF1R,True,5.204170427930421e-18,0.0,0.0,79,79
650,Estar,HF1R,True,6.158268339717665e-17,0.0,0.0,79,79
650,Bstar,HF1R,True,0.0,2.220446049250313e-16,0.0,79,66
651,Rstar,HF1R,True,5.551115123125783e-17,0.0,0.0,79,79
651,Estar,HF1R,True,6.158268339717665e-17,8.881784197001252e-16,0.0,79,79
651,Bstar,HF1R,True,1.3234889800848443e-23,2.220446049250313e-16,0.0,79,66
652,Rstar,HF1R,True,5.551115123125783e-17,0.0,0.0,79,79
652,Estar,HF1R,True,5.551115123125783e-17,0.0,0.0,79,79
652,Bstar,HF1R,True,0.0,2.220446049250313e-16,0.0,79,66
653,Rstar,HF1R,True,5.898059818321144e-17,0.0,0.0,79,79
653,Estar,HF1R,True,2.168404344971009e-17,0.0,0.0,79,79
653,Bstar,HF1R,True,1.3234889800848443e-23,0.0,0.0,79,66
654,Rstar,HF1R,True,5.898059818321144e-17,0.0,0.0,79,79
654,Estar,HF1R,True,7.025630077706069e-17,8.881784197001252e-16,0.0,79,79
654,Bstar,HF1R,True,0.0,0.0,0.0,79,66
655,Rstar,HF1R,True,5.551115123125783e-17,0.0,0.0,79,79
655,Estar,HF1R,True,5.551115123125783e-17,0.0,0.0,79,79
655,Bstar,HF1R,True,1.3234889800848443e-23,0.0,0.0,79,66
656,Rstar,HF1R,True,9.107298248878237e-17,8.881784197001252e-16,0.0,79,79
656,Estar,HF1R,True,5.551115123125783e-17,0.0,0.0,79,79
656,Bstar,HF1R,True,0.0,0.0,0.0,79,66
657,Rstar,HF1R,True,8.673617379884035e-17,8.881784197001252e-16,0.0,79,79
657,Estar,HF1R,True,9.8879238130678e-17,0.0,0.0,79,79
657,Bstar,HF1R,True,0.0,2.220446049250313e-16,0.0,79,66
658,Rstar,HF1R,True,2.168404344971009e-17,0.0,0.0,79,79
658,Estar,HF1R,True,3.903127820947816e-17,0.0,0.0,79,79
658,Bstar,HF1R,True,0.0,2.220446049250313e-16,0.0,79,66
659,Rstar,HF1R,True,1.214306433183765e-17,8.881784197001252e-16,0.0,79,79
659,Estar,HF1R,True,5.551115123125783e-17,0.0,0.0,79,79
659,Bstar,HF1R,True,0.0,0.0,0.0,79,66
660,Rstar,HF1R,True,5.551115123125783e-17,0.0,0.0,79,79
660,Estar,HF1R,True,5.551115123125783e-17,0.0,0.0,79,79
660,Bstar,HF1R,True,0.0,0.0,0.0,79,66
661,Rstar,HF1R,True,5.551115123125783e-17,0.0,0.0,79,79
661,Estar,HF1R,True,7.546047120499111e-17,0.0,0.0,79,79
661,Bstar,HF1R,True,1.1102230246251565e-16,0.0,0.0,79,67
662,Rstar,HF1R,True,9.410874857174178e-17,0.0,0.0,79,79
662,Estar,HF1R,True,8.066464163292153e-17,0.0,0.0,79,79
662,Bstar,HF1R,True,1.1102230246251565e-16,0.0,0.0,79,67
663,Rstar,HF1R,True,5.551115123125783e-17,0.0,0.0,79,79
663,Estar,HF1R,True,1.6479873021779667e-17,0.0,0.0,79,79
663,Bstar,HF1R,True,8.153200337090993e-17,2.220446049250313e-16,0.0,79,67
664,Rstar,HF1R,True,4.683753385137379e-17,0.0,0.0,79,79
664,Estar,HF1R,True,3.9898639947466563e-17,0.0,0.0,79,79
664,Bstar,HF1R,True,6.938893903907228e-18,0.0,0.0,79,67
665,Rstar,HF1R,True,4.5536491244391186e-17,0.0,0.0,79,79
665,Estar,HF1R,True,5.724587470723463e-17,0.0,0.0,79,79
665,Bstar,HF1R,True,6.331740687315346e-17,0.0,0.0,79,67
666,Rstar,HF1R,True,5.551115123125783e-17,0.0,0.0,79,79
666,Estar,HF1R,True,5.724587470723463e-17,0.0,0.0,79,79
666,Bstar,HF1R,True,9.107298248878237e-17,2.220446049250313e-16,0.0,79,67
667,Rstar,HF1R,True,8.370040771588094e-17,0.0,0.0,79,79
667,Estar,HF1R,True,5.551115123125783e-17,0.0,0.0,79,79
667,Bstar,HF1R,True,3.122502256758253e-17,0.0,0.0,79,67
668,Rstar,HF1R,True,5.117434254131581e-17,0.0,0.0,79,79
668,Estar,HF1R,True,8.066464163292153e-17,0.0,0.0,79,79
668,Bstar,HF1R,True,1.3877787807814457e-17,0.0,0.0,79,67
669,Rstar,HF1R,True,5.551115123125783e-17,0.0,0.0,79,79
669,Estar,HF1R,True,6.071532165918825e-18,0.0,0.0,79,79
669,Bstar,HF1R,True,7.632783294297951e-17,0.0,0.0,79,67
670,Rstar,HF1R,True,3.729655473350135e-17,0.0,0.0,79,79
670,Estar,HF1R,True,1.1102230246251565e-16,8.881784197001252e-16,0.0,79,79
670,Bstar,HF1R,True,1.1102230246251565e-16,0.0,0.0,79,67
671,Rstar,HF1R,True,7.112366251504909e-17,0.0,0.0,79,79
671,Estar,HF1R,True,8.500145032286355e-17,8.881784197001252e-16,0.0,79,79
671,Bstar,HF1R,True,1.9081958235744878e-17,0.0,0.0,79,67
672,Rstar,HF1R,True,5.551115123125783e-17,8.881784197001252e-16,0.0,79,79
672,Estar,HF1R,True,3.2959746043559335e-17,0.0,0.0,79,79
672,Bstar,HF1R,True,0.0,2.220446049250313e-16,0.0,79,68
673,Rstar,HF1R,True,8.283304597789254e-17,0.0,0.0,79,79
673,Estar,HF1R,True,5.724587470723463e-17,0.0,0.0,79,79
673,Bstar,HF1R,True,1.3234889800848443e-23,2.220446049250313e-16,0.0,79,68
674,Rstar,HF1R,True,6.071532165918825e-17,0.0,0.0,79,79
674,Estar,HF1R,True,5.551115123125783e-17,8.881784197001252e-16,0.0,79,79
674,Bstar,HF1R,True,1.3234889800848443e-23,0.0,0.0,79,68
675,Rstar,HF1R,True,1.3877787807814457e-17,0.0,0.0,79,79
675,Estar,HF1R,True,6.591949208711867e-17,8.881784197001252e-16,0.0,79,79
675,Bstar,HF1R,True,1.3234889800848443e-23,0.0,0.0,79,68
676,Rstar,HF1R,True,4.163336342344337e-17,0.0,0.0,79,79
676,Estar,HF1R,True,2.5153490401663703e-17,0.0,0.0,79,79
676,Bstar,HF1R,True,1.1102230246251565e-16,2.220446049250313e-16,0.0,79,68
677,Rstar,HF1R,True,1.5612511283791264e-17,0.0,0.0,79,79
677,Estar,HF1R,True,7.19910242530375e-17,0.0,0.0,79,79
677,Bstar,HF1R,True,1.3234889800848443e-23,0.0,0.0,79,68
678,Rstar,HF1R,True,4.85722573273506e-17,0.0,0.0,79,79
678,Estar,HF1R,True,1.1102230246251565e-16,0.0,0.0,79,79
678,Bstar,HF1R,True,0.0,0.0,0.0,79,68
679,Rstar,HF1R,True,4.163336342344337e-17,0.0,0.0,79,79
679,Estar,HF1R,True,1.5612511283791264e-17,0.0,0.0,79,79
679,Bstar,HF1R,True,0.0,0.0,0.0,79,68
680,Rstar,HF1R,True,2.7755575615628914e-17,0.0,0.0,79,79
680,Estar,HF1R,True,5.984795992119984e-17,0.0,0.0,79,79
680,Bstar,HF1R,True,1.3234889800848443e-23,2.220446049250313e-16,0.0,79,68
681,Rstar,HF1R,True,8.847089727481716e-17,0.0,0.0,79,79
681,Estar,HF1R,True,3.642919299551295e-17,8.881784197001252e-16,0.0,79,79
681,Bstar,HF1R,True,0.0,0.0,0.0,79,68
682,Rstar,HF1R,True,9.540979117872439e-17,0.0,0.0,79,79
682,Estar,HF1R,True,5.551115123125783e-17,0.0,0.0,79,79
682,Bstar,HF1R,True,1.3234889800848443e-23,2.220446049250313e-16,0.0,79,68
683,Rstar,HF1R,True,5.377642775528102e-17,0.0,0.0,79,79
683,Estar,HF1R,True,6.765421556309548e-17,0.0,0.0,79,79
683,Bstar,HF1R,True,0.0,2.220446049250313e-16,0.0,79,68
684,Rstar,HF1R,True,5.551115123125783e-17,0.0,0.0,79,79
684,Estar,HF1R,True,9.107298248878237e-17,8.881784197001252e-16,0.0,79,79
684,Bstar,HF1R,True,0.0,2.220446049250313e-16,0.0,79,68
685,Rstar,HF1R,True,8.326672684688674e-17,0.0,0.0,79,79
685,Estar,HF1R,True,5.551115123125783e-17,0.0,0.0,79,79
685,Bstar,HF1R,True,0.0,2.220446049250313e-16,0.0,79,68
686,Rstar,HF1R,True,7.45931094670027e-17,0.0,0.0,79,79
686,Estar,HF1R,True,6.591949208711867e-17,0.0,0.0,79,79
686,Bstar,HF1R,True,1.3234889800848443e-23,2.220446049250313e-16,0.0,79,68
687,Rstar,HF1R,True,7.45931094670027e-17,0.0,0.0,79,79
687,Estar,HF1R,True,5.551115123125783e-17,0.0,0.0,79,79
687,Bstar,HF1R,True,0.0,0.0,0.0,79,68
688,Rstar,HF1R,True,7.979727989493313e-17,0.0,0.0,79,79
688,Estar,HF1R,True,5.551115123125783e-17,0.0,0.0,79,79
688,Bstar,HF1R,True,0.0,2.220446049250313e-16,0.0,79,68
689,Rstar,HF1R,True,2.220446049250313e-16,0.0,0.0,79,79
689,Estar,HF1R,True,1.9081958235744878e-17,0.0,0.0,79,79
689,Bstar,HF1R,True,1.3234889800848443e-23,0.0,0.0,79,68
690,Rstar,HF1R,True,6.938893903907228e-17,0.0,0.0,79,79
690,Estar,HF1R,True,9.8879238130678e-17,0.0,0.0,79,79
690,Bstar,HF1R,True,0.0,0.0,0.0,79,68
691,Rstar,HF1R,True,5.551115123125783e-17,8.881784197001252e-16,0.0,79,79
691,Estar,HF1R,True,5.551115123125783e-17,8.881784197001252e-16,0.0,79,79
691,Bstar,HF1R,True,0.0,0.0,0.0,79,68
692,Rstar,HF1R,True,1.0408340855860843e-17,8.881784197001252e-16,0.0,79,79
692,Estar,HF1R,True,2.220446049250313e-16,8.881784197001252e-16,0.0,79,79
692,Bstar,HF1R,True,0.0,0.0,0.0,79,68
693,Rstar,HF1R,True,5.551115123125783e-17,0.0,0.0,79,79
693,Estar,HF1R,True,5.767955557622884e-17,0.0,0.0,79,79
693,Bstar,HF1R,True,1.3234889800848443e-23,2.220446049250313e-16,0.0,79,68
694,Rstar,HF1R,True,3.469446951953614e-18,0.0,0.0,79,79
694,Estar,HF1R,True,5.551115123125783e-17,0.0,0.0,79,79
694,Bstar,HF1R,True,1.3234889800848443e-23,0.0,0.0,79,68
695,Rstar,HF1R,True,7.19910242530375e-17,0.0,0.0,79,79
695,Estar,HF1R,True,2.168404344971009e-18,8.881784197001252e-16,0.0,79,79
695,Bstar,HF1R,True,0.0,0.0,0.0,79,68
696,Rstar,HF1R,True,5.551115123125783e-17,0.0,0.0,79,79
696,Estar,HF1R,True,2.2985086056692694e-17,8.881784197001252e-16,0.0,79,79
696,Bstar,HF1R,True,0.0,2.220446049250313e-16,0.0,79,68
697,Rstar,HF1R,True,9.194034422677078e-17,0.0,0.0,79,79
697,Estar,HF1R,True,9.237402509576498e-17,0.0,0.0,79,79
697,Bstar,HF1R,True,1.3234889800848443e-23,0.0,0.0,79,68
698,Rstar,HF1R,True,8.847089727481716e-17,0.0,0.0,79,79
698,Estar,HF1R,True,2.220446049250313e-16,0.0,0.0,79,79
698,Bstar,HF1R,True,1.1102230246251565e-16,0.0,0.0,79,68
699,Rstar,HF1R,True,7.979727989493313e-17,0.0,0.0,79,79
699,Estar,HF1R,True,1.1102230246251565e-16,0.0,0.0,79,79
699,Bstar,HF1R,True,1.1102230246251565e-16,0.0,0.0,79,68
700,Rstar,HF1R,True,6.938893903907228e-18,0.0,0.0,79,79
700,Estar,HF1R,True,6.852157730108388e-17,0.0,0.0,79,79
700,Bstar,HF1R,True,9.400032835449323e-17,2.220446049250313e-16,0.0,79,69
701,Rstar,HF1R,True,9.540979117872439e-18,0.0,0.0,73,73
701,Estar,HF1R,True,5.551115123125783e-17,0.0,0.0,73,73
701,Bstar,HF1R,True,1.3234889800848443e-23,2.220446049250313e-16,0.0,73,62
702,Rstar,HF1R,True,7.502679033599691e-17,0.0,0.0,73,73
702,Estar,HF1R,True,5.551115123125783e-17,8.881784197001252e-16,0.0,73,73
702,Bstar,HF1R,True,0.0,2.220446049250313e-16,0.0,73,62
703,Rstar,HF1R,True,5.551115123125783e-17,0.0,0.0,73,73
703,Estar,HF1R,True,5.551115123125783e-17,0.0,0.0,73,73
703,Bstar,HF1R,True,0.0,0.0,0.0,73,62
704,Rstar,HF1R,True,9.71445146547012e-17,0.0,0.0,73,73
704,Estar,HF1R,True,0.0,0.0,0.0,73,73
704,Bstar,HF1R,True,0.0,0.0,0.0,73,63
705,Rstar,HF1R,True,1.1102230246251565e-16,8.881784197001252e-16,0.0,73,73
705,Estar,HF1R,True,5.551115123125783e-17,8.881784197001252e-16,0.0,73,73
705,Bstar,HF1R,True,5.204170427930421e-17,0.0,0.0,73,63
706,Rstar,HF1R,True,9.280770596475918e-17,0.0,0.0,73,73
706,Estar,HF1R,True,0.0,0.0,0.0,73,73
706,Bstar,HF1R,True,1.734723475976807e-18,0.0,0.0,73,63
707,Rstar,HF1R,True,1.1102230246251565e-16,0.0,0.0,73,73
707,Estar,HF1R,True,1.1102230246251565e-16,0.0,0.0,73,73
707,Bstar,HF1R,True,8.673617379884035e-18,0.0,0.0,73,63
708,Rstar,HF1R,True,1.1102230246251565e-16,0.0,0.0,73,73
708,Estar,HF1R,True,1.1102230246251565e-16,0.0,0.0,73,73
708,Bstar,HF1R,True,7.45931094670027e-17,0.0,0.0,73,63
709,Rstar,HF1R,True,0.0,0.0,0.0,73,73
709,Estar,HF1R,True,0.0,0.0,0.0,73,73
709,Bstar,HF1R,True,1.734723475976807e-18,0.0,0.0,73,63
710,Rstar,HF1R,True,1.3234889800848443e-23,0.0,0.0,73,73
710,Estar,HF1R,True,1.3234889800848443e-23,0.0,0.0,73,73
710,Bstar,HF1R,True,6.331740687315346e-17,2.220446049250313e-16,0.0,73,63
711,Rstar,HF1R,True,0.0,0.0,0.0,73,73
711,Estar,HF1R,True,0.0,0.0,0.0,73,73
711,Bstar,HF1R,True,6.938893903907228e-18,0.0,0.0,73,63
712,Rstar,HF1R,True,0.0,0.0,0.0,73,73
712,Estar,HF1R,True,0.0,0.0,0.0,73,73
712,Bstar,HF1R,True,5.117434254131581e-17,0.0,0.0,73,63
713,Rstar,HF1R,True,1.1102230246251565e-16,0.0,0.0,73,73
713,Estar,HF1R,True,1.1102230246251565e-16,0.0,0.0,73,73
713,Bstar,HF1R,True,5.551115123125783e-17,2.220446049250313e-16,0.0,73,63
714,Rstar,HF1R,True,1.1102230246251565e-16,0.0,0.0,73,73
714,Estar,HF1R,True,1.1102230246251565e-16,0.0,0.0,73,73
714,Bstar,HF1R,True,7.19910242530375e-17,0.0,0.0,73,63
715,Rstar,HF1R,True,1.1102230246251565e-16,0.0,0.0,73,73
715,Estar,HF1R,True,1.1102230246251565e-16,0.0,0.0,73,73
715,Bstar,HF1R,True,4.597017211338539e-17,0.0,0.0,73,63
716,Rstar,HF1R,True,5.551115123125783e-17,0.0,0.0,73,73
716,Estar,HF1R,True,5.551115123125783e-17,0.0,0.0,73,73
716,Bstar,HF1R,True,4.683753385137379e-17,0.0,0.0,73,63
717,Rstar,HF1R,True,1.3234889800848443e-23,8.881784197001252e-16,0.0,73,73
717,Estar,HF1R,True,1.3234889800848443e-23,0.0,0.0,73,73
717,Bstar,HF1R,True,1.3010426069826053e-17,0.0,0.0,73,63
718,Rstar,HF1R,True,0.0,8.881784197001252e-16,0.0,73,73
718,Estar,HF1R,True,0.0,0.0,0.0,73,73
718,Bstar,HF1R,True,8.153200337090993e-17,2.220446049250313e-16,0.0,73,63
719,Rstar,HF1R,True,1.3234889800848443e-23,0.0,0.0,73,73
719,Estar,HF1R,True,1.3234889800848443e-23,0.0,0.0,73,73
719,Bstar,HF1R,True,7.28583859910259e-17,2.220446049250313e-16,0.0,73,63
720,Rstar,HF1R,True,5.551115123125783e-17,0.0,0.0,73,73
720,Estar,HF1R,True,5.551115123125783e-17,0.0,0.0,73,73
720,Bstar,HF1R,True,1.5612511283791264e-17,0.0,0.0,73,63
721,Rstar,HF1R,True,5.551115123125783e-17,0.0,0.0,73,73
721,Estar,HF1R,True,5.551115123125783e-17,0.0,0.0,73,73
721,Bstar,HF1R,True,7.632783294297951e-17,2.220446049250313e-16,0.0,73,63
722,Rstar,HF1R,True,0.0,0.0,0.0,73,73
722,Estar,HF1R,True,0.0,0.0,0.0,73,73
722,Bstar,HF1R,True,4.683753385137379e-17,0.0,0.0,73,63
723,Rstar,HF1R,True,0.0,8.881784197001252e-16,0.0,73,73
723,Estar,HF1R,True,0.0,0.0,0.0,73,73
723,Bstar,HF1R,True,7.45931094670027e-17,0.0,0.0,73,63
724,Rstar,HF1R,True,5.551115123125783e-17,0.0,0.0,73,73
724,Estar,HF1R,True,0.0,0.0,0.0,73,73
724,Bstar,HF1R,True,1.1102230246251565e-16,2.220446049250313e-16,0.0,73,63
725,Rstar,HF1R,True,1.1102230246251565e-16,0.0,0.0,73,73
725,Estar,HF1R,True,1.3234889800848443e-23,0.0,0.0,73,73
725,Bstar,HF1R,True,7.37257477290143e-17,0.0,0.0,73,63
726,Rstar,HF1R,True,5.551115123125783e-17,0.0,0.0,73,73
726,Estar,HF1R,True,1.3234889800848443e-23,0.0,0.0,73,73
726,Bstar,HF1R,True,8.673617379884035e-18,0.0,0.0,73,63
727,Rstar,HF1R,True,5.551115123125783e-17,0.0,0.0,73,73
727,Estar,HF1R,True,1.3234889800848443e-23,0.0,0.0,73,73
727,Bstar,HF1R,True,1.9949319973733282e-17,0.0,0.0,73,63
728,Rstar,HF1R,True,0.0,0.0,0.0,73,73
728,Estar,HF1R,True,1.3234889800848443e-23,0.0,0.0,73,73
728,Bstar,HF1R,True,1.1102230246251565e-16,0.0,0.0,73,63
729,Rstar,HF1R,True,0.0,8.881784197001252e-16,0.0,73,73
729,Estar,HF1R,True,0.0,0.0,0.0,73,73
729,Bstar,HF1R,True,9.71445146547012e-17,0.0,0.0,73,63
730,Rstar,HF1R,True,0.0,0.0,0.0,73,73
730,Estar,HF1R,True,0.0,8.881784197001252e-16,0.0,73,73
730,Bstar,HF1R,True,3.903127820947816e-17,4.440892098500626e-16,0.0,73,63
731,Rstar,HF1R,True,1.3234889800848443e-23,0.0,0.0,73,73
731,Estar,HF1R,True,1.3234889800848443e-23,0.0,0.0,73,73
731,Bstar,HF1R,True,1.9949319973733282e-17,0.0,0.0,73,63
732,Rstar,HF1R,True,5.551115123125783e-17,0.0,0.0,73,73
732,Estar,HF1R,True,0.0,0.0,0.0,73,73
732,Bstar,HF1R,True,8.673617379884035e-19,0.0,0.0,73,63
733,Rstar,HF1R,True,5.551115123125783e-17,0.0,0.0,73,73
733,Estar,HF1R,True,1.3234889800848443e-23,0.0,0.0,73,73
733,Bstar,HF1R,True,9.020562075079397e-17,0.0,0.0,73,63
734,Rstar,HF1R,True,5.551115123125783e-17,0.0,0.0,73,73
734,Estar,HF1R,True,0.0,0.0,0.0,73,73
734,Bstar,HF1R,True,6.938893903907228e-18,2.220446049250313e-16,0.0,73,63
735,Rstar,HF1R,True,5.551115123125783e-17,0.0,0.0,73,73
735,Estar,HF1R,True,0.0,0.0,0.0,73,73
735,Bstar,HF1R,True,1.1102230246251565e-16,2.220446049250313e-16,0.0,73,63
736,Rstar,HF1R,True,0.0,0.0,0.0,73,73
736,Estar,HF1R,True,1.3234889800848443e-23,0.0,0.0,73,73
736,Bstar,HF1R,True,6.678685382510707e-17,0.0,0.0,73,63
737,Rstar,HF1R,True,1.1102230246251565e-16,0.0,0.0,73,73
737,Estar,HF1R,True,0.0,0.0,0.0,73,73
737,Bstar,HF1R,True,3.382710778154774e-17,0.0,0.0,73,63
738,Rstar,HF1R,True,0.0,0.0,0.0,73,73
738,Estar,HF1R,True,1.3234889800848443e-23,0.0,0.0,73,73
738,Bstar,HF1R,True,3.8163916471489756e-17,0.0,0.0,73,63
739,Rstar,HF1R,True,1.3234889800848443e-23,0.0,0.0,73,73
739,Estar,HF1R,True,0.0,0.0,0.0,73,73
739,Bstar,HF1R,True,1.1102230246251565e-16,2.220446049250313e-16,0.0,73,63
740,Rstar,HF1R,True,0.0,8.881784197001252e-16,0.0,73,73
740,Estar,HF1R,True,0.0,8.881784197001252e-16,0.0,73,73
740,Bstar,HF1R,True,1.1102230246251565e-16,0.0,0.0,73,63
741,Rstar,HF1R,True,1.3234889800848443e-23,8.881784197001252e-16,0.0,73,73
741,Estar,HF1R,True,1.1102230246251565e-16,8.881784197001252e-16,0.0,73,73
741,Bstar,HF1R,True,8.326672684688674e-17,0.0,0.0,73,63
742,Rstar,HF1R,True,0.0,0.0,0.0,73,73
742,Estar,HF1R,True,0.0,8.881784197001252e-16,0.0,73,73
742,Bstar,HF1R,True,3.382710778154774e-17,0.0,0.0,73,63
743,Rstar,HF1R,True,1.3234889800848443e-23,0.0,0.0,73,73
743,Estar,HF1R,True,0.0,0.0,0.0,73,73
743,Bstar,HF1R,True,9.80118763926896e-17,0.0,0.0,73,63
744,Rstar,HF1R,True,0.0,0.0,0.0,73,73
744,Estar,HF1R,True,1.3234889800848443e-23,0.0,0.0,73,73
744,Bstar,HF1R,True,6.938893903907228e-18,2.220446049250313e-16,0.0,73,63
745,Rstar,HF1R,True,5.551115123125783e-17,0.0,0.0,73,73
745,Estar,HF1R,True,1.3234889800848443e-23,0.0,0.0,73,73
745,Bstar,HF1R,True,3.382710778154774e-17,0.0,0.0,73,63
746,Rstar,HF1R,True,0.0,0.0,0.0,73,73
746,Estar,HF1R,True,0.0,0.0,0.0,73,73
746,Bstar,HF1R,True,5.4643789493269423e-17,0.0,0.0,73,63
747,Rstar,HF1R,True,0.0,0.0,0.0,73,73
747,Estar,HF1R,True,0.0,0.0,0.0,73,73
747,Bstar,HF1R,True,1.6479873021779667e-17,2.220446049250313e-16,0.0,73,63
748,Rstar,HF1R,True,5.551115123125783e-17,0.0,0.0,73,73
748,Estar,HF1R,True,1.3234889800848443e-23,0.0,0.0,73,73
748,Bstar,HF1R,True,1.1102230246251565e-16,0.0,0.0,73,63
749,Rstar,HF1R,True,5.551115123125783e-17,0.0,0.0,73,73
749,Estar,HF1R,True,1.3234889800848443e-23,0.0,0.0,73,73
749,Bstar,HF1R,True,3.469446951953614e-18,0.0,0.0,73,63
750,Rstar,HF1R,True,0.0,0.0,0.0,73,73
750,Estar,HF1R,True,1.3234889800848443e-23,8.881784197001252e-16,0.0,73,73
750,Bstar,HF1R,True,8.933825901280557e-17,0.0,0.0,73,63
751,Rstar,HF1R,True,0.0,0.0,0.0,73,73
751,Estar,HF1R,True,1.3234889800848443e-23,0.0,0.0,73,73
751,Bstar,HF1R,True,7.112366251504909e-17,0.0,0.0,73,63
752,Rstar,HF1R,True,0.0,0.0,0.0,73,73
752,Estar,HF1R,True,0.0,0.0,0.0,73,73
752,Bstar,HF1R,True,1.474514954580286e-17,0.0,0.0,73,63
753,Rstar,HF1R,True,1.3234889800848443e-23,8.881784197001252e-16,0.0,73,73
753,Estar,HF1R,True,1.3234889800848443e-23,0.0,0.0,73,73
753,Bstar,HF1R,True,7.719519468096792e-17,0.0,0.0,73,63
754,Rstar,HF1R,True,0.0,0.0,0.0,73,73
754,Estar,HF1R,True,1.3234889800848443e-23,0.0,0.0,73,73
754,Bstar,HF1R,True,2.5153490401663703e-17,0.0,0.0,73,63
755,Rstar,HF1R,True,0.0,0.0,0.0,73,73
755,Estar,HF1R,True,0.0,0.0,0.0,73,73
755,Bstar,HF1R,True,3.469446951953614e-18,0.0,0.0,73,63
756,Rstar,HF1R,True,0.0,8.881784197001252e-16,0.0,73,73
756,Estar,HF1R,True,0.0,8.881784197001252e-16,0.0,73,73
756,Bstar,HF1R,True,8.153200337090993e-17,0.0,0.0,73,63
757,Rstar,HF1R,True,1.1102230246251565e-16,8.881784197001252e-16,0.0,73,73
757,Estar,HF1R,True,0.0,0.0,0.0,73,73
757,Bstar,HF1R,True,6.938893903907228e-17,0.0,0.0,73,63
758,Rstar,HF1R,True,0.0,0.0,0.0,73,73
758,Estar,HF1R,True,0.0,0.0,0.0,73,73
758,Bstar,HF1R,True,2.6020852139652106e-18,0.0,0.0,73,63
759,Rstar,HF1R,True,1.1102230246251565e-16,0.0,0.0,73,73
759,Estar,HF1R,True,0.0,0.0,0.0,73,73
759,Bstar,HF1R,True,1.3010426069826053e-17,0.0,0.0,73,63
760,Rstar,HF1R,True,1.1102230246251565e-16,0.0,0.0,73,73
760,Estar,HF1R,True,1.1102230246251565e-16,0.0,0.0,73,73
760,Bstar,HF1R,True,4.7704895589362195e-17,0.0,0.0,73,63
761,Rstar,HF1R,True,0.0,0.0,0.0,73,73
761,Estar,HF1R,True,0.0,0.0,0.0,73,73
761,Bstar,HF1R,True,9.454242944073599e-17,0.0,0.0,73,63
762,Rstar,HF1R,True,0.0,0.0,0.0,73,73
762,Estar,HF1R,True,1.1102230246251565e-16,0.0,0.0,73,73
762,Bstar,HF1R,True,1.474514954580286e-17,0.0,0.0,73,63
763,Rstar,HF1R,True,1.3234889800848443e-23,0.0,0.0,73,73
763,Estar,HF1R,True,0.0,0.0,0.0,73,73
763,Bstar,HF1R,True,1.1102230246251565e-16,2.220446049250313e-16,0.0,73,63
764,Rstar,HF1R,True,1.3234889800848443e-23,0.0,0.0,73,73
764,Estar,HF1R,True,1.3234889800848443e-23,0.0,0.0,73,73
764,Bstar,HF1R,True,2.862293735361732e-17,0.0,0.0,73,63
765,Rstar,HF1R,True,0.0,0.0,0.0,73,73
765,Estar,HF1R,True,1.3234889800848443e-23,0.0,0.0,73,73
765,Bstar,HF1R,True,1.1102230246251565e-16,2.220446049250313e-16,0.0,73,62
766,Rstar,HF1R,True,0.0,0.0,0.0,73,73
766,Estar,HF1R,True,0.0,8.881784197001252e-16,0.0,73,73
766,Bstar,HF1R,True,0.0,0.0,0.0,73,62
767,Rstar,HF1R,True,1.3234889800848443e-23,0.0,0.0,73,73
767,Estar,HF1R,True,0.0,0.0,0.0,73,73
767,Bstar,HF1R,True,0.0,0.0,0.0,73,62
768,Rstar,HF1R,True,0.0,8.881784197001252e-16,0.0,73,73
768,Estar,HF1R,True,1.3234889800848443e-23,0.0,0.0,73,73
768,Bstar,HF1R,True,1.3234889800848443e-23,0.0,0.0,73,62
769,Rstar,HF1R,True,0.0,0.0,0.0,73,73
769,Estar,HF1R,True,0.0,0.0,0.0,73,73
769,Bstar,HF1R,True,1.3234889800848443e-23,0.0,0.0,73,62
770,Rstar,HF1R,True,1.3234889800848443e-23,0.0,0.0,73,73
770,Estar,HF1R,True,1.3234889800848443e-23,0.0,0.0,73,73
770,Bstar,HF1R,True,1.3234889800848443e-23,0.0,0.0,73,62
771,Rstar,HF1R,True,0.0,0.0,0.0,73,73
771,Estar,HF1R,True,0.0,0.0,0.0,73,73
771,Bstar,HF1R,True,1.3234889800848443e-23,0.0,0.0,73,62
772,Rstar,HF1R,True,0.0,0.0,0.0,73,73
772,Estar,HF1R,True,0.0,0.0,0.0,73,73
772,Bstar,HF1R,True,1.1102230246251565e-16,2.220446049250313e-16,0.0,73,62
773,Rstar,HF1R,True,0.0,0.0,0.0,73,73
773,Estar,HF1R,True,0.0,0.0,0.0,73,73
773,Bstar,HF1R,True,0.0,0.0,0.0,73,62
774,Rstar,HF1R,True,1.3234889800848443e-23,0.0,0.0,73,73
774,Estar,HF1R,True,1.3234889800848443e-23,0.0,0.0,73,73
774,Bstar,HF1R,True,0.0,2.220446049250313e-16,0.0,73,62
775,Rstar,HF1R,True,0.0,0.0,0.0,73,73
775,Estar,HF1R,True,0.0,8.881784197001252e-16,0.0,73,73
775,Bstar,HF1R,True,0.0,0.0,0.0,73,62
776,Rstar,HF1R,True,0.0,0.0,0.0,73,73
776,Estar,HF1R,True,0.0,0.0,0.0,73,73
776,Bstar,HF1R,True,0.0,0.0,0.0,73,62
777,Rstar,HF1R,True,1.3234889800848443e-23,8.881784197001252e-16,0.0,73,73
777,Estar,HF1R,True,1.3234889800848443e-23,8.881784197001252e-16,0.0,73,73
777,Bstar,HF1R,True,1.3234889800848443e-23,0.0,0.0,73,62
778,Rstar,HF1R,True,0.0,0.0,0.0,73,73
778,Estar,HF1R,True,0.0,0.0,0.0,73,73
778,Bstar,HF1R,True,1.3234889800848443e-23,0.0,0.0,73,62
779,Rstar,HF1R,True,0.0,0.0,0.0,73,73
779,Estar,HF1R,True,0.0,0.0,0.0,73,73
779,Bstar,HF1R,True,0.0,2.220446049250313e-16,0.0,73,62
780,Rstar,HF1R,True,1.3234889800848443e-23,0.0,0.0,73,73
780,Estar,HF1R,True,1.3234889800848443e-23,0.0,0.0,73,73
780,Bstar,HF1R,True,1.3234889800848443e-23,0.0,0.0,73,62
781,Rstar,HF1R,True,0.0,0.0,0.0,73,73
781,Estar,HF1R,True,0.0,0.0,0.0,73,73
781,Bstar,HF1R,True,1.1102230246251565e-16,2.220446049250313e-16,0.0,73,62
782,Rstar,HF1R,True,0.0,0.0,0.0,73,73
782,Estar,HF1R,True,1.3234889800848443e-23,0.0,0.0,73,73
782,Bstar,HF1R,True,0.0,2.220446049250313e-16,0.0,73,62
783,Rstar,HF1R,True,0.0,0.0,0.0,73,73
783,Estar,HF1R,True,6.617444900424222e-24,0.0,0.0,73,73
783,Bstar,HF1R,True,6.617444900424222e-24,2.220446049250313e-16,0.0,73,62
784,Rstar,HF1R,True,1.1102230246251565e-16,0.0,0.0,73,73
784,Estar,HF1R,True,0.0,0.0,0.0,73,73
784,Bstar,HF1R,True,1.1102230246251565e-16,0.0,0.0,73,62
785,Rstar,HF1R,True,0.0,0.0,0.0,73,73
785,Estar,HF1R,True,0.0,0.0,0.0,73,73
785,Bstar,HF1R,True,1.3234889800848443e-23,2.220446049250313e-16,0.0,73,62
786,Rstar,HF1R,True,1.3234889800848443e-23,0.0,0.0,73,73
786,Estar,HF1R,True,0.0,0.0,0.0,73,73
786,Bstar,HF1R,True,0.0,0.0,0.0,73,62
787,Rstar,HF1R,True,0.0,8.881784197001252e-16,0.0,73,73
787,Estar,HF1R,True,1.3234889800848443e-23,0.0,0.0,73,73
787,Bstar,HF1R,True,0.0,0.0,0.0,73,62
788,Rstar,HF1R,True,1.3234889800848443e-23,0.0,0.0,73,73
788,Estar,HF1R,True,0.0,0.0,0.0,73,73
788,Bstar,HF1R,True,0.0,0.0,0.0,73,62
789,Rstar,HF1R,True,0.0,0.0,0.0,73,73
789,Estar,HF1R,True,0.0,8.881784197001252e-16,0.0,73,73
789,Bstar,HF1R,True,1.3234889800848443e-23,0.0,0.0,73,62
790,Rstar,HF1R,True,0.0,0.0,0.0,73,73
790,Estar,HF1R,True,1.3234889800848443e-23,0.0,0.0,73,73
790,Bstar,HF1R,True,1.3234889800848443e-23,2.220446049250313e-16,0.0,73,62
791,Rstar,HF1R,True,0.0,8.881784197001252e-16,0.0,73,73
791,Estar,HF1R,True,0.0,0.0,0.0,73,73
791,Bstar,HF1R,True,1.3234889800848443e-23,4.440892098500626e-16,0.0,73,62
792,Rstar,HF1R,True,0.0,0.0,0.0,73,73
792,Estar,HF1R,True,0.0,0.0,0.0,73,73
792,Bstar,HF1R,True,1.3234889800848443e-23,0.0,0.0,73,62
793,Rstar,HF1R,True,0.0,0.0,0.0,73,73
793,Estar,HF1R,True,1.3234889800848443e-23,0.0,0.0,73,73
793,Bstar,HF1R,True,0.0,0.0,0.0,73,62
794,Rstar,HF1R,True,1.1102230246251565e-16,0.0,0.0,73,73
794,Estar,HF1R,True,0.0,0.0,0.0,73,73
794,Bstar,HF1R,True,0.0,2.220446049250313e-16,0.0,73,62
795,Rstar,HF1R,True,0.0,0.0,0.0,73,73
795,Estar,HF1R,True,1.3234889800848443e-23,0.0,0.0,73,73
795,Bstar,HF1R,True,2.6469779601696886e-23,0.0,0.0,73,62
796,Rstar,HF1R,True,0.0,8.881784197001252e-16,0.0,73,73
796,Estar,HF1R,True,0.0,0.0,0.0,73,73
796,Bstar,HF1R,True,1.3234889800848443e-23,2.220446049250313e-16,0.0,73,62
797,Rstar,HF1R,True,0.0,8.881784197001252e-16,0.0,73,73
797,Estar,HF1R,True,1.3234889800848443e-23,0.0,0.0,73,73
797,Bstar,HF1R,True,1.1102230246251565e-16,0.0,0.0,73,62
798,Rstar,HF1R,True,0.0,0.0,0.0,73,73
798,Estar,HF1R,True,0.0,8.881784197001252e-16,0.0,73,73
798,Bstar,HF1R,True,1.1102230246251565e-16,0.0,0.0,73,61
799,Rstar,HF1R,True,0.0,0.0,0.0,73,73
799,Estar,HF1R,True,0.0,0.0,0.0,73,73
799,Bstar,HF1R,True,1.1102230246251565e-16,2.220446049250313e-16,0.0,73,61
800,Rstar,HF1R,True,0.0,0.0,0.0,73,73
800,Estar,HF1R,True,0.0,0.0,0.0,73,73
800,Bstar,HF1R,True,1.3234889800848443e-23,0.0,0.0,73,61
801,Rstar,HF1R,True,0.0,0.0,0.0,73,73
801,Estar,HF1R,True,0.0,0.0,0.0,73,73
801,Bstar,HF1R,True,0.0,0.0,0.0,73,61
802,Rstar,HF1R,True,1.3234889800848443e-23,0.0,0.0,73,73
802,Estar,HF1R,True,0.0,8.881784197001252e-16,0.0,73,73
802,Bstar,HF1R,True,1.1102230246251565e-16,0.0,0.0,73,61
803,Rstar,HF1R,True,0.0,0.0,0.0,73,73
803,Estar,HF1R,True,1.1102230246251565e-16,0.0,0.0,73,73
803,Bstar,HF1R,True,0.0,2.220446049250313e-16,0.0,73,61
804,Rstar,HF1R,True,0.0,0.0,0.0,73,73
804,Estar,HF1R,True,0.0,0.0,0.0,73,73
804,Bstar,HF1R,True,0.0,0.0,0.0,73,61
805,Rstar,HF1R,True,0.0,8.881784197001252e-16,0.0,73,73
805,Estar,HF1R,True,0.0,0.0,0.0,73,73
805,Bstar,HF1R,True,0.0,0.0,0.0,73,61
806,Rstar,HF1R,True,0.0,0.0,0.0,73,73
806,Estar,HF1R,True,0.0,0.0,0.0,73,73
806,Bstar,HF1R,True,1.3234889800848443e-23,0.0,0.0,73,61
807,Rstar,HF1R,True,0.0,0.0,0.0,73,73
807,Estar,HF1R,True,0.0,0.0,0.0,73,73
807,Bstar,HF1R,True,0.0,0.0,0.0,73,61
808,Rstar,HF1R,True,1.3234889800848443e-23,0.0,0.0,73,73
808,Estar,HF1R,True,0.0,0.0,0.0,73,73
808,Bstar,HF1R,True,0.0,0.0,0.0,73,61
809,Rstar,HF1R,True,0.0,8.881784197001252e-16,0.0,73,73
809,Estar,HF1R,True,1.1102230246251565e-16,0.0,0.0,73,73
809,Bstar,HF1R,True,0.0,0.0,0.0,73,61
810,Rstar,HF1R,True,1.1102230246251565e-16,0.0,0.0,73,73
810,Estar,HF1R,True,1.3234889800848443e-23,0.0,0.0,73,73
810,Bstar,HF1R,True,0.0,0.0,0.0,73,61
811,Rstar,HF1R,True,0.0,0.0,0.0,73,73
811,Estar,HF1R,True,0.0,0.0,0.0,73,73
811,Bstar,HF1R,True,1.3234889800848443e-23,0.0,0.0,73,61
812,Rstar,HF1R,True,0.0,0.0,0.0,73,73
812,Estar,HF1R,True,1.3234889800848443e-23,0.0,0.0,73,73
812,Bstar,HF1R,True,1.3234889800848443e-23,0.0,0.0,73,61
813,Rstar,HF1R,True,1.3234889800848443e-23,0.0,0.0,73,73
813,Estar,HF1R,True,0.0,8.881784197001252e-16,0.0,73,73
813,Bstar,HF1R,True,0.0,0.0,0.0,73,61
814,Rstar,HF1R,True,0.0,0.0,0.0,73,73
814,Estar,HF1R,True,1.3234889800848443e-23,0.0,0.0,73,73
814,Bstar,HF1R,True,1.3234889800848443e-23,2.220446049250313e-16,0.0,73,61
815,Rstar,HF1R,True,1.3234889800848443e-23,0.0,0.0,73,73
815,Estar,HF1R,True,1.3234889800848443e-23,0.0,0.0,73,73
815,Bstar,HF1R,True,1.3234889800848443e-23,2.220446049250313e-16,0.0,73,61
816,Rstar,HF1R,True,0.0,0.0,0.0,73,73
816,Estar,HF1R,True,1.3234889800848443e-23,0.0,0.0,73,73
816,Bstar,HF1R,True,0.0,0.0,0.0,73,61
817,Rstar,HF1R,True,1.3234889800848443e-23,0.0,0.0,73,73
817,Estar,HF1R,True,1.1102230246251565e-16,0.0,0.0,73,73
817,Bstar,HF1R,True,1.1102230246251565e-16,0.0,0.0,73,61
818,Rstar,HF1R,True,0.0,0.0,0.0,73,73
818,Estar,HF1R,True,0.0,0.0,0.0,73,73
818,Bstar,HF1R,True,1.3234889800848443e-23,0.0,0.0,73,61
819,Rstar,HF1R,True,1.3234889800848443e-23,8.881784197001252e-16,0.0,73,73
819,Estar,HF1R,True,1.1102230246251565e-16,0.0,0.0,73,73
819,Bstar,HF1R,True,0.0,0.0,0.0,73,61
820,Rstar,HF1R,True,1.3234889800848443e-23,0.0,0.0,73,73
820,Estar,HF1R,True,0.0,0.0,0.0,73,73
820,Bstar,HF1R,True,0.0,0.0,0.0,73,61
821,Rstar,HF1R,True,0.0,8.881784197001252e-16,0.0,73,73
821,Estar,HF1R,True,1.1102230246251565e-16,0.0,0.0,73,73
821,Bstar,HF1R,True,1.1102230246251565e-16,2.220446049250313e-16,0.0,73,61
822,Rstar,HF1R,True,0.0,8.881784197001252e-16,0.0,73,73
822,Estar,HF1R,True,0.0,0.0,0.0,73,73
822,Bstar,HF1R,True,1.1102230246251565e-16,0.0,0.0,73,61
823,Rstar,HF1R,True,1.3234889800848443e-23,1.7763568394002505e-15,0.0,73,73
823,Estar,HF1R,True,0.0,0.0,0.0,73,73
823,Bstar,HF1R,True,1.3234889800848443e-23,2.220446049250313e-16,0.0,73,61
824,Rstar,HF1R,True,0.0,0.0,0.0,73,73
824,Estar,HF1R,True,1.3234889800848443e-23,0.0,0.0,73,73
824,Bstar,HF1R,True,1.3234889800848443e-23,0.0,0.0,73,61
825,Rstar,HF1R,True,1.3234889800848443e-23,0.0,0.0,73,73
825,Estar,HF1R,True,1.3234889800848443e-23,8.881784197001252e-16,0.0,73,73
825,Bstar,HF1R,True,1.3234889800848443e-23,0.0,0.0,73,61
826,Rstar,HF1R,True,0.0,0.0,0.0,73,73
826,Estar,HF1R,True,0.0,0.0,0.0,73,73
826,Bstar,HF1R,True,0.0,2.220446049250313e-16,0.0,73,61
827,Rstar,HF1R,True,1.1102230246251565e-16,0.0,0.0,73,73
827,Estar,HF1R,True,1.3234889800848443e-23,0.0,0.0,73,73
827,Bstar,HF1R,True,1.3234889800848443e-23,2.220446049250313e-16,0.0,73,61
828,Rstar,HF1R,True,1.3234889800848443e-23,0.0,0.0,73,73
828,Estar,HF1R,True,0.0,0.0,0.0,73,73
828,Bstar,HF1R,True,0.0,0.0,0.0,73,61
829,Rstar,HF1R,True,3.9898639947466563e-17,0.0,0.0,73,73
829,Estar,HF1R,True,1.3234889800848443e-23,0.0,0.0,73,73
829,Bstar,HF1R,True,1.3234889800848443e-23,2.220446049250313e-16,0.0,73,61
830,Rstar,HF1R,True,1.1102230246251565e-16,0.0,0.0,73,73
830,Estar,HF1R,True,1.1102230246251565e-16,0.0,0.0,73,73
830,Bstar,HF1R,True,1.3234889800848443e-23,0.0,0.0,73,61
831,Rstar,HF1R,True,2.2551405187698492e-17,0.0,0.0,73,73
831,Estar,HF1R,True,1.3234889800848443e-23,0.0,0.0,73,73
831,Bstar,HF1R,True,1.3234889800848443e-23,0.0,0.0,73,61
832,Rstar,HF1R,True,3.3393426912553537e-17,0.0,0.0,73,73
832,Estar,HF1R,True,1.3234889800848443e-23,0.0,0.0,73,73
832,Bstar,HF1R,True,1.3234889800848443e-23,2.220446049250313e-16,0.0,73,61
833,Rstar,HF1R,True,3.122502256758253e-17,0.0,0.0,73,73
833,Estar,HF1R,True,0.0,0.0,0.0,73,73
833,Bstar,HF1R,True,1.1102230246251565e-16,2.220446049250313e-16,0.0,73,61
834,Rstar,HF1R,True,5.724587470723463e-17,0.0,0.0,73,73
834,Estar,HF1R,True,0.0,0.0,0.0,73,73
834,Bstar,HF1R,True,1.3234889800848443e-23,0.0,0.0,73,61
835,Rstar,HF1R,True,9.540979117872439e-17,8.881784197001252e-16,0.0,73,73
835,Estar,HF1R,True,0.0,8.881784197001252e-16,0.0,73,73
835,Bstar,HF1R,True,1.1102230246251565e-16,0.0,0.0,73,61
836,Rstar,HF1R,True,1.1102230246251565e-16,0.0,0.0,73,73
836,Estar,HF1R,True,1.0408340855860843e-17,0.0,0.0,73,73
836,Bstar,HF1R,True,1.3234889800848443e-23,0.0,0.0,73,61
837,Rstar,HF1R,True,3.8163916471489756e-17,0.0,0.0,73,73
837,Estar,HF1R,True,1.734723475976807e-17,0.0,0.0,73,73
837,Bstar,HF1R,True,1.3234889800848443e-23,0.0,0.0,73,61
838,Rstar,HF1R,True,1.1102230246251565e-16,0.0,0.0,73,73
838,Estar,HF1R,True,1.1102230246251565e-16,0.0,0.0,73,73
838,Bstar,HF1R,True,1.3234889800848443e-23,0.0,0.0,73,61
839,Rstar,HF1R,True,1.1102230246251565e-16,0.0,0.0,73,73
839,Estar,HF1R,True,8.673617379884035e-17,0.0,0.0,73,73
839,Bstar,HF1R,True,1.1102230246251565e-16,0.0,0.0,73,61
840,Rstar,HF1R,True,6.418476861114186e-17,0.0,0.0,73,73
840,Estar,HF1R,True,8.673617379884035e-17,0.0,0.0,73,73
840,Bstar,HF1R,True,0.0,0.0,0.0,73,61
841,Rstar,HF1R,True,2.6020852139652106e-17,0.0,0.0,73,73
841,Estar,HF1R,True,0.0,0.0,0.0,73,73
841,Bstar,HF1R,True,1.3234889800848443e-23,0.0,0.0,73,61
842,Rstar,HF1R,True,2.949029909160572e-17,0.0,0.0,73,73
842,Estar,HF1R,True,5.204170427930421e-17,0.0,0.0,73,73
842,Bstar,HF1R,True,0.0,0.0,0.0,73,61
843,Rstar,HF1R,True,3.122502256758253e-17,0.0,0.0,73,73
843,Estar,HF1R,True,3.469446951953614e-18,0.0,0.0,73,73
843,Bstar,HF1R,True,1.3234889800848443e-23,2.220446049250313e-16,0.0,73,61
844,Rstar,HF1R,True,2.6020852139652106e-17,0.0,0.0,73,73
844,Estar,HF1R,True,9.8879238130678e-17,0.0,0.0,73,73
844,Bstar,HF1R,True,1.3234889800848443e-23,2.220446049250313e-16,0.0,73,61
845,Rstar,HF1R,True,5.724587470723463e-17,0.0,0.0,73,73
845,Estar,HF1R,True,6.418476861114186e-17,0.0,0.0,73,73
845,Bstar,HF1R,True,0.0,2.220446049250313e-16,0.0,73,61
846,Rstar,HF1R,True,9.367506770274758e-17,0.0,0.0,73,73
846,Estar,HF1R,True,6.071532165918825e-17,0.0,0.0,73,73
846,Bstar,HF1R,True,1.3234889800848443e-23,0.0,0.0,73,61
847,Rstar,HF1R,True,6.938893903907228e-17,0.0,0.0,73,73
847,Estar,HF1R,True,9.71445146547012e-17,0.0,0.0,73,73
847,Bstar,HF1R,True,0.0,0.0,0.0,73,61
848,Rstar,HF1R,True,6.938893903907228e-18,0.0,0.0,73,73
848,Estar,HF1R,True,1.734723475976807e-17,0.0,0.0,73,73
848,Bstar,HF1R,True,0.0,2.220446049250313e-16,0.0,73,61
849,Rstar,HF1R,True,6.418476861114186e-17,0.0,0.0,73,73
849,Estar,HF1R,True,2.2551405187698492e-17,0.0,0.0,73,73
849,Bstar,HF1R,True,0.0,0.0,0.0,73,61
850,Rstar,HF1R,True,5.551115123125783e-17,8.881784197001252e-16,0.0,73,73
850,Estar,HF1R,True,1.1102230246251565e-16,0.0,0.0,73,73
850,Bstar,HF1R,True,1.3234889800848443e-23,0.0,0.0,73,61
851,Rstar,HF1R,True,1.734723475976807e-17,0.0,0.0,73,73
851,Estar,HF1R,True,2.7755575615628914e-17,0.0,0.0,73,73
851,Bstar,HF1R,True,1.3234889800848443e-23,2.220446049250313e-16,0.0,73,61
852,Rstar,HF1R,True,1.5612511283791264e-17,0.0,0.0,73,73
852,Estar,HF1R,True,9.367506770274758e-17,8.881784197001252e-16,0.0,73,73
852,Bstar,HF1R,True,0.0,0.0,0.0,73,61
853,Rstar,HF1R,True,4.683753385137379e-17,0.0,0.0,73,73
853,Estar,HF1R,True,2.949029909160572e-17,0.0,0.0,73,73
853,Bstar,HF1R,True,0.0,2.220446049250313e-16,0.0,73,61
854,Rstar,HF1R,True,3.2959746043559335e-17,0.0,0.0,73,73
854,Estar,HF1R,True,5.377642775528102e-17,0.0,0.0,73,73
854,Bstar,HF1R,True,1.3234889800848443e-23,2.220446049250313e-16,0.0,73,61
855,Rstar,HF1R,True,1.5612511283791264e-17,8.881784197001252e-16,0.0,73,73
855,Estar,HF1R,True,6.418476861114186e-17,0.0,0.0,73,73
855,Bstar,HF1R,True,0.0,0.0,0.0,73,61
856,Rstar,HF1R,True,3.469446951953614e-18,0.0,0.0,73,73
856,Estar,HF1R,True,8.673617379884035e-17,0.0,0.0,73,73
856,Bstar,HF1R,True,1.3234889800848443e-23,0.0,0.0,73,61
857,Rstar,HF1R,True,6.418476861114186e-17,0.0,0.0,73,73
857,Estar,HF1R,True,6.245004513516506e-17,0.0,0.0,73,73
857,Bstar,HF1R,True,0.0,0.0,0.0,73,61
858,Rstar,HF1R,True,3.642919299551295e-17,0.0,0.0,73,73
858,Estar,HF1R,True,1.3877787807814457e-17,0.0,0.0,73,73
858,Bstar,HF1R,True,0.0,0.0,0.0,73,61
859,Rstar,HF1R,True,6.765421556309548e-17,0.0,0.0,73,73
859,Estar,HF1R,True,8.673617379884035e-18,0.0,0.0,73,73
859,Bstar,HF1R,True,0.0,2.220446049250313e-16,0.0,73,61
860,Rstar,HF1R,True,6.418476861114186e-17,0.0,0.0,73,73
860,Estar,HF1R,True,6.418476861114186e-17,0.0,0.0,73,73
860,Bstar,HF1R,True,1.3234889800848443e-23,0.0,0.0,73,61
861,Rstar,HF1R,True,2.7755575615628914e-17,0.0,0.0,73,73
861,Estar,HF1R,True,2.7755575615628914e-17,0.0,0.0,73,73
861,Bstar,HF1R,True,1.3234889800848443e-23,2.220446049250313e-16,0.0,73,61
862,Rstar,HF1R,True,9.71445146547012e-17,0.0,0.0,73,73
862,Estar,HF1R,True,5.204170427930421e-17,0.0,0.0,73,73
862,Bstar,HF1R,True,0.0,2.220446049250313e-16,0.0,73,61
863,Rstar,HF1R,True,8.847089727481716e-17,0.0,0.0,73,73
863,Estar,HF1R,True,1.1102230246251565e-16,0.0,0.0,73,73
863,Bstar,HF1R,True,1.3234889800848443e-23,0.0,0.0,73,61
864,Rstar,HF1R,True,7.112366251504909e-17,0.0,0.0,73,73
864,Estar,HF1R,True,7.45931094670027e-17,0.0,0.0,73,73
864,Bstar,HF1R,True,0.0,2.220446049250313e-16,0.0,73,61
865,Rstar,HF1R,True,1.1102230246251565e-16,0.0,0.0,73,73
865,Estar,HF1R,True,6.591949208711867e-17,0.0,0.0,73,73
865,Bstar,HF1R,True,0.0,0.0,0.0,73,61
866,Rstar,HF1R,True,5.551115123125783e-17,0.0,0.0,73,73
866,Estar,HF1R,True,9.71445146547012e-17,0.0,0.0,73,73
866,Bstar,HF1R,True,0.0,0.0,0.0,73,61
867,Rstar,HF1R,True,6.245004513516506e-17,0.0,0.0,73,73
867,Estar,HF1R,True,1.5612511283791264e-17,0.0,0.0,73,73
867,Bstar,HF1R,True,0.0,2.220446049250313e-16,0.0,73,61
868,Rstar,HF1R,True,6.591949208711867e-17,0.0,0.0,73,73
868,Estar,HF1R,True,1.5612511283791264e-17,0.0,0.0,73,73
868,Bstar,HF1R,True,1.9081958235744878e-17,0.0,0.0,73,62
869,Rstar,HF1R,True,3.2959746043559335e-17,0.0,0.0,73,73
869,Estar,HF1R,True,5.204170427930421e-17,0.0,0.0,73,73
869,Bstar,HF1R,True,9.540979117872439e-17,0.0,0.0,73,62
870,Rstar,HF1R,True,3.9898639947466563e-17,0.0,0.0,73,73
870,Estar,HF1R,True,3.2959746043559335e-17,0.0,0.0,73,73
870,Bstar,HF1R,True,5.204170427930421e-18,0.0,0.0,73,62
871,Rstar,HF1R,True,6.591949208711867e-17,8.881784197001252e-16,0.0,73,73
871,Estar,HF1R,True,8.500145032286355e-17,0.0,0.0,73,73
871,Bstar,HF1R,True,1.3234889800848443e-23,2.220446049250313e-16,0.0,73,61
872,Rstar,HF1R,True,9.367506770274758e-17,1.7763568394002505e-15,0.0,73,73
872,Estar,HF1R,True,7.806255641895632e-17,0.0,0.0,73,73
872,Bstar,HF1R,True,0.0,0.0,0.0,73,61
873,Rstar,HF1R,True,1.0408340855860843e-17,0.0,0.0,73,73
873,Estar,HF1R,True,6.591949208711867e-17,0.0,0.0,73,73
873,Bstar,HF1R,True,1.3234889800848443e-23,0.0,0.0,73,61
874,Rstar,HF1R,True,6.071532165918825e-17,0.0,0.0,73,73
874,Estar,HF1R,True,4.85722573273506e-17,0.0,0.0,73,73
874,Bstar,HF1R,True,1.3234889800848443e-23,2.220446049250313e-16,0.0,73,61
875,Rstar,HF1R,True,1.734723475976807e-18,0.0,0.0,73,73
875,Estar,HF1R,True,6.245004513516506e-17,0.0,0.0,73,73
875,Bstar,HF1R,True,0.0,0.0,0.0,73,61
876,Rstar,HF1R,True,9.8879238130678e-17,0.0,0.0,73,73
876,Estar,HF1R,True,6.071532165918825e-17,8.881784197001252e-16,0.0,73,73
876,Bstar,HF1R,True,1.3234889800848443e-23,0.0,0.0,73,61
877,Rstar,HF1R,True,7.632783294297951e-17,0.0,0.0,73,73
877,Estar,HF1R,True,5.0306980803327406e-17,8.881784197001252e-16,0.0,73,73
877,Bstar,HF1R,True,1.3234889800848443e-23,0.0,0.0,73,61
878,Rstar,HF1R,True,6.938893903907228e-18,0.0,0.0,73,73
878,Estar,HF1R,True,7.112366251504909e-17,0.0,0.0,73,73
878,Bstar,HF1R,True,0.0,0.0,0.0,73,61
879,Rstar,HF1R,True,3.469446951953614e-17,0.0,0.0,73,73
879,Estar,HF1R,True,4.85722573273506e-17,0.0,0.0,73,73
879,Bstar,HF1R,True,1.1102230246251565e-16,0.0,0.0,73,61
880,Rstar,HF1R,True,8.500145032286355e-17,0.0,0.0,73,73
880,Estar,HF1R,True,1.1102230246251565e-16,8.881784197001252e-16,0.0,73,73
880,Bstar,HF1R,True,1.3234889800848443e-23,2.220446049250313e-16,0.0,73,61
881,Rstar,HF1R,True,6.071532165918825e-17,0.0,0.0,73,73
881,Estar,HF1R,True,9.367506770274758e-17,0.0,0.0,73,73
881,Bstar,HF1R,True,1.3234889800848443e-23,0.0,0.0,73,61
882,Rstar,HF1R,True,8.673617379884035e-17,0.0,0.0,73,73
882,Estar,HF1R,True,7.45931094670027e-17,8.881784197001252e-16,0.0,73,73
882,Bstar,HF1R,True,1.1275702593849246e-17,2.220446049250313e-16,0.0,73,62
883,Rstar,HF1R,True,3.2959746043559335e-17,0.0,0.0,73,73
883,Estar,HF1R,True,6.591949208711867e-17,0.0,0.0,73,73
883,Bstar,HF1R,True,4.5102810375396984e-17,0.0,0.0,73,62
884,Rstar,HF1R,True,2.7755575615628914e-17,0.0,0.0,73,73
884,Estar,HF1R,True,7.979727989493313e-17,0.0,0.0,73,73
884,Bstar,HF1R,True,2.949029909160572e-17,0.0,0.0,73,62
885,Rstar,HF1R,True,9.194034422677078e-17,0.0,0.0,73,73
885,Estar,HF1R,True,6.591949208711867e-17,0.0,0.0,73,73
885,Bstar,HF1R,True,0.0,0.0,0.0,73,63
886,Rstar,HF1R,True,0.0,0.0,0.0,73,73
886,Estar,HF1R,True,6.938893903907228e-17,0.0,0.0,73,73
886,Bstar,HF1R,True,1.1102230246251565e-16,0.0,0.0,73,63
887,Rstar,HF1R,True,1.1102230246251565e-16,0.0,0.0,73,73
887,Estar,HF1R,True,8.673617379884035e-17,0.0,0.0,73,73
887,Bstar,HF1R,True,1.3234889800848443e-23,2.220446049250313e-16,0.0,73,63
888,Rstar,HF1R,True,3.642919299551295e-17,0.0,0.0,73,73
888,Estar,HF1R,True,8.847089727481716e-17,8.881784197001252e-16,0.0,73,73
888,Bstar,HF1R,True,1.3234889800848443e-23,0.0,0.0,73,63
889,Rstar,HF1R,True,8.673617379884035e-18,8.881784197001252e-16,0.0,73,73
889,Estar,HF1R,True,4.163336342344337e-17,0.0,0.0,73,73
889,Bstar,HF1R,True,1.1102230246251565e-16,0.0,0.0,73,63
890,Rstar,HF1R,True,1.1102230246251565e-16,0.0,0.0,73,73
890,Estar,HF1R,True,5.551115123125783e-17,0.0,0.0,73,73
890,Bstar,HF1R,True,0.0,2.220446049250313e-16,0.0,73,63
891,Rstar,HF1R,True,5.551115123125783e-17,0.0,0.0,73,73
891,Estar,HF1R,True,4.85722573273506e-17,0.0,0.0,73,73
891,Bstar,HF1R,True,0.0,0.0,0.0,73,63
892,Rstar,HF1R,True,1.734723475976807e-18,8.881784197001252e-16,0.0,73,73
892,Estar,HF1R,True,4.683753385137379e-17,0.0,0.0,73,73
892,Bstar,HF1R,True,1.3234889800848443e-23,0.0,0.0,73,63
893,Rstar,HF1R,True,2.2551405187698492e-17,0.0,0.0,73,73
893,Estar,HF1R,True,7.632783294297951e-17,8.881784197001252e-16,0.0,73,73
893,Bstar,HF1R,True,1.1102230246251565e-16,2.220446049250313e-16,0.0,73,63
894,Rstar,HF1R,True,8.847089727481716e-17,0.0,0.0,73,73
894,Estar,HF1R,True,1.1102230246251565e-16,0.0,0.0,73,73
894,Bstar,HF1R,True,0.0,0.0,0.0,73,63
895,Rstar,HF1R,True,5.0306980803327406e-17,0.0,0.0,73,73
895,Estar,HF1R,True,4.683753385137379e-17,0.0,0.0,73,73
895,Bstar,HF1R,True,0.0,4.440892098500626e-16,0.0,73,63
896,Rstar,HF1R,True,1.1102230246251565e-16,8.881784197001252e-16,0.0,73,73
896,Estar,HF1R,True,2.2551405187698492e-17,0.0,0.0,73,73
896,Bstar,HF1R,True,2.6469779601696886e-23,0.0,0.0,73,63
897,Rstar,HF1R,True,4.336808689942018e-17,0.0,0.0,73,73
897,Estar,HF1R,True,1.9081958235744878e-17,0.0,0.0,73,73
897,Bstar,HF1R,True,1.3234889800848443e-23,0.0,0.0,73,63
898,Rstar,HF1R,True,6.418476861114186e-17,0.0,0.0,73,73
898,Estar,HF1R,True,9.540979117872439e-17,8.881784197001252e-16,0.0,73,73
898,Bstar,HF1R,True,0.0,0.0,0.0,73,63
899,Rstar,HF1R,True,6.245004513516506e-17,0.0,0.0,73,73
899,Estar,HF1R,True,3.382710778154774e-17,0.0,0.0,73,73
899,Bstar,HF1R,True,0.0,0.0,0.0,73,63
900,Rstar,HF1R,True,1.9081958235744878e-17,0.0,0.0,73,73
900,Estar,HF1R,True,3.903127820947816e-17,8.881784197001252e-16,0.0,73,73
900,Bstar,HF1R,True,1.1102230246251565e-16,0.0,0.0,73,63
901,Rstar,HF1R,True,5.204170427930421e-17,0.0,0.0,73,73
901,Estar,HF1R,True,9.8879238130678e-17,0.0,0.0,73,73
901,Bstar,HF1R,True,0.0,0.0,0.0,73,63
902,Rstar,HF1R,True,3.469446951953614e-18,0.0,0.0,73,73
902,Estar,HF1R,True,2.7755575615628914e-17,0.0,0.0,73,73
902,Bstar,HF1R,True,1.3234889800848443e-23,0.0,0.0,73,63
903,Rstar,HF1R,True,8.673617379884035e-18,0.0,0.0,73,73
903,Estar,HF1R,True,4.9439619065339e-17,8.881784197001252e-16,0.0,73,73
903,Bstar,HF1R,True,0.0,0.0,0.0,73,63
904,Rstar,HF1R,True,7.979727989493313e-17,0.0,0.0,73,73
904,Estar,HF1R,True,1.1102230246251565e-16,0.0,0.0,73,73
904,Bstar,HF1R,True,1.3234889800848443e-23,2.220446049250313e-16,0.0,73,63
905,Rstar,HF1R,True,1.734723475976807e-17,0.0,0.0,73,73
905,Estar,HF1R,True,8.673617379884035e-18,8.881784197001252e-16,0.0,73,73
905,Bstar,HF1R,True,1.3234889800848443e-23,0.0,0.0,73,63
906,Rstar,HF1R,True,2.949029909160572e-17,0.0,0.0,73,73
906,Estar,HF1R,True,7.19910242530375e-17,0.0,0.0,73,73
906,Bstar,HF1R,True,0.0,0.0,0.0,73,63
907,Rstar,HF1R,True,8.673617379884035e-17,0.0,0.0,73,73
907,Estar,HF1R,True,6.591949208711867e-17,0.0,0.0,73,73
907,Bstar,HF1R,True,0.0,0.0,0.0,73,63
908,Rstar,HF1R,True,1.214306433183765e-17,0.0,0.0,73,73
908,Estar,HF1R,True,7.719519468096792e-17,0.0,0.0,73,73
908,Bstar,HF1R,True,1.3234889800848443e-23,0.0,0.0,73,63
909,Rstar,HF1R,True,3.2959746043559335e-17,0.0,0.0,73,73
909,Estar,HF1R,True,4.9439619065339e-17,0.0,0.0,73,73
909,Bstar,HF1R,True,1.3234889800848443e-23,0.0,0.0,73,63
910,Rstar,HF1R,True,8.673617379884035e-17,0.0,0.0,73,73
910,Estar,HF1R,True,5.637851296924623e-17,0.0,0.0,73,73
910,Bstar,HF1R,True,1.3234889800848443e-23,2.220446049250313e-16,0.0,73,63
911,Rstar,HF1R,True,5.724587470723463e-17,0.0,0.0,73,73
911,Estar,HF1R,True,5.204170427930421e-18,8.881784197001252e-16,0.0,73,73
911,Bstar,HF1R,True,0.0,0.0,0.0,73,63
912,Rstar,HF1R,True,9.367506770274758e-17,0.0,0.0,73,73
912,Estar,HF1R,True,8.933825901280557e-17,0.0,0.0,73,73
912,Bstar,HF1R,True,1.3234889800848443e-23,0.0,0.0,73,63
913,Rstar,HF1R,True,1.734723475976807e-18,0.0,0.0,73,73
913,Estar,HF1R,True,7.806255641895632e-17,8.881784197001252e-16,0.0,73,73
913,Bstar,HF1R,True,1.1102230246251565e-16,0.0,0.0,73,63
914,Rstar,HF1R,True,1.1102230246251565e-16,0.0,0.0,73,73
914,Estar,HF1R,True,3.903127820947816e-17,8.881784197001252e-16,0.0,73,73
914,Bstar,HF1R,True,0.0,0.0,0.0,73,63
915,Rstar,HF1R,True,3.9898639947466563e-17,0.0,0.0,73,73
915,Estar,HF1R,True,9.194034422677078e-17,8.881784197001252e-16,0.0,73,73
915,Bstar,HF1R,True,1.3234889800848443e-23,2.220446049250313e-16,0.0,73,63
916,Rstar,HF1R,True,1.1102230246251565e-16,0.0,0.0,73,73
916,Estar,HF1R,True,8.500145032286355e-17,0.0,0.0,73,73
916,Bstar,HF1R,True,0.0,2.220446049250313e-16,0.0,73,63
917,Rstar,HF1R,True,6.591949208711867e-17,8.881784197001252e-16,0.0,73,73
917,Estar,HF1R,True,3.382710778154774e-17,0.0,0.0,73,73
917,Bstar,HF1R,True,1.3234889800848443e-23,0.0,0.0,73,63
918,Rstar,HF1R,True,2.0816681711721685e-17,0.0,0.0,73,73
918,Estar,HF1R,True,5.637851296924623e-17,0.0,0.0,73,73
918,Bstar,HF1R,True,1.3234889800848443e-23,0.0,0.0,73,63
919,Rstar,HF1R,True,7.806255641895632e-17,8.881784197001252e-16,0.0,73,73
919,Estar,HF1R,True,2.6020852139652106e-17,0.0,0.0,73,73
919,Bstar,HF1R,True,0.0,0.0,0.0,73,63
920,Rstar,HF1R,True,6.245004513516506e-17,8.881784197001252e-16,0.0,73,73
920,Estar,HF1R,True,2.6020852139652106e-18,0.0,0.0,73,73
920,Bstar,HF1R,True,1.3234889800848443e-23,2.220446049250313e-16,0.0,73,63
921,Rstar,HF1R,True,7.632783294297951e-17,8.881784197001252e-16,0.0,73,73
921,Estar,HF1R,True,6.591949208711867e-17,0.0,0.0,73,73
921,Bstar,HF1R,True,0.0,0.0,0.0,73,63
922,Rstar,HF1R,True,2.7755575615628914e-17,8.881784197001252e-16,0.0,73,73
922,Estar,HF1R,True,1.9081958235744878e-17,0.0,0.0,73,73
922,Bstar,HF1R,True,0.0,0.0,0.0,73,63
923,Rstar,HF1R,True,4.5102810375396984e-17,0.0,0.0,73,73
923,Estar,HF1R,True,1.1102230246251565e-16,0.0,0.0,73,73
923,Bstar,HF1R,True,1.3234889800848443e-23,0.0,0.0,73,63
924,Rstar,HF1R,True,5.204170427930421e-18,0.0,0.0,73,73
924,Estar,HF1R,True,6.938893903907228e-17,0.0,0.0,73,73
924,Bstar,HF1R,True,0.0,0.0,0.0,73,63
925,Rstar,HF1R,True,7.112366251504909e-17,8.881784197001252e-16,0.0,73,73
925,Estar,HF1R,True,1.214306433183765e-17,0.0,0.0,73,73
925,Bstar,HF1R,True,1.3234889800848443e-23,2.220446049250313e-16,0.0,73,63
926,Rstar,HF1R,True,9.8879238130678e-17,8.881784197001252e-16,0.0,73,73
926,Estar,HF1R,True,9.020562075079397e-17,0.0,0.0,73,73
926,Bstar,HF1R,True,1.3234889800848443e-23,0.0,0.0,73,63
927,Rstar,HF1R,True,1.1102230246251565e-16,0.0,0.0,73,73
927,Estar,HF1R,True,3.382710778154774e-17,8.881784197001252e-16,0.0,73,73
927,Bstar,HF1R,True,1.3234889800848443e-23,0.0,0.0,73,63
928,Rstar,HF1R,True,9.194034422677078e-17,0.0,0.0,73,73
928,Estar,HF1R,True,8.586881206085195e-17,0.0,0.0,73,73
928,Bstar,HF1R,True,1.3234889800848443e-23,0.0,0.0,73,63
929,Rstar,HF1R,True,2.949029909160572e-17,0.0,0.0,73,73
929,Estar,HF1R,True,7.632783294297951e-17,0.0,0.0,73,73
929,Bstar,HF1R,True,0.0,2.220446049250313e-16,0.0,73,63
930,Rstar,HF1R,True,6.418476861114186e-17,8.881784197001252e-16,0.0,73,73
930,Estar,HF1R,True,1.1102230246251565e-16,0.0,0.0,73,73
930,Bstar,HF1R,True,0.0,0.0,0.0,73,63
931,Rstar,HF1R,True,2.949029909160572e-17,0.0,0.0,73,73
931,Estar,HF1R,True,1.9949319973733282e-17,0.0,0.0,73,73
931,Bstar,HF1R,True,1.3234889800848443e-23,0.0,0.0,73,63
932,Rstar,HF1R,True,5.377642775528102e-17,0.0,0.0,73,73
932,Estar,HF1R,True,8.933825901280557e-17,0.0,0.0,73,73
932,Bstar,HF1R,True,0.0,0.0,0.0,73,63
933,Rstar,HF1R,True,6.938893903907228e-18,0.0,0.0,73,73
933,Estar,HF1R,True,8.673617379884035e-17,8.881784197001252e-16,0.0,73,73
933,Bstar,HF1R,True,0.0,0.0,0.0,73,64
934,Rstar,HF1R,True,1.1102230246251565e-16,8.881784197001252e-16,0.0,68,68
934,Estar,HF1R,True,1.1102230246251565e-16,0.0,0.0,68,68
934,Bstar,HF1R,True,1.3234889800848443e-23,0.0,0.0,68,60
935,Rstar,HF1R,True,1.3234889800848443e-23,0.0,0.0,68,68
935,Estar,HF1R,True,1.3234889800848443e-23,0.0,0.0,68,68
935,Bstar,HF1R,True,0.0,0.0,0.0,68,60
936,Rstar,HF1R,True,1.3234889800848443e-23,8.881784197001252e-16,0.0,68,68
936,Estar,HF1R,True,1.3234889800848443e-23,0.0,0.0,68,68
936,Bstar,HF1R,True,1.3234889800848443e-23,2.220446049250313e-16,0.0,68,60
937,Rstar,HF1R,True,1.3234889800848443e-23,0.0,0.0,68,68
937,Estar,HF1R,True,1.3234889800848443e-23,0.0,0.0,68,68
937,Bstar,HF1R,True,1.3234889800848443e-23,2.220446049250313e-16,0.0,68,60
938,Rstar,HF1R,True,1.3234889800848443e-23,0.0,0.0,68,68
938,Estar,HF1R,True,1.1102230246251565e-16,8.881784197001252e-16,0.0,68,68
938,Bstar,HF1R,True,0.0,0.0,0.0,68,60
939,Rstar,HF1R,True,0.0,0.0,0.0,68,68
939,Estar,HF1R,True,1.1102230246251565e-16,0.0,0.0,68,68
939,Bstar,HF1R,True,1.3234889800848443e-23,0.0,0.0,68,60
940,Rstar,HF1R,True,0.0,8.881784197001252e-16,0.0,68,68
940,Estar,HF1R,True,0.0,0.0,0.0,68,68
940,Bstar,HF1R,True,0.0,2.220446049250313e-16,0.0,68,60
941,Rstar,HF1R,True,0.0,0.0,0.0,68,68
941,Estar,HF1R,True,0.0,0.0,0.0,68,68
941,Bstar,HF1R,True,0.0,0.0,1.1102230246251565e-16,68,62
942,Rstar,HF1R,True,0.0,0.0,0.0,68,68
942,Estar,HF1R,True,1.3234889800848443e-23,0.0,0.0,68,68
942,Bstar,HF1R,True,1.3234889800848443e-23,0.0,1.1102230246251565e-16,68,62
943,Rstar,HF1R,True,1.3234889800848443e-23,0.0,0.0,68,68
943,Estar,HF1R,True,0.0,0.0,0.0,68,68
943,Bstar,HF1R,True,1.3234889800848443e-23,2.220446049250313e-16,0.0,68,60
944,Rstar,HF1R,True,0.0,0.0,0.0,68,68
944,Estar,HF1R,True,0.0,0.0,0.0,68,68
944,Bstar,HF1R,True,1.3234889800848443e-23,2.220446049250313e-16,0.0,68,60
945,Rstar,HF1R,True,1.3234889800848443e-23,0.0,0.0,68,68
945,Estar,HF1R,True,1.3234889800848443e-23,0.0,0.0,68,68
945,Bstar,HF1R,True,1.3234889800848443e-23,2.220446049250313e-16,0.0,68,60
946,Rstar,HF1R,True,1.3234889800848443e-23,0.0,0.0,68,68
946,Estar,HF1R,True,0.0,0.0,0.0,68,68
946,Bstar,HF1R,True,0.0,0.0,0.0,68,60
947,Rstar,HF1R,True,0.0,0.0,0.0,68,68
947,Estar,HF1R,True,1.3234889800848443e-23,0.0,0.0,68,68
947,Bstar,HF1R,True,0.0,2.220446049250313e-16,0.0,68,60
948,Rstar,HF1R,True,0.0,0.0,0.0,68,68
948,Estar,HF1R,True,1.1102230246251565e-16,0.0,0.0,68,68
948,Bstar,HF1R,True,0.0,0.0,0.0,68,60
949,Rstar,HF1R,True,0.0,0.0,0.0,68,68
949,Estar,HF1R,True,0.0,0.0,0.0,68,68
949,Bstar,HF1R,True,0.0,2.220446049250313e-16,0.0,68,60
950,Rstar,HF1R,True,1.3234889800848443e-23,0.0,0.0,68,68
950,Estar,HF1R,True,0.0,0.0,0.0,68,68
950,Bstar,HF1R,True,0.0,0.0,0.0,68,60
951,Rstar,HF1R,True,0.0,8.881784197001252e-16,0.0,68,68
951,Estar,HF1R,True,1.3234889800848443e-23,0.0,0.0,68,68
951,Bstar,HF1R,True,1.3234889800848443e-23,0.0,0.0,68,60
952,Rstar,HF1R,True,0.0,8.881784197001252e-16,0.0,68,68
952,Estar,HF1R,True,0.0,0.0,0.0,68,68
952,Bstar,HF1R,True,1.3234889800848443e-23,0.0,0.0,68,60
953,Rstar,HF1R,True,0.0,0.0,0.0,68,68
953,Estar,HF1R,True,1.3234889800848443e-23,0.0,0.0,68,68
953,Bstar,HF1R,True,1.3234889800848443e-23,2.220446049250313e-16,0.0,68,60
954,Rstar,HF1R,True,1.1102230246251565e-16,0.0,0.0,68,68
954,Estar,HF1R,True,0.0,0.0,0.0,68,68
954,Bstar,HF1R,True,0.0,0.0,0.0,68,60
955,Rstar,HF1R,True,1.3234889800848443e-23,8.881784197001252e-16,0.0,68,68
955,Estar,HF1R,True,0.0,8.881784197001252e-16,0.0,68,68
955,Bstar,HF1R,True,1.3234889800848443e-23,0.0,0.0,68,60
956,Rstar,HF1R,True,1.3234889800848443e-23,8.881784197001252e-16,0.0,68,68
956,Estar,HF1R,True,1.3234889800848443e-23,0.0,0.0,68,68
956,Bstar,HF1R,True,1.3234889800848443e-23,0.0,0.0,68,60
957,Rstar,HF1R,True,0.0,0.0,0.0,68,68
957,Estar,HF1R,True,1.3234889800848443e-23,8.881784197001252e-16,0.0,68,68
957,Bstar,HF1R,True,0.0,2.220446049250313e-16,0.0,68,60
958,Rstar,HF1R,True,0.0,0.0,0.0,68,68
958,Estar,HF1R,True,1.1102230246251565e-16,0.0,0.0,68,68
958,Bstar,HF1R,True,0.0,0.0,0.0,68,60
959,Rstar,HF1R,True,0.0,0.0,0.0,68,68
959,Estar,HF1R,True,0.0,0.0,0.0,68,68
959,Bstar,HF1R,True,1.3234889800848443e-23,0.0,0.0,68,60
960,Rstar,HF1R,True,1.3234889800848443e-23,0.0,0.0,68,68
960,Estar,HF1R,True,1.3234889800848443e-23,0.0,0.0,68,68
960,Bstar,HF1R,True,0.0,0.0,0.0,68,60
961,Rstar,HF1R,True,0.0,0.0,0.0,68,68
961,Estar,HF1R,True,1.3234889800848443e-23,0.0,0.0,68,68
961,Bstar,HF1R,True,1.1102230246251565e-16,2.220446049250313e-16,0.0,68,60
962,Rstar,HF1R,True,0.0,0.0,0.0,68,68
962,Estar,HF1R,True,0.0,0.0,0.0,68,68
962,Bstar,HF1R,True,1.3234889800848443e-23,0.0,0.0,68,60
963,Rstar,HF1R,True,1.3234889800848443e-23,0.0,0.0,68,68
963,Estar,HF1R,True,0.0,0.0,0.0,68,68
963,Bstar,HF1R,True,1.3234889800848443e-23,0.0,0.0,68,60
964,Rstar,HF1R,True,0.0,8.881784197001252e-16,0.0,68,68
964,Estar,HF1R,True,0.0,0.0,0.0,68,68
964,Bstar,HF1R,True,0.0,0.0,0.0,68,60
965,Rstar,HF1R,True,0.0,0.0,0.0,68,68
965,Estar,HF1R,True,0.0,0.0,0.0,68,68
965,Bstar,HF1R,True,0.0,0.0,0.0,68,60
966,Rstar,HF1R,True,1.1102230246251565e-16,0.0,0.0,68,68
966,Estar,HF1R,True,0.0,0.0,0.0,68,68
966,Bstar,HF1R,True,1.1102230246251565e-16,2.220446049250313e-16,0.0,68,60
967,Rstar,HF1R,True,1.1102230246251565e-16,0.0,0.0,68,68
967,Estar,HF1R,True,0.0,0.0,0.0,68,68
967,Bstar,HF1R,True,0.0,2.220446049250313e-16,0.0,68,60
968,Rstar,HF1R,True,1.3234889800848443e-23,8.881784197001252e-16,0.0,68,68
968,Estar,HF1R,True,0.0,8.881784197001252e-16,0.0,68,68
968,Bstar,HF1R,True,1.1102230246251565e-16,0.0,0.0,68,60
969,Rstar,HF1R,True,0.0,0.0,0.0,68,68
969,Estar,HF1R,True,0.0,0.0,0.0,68,68
969,Bstar,HF1R,True,0.0,2.220446049250313e-16,0.0,68,60
970,Rstar,HF1R,True,0.0,0.0,0.0,68,68
970,Estar,HF1R,True,1.3234889800848443e-23,0.0,0.0,68,68
970,Bstar,HF1R,True,1.3234889800848443e-23,0.0,0.0,68,60
971,Rstar,HF1R,True,0.0,0.0,0.0,68,68
971,Estar,HF1R,True,0.0,0.0,0.0,68,68
971,Bstar,HF1R,True,1.1102230246251565e-16,0.0,0.0,68,60
972,Rstar,HF1R,True,0.0,0.0,0.0,68,68
972,Estar,HF1R,True,0.0,8.881784197001252e-16,0.0,68,68
972,Bstar,HF1R,True,0.0,0.0,0.0,68,60
973,Rstar,HF1R,True,0.0,0.0,0.0,68,68
973,Estar,HF1R,True,1.3234889800848443e-23,0.0,0.0,68,68
973,Bstar,HF1R,True,1.3234889800848443e-23,0.0,0.0,68,60
974,Rstar,HF1R,True,0.0,0.0,0.0,68,68
974,Estar,HF1R,True,0.0,0.0,0.0,68,68
974,Bstar,HF1R,True,1.3234889800848443e-23,0.0,0.0,68,60
975,Rstar,HF1R,True,0.0,0.0,0.0,68,68
975,Estar,HF1R,True,0.0,0.0,0.0,68,68
975,Bstar,HF1R,True,1.1102230246251565e-16,0.0,0.0,68,60
976,Rstar,HF1R,True,0.0,0.0,0.0,68,68
976,Estar,HF1R,True,1.3234889800848443e-23,0.0,0.0,68,68
976,Bstar,HF1R,True,0.0,2.220446049250313e-16,0.0,68,60
977,Rstar,HF1R,True,1.1102230246251565e-16,0.0,0.0,68,68
977,Estar,HF1R,True,0.0,0.0,0.0,68,68
977,Bstar,HF1R,True,1.1102230246251565e-16,0.0,0.0,68,60
978,Rstar,HF1R,True,1.3234889800848443e-23,0.0,0.0,68,68
978,Estar,HF1R,True,0.0,8.881784197001252e-16,0.0,68,68
978,Bstar,HF1R,True,1.1102230246251565e-16,0.0,0.0,68,60
979,Rstar,HF1R,True,0.0,8.881784197001252e-16,0.0,68,68
979,Estar,HF1R,True,0.0,0.0,0.0,68,68
979,Bstar,HF1R,True,1.1102230246251565e-16,2.220446049250313e-16,0.0,68,60
980,Rstar,HF1R,True,1.1102230246251565e-16,0.0,0.0,68,68
980,Estar,HF1R,True,0.0,0.0,0.0,68,68
980,Bstar,HF1R,True,1.1102230246251565e-16,0.0,0.0,68,60
981,Rstar,HF1R,True,1.3234889800848443e-23,0.0,0.0,68,68
981,Estar,HF1R,True,0.0,0.0,0.0,68,68
981,Bstar,HF1R,True,1.3234889800848443e-23,2.220446049250313e-16,0.0,68,60
982,Rstar,HF1R,True,0.0,0.0,0.0,68,68
982,Estar,HF1R,True,1.1102230246251565e-16,0.0,0.0,68,68
982,Bstar,HF1R,True,1.3234889800848443e-23,0.0,0.0,68,60
983,Rstar,HF1R,True,0.0,0.0,0.0,68,68
983,Estar,HF1R,True,0.0,0.0,0.0,68,68
983,Bstar,HF1R,True,1.3234889800848443e-23,0.0,0.0,68,60
984,Rstar,HF1R,True,1.3234889800848443e-23,0.0,0.0,68,68
984,Estar,HF1R,True,0.0,8.881784197001252e-16,0.0,68,68
984,Bstar,HF1R,True,0.0,0.0,0.0,68,60
985,Rstar,HF1R,True,1.3234889800848443e-23,0.0,0.0,68,68
985,Estar,HF1R,True,0.0,0.0,0.0,68,68
985,Bstar,HF1R,True,0.0,0.0,0.0,68,60
986,Rstar,HF1R,True,0.0,0.0,0.0,68,68
986,Estar,HF1R,True,1.1102230246251565e-16,0.0,0.0,68,68
986,Bstar,HF1R,True,1.1102230246251565e-16,0.0,0.0,68,60
987,Rstar,HF1R,True,1.3234889800848443e-23,0.0,0.0,68,68
987,Estar,HF1R,True,1.3234889800848443e-23,0.0,0.0,68,68
987,Bstar,HF1R,True,0.0,2.220446049250313e-16,0.0,68,60
988,Rstar,HF1R,True,0.0,0.0,0.0,68,68
988,Estar,HF1R,True,1.3234889800848443e-23,8.881784197001252e-16,0.0,68,68
988,Bstar,HF1R,True,0.0,0.0,0.0,68,60
989,Rstar,HF1R,True,1.1102230246251565e-16,8.881784197001252e-16,0.0,68,68
989,Estar,HF1R,True,0.0,0.0,0.0,68,68
989,Bstar,HF1R,True,0.0,2.220446049250313e-16,0.0,68,60
990,Rstar,HF1R,True,1.3234889800848443e-23,0.0,0.0,68,68
990,Estar,HF1R,True,0.0,0.0,0.0,68,68
990,Bstar,HF1R,True,0.0,0.0,0.0,68,60
991,Rstar,HF1R,True,0.0,0.0,0.0,68,68
991,Estar,HF1R,True,0.0,0.0,0.0,68,68
991,Bstar,HF1R,True,1.3234889800848443e-23,0.0,0.0,68,60
992,Rstar,HF1R,True,1.3234889800848443e-23,0.0,0.0,68,68
992,Estar,HF1R,True,0.0,0.0,0.0,68,68
992,Bstar,HF1R,True,0.0,0.0,0.0,68,60
993,Rstar,HF1R,True,0.0,0.0,0.0,68,68
993,Estar,HF1R,True,0.0,0.0,0.0,68,68
993,Bstar,HF1R,True,1.3234889800848443e-23,0.0,0.0,68,60
994,Rstar,HF1R,True,0.0,0.0,0.0,68,68
994,Estar,HF1R,True,1.3234889800848443e-23,0.0,0.0,68,68
994,Bstar,HF1R,True,0.0,0.0,0.0,68,60
995,Rstar,HF1R,True,0.0,0.0,0.0,68,68
995,Estar,HF1R,True,1.3234889800848443e-23,0.0,0.0,68,68
995,Bstar,HF1R,True,1.3234889800848443e-23,0.0,0.0,68,60
996,Rstar,HF1R,True,1.1102230246251565e-16,0.0,0.0,68,68
996,Estar,HF1R,True,0.0,0.0,0.0,68,68
996,Bstar,HF1R,True,0.0,0.0,0.0,68,60
997,Rstar,HF1R,True,0.0,0.0,0.0,68,68
997,Estar,HF1R,True,0.0,8.881784197001252e-16,0.0,68,68
997,Bstar,HF1R,True,1.3234889800848443e-23,0.0,0.0,68,60
998,Rstar,HF1R,True,0.0,0.0,0.0,68,68
998,Estar,HF1R,True,1.1102230246251565e-16,0.0,0.0,68,68
998,Bstar,HF1R,True,1.1102230246251565e-16,0.0,0.0,68,60
999,Rstar,HF1R,True,0.0,0.0,0.0,68,68
999,Estar,HF1R,True,0.0,0.0,0.0,68,68
999,Bstar,HF1R,True,0.0,0.0,0.0,68,60
1000,Rstar,HF1R,True,0.0,0.0,0.0,68,68
1000,Estar,HF1R,True,0.0,0.0,0.0,68,68
1000,Bstar,HF1R,True,0.0,0.0,0.0,68,60
1001,Rstar,HF1R,True,0.0,0.0,0.0,68,68
1001,Estar,HF1R,True,0.0,8.881784197001252e-16,0.0,68,68
1001,Bstar,HF1R,True,1.3234889800848443e-23,0.0,0.0,68,60
1002,Rstar,HF1R,True,1.3234889800848443e-23,0.0,0.0,68,68
1002,Estar,HF1R,True,0.0,8.881784197001252e-16,0.0,68,68
1002,Bstar,HF1R,True,0.0,0.0,0.0,68,60
1003,Rstar,HF1R,True,1.3234889800848443e-23,0.0,0.0,68,68
1003,Estar,HF1R,True,0.0,0.0,0.0,68,68
1003,Bstar,HF1R,True,0.0,0.0,0.0,68,60
1004,Rstar,HF1R,True,1.1102230246251565e-16,0.0,0.0,68,68
1004,Estar,HF1R,True,1.1102230246251565e-16,0.0,0.0,68,68
1004,Bstar,HF1R,True,0.0,2.220446049250313e-16,0.0,68,60
1005,Rstar,HF1R,True,0.0,0.0,0.0,68,68
1005,Estar,HF1R,True,0.0,0.0,0.0,68,68
1005,Bstar,HF1R,True,0.0,2.220446049250313e-16,0.0,68,60
1006,Rstar,HF1R,True,0.0,8.881784197001252e-16,0.0,68,68
1006,Estar,HF1R,True,1.1102230246251565e-16,8.881784197001252e-16,0.0,68,68
1006,Bstar,HF1R,True,0.0,0.0,0.0,68,60
1007,Rstar,HF1R,True,0.0,0.0,0.0,68,68
1007,Estar,HF1R,True,1.3234889800848443e-23,0.0,0.0,68,68
1007,Bstar,HF1R,True,1.3234889800848443e-23,0.0,0.0,68,60
1008,Rstar,HF1R,True,0.0,8.881784197001252e-16,0.0,68,68
1008,Estar,HF1R,True,0.0,0.0,0.0,68,68
1008,Bstar,HF1R,True,0.0,0.0,0.0,68,60
1009,Rstar,HF1R,True,1.3234889800848443e-23,8.881784197001252e-16,0.0,68,68
1009,Estar,HF1R,True,1.3234889800848443e-23,0.0,0.0,68,68
1009,Bstar,HF1R,True,1.3234889800848443e-23,0.0,0.0,68,60
1010,Rstar,HF1R,True,1.3234889800848443e-23,8.881784197001252e-16,0.0,68,68
1010,Estar,HF1R,True,1.3234889800848443e-23,0.0,0.0,68,68
1010,Bstar,HF1R,True,1.3234889800848443e-23,0.0,0.0,68,60
1011,Rstar,HF1R,True,0.0,0.0,0.0,68,68
1011,Estar,HF1R,True,0.0,0.0,0.0,68,68
1011,Bstar,HF1R,True,1.3234889800848443e-23,0.0,0.0,68,60
1012,Rstar,HF1R,True,0.0,0.0,0.0,68,68
1012,Estar,HF1R,True,0.0,0.0,0.0,68,68
1012,Bstar,HF1R,True,0.0,2.220446049250313e-16,0.0,68,60
1013,Rstar,HF1R,True,0.0,0.0,0.0,68,68
1013,Estar,HF1R,True,1.3234889800848443e-23,8.881784197001252e-16,0.0,68,68
1013,Bstar,HF1R,True,1.1102230246251565e-16,0.0,0.0,68,60
1014,Rstar,HF1R,True,0.0,0.0,0.0,68,68
1014,Estar,HF1R,True,1.3234889800848443e-23,0.0,0.0,68,68
1014,Bstar,HF1R,True,0.0,0.0,0.0,68,60
1015,Rstar,HF1R,True,0.0,0.0,0.0,68,68
1015,Estar,HF1R,True,0.0,0.0,0.0,68,68
1015,Bstar,HF1R,True,0.0,0.0,0.0,68,60
1016,Rstar,HF1R,True,1.3234889800848443e-23,0.0,0.0,68,68
1016,Estar,HF1R,True,1.1102230246251565e-16,0.0,0.0,68,68
1016,Bstar,HF1R,True,0.0,0.0,0.0,68,60
1017,Rstar,HF1R,True,0.0,0.0,0.0,68,68
1017,Estar,HF1R,True,0.0,0.0,0.0,68,68
1017,Bstar,HF1R,True,1.3234889800848443e-23,0.0,0.0,68,60
1018,Rstar,HF1R,True,1.3234889800848443e-23,0.0,0.0,68,68
1018,Estar,HF1R,True,0.0,0.0,0.0,68,68
1018,Bstar,HF1R,True,1.3234889800848443e-23,2.220446049250313e-16,0.0,68,60
1019,Rstar,HF1R,True,0.0,8.881784197001252e-16,0.0,68,68
1019,Estar,HF1R,True,1.3234889800848443e-23,0.0,0.0,68,68
1019,Bstar,HF1R,True,0.0,0.0,0.0,68,60
1020,Rstar,HF1R,True,0.0,0.0,0.0,68,68
1020,Estar,HF1R,True,0.0,0.0,0.0,68,68
1020,Bstar,HF1R,True,1.1102230246251565e-16,2.220446049250313e-16,0.0,68,60
1021,Rstar,HF1R,True,1.3234889800848443e-23,0.0,0.0,68,68
1021,Estar,HF1R,True,1.3234889800848443e-23,0.0,0.0,68,68
1021,Bstar,HF1R,True,1.3234889800848443e-23,0.0,0.0,68,60
1022,Rstar,HF1R,True,1.3234889800848443e-23,0.0,0.0,68,68
1022,Estar,HF1R,True,0.0,0.0,0.0,68,68
1022,Bstar,HF1R,True,0.0,2.220446049250313e-16,0.0,68,60
1023,Rstar,HF1R,True,1.1102230246251565e-16,0.0,0.0,68,68
1023,Estar,HF1R,True,0.0,0.0,0.0,68,68
1023,Bstar,HF1R,True,1.3234889800848443e-23,0.0,0.0,68,60
1024,Rstar,HF1R,True,0.0,8.881784197001252e-16,0.0,68,68
1024,Estar,HF1R,True,0.0,0.0,0.0,68,68
1024,Bstar,HF1R,True,0.0,0.0,0.0,68,60
1025,Rstar,HF1R,True,0.0,0.0,0.0,68,68
1025,Estar,HF1R,True,1.3234889800848443e-23,0.0,0.0,68,68
1025,Bstar,HF1R,True,1.1102230246251565e-16,0.0,0.0,68,60
1026,Rstar,HF1R,True,0.0,0.0,0.0,68,68
1026,Estar,HF1R,True,0.0,8.881784197001252e-16,0.0,68,68
1026,Bstar,HF1R,True,1.1102230246251565e-16,2.220446049250313e-16,0.0,68,60
1027,Rstar,HF1R,True,0.0,0.0,0.0,68,68
1027,Estar,HF1R,True,1.3234889800848443e-23,0.0,0.0,68,68
1027,Bstar,HF1R,True,1.3234889800848443e-23,2.220446049250313e-16,0.0,68,60
1028,Rstar,HF1R,True,0.0,0.0,0.0,68,68
1028,Estar,HF1R,True,1.3234889800848443e-23,0.0,0.0,68,68
1028,Bstar,HF1R,True,1.3234889800848443e-23,0.0,0.0,68,60
1029,Rstar,HF1R,True,1.3234889800848443e-23,0.0,0.0,68,68
1029,Estar,HF1R,True,1.3234889800848443e-23,0.0,0.0,68,68
1029,Bstar,HF1R,True,0.0,0.0,0.0,68,60
1030,Rstar,HF1R,True,0.0,8.881784197001252e-16,0.0,68,68
1030,Estar,HF1R,True,0.0,8.881784197001252e-16,0.0,68,68
1030,Bstar,HF1R,True,0.0,0.0,0.0,68,60
1031,Rstar,HF1R,True,0.0,0.0,0.0,68,68
1031,Estar,HF1R,True,0.0,0.0,0.0,68,68
1031,Bstar,HF1R,True,1.3234889800848443e-23,2.220446049250313e-16,0.0,68,60
1032,Rstar,HF1R,True,0.0,0.0,0.0,68,68
1032,Estar,HF1R,True,1.1102230246251565e-16,0.0,0.0,68,68
1032,Bstar,HF1R,True,0.0,0.0,0.0,68,60
1033,Rstar,HF1R,True,0.0,8.881784197001252e-16,0.0,68,68
1033,Estar,HF1R,True,0.0,0.0,0.0,68,68
1033,Bstar,HF1R,True,1.1102230246251565e-16,0.0,0.0,68,60
1034,Rstar,HF1R,True,1.3234889800848443e-23,0.0,0.0,68,68
1034,Estar,HF1R,True,1.3234889800848443e-23,0.0,0.0,68,68
1034,Bstar,HF1R,True,0.0,0.0,0.0,68,60
1035,Rstar,HF1R,True,0.0,0.0,0.0,68,68
1035,Estar,HF1R,True,0.0,0.0,0.0,68,68
1035,Bstar,HF1R,True,1.3234889800848443e-23,0.0,0.0,68,60
1036,Rstar,HF1R,True,0.0,0.0,0.0,68,68
1036,Estar,HF1R,True,0.0,8.881784197001252e-16,0.0,68,68
1036,Bstar,HF1R,True,1.3234889800848443e-23,0.0,0.0,68,60
1037,Rstar,HF1R,True,1.1102230246251565e-16,8.881784197001252e-16,0.0,68,68
1037,Estar,HF1R,True,0.0,0.0,0.0,68,68
1037,Bstar,HF1R,True,0.0,0.0,0.0,68,60
1038,Rstar,HF1R,True,1.1102230246251565e-16,0.0,0.0,68,68
1038,Estar,HF1R,True,0.0,0.0,0.0,68,68
1038,Bstar,HF1R,True,1.3234889800848443e-23,0.0,0.0,68,60
1039,Rstar,HF1R,True,1.1102230246251565e-16,8.881784197001252e-16,0.0,68,68
1039,Estar,HF1R,True,0.0,8.881784197001252e-16,0.0,68,68
1039,Bstar,HF1R,True,0.0,0.0,0.0,68,60
1040,Rstar,HF1R,True,0.0,0.0,0.0,68,68
1040,Estar,HF1R,True,0.0,0.0,0.0,68,68
1040,Bstar,HF1R,True,0.0,0.0,0.0,68,60
1041,Rstar,HF1R,True,0.0,0.0,0.0,68,68
1041,Estar,HF1R,True,1.3234889800848443e-23,0.0,0.0,68,68
1041,Bstar,HF1R,True,1.1102230246251565e-16,0.0,0.0,68,60
1042,Rstar,HF1R,True,0.0,0.0,0.0,68,68
1042,Estar,HF1R,True,1.3234889800848443e-23,0.0,0.0,68,68
1042,Bstar,HF1R,True,0.0,2.220446049250313e-16,1.1102230246251565e-16,68,62
1043,Rstar,HF1R,True,0.0,0.0,0.0,68,68
1043,Estar,HF1R,True,0.0,0.0,0.0,68,68
1043,Bstar,HF1R,True,1.3234889800848443e-23,0.0,1.1102230246251565e-16,68,62
1044,Rstar,HF1R,True,1.3234889800848443e-23,0.0,0.0,68,68
1044,Estar,HF1R,True,0.0,0.0,0.0,68,68
1044,Bstar,HF1R,True,1.3234889800848443e-23,0.0,1.1102230246251565e-16,68,62
1045,Rstar,HF1R,True,0.0,0.0,0.0,68,68
1045,Estar,HF1R,True,0.0,0.0,0.0,68,68
1045,Bstar,HF1R,True,1.3234889800848443e-23,0.0,1.1102230246251565e-16,68,62
1046,Rstar,HF1R,True,0.0,0.0,0.0,68,68
1046,Estar,HF1R,True,1.3234889800848443e-23,0.0,0.0,68,68
1046,Bstar,HF1R,True,0.0,0.0,1.1102230246251565e-16,68,62
1047,Rstar,HF1R,True,0.0,0.0,0.0,68,68
1047,Estar,HF1R,True,0.0,0.0,0.0,68,68
1047,Bstar,HF1R,True,0.0,0.0,1.1102230246251565e-16,68,62
1048,Rstar,HF1R,True,1.3234889800848443e-23,0.0,0.0,68,68
1048,Estar,HF1R,True,0.0,0.0,0.0,68,68
1048,Bstar,HF1R,True,1.3234889800848443e-23,0.0,1.1102230246251565e-16,68,62
1049,Rstar,HF1R,True,0.0,0.0,0.0,68,68
1049,Estar,HF1R,True,1.1102230246251565e-16,0.0,0.0,68,68
1049,Bstar,HF1R,True,1.3234889800848443e-23,0.0,1.1102230246251565e-16,68,62
1050,Rstar,HF1R,True,1.3234889800848443e-23,0.0,0.0,68,68
1050,Estar,HF1R,True,1.3234889800848443e-23,0.0,0.0,68,68
1050,Bstar,HF1R,True,1.1102230246251565e-16,2.220446049250313e-16,1.1102230246251565e-16,68,62
1051,Rstar,HF1R,True,1.1102230246251565e-16,8.881784197001252e-16,0.0,68,68
1051,Estar,HF1R,True,1.3234889800848443e-23,8.881784197001252e-16,0.0,68,68
1051,Bstar,HF1R,True,1.3234889800848443e-23,0.0,1.1102230246251565e-16,68,62
1052,Rstar,HF1R,True,0.0,0.0,0.0,68,68
1052,Estar,HF1R,True,1.1102230246251565e-16,0.0,0.0,68,68
1052,Bstar,HF1R,True,0.0,0.0,1.1102230246251565e-16,68,62
1053,Rstar,HF1R,True,1.3234889800848443e-23,0.0,0.0,68,68
1053,Estar,HF1R,True,0.0,0.0,0.0,68,68
1053,Bstar,HF1R,True,0.0,0.0,1.1102230246251565e-16,68,62
1054,Rstar,HF1R,True,0.0,0.0,0.0,68,68
1054,Estar,HF1R,True,0.0,0.0,0.0,68,68
1054,Bstar,HF1R,True,0.0,0.0,1.1102230246251565e-16,68,62
1055,Rstar,HF1R,True,0.0,0.0,0.0,68,68
1055,Estar,HF1R,True,0.0,0.0,0.0,68,68
1055,Bstar,HF1R,True,1.3234889800848443e-23,0.0,1.1102230246251565e-16,68,62
1056,Rstar,HF1R,True,0.0,0.0,0.0,68,68
1056,Estar,HF1R,True,1.3234889800848443e-23,0.0,0.0,68,68
1056,Bstar,HF1R,True,1.3234889800848443e-23,2.220446049250313e-16,1.1102230246251565e-16,68,62
1057,Rstar,HF1R,True,0.0,0.0,0.0,68,68
1057,Estar,HF1R,True,0.0,0.0,0.0,68,68
1057,Bstar,HF1R,True,1.3234889800848443e-23,0.0,1.1102230246251565e-16,68,62
1058,Rstar,HF1R,True,0.0,0.0,0.0,68,68
1058,Estar,HF1R,True,1.3234889800848443e-23,0.0,0.0,68,68
1058,Bstar,HF1R,True,1.1102230246251565e-16,0.0,1.1102230246251565e-16,68,62
1059,Rstar,HF1R,True,1.1102230246251565e-16,0.0,0.0,68,68
1059,Estar,HF1R,True,0.0,0.0,0.0,68,68
1059,Bstar,HF1R,True,0.0,0.0,1.1102230246251565e-16,68,62
1060,Rstar,HF1R,True,1.3234889800848443e-23,0.0,0.0,68,68
1060,Estar,HF1R,True,0.0,0.0,0.0,68,68
1060,Bstar,HF1R,True,1.1102230246251565e-16,0.0,1.1102230246251565e-16,68,62
1061,Rstar,HF1R,True,1.3234889800848443e-23,8.881784197001252e-16,0.0,68,68
1061,Estar,HF1R,True,1.3234889800848443e-23,0.0,0.0,68,68
1061,Bstar,HF1R,True,0.0,0.0,1.1102230246251565e-16,68,62
1062,Rstar,HF1R,True,0.0,0.0,0.0,68,68
1062,Estar,HF1R,True,1.3234889800848443e-23,8.881784197001252e-16,0.0,68,68
1062,Bstar,HF1R,True,1.3234889800848443e-23,2.220446049250313e-16,1.1102230246251565e-16,68,62
1063,Rstar,HF1R,True,1.3234889800848443e-23,0.0,0.0,68,68
1063,Estar,HF1R,True,0.0,0.0,0.0,68,68
1063,Bstar,HF1R,True,1.1102230246251565e-16,0.0,1.1102230246251565e-16,68,62
1064,Rstar,HF1R,True,1.1102230246251565e-16,8.881784197001252e-16,0.0,68,68
1064,Estar,HF1R,True,0.0,0.0,0.0,68,68
1064,Bstar,HF1R,True,1.3234889800848443e-23,0.0,1.1102230246251565e-16,68,62
1065,Rstar,HF1R,True,0.0,0.0,0.0,68,68
1065,Estar,HF1R,True,0.0,0.0,0.0,68,68
1065,Bstar,HF1R,True,1.3234889800848443e-23,0.0,1.1102230246251565e-16,68,62
1066,Rstar,HF1R,True,0.0,0.0,0.0,68,68
1066,Estar,HF1R,True,0.0,0.0,0.0,68,68
1066,Bstar,HF1R,True,1.1102230246251565e-16,0.0,1.1102230246251565e-16,68,62
1067,Rstar,HF1R,True,0.0,0.0,0.0,68,68
1067,Estar,HF1R,True,0.0,0.0,0.0,68,68
1067,Bstar,HF1R,True,1.3234889800848443e-23,2.220446049250313e-16,1.1102230246251565e-16,68,62
1068,Rstar,HF1R,True,1.3234889800848443e-23,0.0,0.0,68,68
1068,Estar,HF1R,True,1.1102230246251565e-16,0.0,0.0,68,68
1068,Bstar,HF1R,True,1.3234889800848443e-23,2.220446049250313e-16,1.1102230246251565e-16,68,62
1069,Rstar,HF1R,True,0.0,0.0,0.0,68,68
1069,Estar,HF1R,True,0.0,0.0,0.0,68,68
1069,Bstar,HF1R,True,1.1102230246251565e-16,0.0,1.1102230246251565e-16,68,62
1070,Rstar,HF1R,True,0.0,0.0,0.0,68,68
1070,Estar,HF1R,True,0.0,0.0,0.0,68,68
1070,Bstar,HF1R,True,1.3234889800848443e-23,0.0,1.1102230246251565e-16,68,62
1071,Rstar,HF1R,True,1.1102230246251565e-16,0.0,0.0,68,68
1071,Estar,HF1R,True,1.1102230246251565e-16,0.0,0.0,68,68
1071,Bstar,HF1R,True,0.0,0.0,1.1102230246251565e-16,68,62
1072,Rstar,HF1R,True,1.3234889800848443e-23,8.881784197001252e-16,0.0,68,68
1072,Estar,HF1R,True,1.3234889800848443e-23,8.881784197001252e-16,0.0,68,68
1072,Bstar,HF1R,True,1.1102230246251565e-16,0.0,1.1102230246251565e-16,68,62
1073,Rstar,HF1R,True,0.0,8.881784197001252e-16,0.0,68,68
1073,Estar,HF1R,True,0.0,8.881784197001252e-16,0.0,68,68
1073,Bstar,HF1R,True,1.1102230246251565e-16,0.0,1.1102230246251565e-16,68,62
1074,Rstar,HF1R,True,0.0,8.881784197001252e-16,0.0,68,68
1074,Estar,HF1R,True,0.0,0.0,0.0,68,68
1074,Bstar,HF1R,True,1.1102230246251565e-16,0.0,1.1102230246251565e-16,68,62
1075,Rstar,HF1R,True,1.3234889800848443e-23,0.0,0.0,68,68
1075,Estar,HF1R,True,1.3234889800848443e-23,8.881784197001252e-16,0.0,68,68
1075,Bstar,HF1R,True,0.0,2.220446049250313e-16,1.1102230246251565e-16,68,62
1076,Rstar,HF1R,True,1.3234889800848443e-23,0.0,0.0,68,68
1076,Estar,HF1R,True,1.3234889800848443e-23,8.881784197001252e-16,0.0,68,68
1076,Bstar,HF1R,True,0.0,2.220446049250313e-16,1.1102230246251565e-16,68,62
1077,Rstar,HF1R,True,1.3234889800848443e-23,0.0,0.0,68,68
1077,Estar,HF1R,True,1.3234889800848443e-23,0.0,0.0,68,68
1077,Bstar,HF1R,True,0.0,0.0,1.1102230246251565e-16,68,62
1078,Rstar,HF1R,True,0.0,0.0,0.0,68,68
1078,Estar,HF1R,True,0.0,0.0,0.0,68,68
1078,Bstar,HF1R,True,1.3234889800848443e-23,0.0,1.1102230246251565e-16,68,62
1079,Rstar,HF1R,True,1.3234889800848443e-23,0.0,0.0,68,68
1079,Estar,HF1R,True,1.3234889800848443e-23,0.0,0.0,68,68
1079,Bstar,HF1R,True,0.0,0.0,1.1102230246251565e-16,68,62
1080,Rstar,HF1R,True,1.1102230246251565e-16,8.881784197001252e-16,0.0,68,68
1080,Estar,HF1R,True,1.1102230246251565e-16,0.0,0.0,68,68
1080,Bstar,HF1R,True,1.3234889800848443e-23,0.0,1.1102230246251565e-16,68,62
1081,Rstar,HF1R,True,0.0,0.0,0.0,68,68
1081,Estar,HF1R,True,0.0,0.0,0.0,68,68
1081,Bstar,HF1R,True,1.3234889800848443e-23,0.0,1.1102230246251565e-16,68,62
1082,Rstar,HF1R,True,1.3234889800848443e-23,0.0,0.0,68,68
1082,Estar,HF1R,True,1.3234889800848443e-23,0.0,0.0,68,68
1082,Bstar,HF1R,True,0.0,2.220446049250313e-16,1.1102230246251565e-16,68,62
1083,Rstar,HF1R,True,1.3234889800848443e-23,0.0,0.0,68,68
1083,Estar,HF1R,True,1.3234889800848443e-23,0.0,0.0,68,68
1083,Bstar,HF1R,True,0.0,0.0,1.1102230246251565e-16,68,62
1084,Rstar,HF1R,True,0.0,0.0,0.0,68,68
1084,Estar,HF1R,True,0.0,0.0,0.0,68,68
1084,Bstar,HF1R,True,0.0,0.0,1.1102230246251565e-16,68,62
1085,Rstar,HF1R,True,0.0,8.881784197001252e-16,0.0,68,68
1085,Estar,HF1R,True,0.0,0.0,0.0,68,68
1085,Bstar,HF1R,True,0.0,0.0,1.1102230246251565e-16,68,62
1086,Rstar,HF1R,True,0.0,0.0,0.0,68,68
1086,Estar,HF1R,True,0.0,0.0,0.0,68,68
1086,Bstar,HF1R,True,1.1102230246251565e-16,2.220446049250313e-16,1.1102230246251565e-16,68,62
1087,Rstar,HF1R,True,1.3234889800848443e-23,0.0,0.0,68,68
1087,Estar,HF1R,True,1.3234889800848443e-23,8.881784197001252e-16,0.0,68,68
1087,Bstar,HF1R,True,0.0,0.0,1.1102230246251565e-16,68,62
1088,Rstar,HF1R,True,0.0,0.0,0.0,68,68
1088,Estar,HF1R,True,0.0,0.0,0.0,68,68
1088,Bstar,HF1R,True,0.0,0.0,1.1102230246251565e-16,68,62
1089,Rstar,HF1R,True,0.0,8.881784197001252e-16,0.0,68,68
1089,Estar,HF1R,True,0.0,0.0,0.0,68,68
1089,Bstar,HF1R,True,1.3234889800848443e-23,0.0,1.1102230246251565e-16,68,62
1090,Rstar,HF1R,True,0.0,0.0,0.0,68,68
1090,Estar,HF1R,True,0.0,0.0,0.0,68,68
1090,Bstar,HF1R,True,1.3234889800848443e-23,0.0,1.1102230246251565e-16,68,62
1091,Rstar,HF1R,True,0.0,0.0,0.0,68,68
1091,Estar,HF1R,True,0.0,8.881784197001252e-16,0.0,68,68
1091,Bstar,HF1R,True,1.3234889800848443e-23,0.0,1.1102230246251565e-16,68,62
1092,Rstar,HF1R,True,1.3234889800848443e-23,0.0,0.0,68,68
1092,Estar,HF1R,True,1.3234889800848443e-23,0.0,0.0,68,68
1092,Bstar,HF1R,True,1.1102230246251565e-16,0.0,1.1102230246251565e-16,68,62
1093,Rstar,HF1R,True,1.1102230246251565e-16,0.0,0.0,68,68
1093,Estar,HF1R,True,1.3234889800848443e-23,8.881784197001252e-16,0.0,68,68
1093,Bstar,HF1R,True,0.0,2.220446049250313e-16,1.1102230246251565e-16,68,62
1094,Rstar,HF1R,True,1.3234889800848443e-23,0.0,0.0,68,68
1094,Estar,HF1R,True,1.3234889800848443e-23,0.0,0.0,68,68
1094,Bstar,HF1R,True,1.3234889800848443e-23,0.0,1.1102230246251565e-16,68,62
1095,Rstar,HF1R,True,1.3234889800848443e-23,0.0,0.0,68,68
1095,Estar,HF1R,True,1.3234889800848443e-23,0.0,0.0,68,68
1095,Bstar,HF1R,True,1.1102230246251565e-16,0.0,1.1102230246251565e-16,68,62
1096,Rstar,HF1R,True,0.0,0.0,0.0,68,68
1096,Estar,HF1R,True,0.0,0.0,0.0,68,68
1096,Bstar,HF1R,True,0.0,0.0,1.1102230246251565e-16,68,62
1097,Rstar,HF1R,True,0.0,0.0,0.0,68,68
1097,Estar,HF1R,True,1.3234889800848443e-23,0.0,0.0,68,68
1097,Bstar,HF1R,True,0.0,0.0,1.1102230246251565e-16,68,62
1098,Rstar,HF1R,True,0.0,8.881784197001252e-16,0.0,68,68
1098,Estar,HF1R,True,1.3234889800848443e-23,0.0,0.0,68,68
1098,Bstar,HF1R,True,0.0,0.0,1.1102230246251565e-16,68,62
1099,Rstar,HF1R,True,0.0,0.0,0.0,68,68
1099,Estar,HF1R,True,1.3234889800848443e-23,0.0,0.0,68,68
1099,Bstar,HF1R,True,0.0,2.220446049250313e-16,1.1102230246251565e-16,68,62
1100,Rstar,HF1R,True,0.0,0.0,0.0,68,68
1100,Estar,HF1R,True,0.0,8.881784197001252e-16,0.0,68,68
1100,Bstar,HF1R,True,1.3234889800848443e-23,0.0,1.1102230246251565e-16,68,62
1101,Rstar,HF1R,True,0.0,8.881784197001252e-16,0.0,68,68
1101,Estar,HF1R,True,1.1102230246251565e-16,0.0,0.0,68,68
1101,Bstar,HF1R,True,0.0,0.0,1.1102230246251565e-16,68,62
1102,Rstar,HF1R,True,0.0,0.0,0.0,68,68
1102,Estar,HF1R,True,0.0,0.0,0.0,68,68
1102,Bstar,HF1R,True,0.0,0.0,1.1102230246251565e-16,68,62
1103,Rstar,HF1R,True,1.3234889800848443e-23,0.0,0.0,68,68
1103,Estar,HF1R,True,1.3234889800848443e-23,0.0,0.0,68,68
1103,Bstar,HF1R,True,0.0,2.220446049250313e-16,1.1102230246251565e-16,68,62
1104,Rstar,HF1R,True,0.0,8.881784197001252e-16,0.0,68,68
1104,Estar,HF1R,True,1.1102230246251565e-16,0.0,0.0,68,68
1104,Bstar,HF1R,True,0.0,0.0,1.1102230246251565e-16,68,62
1105,Rstar,HF1R,True,0.0,0.0,0.0,68,68
1105,Estar,HF1R,True,0.0,0.0,0.0,68,68
1105,Bstar,HF1R,True,1.3234889800848443e-23,0.0,1.1102230246251565e-16,68,62
1106,Rstar,HF1R,True,0.0,0.0,0.0,68,68
1106,Estar,HF1R,True,1.3234889800848443e-23,0.0,0.0,68,68
1106,Bstar,HF1R,True,0.0,0.0,1.1102230246251565e-16,68,62
1107,Rstar,HF1R,True,1.3234889800848443e-23,0.0,0.0,68,68
1107,Estar,HF1R,True,0.0,8.881784197001252e-16,0.0,68,68
1107,Bstar,HF1R,True,1.3234889800848443e-23,0.0,1.1102230246251565e-16,68,62
1108,Rstar,HF1R,True,0.0,0.0,0.0,68,68
1108,Estar,HF1R,True,0.0,0.0,0.0,68,68
1108,Bstar,HF1R,True,0.0,2.220446049250313e-16,1.1102230246251565e-16,68,62
1109,Rstar,HF1R,True,1.3234889800848443e-23,0.0,0.0,68,68
1109,Estar,HF1R,True,0.0,8.881784197001252e-16,0.0,68,68
1109,Bstar,HF1R,True,1.3234889800848443e-23,2.220446049250313e-16,1.1102230246251565e-16,68,62
1110,Rstar,HF1R,True,1.1102230246251565e-16,8.881784197001252e-16,0.0,68,68
1110,Estar,HF1R,True,0.0,0.0,0.0,68,68
1110,Bstar,HF1R,True,1.3234889800848443e-23,0.0,1.1102230246251565e-16,68,62
1111,Rstar,HF1R,True,0.0,0.0,0.0,68,68
1111,Estar,HF1R,True,0.0,8.881784197001252e-16,0.0,68,68
1111,Bstar,HF1R,True,0.0,0.0,1.1102230246251565e-16,68,62
1112,Rstar,HF1R,True,0.0,8.881784197001252e-16,0.0,68,68
1112,Estar,HF1R,True,0.0,0.0,0.0,68,68
1112,Bstar,HF1R,True,0.0,0.0,1.1102230246251565e-16,68,62
1113,Rstar,HF1R,True,1.3234889800848443e-23,0.0,0.0,68,68
1113,Estar,HF1R,True,1.3234889800848443e-23,0.0,0.0,68,68
1113,Bstar,HF1R,True,1.1102230246251565e-16,0.0,1.1102230246251565e-16,68,62
1114,Rstar,HF1R,True,1.3234889800848443e-23,0.0,0.0,68,68
1114,Estar,HF1R,True,0.0,8.881784197001252e-16,0.0,68,68
1114,Bstar,HF1R,True,0.0,0.0,1.1102230246251565e-16,68,62
1115,Rstar,HF1R,True,1.1102230246251565e-16,0.0,0.0,68,68
1115,Estar,HF1R,True,0.0,0.0,0.0,68,68
1115,Bstar,HF1R,True,1.3234889800848443e-23,2.220446049250313e-16,1.1102230246251565e-16,68,62
1116,Rstar,HF1R,True,1.3234889800848443e-23,0.0,0.0,68,68
1116,Estar,HF1R,True,0.0,0.0,0.0,68,68
1116,Bstar,HF1R,True,1.3234889800848443e-23,2.220446049250313e-16,1.1102230246251565e-16,68,62
1117,Rstar,HF1R,True,1.1102230246251565e-16,0.0,0.0,68,68
1117,Estar,HF1R,True,1.1102230246251565e-16,0.0,0.0,68,68
1117,Bstar,HF1R,True,1.3234889800848443e-23,0.0,1.1102230246251565e-16,68,62
1118,Rstar,HF1R,True,0.0,0.0,0.0,68,68
1118,Estar,HF1R,True,0.0,0.0,0.0,68,68
1118,Bstar,HF1R,True,0.0,0.0,1.1102230246251565e-16,68,62
1119,Rstar,HF1R,True,1.3234889800848443e-23,0.0,0.0,68,68
1119,Estar,HF1R,True,0.0,0.0,0.0,68,68
1119,Bstar,HF1R,True,0.0,0.0,1.1102230246251565e-16,68,62
1120,Rstar,HF1R,True,1.3234889800848443e-23,0.0,0.0,68,68
1120,Estar,HF1R,True,0.0,8.881784197001252e-16,0.0,68,68
1120,Bstar,HF1R,True,1.1102230246251565e-16,0.0,1.1102230246251565e-16,68,62
1121,Rstar,HF1R,True,0.0,0.0,0.0,68,68
1121,Estar,HF1R,True,0.0,8.881784197001252e-16,0.0,68,68
1121,Bstar,HF1R,True,0.0,0.0,1.1102230246251565e-16,68,62
1122,Rstar,HF1R,True,1.3234889800848443e-23,0.0,0.0,68,68
1122,Estar,HF1R,True,1.1102230246251565e-16,0.0,0.0,68,68
1122,Bstar,HF1R,True,1.1102230246251565e-16,0.0,1.1102230246251565e-16,68,62
1123,Rstar,HF1R,True,0.0,0.0,0.0,68,68
1123,Estar,HF1R,True,0.0,0.0,0.0,68,68
1123,Bstar,HF1R,True,1.3234889800848443e-23,2.220446049250313e-16,1.1102230246251565e-16,68,62
1124,Rstar,HF1R,True,0.0,8.881784197001252e-16,0.0,68,68
1124,Estar,HF1R,True,1.3234889800848443e-23,0.0,0.0,68,68
1124,Bstar,HF1R,True,1.3234889800848443e-23,0.0,1.1102230246251565e-16,68,62
1125,Rstar,HF1R,True,0.0,0.0,0.0,68,68
1125,Estar,HF1R,True,1.3234889800848443e-23,0.0,0.0,68,68
1125,Bstar,HF1R,True,1.1102230246251565e-16,0.0,1.1102230246251565e-16,68,62
1126,Rstar,HF1R,True,0.0,0.0,0.0,68,68
1126,Estar,HF1R,True,0.0,8.881784197001252e-16,0.0,68,68
1126,Bstar,HF1R,True,0.0,2.220446049250313e-16,1.1102230246251565e-16,68,62
1127,Rstar,HF1R,True,1.3234889800848443e-23,0.0,0.0,68,68
1127,Estar,HF1R,True,1.3234889800848443e-23,0.0,0.0,68,68
1127,Bstar,HF1R,True,1.3234889800848443e-23,2.220446049250313e-16,1.1102230246251565e-16,68,62
1128,Rstar,HF1R,True,0.0,0.0,0.0,68,68
1128,Estar,HF1R,True,0.0,0.0,0.0,68,68
1128,Bstar,HF1R,True,1.1102230246251565e-16,0.0,1.1102230246251565e-16,68,62
1129,Rstar,HF1R,True,0.0,0.0,0.0,68,68
1129,Estar,HF1R,True,0.0,0.0,0.0,68,68
1129,Bstar,HF1R,True,1.1102230246251565e-16,0.0,1.1102230246251565e-16,68,62
1130,Rstar,HF1R,True,1.1102230246251565e-16,0.0,0.0,68,68
1130,Estar,HF1R,True,1.3234889800848443e-23,0.0,0.0,68,68
1130,Bstar,HF1R,True,0.0,0.0,1.1102230246251565e-16,68,62
1131,Rstar,HF1R,True,1.3234889800848443e-23,0.0,0.0,68,68
1131,Estar,HF1R,True,0.0,0.0,0.0,68,68
1131,Bstar,HF1R,True,1.3234889800848443e-23,0.0,1.1102230246251565e-16,68,62
1132,Rstar,HF1R,True,0.0,0.0,0.0,68,68
1132,Estar,HF1R,True,0.0,0.0,0.0,68,68
1132,Bstar,HF1R,True,0.0,0.0,1.1102230246251565e-16,68,62
1133,Rstar,HF1R,True,1.3234889800848443e-23,0.0,0.0,68,68
1133,Estar,HF1R,True,1.3234889800848443e-23,8.881784197001252e-16,0.0,68,68
1133,Bstar,HF1R,True,0.0,2.220446049250313e-16,1.1102230246251565e-16,68,62
1134,Rstar,HF1R,True,1.1102230246251565e-16,0.0,0.0,68,68
1134,Estar,HF1R,True,0.0,0.0,0.0,68,68
1134,Bstar,HF1R,True,0.0,2.220446049250313e-16,1.1102230246251565e-16,68,62
1135,Rstar,HF1R,True,0.0,0.0,0.0,68,68
1135,Estar,HF1R,True,0.0,0.0,0.0,68,68
1135,Bstar,HF1R,True,0.0,0.0,1.1102230246251565e-16,68,62
1136,Rstar,HF1R,True,0.0,0.0,0.0,68,68
1136,Estar,HF1R,True,1.3234889800848443e-23,8.881784197001252e-16,0.0,68,68
1136,Bstar,HF1R,True,1.3234889800848443e-23,2.220446049250313e-16,1.1102230246251565e-16,68,62
1137,Rstar,HF1R,True,0.0,0.0,0.0,68,68
1137,Estar,HF1R,True,1.3234889800848443e-23,0.0,0.0,68,68
1137,Bstar,HF1R,True,1.1102230246251565e-16,0.0,1.1102230246251565e-16,68,62
1138,Rstar,HF1R,True,0.0,0.0,0.0,68,68
1138,Estar,HF1R,True,0.0,0.0,0.0,68,68
1138,Bstar,HF1R,True,1.1102230246251565e-16,2.220446049250313e-16,1.1102230246251565e-16,68,62
1139,Rstar,HF1R,True,0.0,0.0,0.0,68,68
1139,Estar,HF1R,True,0.0,0.0,0.0,68,68
1139,Bstar,HF1R,True,1.3234889800848443e-23,0.0,1.1102230246251565e-16,68,62
1140,Rstar,HF1R,True,1.1102230246251565e-16,0.0,0.0,68,68
1140,Estar,HF1R,True,1.3234889800848443e-23,0.0,0.0,68,68
1140,Bstar,HF1R,True,0.0,2.220446049250313e-16,1.1102230246251565e-16,68,62
1141,Rstar,HF1R,True,1.3234889800848443e-23,0.0,0.0,68,68
1141,Estar,HF1R,True,1.3234889800848443e-23,0.0,0.0,68,68
1141,Bstar,HF1R,True,0.0,0.0,1.1102230246251565e-16,68,62
1142,Rstar,HF1R,True,0.0,0.0,0.0,68,68
1142,Estar,HF1R,True,0.0,0.0,0.0,68,68
1142,Bstar,HF1R,True,1.3234889800848443e-23,0.0,1.1102230246251565e-16,68,62
1143,Rstar,HF1R,True,0.0,0.0,0.0,68,68
1143,Estar,HF1R,True,1.3234889800848443e-23,0.0,0.0,68,68
1143,Bstar,HF1R,True,1.3234889800848443e-23,0.0,1.1102230246251565e-16,68,62
1144,Rstar,HF1R,True,1.3234889800848443e-23,8.881784197001252e-16,0.0,68,68
1144,Estar,HF1R,True,1.1102230246251565e-16,8.881784197001252e-16,0.0,68,68
1144,Bstar,HF1R,True,1.1102230246251565e-16,2.220446049250313e-16,1.1102230246251565e-16,68,62
1145,Rstar,HF1R,True,1.3234889800848443e-23,0.0,0.0,68,68
1145,Estar,HF1R,True,0.0,0.0,0.0,68,68
1145,Bstar,HF1R,True,0.0,0.0,1.1102230246251565e-16,68,62
1146,Rstar,HF1R,True,0.0,0.0,0.0,68,68
1146,Estar,HF1R,True,0.0,8.881784197001252e-16,0.0,68,68
1146,Bstar,HF1R,True,1.1102230246251565e-16,0.0,1.1102230246251565e-16,68,62
1147,Rstar,HF1R,True,1.1102230246251565e-16,0.0,0.0,68,68
1147,Estar,HF1R,True,1.3234889800848443e-23,0.0,0.0,68,68
1147,Bstar,HF1R,True,1.3234889800848443e-23,0.0,1.1102230246251565e-16,68,62
1148,Rstar,HF1R,True,0.0,0.0,0.0,68,68
1148,Estar,HF1R,True,0.0,0.0,0.0,68,68
1148,Bstar,HF1R,True,1.3234889800848443e-23,0.0,1.1102230246251565e-16,68,62
1149,Rstar,HF1R,True,1.1102230246251565e-16,0.0,0.0,68,68
1149,Estar,HF1R,True,0.0,0.0,0.0,68,68
1149,Bstar,HF1R,True,1.3234889800848443e-23,0.0,1.1102230246251565e-16,68,62
1150,Rstar,HF1R,True,0.0,0.0,0.0,68,68
1150,Estar,HF1R,True,0.0,0.0,0.0,68,68
1150,Bstar,HF1R,True,0.0,2.220446049250313e-16,1.1102230246251565e-16,68,62
1151,Rstar,HF1R,True,1.3234889800848443e-23,0.0,0.0,68,68
1151,Estar,HF1R,True,1.1102230246251565e-16,0.0,0.0,68,68
1151,Bstar,HF1R,True,0.0,0.0,1.1102230246251565e-16,68,62
1152,Rstar,HF1R,True,1.3234889800848443e-23,0.0,0.0,68,68
1152,Estar,HF1R,True,0.0,8.881784197001252e-16,0.0,68,68
1152,Bstar,HF1R,True,1.3234889800848443e-23,0.0,1.1102230246251565e-16,68,62
1153,Rstar,HF1R,True,1.1102230246251565e-16,0.0,0.0,68,68
1153,Estar,HF1R,True,0.0,8.881784197001252e-16,0.0,68,68
1153,Bstar,HF1R,True,1.3234889800848443e-23,0.0,1.1102230246251565e-16,68,62
1154,Rstar,HF1R,True,0.0,0.0,0.0,68,68
1154,Estar,HF1R,True,0.0,8.881784197001252e-16,0.0,68,68
1154,Bstar,HF1R,True,1.3234889800848443e-23,0.0,1.1102230246251565e-16,68,62
1155,Rstar,HF1R,True,0.0,0.0,0.0,68,68
1155,Estar,HF1R,True,1.1102230246251565e-16,0.0,0.0,68,68
1155,Bstar,HF1R,True,0.0,0.0,1.1102230246251565e-16,68,62
1156,Rstar,HF1R,True,0.0,0.0,0.0,68,68
1156,Estar,HF1R,True,1.3234889800848443e-23,0.0,0.0,68,68
1156,Bstar,HF1R,True,1.3234889800848443e-23,0.0,1.1102230246251565e-16,68,62
1157,Rstar,HF1R,True,0.0,0.0,0.0,68,68
1157,Estar,HF1R,True,0.0,8.881784197001252e-16,0.0,68,68
1157,Bstar,HF1R,True,0.0,0.0,1.1102230246251565e-16,68,62
1158,Rstar,HF1R,True,0.0,8.881784197001252e-16,0.0,68,68
1158,Estar,HF1R,True,0.0,0.0,0.0,68,68
1158,Bstar,HF1R,True,1.3234889800848443e-23,0.0,1.1102230246251565e-16,68,62
1159,Rstar,HF1R,True,1.3234889800848443e-23,0.0,0.0,68,68
1159,Estar,HF1R,True,0.0,0.0,0.0,68,68
1159,Bstar,HF1R,True,1.3234889800848443e-23,0.0,1.1102230246251565e-16,68,62
1160,Rstar,HF1R,True,0.0,0.0,0.0,68,68
1160,Estar,HF1R,True,0.0,0.0,0.0,68,68
1160,Bstar,HF1R,True,0.0,2.220446049250313e-16,1.1102230246251565e-16,68,62
1161,Rstar,HF1R,True,1.3234889800848443e-23,0.0,0.0,68,68
1161,Estar,HF1R,True,0.0,0.0,0.0,68,68
1161,Bstar,HF1R,True,1.3234889800848443e-23,0.0,1.1102230246251565e-16,68,62
1162,Rstar,HF1R,True,0.0,0.0,0.0,68,68
1162,Estar,HF1R,True,1.3234889800848443e-23,0.0,0.0,68,68
1162,Bstar,HF1R,True,1.1102230246251565e-16,0.0,1.1102230246251565e-16,68,62
1163,Rstar,HF1R,True,0.0,0.0,0.0,68,68
1163,Estar,HF1R,True,0.0,8.881784197001252e-16,0.0,68,68
1163,Bstar,HF1R,True,1.3234889800848443e-23,0.0,1.1102230246251565e-16,68,62
1164,Rstar,HF1R,True,0.0,0.0,0.0,68,68
1164,Estar,HF1R,True,0.0,0.0,0.0,68,68
1164,Bstar,HF1R,True,0.0,2.220446049250313e-16,1.1102230246251565e-16,68,62
1165,Rstar,HF1R,True,1.1102230246251565e-16,0.0,0.0,68,68
1165,Estar,HF1R,True,1.3234889800848443e-23,8.881784197001252e-16,0.0,68,68
1165,Bstar,HF1R,True,0.0,0.0,1.1102230246251565e-16,68,62
1166,Rstar,HF1R,True,0.0,0.0,0.0,68,68
1166,Estar,HF1R,True,0.0,8.881784197001252e-16,0.0,68,68
1166,Bstar,HF1R,True,0.0,0.0,1.1102230246251565e-16,68,62
1167,Rstar,HF1R,True,0.0,0.0,0.0,68,68
1167,Estar,HF1R,True,0.0,0.0,0.0,68,68
1167,Bstar,HF1R,True,0.0,0.0,1.1102230246251565e-16,68,62
1168,Rstar,HF1R,True,1.3234889800848443e-23,0.0,0.0,68,68
1168,Estar,HF1R,True,0.0,0.0,0.0,68,68
1168,Bstar,HF1R,True,1.3234889800848443e-23,0.0,1.1102230246251565e-16,68,62
1169,Rstar,HF1R,True,0.0,1.7763568394002505e-15,0.0,68,68
1169,Estar,HF1R,True,1.1102230246251565e-16,8.881784197001252e-16,0.0,68,68
1169,Bstar,HF1R,True,1.3234889800848443e-23,0.0,1.1102230246251565e-16,68,62
1170,Rstar,HF1R,True,1.3234889800848443e-23,0.0,0.0,68,68
1170,Estar,HF1R,True,0.0,8.881784197001252e-16,0.0,68,68
1170,Bstar,HF1R,True,0.0,2.220446049250313e-16,1.1102230246251565e-16,68,62
1171,Rstar,HF1R,True,0.0,0.0,0.0,68,68
1171,Estar,HF1R,True,0.0,0.0,0.0,68,68
1171,Bstar,HF1R,True,1.3234889800848443e-23,0.0,1.1102230246251565e-16,68,62
1172,Rstar,HF1R,True,0.0,0.0,0.0,68,68
1172,Estar,HF1R,True,0.0,0.0,0.0,68,68
1172,Bstar,HF1R,True,1.3234889800848443e-23,2.220446049250313e-16,1.1102230246251565e-16,68,62
1173,Rstar,HF1R,True,0.0,0.0,0.0,68,68
1173,Estar,HF1R,True,0.0,0.0,0.0,68,68
1173,Bstar,HF1R,True,0.0,2.220446049250313e-16,1.1102230246251565e-16,68,62
1174,Rstar,HF1R,True,1.3234889800848443e-23,0.0,0.0,68,68
1174,Estar,HF1R,True,0.0,0.0,0.0,68,68
1174,Bstar,HF1R,True,1.3234889800848443e-23,0.0,1.1102230246251565e-16,68,62
1175,Rstar,HF1R,True,1.3234889800848443e-23,8.881784197001252e-16,0.0,68,68
1175,Estar,HF1R,True,0.0,0.0,0.0,68,68
1175,Bstar,HF1R,True,1.3234889800848443e-23,2.220446049250313e-16,1.1102230246251565e-16,68,62
1176,Rstar,HF1R,True,1.3234889800848443e-23,8.881784197001252e-16,0.0,68,68
1176,Estar,HF1R,True,1.3234889800848443e-23,0.0,0.0,68,68
1176,Bstar,HF1R,True,1.1102230246251565e-16,0.0,1.1102230246251565e-16,68,62
1177,Rstar,HF1R,True,1.1102230246251565e-16,0.0,0.0,68,68
1177,Estar,HF1R,True,0.0,0.0,0.0,68,68
1177,Bstar,HF1R,True,0.0,0.0,1.1102230246251565e-16,68,62
1178,Rstar,HF1R,True,0.0,0.0,0.0,68,68
1178,Estar,HF1R,True,0.0,0.0,0.0,68,68
1178,Bstar,HF1R,True,1.3234889800848443e-23,2.220446049250313e-16,1.1102230246251565e-16,68,62
1179,Rstar,HF1R,True,0.0,0.0,0.0,68,68
1179,Estar,HF1R,True,1.3234889800848443e-23,8.881784197001252e-16,0.0,68,68
1179,Bstar,HF1R,True,1.3234889800848443e-23,0.0,1.1102230246251565e-16,68,62
1180,Rstar,HF1R,True,0.0,0.0,0.0,68,68
1180,Estar,HF1R,True,0.0,0.0,0.0,68,68
1180,Bstar,HF1R,True,1.3234889800848443e-23,0.0,1.1102230246251565e-16,68,62
1181,Rstar,HF1R,True,0.0,0.0,0.0,68,68
1181,Estar,HF1R,True,1.3234889800848443e-23,0.0,0.0,68,68
1181,Bstar,HF1R,True,0.0,2.220446049250313e-16,1.1102230246251565e-16,68,62
1182,Rstar,HF1R,True,1.3234889800848443e-23,8.881784197001252e-16,0.0,68,68
1182,Estar,HF1R,True,1.3234889800848443e-23,8.881784197001252e-16,0.0,68,68
1182,Bstar,HF1R,True,1.1102230246251565e-16,2.220446049250313e-16,1.1102230246251565e-16,68,62
1183,Rstar,HF1R,True,0.0,8.881784197001252e-16,0.0,68,68
1183,Estar,HF1R,True,0.0,0.0,0.0,68,68
1183,Bstar,HF1R,True,1.3234889800848443e-23,0.0,1.1102230246251565e-16,68,62
1184,Rstar,HF1R,True,1.1102230246251565e-16,0.0,0.0,68,68
1184,Estar,HF1R,True,1.3234889800848443e-23,8.881784197001252e-16,0.0,68,68
1184,Bstar,HF1R,True,1.3234889800848443e-23,0.0,1.1102230246251565e-16,68,62
1185,Rstar,HF1R,True,1.3234889800848443e-23,0.0,0.0,68,68
1185,Estar,HF1R,True,1.1102230246251565e-16,0.0,0.0,68,68
1185,Bstar,HF1R,True,1.3234889800848443e-23,0.0,1.1102230246251565e-16,68,62
1186,Rstar,HF1R,True,0.0,0.0,0.0,68,68
1186,Estar,HF1R,True,1.3234889800848443e-23,0.0,0.0,68,68
1186,Bstar,HF1R,True,1.3234889800848443e-23,0.0,1.1102230246251565e-16,68,62
1187,Rstar,HF1R,True,0.0,0.0,0.0,68,68
1187,Estar,HF1R,True,1.1102230246251565e-16,0.0,0.0,68,68
1187,Bstar,HF1R,True,0.0,0.0,1.1102230246251565e-16,68,62
1188,Rstar,HF1R,True,1.3234889800848443e-23,0.0,0.0,68,68
1188,Estar,HF1R,True,0.0,0.0,0.0,68,68
1188,Bstar,HF1R,True,1.3234889800848443e-23,0.0,1.1102230246251565e-16,68,62
1189,Rstar,HF1R,True,0.0,0.0,0.0,68,68
1189,Estar,HF1R,True,0.0,0.0,0.0,68,68
1189,Bstar,HF1R,True,0.0,2.220446049250313e-16,1.1102230246251565e-16,68,62
1190,Rstar,HF1R,True,1.1102230246251565e-16,0.0,0.0,68,68
1190,Estar,HF1R,True,1.1102230246251565e-16,0.0,0.0,68,68
1190,Bstar,HF1R,True,1.3234889800848443e-23,0.0,1.1102230246251565e-16,68,62
1191,Rstar,HF1R,True,1.3234889800848443e-23,0.0,0.0,68,68
1191,Estar,HF1R,True,0.0,0.0,0.0,68,68
1191,Bstar,HF1R,True,0.0,0.0,1.1102230246251565e-16,68,62
1192,Rstar,HF1R,True,0.0,8.881784197001252e-16,0.0,68,68
1192,Estar,HF1R,True,1.3234889800848443e-23,0.0,0.0,68,68
1192,Bstar,HF1R,True,0.0,0.0,1.1102230246251565e-16,68,62
1193,Rstar,HF1R,True,1.1102230246251565e-16,0.0,0.0,68,68
1193,Estar,HF1R,True,1.3234889800848443e-23,0.0,0.0,68,68
1193,Bstar,HF1R,True,0.0,0.0,1.1102230246251565e-16,68,62
1194,Rstar,HF1R,True,0.0,0.0,0.0,68,68
1194,Estar,HF1R,True,1.1102230246251565e-16,0.0,0.0,68,68
1194,Bstar,HF1R,True,1.1102230246251565e-16,0.0,1.1102230246251565e-16,68,62
1195,Rstar,HF1R,True,0.0,0.0,0.0,68,68
1195,Estar,HF1R,True,0.0,0.0,0.0,68,68
1195,Bstar,HF1R,True,1.3234889800848443e-23,2.220446049250313e-16,1.1102230246251565e-16,68,62
1196,Rstar,HF1R,True,0.0,0.0,0.0,68,68
1196,Estar,HF1R,True,0.0,8.881784197001252e-16,0.0,68,68
1196,Bstar,HF1R,True,1.3234889800848443e-23,0.0,1.1102230246251565e-16,68,62
1197,Rstar,HF1R,True,0.0,0.0,0.0,68,68
1197,Estar,HF1R,True,1.3234889800848443e-23,0.0,0.0,68,68
1197,Bstar,HF1R,True,1.1102230246251565e-16,0.0,1.1102230246251565e-16,68,62
1198,Rstar,HF1R,True,1.3234889800848443e-23,0.0,0.0,68,68
1198,Estar,HF1R,True,0.0,0.0,0.0,68,68
1198,Bstar,HF1R,True,1.1102230246251565e-16,0.0,1.1102230246251565e-16,68,62
1199,Rstar,HF1R,True,0.0,0.0,0.0,68,68
1199,Estar,HF1R,True,0.0,0.0,0.0,68,68
1199,Bstar,HF1R,True,0.0,0.0,1.1102230246251565e-16,68,62
1200,Rstar,HF1R,True,0.0,0.0,0.0,68,68
1200,Estar,HF1R,True,0.0,0.0,0.0,68,68
1200,Bstar,HF1R,True,1.3234889800848443e-23,0.0,1.1102230246251565e-16,68,62
1201,Rstar,HF1R,True,1.3234889800848443e-23,0.0,0.0,68,68
1201,Estar,HF1R,True,1.3234889800848443e-23,0.0,0.0,68,68
1201,Bstar,HF1R,True,0.0,0.0,1.1102230246251565e-16,68,62
1202,Rstar,HF1R,True,1.1102230246251565e-16,0.0,0.0,68,68
1202,Estar,HF1R,True,1.3234889800848443e-23,0.0,0.0,68,68
1202,Bstar,HF1R,True,0.0,0.0,1.1102230246251565e-16,68,62
1203,Rstar,HF1R,True,1.3234889800848443e-23,0.0,0.0,68,68
1203,Estar,HF1R,True,0.0,0.0,0.0,68,68
1203,Bstar,HF1R,True,0.0,0.0,1.1102230246251565e-16,68,62
1204,Rstar,HF1R,True,0.0,0.0,0.0,68,68
1204,Estar,HF1R,True,1.1102230246251565e-16,0.0,0.0,68,68
1204,Bstar,HF1R,True,0.0,0.0,1.1102230246251565e-16,68,62
1205,Rstar,HF1R,True,0.0,0.0,0.0,68,68
1205,Estar,HF1R,True,0.0,0.0,0.0,68,68
1205,Bstar,HF1R,True,1.3234889800848443e-23,0.0,1.1102230246251565e-16,68,62
1206,Rstar,HF1R,True,1.3234889800848443e-23,0.0,0.0,68,68
1206,Estar,HF1R,True,1.3234889800848443e-23,8.881784197001252e-16,0.0,68,68
1206,Bstar,HF1R,True,0.0,0.0,1.1102230246251565e-16,68,62
1207,Rstar,HF1R,True,0.0,0.0,0.0,68,68
1207,Estar,HF1R,True,1.3234889800848443e-23,0.0,0.0,68,68
1207,Bstar,HF1R,True,0.0,0.0,1.1102230246251565e-16,68,62
1208,Rstar,HF1R,True,1.1102230246251565e-16,8.881784197001252e-16,0.0,68,68
1208,Estar,HF1R,True,1.3234889800848443e-23,0.0,0.0,68,68
1208,Bstar,HF1R,True,0.0,0.0,1.1102230246251565e-16,68,64
1209,Rstar,HF1R,True,0.0,0.0,0.0,68,68
1209,Estar,HF1R,True,0.0,0.0,0.0,68,68
1209,Bstar,HF1R,True,1.3234889800848443e-23,0.0,1.1102230246251565e-16,68,64
1210,Rstar,HF1R,True,1.3234889800848443e-23,0.0,0.0,68,68
1210,Estar,HF1R,True,0.0,0.0,0.0,68,68
1210,Bstar,HF1R,True,0.0,0.0,1.1102230246251565e-16,68,64
1211,Rstar,HF1R,True,0.0,0.0,0.0,68,68
1211,Estar,HF1R,True,0.0,0.0,0.0,68,68
1211,Bstar,HF1R,True,1.3234889800848443e-23,0.0,1.1102230246251565e-16,68,64
1212,Rstar,HF1R,True,0.0,0.0,0.0,68,68
1212,Estar,HF1R,True,0.0,0.0,0.0,68,68
1212,Bstar,HF1R,True,1.3234889800848443e-23,0.0,1.1102230246251565e-16,68,64
1213,Rstar,HF1R,True,0.0,0.0,0.0,68,68
1213,Estar,HF1R,True,0.0,0.0,0.0,68,68
1213,Bstar,HF1R,True,0.0,0.0,1.1102230246251565e-16,68,64
1214,Rstar,HF1R,True,0.0,0.0,0.0,68,68
1214,Estar,HF1R,True,0.0,0.0,0.0,68,68
1214,Bstar,HF1R,True,0.0,0.0,1.1102230246251565e-16,68,64
1215,Rstar,HF1R,True,1.3234889800848443e-23,0.0,0.0,68,68
1215,Estar,HF1R,True,0.0,0.0,0.0,68,68
1215,Bstar,HF1R,True,1.1102230246251565e-16,2.220446049250313e-16,1.1102230246251565e-16,68,64
1216,Rstar,HF1R,True,1.3234889800848443e-23,0.0,0.0,68,68
1216,Estar,HF1R,True,1.1102230246251565e-16,0.0,0.0,68,68
1216,Bstar,HF1R,True,1.3234889800848443e-23,0.0,1.1102230246251565e-16,68,64
1217,Rstar,HF1R,True,1.3234889800848443e-23,0.0,0.0,68,68
1217,Estar,HF1R,True,0.0,0.0,0.0,68,68
1217,Bstar,HF1R,True,0.0,0.0,1.1102230246251565e-16,68,64
1218,Rstar,HF1R,True,1.3234889800848443e-23,0.0,0.0,68,68
1218,Estar,HF1R,True,0.0,0.0,0.0,68,68
1218,Bstar,HF1R,True,1.1102230246251565e-16,2.220446049250313e-16,1.1102230246251565e-16,68,64
1219,Rstar,HF1R,True,0.0,0.0,0.0,68,68
1219,Estar,HF1R,True,1.3234889800848443e-23,8.881784197001252e-16,0.0,68,68
1219,Bstar,HF1R,True,1.3234889800848443e-23,0.0,1.1102230246251565e-16,68,64
1220,Rstar,HF1R,True,0.0,0.0,0.0,68,68
1220,Estar,HF1R,True,1.3234889800848443e-23,0.0,0.0,68,68
1220,Bstar,HF1R,True,0.0,0.0,1.1102230246251565e-16,68,64
1221,Rstar,HF1R,True,0.0,8.881784197001252e-16,0.0,68,68
1221,Estar,HF1R,True,1.1102230246251565e-16,0.0,0.0,68,68
1221,Bstar,HF1R,True,1.1102230246251565e-16,0.0,1.1102230246251565e-16,68,64
1222,Rstar,HF1R,True,0.0,0.0,0.0,68,68
1222,Estar,HF1R,True,1.1102230246251565e-16,8.881784197001252e-16,0.0,68,68
1222,Bstar,HF1R,True,0.0,0.0,1.1102230246251565e-16,68,64
1223,Rstar,HF1R,True,0.0,0.0,0.0,68,68
1223,Estar,HF1R,True,0.0,0.0,0.0,68,68
1223,Bstar,HF1R,True,1.3234889800848443e-23,2.220446049250313e-16,1.1102230246251565e-16,68,64
1224,Rstar,HF1R,True,0.0,0.0,0.0,68,68
1224,Estar,HF1R,True,1.3234889800848443e-23,8.881784197001252e-16,0.0,68,68
1224,Bstar,HF1R,True,1.3234889800848443e-23,0.0,1.1102230246251565e-16,68,64
1225,Rstar,HF1R,True,0.0,0.0,0.0,68,68
1225,Estar,HF1R,True,1.3234889800848443e-23,0.0,0.0,68,68
1225,Bstar,HF1R,True,0.0,0.0,1.1102230246251565e-16,68,64
1226,Rstar,HF1R,True,0.0,0.0,0.0,68,68
1226,Estar,HF1R,True,0.0,8.881784197001252e-16,0.0,68,68
1226,Bstar,HF1R,True,0.0,0.0,1.1102230246251565e-16,68,64
1227,Rstar,HF1R,True,1.3234889800848443e-23,8.881784197001252e-16,0.0,68,68
1227,Estar,HF1R,True,0.0,0.0,0.0,68,68
1227,Bstar,HF1R,True,0.0,0.0,1.1102230246251565e-16,68,64
1228,Rstar,HF1R,True,0.0,0.0,0.0,68,68
1228,Estar,HF1R,True,1.1102230246251565e-16,0.0,0.0,68,68
1228,Bstar,HF1R,True,1.3234889800848443e-23,0.0,1.1102230246251565e-16,68,64
1229,Rstar,HF1R,True,0.0,8.881784197001252e-16,0.0,68,68
1229,Estar,HF1R,True,1.1102230246251565e-16,8.881784197001252e-16,0.0,68,68
1229,Bstar,HF1R,True,1.3234889800848443e-23,0.0,1.1102230246251565e-16,68,64
1230,Rstar,HF1R,True,0.0,0.0,0.0,68,68
1230,Estar,HF1R,True,0.0,0.0,0.0,68,68
1230,Bstar,HF1R,True,1.1102230246251565e-16,0.0,1.1102230246251565e-16,68,64
1231,Rstar,HF1R,True,0.0,0.0,0.0,68,68
1231,Estar,HF1R,True,0.0,0.0,0.0,68,68
1231,Bstar,HF1R,True,0.0,0.0,1.1102230246251565e-16,68,64
1232,Rstar,HF1R,True,1.3234889800848443e-23,8.881784197001252e-16,0.0,68,68
1232,Estar,HF1R,True,1.3234889800848443e-23,0.0,0.0,68,68
1232,Bstar,HF1R,True,0.0,0.0,1.1102230246251565e-16,68,64
1233,Rstar,HF1R,True,1.3234889800848443e-23,8.881784197001252e-16,0.0,68,68
1233,Estar,HF1R,True,0.0,0.0,0.0,68,68
1233,Bstar,HF1R,True,1.3234889800848443e-23,0.0,1.1102230246251565e-16,68,64
1234,Rstar,HF1R,True,0.0,8.881784197001252e-16,0.0,68,68
1234,Estar,HF1R,True,1.3234889800848443e-23,0.0,0.0,68,68
1234,Bstar,HF1R,True,0.0,2.220446049250313e-16,1.1102230246251565e-16,68,64
1235,Rstar,HF1R,True,1.3234889800848443e-23,0.0,0.0,68,68
1235,Estar,HF1R,True,0.0,0.0,0.0,68,68
1235,Bstar,HF1R,True,1.3234889800848443e-23,0.0,1.1102230246251565e-16,68,64
1236,Rstar,HF1R,True,0.0,0.0,0.0,68,68
1236,Estar,HF1R,True,0.0,0.0,0.0,68,68
1236,Bstar,HF1R,True,1.3234889800848443e-23,0.0,1.1102230246251565e-16,68,64
1237,Rstar,HF1R,True,1.3234889800848443e-23,0.0,0.0,68,68
1237,Estar,HF1R,True,1.3234889800848443e-23,0.0,0.0,68,68
1237,Bstar,HF1R,True,0.0,4.440892098500626e-16,1.1102230246251565e-16,68,64
1238,Rstar,HF1R,True,1.3234889800848443e-23,0.0,0.0,68,68
1238,Estar,HF1R,True,1.1102230246251565e-16,0.0,0.0,68,68
1238,Bstar,HF1R,True,0.0,0.0,1.1102230246251565e-16,68,64
1239,Rstar,HF1R,True,1.1102230246251565e-16,0.0,0.0,68,68
1239,Estar,HF1R,True,0.0,0.0,0.0,68,68
1239,Bstar,HF1R,True,0.0,0.0,1.1102230246251565e-16,68,64
1240,Rstar,HF1R,True,0.0,0.0,0.0,68,68
1240,Estar,HF1R,True,0.0,0.0,0.0,68,68
1240,Bstar,HF1R,True,0.0,2.220446049250313e-16,1.1102230246251565e-16,68,64
1241,Rstar,HF1R,True,1.3234889800848443e-23,8.881784197001252e-16,0.0,68,68
1241,Estar,HF1R,True,0.0,0.0,0.0,68,68
1241,Bstar,HF1R,True,1.1102230246251565e-16,0.0,1.1102230246251565e-16,68,64
1242,Rstar,HF1R,True,0.0,0.0,0.0,68,68
1242,Estar,HF1R,True,0.0,0.0,0.0,68,68
1242,Bstar,HF1R,True,0.0,0.0,1.1102230246251565e-16,68,64
1243,Rstar,HF1R,True,1.3234889800848443e-23,0.0,0.0,68,68
1243,Estar,HF1R,True,0.0,0.0,0.0,68,68
1243,Bstar,HF1R,True,0.0,0.0,1.1102230246251565e-16,68,64
1244,Rstar,HF1R,True,0.0,0.0,0.0,68,68
1244,Estar,HF1R,True,0.0,0.0,0.0,68,68
1244,Bstar,HF1R,True,0.0,2.220446049250313e-16,1.1102230246251565e-16,68,64
1245,Rstar,HF1R,True,0.0,0.0,0.0,68,68
1245,Estar,HF1R,True,0.0,0.0,0.0,68,68
1245,Bstar,HF1R,True,1.3234889800848443e-23,0.0,1.1102230246251565e-16,68,64
1246,Rstar,HF1R,True,0.0,0.0,0.0,68,68
1246,Estar,HF1R,True,0.0,0.0,0.0,68,68
1246,Bstar,HF1R,True,0.0,2.220446049250313e-16,1.1102230246251565e-16,68,64
1247,Rstar,HF1R,True,0.0,0.0,0.0,68,68
1247,Estar,HF1R,True,1.3234889800848443e-23,0.0,0.0,68,68
1247,Bstar,HF1R,True,0.0,2.220446049250313e-16,1.1102230246251565e-16,68,64
1248,Rstar,HF1R,True,0.0,0.0,0.0,68,68
1248,Estar,HF1R,True,0.0,0.0,0.0,68,68
1248,Bstar,HF1R,True,0.0,4.440892098500626e-16,1.1102230246251565e-16,68,64
1249,Rstar,HF1R,True,1.1102230246251565e-16,0.0,0.0,68,68
1249,Estar,HF1R,True,0.0,0.0,0.0,68,68
1249,Bstar,HF1R,True,0.0,0.0,1.1102230246251565e-16,68,64
1250,Rstar,HF1R,True,1.1102230246251565e-16,8.881784197001252e-16,0.0,68,68
1250,Estar,HF1R,True,0.0,0.0,0.0,68,68
1250,Bstar,HF1R,True,0.0,0.0,1.1102230246251565e-16,68,64
1251,Rstar,HF1R,True,1.3234889800848443e-23,8.881784197001252e-16,0.0,68,68
1251,Estar,HF1R,True,0.0,8.881784197001252e-16,0.0,68,68
1251,Bstar,HF1R,True,1.3234889800848443e-23,0.0,1.1102230246251565e-16,68,64
1252,Rstar,HF1R,True,0.0,0.0,0.0,68,68
1252,Estar,HF1R,True,1.1102230246251565e-16,0.0,0.0,68,68
1252,Bstar,HF1R,True,1.3234889800848443e-23,0.0,1.1102230246251565e-16,68,64
1253,Rstar,HF1R,True,1.1102230246251565e-16,0.0,0.0,68,68
1253,Estar,HF1R,True,0.0,0.0,0.0,68,68
1253,Bstar,HF1R,True,1.3234889800848443e-23,0.0,1.1102230246251565e-16,68,64
1254,Rstar,HF1R,True,0.0,0.0,0.0,68,68
1254,Estar,HF1R,True,1.1102230246251565e-16,0.0,0.0,68,68
1254,Bstar,HF1R,True,0.0,0.0,1.1102230246251565e-16,68,64
1255,Rstar,HF1R,True,0.0,0.0,0.0,68,68
1255,Estar,HF1R,True,1.3234889800848443e-23,0.0,0.0,68,68
1255,Bstar,HF1R,True,0.0,0.0,1.1102230246251565e-16,68,64
1256,Rstar,HF1R,True,0.0,0.0,0.0,68,68
1256,Estar,HF1R,True,1.1102230246251565e-16,0.0,0.0,68,68
1256,Bstar,HF1R,True,0.0,0.0,1.1102230246251565e-16,68,64
1257,Rstar,HF1R,True,0.0,0.0,0.0,68,68
1257,Estar,HF1R,True,0.0,0.0,0.0,68,68
1257,Bstar,HF1R,True,0.0,0.0,1.1102230246251565e-16,68,64
1258,Rstar,HF1R,True,0.0,0.0,0.0,68,68
1258,Estar,HF1R,True,0.0,0.0,0.0,68,68
1258,Bstar,HF1R,True,1.3234889800848443e-23,0.0,1.1102230246251565e-16,68,64
1259,Rstar,HF1R,True,0.0,0.0,0.0,68,68
1259,Estar,HF1R,True,1.3234889800848443e-23,0.0,0.0,68,68
1259,Bstar,HF1R,True,1.3234889800848443e-23,0.0,1.1102230246251565e-16,68,64
1260,Rstar,HF1R,True,0.0,0.0,0.0,68,68
1260,Estar,HF1R,True,0.0,0.0,0.0,68,68
1260,Bstar,HF1R,True,0.0,0.0,1.1102230246251565e-16,68,64
1261,Rstar,HF1R,True,0.0,0.0,0.0,68,68
1261,Estar,HF1R,True,0.0,0.0,0.0,68,68
1261,Bstar,HF1R,True,0.0,0.0,1.1102230246251565e-16,68,64
1262,Rstar,HF1R,True,1.1102230246251565e-16,0.0,0.0,68,68
1262,Estar,HF1R,True,0.0,0.0,0.0,68,68
1262,Bstar,HF1R,True,0.0,0.0,1.1102230246251565e-16,68,64
1263,Rstar,HF1R,True,0.0,0.0,0.0,68,68
1263,Estar,HF1R,True,0.0,0.0,0.0,68,68
1263,Bstar,HF1R,True,1.3234889800848443e-23,0.0,1.1102230246251565e-16,68,64
1264,Rstar,HF1R,True,0.0,0.0,0.0,68,68
1264,Estar,HF1R,True,1.3234889800848443e-23,0.0,0.0,68,68
1264,Bstar,HF1R,True,1.3234889800848443e-23,0.0,1.1102230246251565e-16,68,64
1265,Rstar,HF1R,True,0.0,0.0,0.0,68,68
1265,Estar,HF1R,True,1.3234889800848443e-23,8.881784197001252e-16,0.0,68,68
1265,Bstar,HF1R,True,1.3234889800848443e-23,0.0,1.1102230246251565e-16,68,64
1266,Rstar,HF1R,True,0.0,0.0,0.0,68,68
1266,Estar,HF1R,True,1.3234889800848443e-23,8.881784197001252e-16,0.0,68,68
1266,Bstar,HF1R,True,1.3234889800848443e-23,2.220446049250313e-16,1.1102230246251565e-16,68,64
1267,Rstar,HF1R,True,1.1102230246251565e-16,0.0,0.0,68,68
1267,Estar,HF1R,True,1.3234889800848443e-23,0.0,0.0,68,68
1267,Bstar,HF1R,True,1.3234889800848443e-23,2.220446049250313e-16,1.1102230246251565e-16,68,64
1268,Rstar,HF1R,True,0.0,0.0,0.0,68,68
1268,Estar,HF1R,True,0.0,8.881784197001252e-16,0.0,68,68
1268,Bstar,HF1R,True,1.1102230246251565e-16,0.0,1.1102230246251565e-16,68,64
1269,Rstar,HF1R,True,1.3234889800848443e-23,0.0,0.0,68,68
1269,Estar,HF1R,True,0.0,0.0,0.0,68,68
1269,Bstar,HF1R,True,0.0,0.0,1.1102230246251565e-16,68,64
1270,Rstar,HF1R,True,0.0,0.0,0.0,68,68
1270,Estar,HF1R,True,1.1102230246251565e-16,0.0,0.0,68,68
1270,Bstar,HF1R,True,0.0,0.0,1.1102230246251565e-16,68,64
1271,Rstar,HF1R,True,0.0,8.881784197001252e-16,0.0,68,68
1271,Estar,HF1R,True,1.3234889800848443e-23,8.881784197001252e-16,0.0,68,68
1271,Bstar,HF1R,True,0.0,0.0,1.1102230246251565e-16,68,64
1272,Rstar,HF1R,True,0.0,8.881784197001252e-16,0.0,68,68
1272,Estar,HF1R,True,1.3234889800848443e-23,0.0,0.0,68,68
1272,Bstar,HF1R,True,1.1102230246251565e-16,2.220446049250313e-16,1.1102230246251565e-16,68,64
1273,Rstar,HF1R,True,1.1102230246251565e-16,0.0,0.0,68,68
1273,Estar,HF1R,True,0.0,0.0,0.0,68,68
1273,Bstar,HF1R,True,1.3234889800848443e-23,0.0,1.1102230246251565e-16,68,64
1274,Rstar,HF1R,True,1.3234889800848443e-23,8.881784197001252e-16,0.0,68,68
1274,Estar,HF1R,True,0.0,8.881784197001252e-16,0.0,68,68
1274,Bstar,HF1R,True,0.0,0.0,1.1102230246251565e-16,68,64
1275,Rstar,HF1R,True,1.3234889800848443e-23,0.0,0.0,68,68
1275,Estar,HF1R,True,0.0,0.0,0.0,68,68
1275,Bstar,HF1R,True,0.0,0.0,1.1102230246251565e-16,68,64
1276,Rstar,HF1R,True,1.3234889800848443e-23,0.0,0.0,68,68
1276,Estar,HF1R,True,0.0,0.0,0.0,68,68
1276,Bstar,HF1R,True,1.3234889800848443e-23,0.0,1.1102230246251565e-16,68,64
1277,Rstar,HF1R,True,0.0,0.0,0.0,68,68
1277,Estar,HF1R,True,0.0,0.0,0.0,68,68
1277,Bstar,HF1R,True,0.0,0.0,1.1102230246251565e-16,68,64
1278,Rstar,HF1R,True,0.0,0.0,0.0,68,68
1278,Estar,HF1R,True,1.3234889800848443e-23,0.0,0.0,68,68
1278,Bstar,HF1R,True,1.1102230246251565e-16,0.0,1.1102230246251565e-16,68,64
1279,Rstar,HF1R,True,1.3234889800848443e-23,8.881784197001252e-16,0.0,68,68
1279,Estar,HF1R,True,0.0,0.0,0.0,68,68
1279,Bstar,HF1R,True,1.3234889800848443e-23,0.0,1.1102230246251565e-16,68,64
1280,Rstar,HF1R,True,0.0,0.0,0.0,68,68
1280,Estar,HF1R,True,1.3234889800848443e-23,8.881784197001252e-16,0.0,68,68
1280,Bstar,HF1R,True,1.1102230246251565e-16,0.0,1.1102230246251565e-16,68,64
1281,Rstar,HF1R,True,0.0,0.0,0.0,68,68
1281,Estar,HF1R,True,0.0,8.881784197001252e-16,0.0,68,68
1281,Bstar,HF1R,True,0.0,2.220446049250313e-16,1.1102230246251565e-16,68,64
1282,Rstar,HF1R,True,1.3234889800848443e-23,8.881784197001252e-16,0.0,68,68
1282,Estar,HF1R,True,1.1102230246251565e-16,8.881784197001252e-16,0.0,68,68
1282,Bstar,HF1R,True,0.0,0.0,1.1102230246251565e-16,68,64
1283,Rstar,HF1R,True,1.3234889800848443e-23,0.0,0.0,68,68
1283,Estar,HF1R,True,1.1102230246251565e-16,0.0,0.0,68,68
1283,Bstar,HF1R,True,0.0,0.0,1.1102230246251565e-16,68,64
1284,Rstar,HF1R,True,0.0,8.881784197001252e-16,0.0,68,68
1284,Estar,HF1R,True,0.0,0.0,0.0,68,68
1284,Bstar,HF1R,True,0.0,0.0,1.1102230246251565e-16,68,64
1285,Rstar,HF1R,True,0.0,0.0,0.0,68,68
1285,Estar,HF1R,True,1.3234889800848443e-23,0.0,0.0,68,68
1285,Bstar,HF1R,True,1.3234889800848443e-23,0.0,1.1102230246251565e-16,68,64
1286,Rstar,HF1R,True,0.0,8.881784197001252e-16,0.0,68,68
1286,Estar,HF1R,True,1.1102230246251565e-16,0.0,0.0,68,68
1286,Bstar,HF1R,True,1.3234889800848443e-23,0.0,1.1102230246251565e-16,68,64
1287,Rstar,HF1R,True,0.0,0.0,0.0,68,68
1287,Estar,HF1R,True,1.3234889800848443e-23,0.0,0.0,68,68
1287,Bstar,HF1R,True,0.0,2.220446049250313e-16,1.1102230246251565e-16,68,64
1288,Rstar,HF1R,True,0.0,0.0,0.0,68,68
1288,Estar,HF1R,True,1.3234889800848443e-23,0.0,0.0,68,68
1288,Bstar,HF1R,True,1.3234889800848443e-23,0.0,1.1102230246251565e-16,68,64
1289,Rstar,HF1R,True,0.0,8.881784197001252e-16,0.0,68,68
1289,Estar,HF1R,True,1.3234889800848443e-23,0.0,0.0,68,68
1289,Bstar,HF1R,True,0.0,0.0,1.1102230246251565e-16,68,64
1290,Rstar,HF1R,True,0.0,0.0,0.0,68,68
1290,Estar,HF1R,True,0.0,0.0,0.0,68,68
1290,Bstar,HF1R,True,0.0,0.0,1.1102230246251565e-16,68,64
1291,Rstar,HF1R,True,0.0,0.0,0.0,68,68
1291,Estar,HF1R,True,0.0,0.0,0.0,68,68
1291,Bstar,HF1R,True,0.0,0.0,1.1102230246251565e-16,68,64
1292,Rstar,HF1R,True,0.0,8.881784197001252e-16,0.0,68,68
1292,Estar,HF1R,True,1.1102230246251565e-16,0.0,0.0,68,68
1292,Bstar,HF1R,True,1.3234889800848443e-23,0.0,1.1102230246251565e-16,68,64
1293,Rstar,HF1R,True,1.3234889800848443e-23,0.0,0.0,68,68
1293,Estar,HF1R,True,1.3234889800848443e-23,8.881784197001252e-16,0.0,68,68
1293,Bstar,HF1R,True,1.3234889800848443e-23,2.220446049250313e-16,1.1102230246251565e-16,68,64
1294,Rstar,HF1R,True,1.3234889800848443e-23,0.0,0.0,68,68
1294,Estar,HF1R,True,0.0,0.0,0.0,68,68
1294,Bstar,HF1R,True,1.3234889800848443e-23,2.220446049250313e-16,1.1102230246251565e-16,68,64
1295,Rstar,HF1R,True,0.0,0.0,0.0,68,68
1295,Estar,HF1R,True,1.3234889800848443e-23,0.0,0.0,68,68
1295,Bstar,HF1R,True,0.0,0.0,1.1102230246251565e-16,68,64
1296,Rstar,HF1R,True,1.3234889800848443e-23,0.0,0.0,68,68
1296,Estar,HF1R,True,0.0,8.881784197001252e-16,0.0,68,68
1296,Bstar,HF1R,True,0.0,0.0,1.1102230246251565e-16,68,64
1297,Rstar,HF1R,True,0.0,8.881784197001252e-16,0.0,68,68
1297,Estar,HF1R,True,0.0,8.881784197001252e-16,0.0,68,68
1297,Bstar,HF1R,True,1.3234889800848443e-23,2.220446049250313e-16,1.1102230246251565e-16,68,64
1298,Rstar,HF1R,True,0.0,0.0,0.0,68,68
1298,Estar,HF1R,True,0.0,8.881784197001252e-16,0.0,68,68
1298,Bstar,HF1R,True,1.3234889800848443e-23,0.0,1.1102230246251565e-16,68,64
1299,Rstar,HF1R,True,0.0,0.0,0.0,68,68
1299,Estar,HF1R,True,1.3234889800848443e-23,0.0,0.0,68,68
1299,Bstar,HF1R,True,0.0,2.220446049250313e-16,1.1102230246251565e-16,68,64
1300,Rstar,HF1R,True,1.3234889800848443e-23,8.881784197001252e-16,0.0,68,68
1300,Estar,HF1R,True,0.0,8.881784197001252e-16,0.0,68,68
1300,Bstar,HF1R,True,0.0,0.0,1.1102230246251565e-16,68,64
1301,Rstar,HF1R,True,1.3234889800848443e-23,0.0,0.0,68,68
1301,Estar,HF1R,True,1.3234889800848443e-23,0.0,0.0,68,68
1301,Bstar,HF1R,True,0.0,0.0,1.1102230246251565e-16,68,64
1302,Rstar,HF1R,True,0.0,0.0,0.0,68,68
1302,Estar,HF1R,True,0.0,0.0,0.0,68,68
1302,Bstar,HF1R,True,0.0,0.0,1.1102230246251565e-16,68,64
1303,Rstar,HF1R,True,1.3234889800848443e-23,0.0,0.0,68,68
1303,Estar,HF1R,True,0.0,0.0,0.0,68,68
1303,Bstar,HF1R,True,0.0,0.0,1.1102230246251565e-16,68,64
1304,Rstar,HF1R,True,1.3234889800848443e-23,0.0,0.0,68,68
1304,Estar,HF1R,True,0.0,0.0,0.0,68,68
1304,Bstar,HF1R,True,1.3234889800848443e-23,0.0,1.1102230246251565e-16,68,64
1305,Rstar,HF1R,True,1.3234889800848443e-23,8.881784197001252e-16,0.0,68,68
1305,Estar,HF1R,True,1.3234889800848443e-23,8.881784197001252e-16,0.0,68,68
1305,Bstar,HF1R,True,0.0,0.0,1.1102230246251565e-16,68,64
1306,Rstar,HF1R,True,0.0,0.0,0.0,68,68
1306,Estar,HF1R,True,0.0,0.0,0.0,68,68
1306,Bstar,HF1R,True,0.0,0.0,1.1102230246251565e-16,68,64
1307,Rstar,HF1R,True,0.0,0.0,0.0,68,68
1307,Estar,HF1R,True,1.3234889800848443e-23,0.0,0.0,68,68
1307,Bstar,HF1R,True,1.1102230246251565e-16,0.0,1.1102230246251565e-16,68,64
1308,Rstar,HF1R,True,0.0,0.0,0.0,68,68
1308,Estar,HF1R,True,0.0,8.881784197001252e-16,0.0,68,68
1308,Bstar,HF1R,True,1.3234889800848443e-23,0.0,1.1102230246251565e-16,68,64
1309,Rstar,HF1R,True,1.3234889800848443e-23,0.0,0.0,68,68
1309,Estar,HF1R,True,1.3234889800848443e-23,0.0,0.0,68,68
1309,Bstar,HF1R,True,1.3234889800848443e-23,2.220446049250313e-16,1.1102230246251565e-16,68,64
1310,Rstar,HF1R,True,1.3234889800848443e-23,0.0,0.0,68,68
1310,Estar,HF1R,True,1.1102230246251565e-16,0.0,0.0,68,68
1310,Bstar,HF1R,True,0.0,2.220446049250313e-16,1.1102230246251565e-16,68,64
1311,Rstar,HF1R,True,1.3234889800848443e-23,0.0,0.0,68,68
1311,Estar,HF1R,True,1.3234889800848443e-23,0.0,0.0,68,68
1311,Bstar,HF1R,True,0.0,0.0,1.1102230246251565e-16,68,64
1312,Rstar,HF1R,True,1.1102230246251565e-16,8.881784197001252e-16,0.0,68,68
1312,Estar,HF1R,True,0.0,0.0,0.0,68,68
1312,Bstar,HF1R,True,0.0,0.0,1.1102230246251565e-16,68,64
1313,Rstar,HF1R,True,1.1102230246251565e-16,0.0,0.0,68,68
1313,Estar,HF1R,True,0.0,0.0,0.0,68,68
1313,Bstar,HF1R,True,1.1102230246251565e-16,0.0,1.1102230246251565e-16,68,64
1314,Rstar,HF1R,True,0.0,0.0,0.0,68,68
1314,Estar,HF1R,True,1.3234889800848443e-23,0.0,0.0,68,68
1314,Bstar,HF1R,True,1.1102230246251565e-16,2.220446049250313e-16,1.1102230246251565e-16,68,64
1315,Rstar,HF1R,True,1.1102230246251565e-16,0.0,0.0,68,68
1315,Estar,HF1R,True,1.3234889800848443e-23,0.0,0.0,68,68
1315,Bstar,HF1R,True,1.1102230246251565e-16,2.220446049250313e-16,1.1102230246251565e-16,68,64
1316,Rstar,HF1R,True,0.0,0.0,0.0,68,68
1316,Estar,HF1R,True,0.0,8.881784197001252e-16,0.0,68,68
1316,Bstar,HF1R,True,1.3234889800848443e-23,2.220446049250313e-16,1.1102230246251565e-16,68,64
1317,Rstar,HF1R,True,1.3234889800848443e-23,0.0,0.0,68,68
1317,Estar,HF1R,True,0.0,0.0,0.0,68,68
1317,Bstar,HF1R,True,1.3234889800848443e-23,0.0,1.1102230246251565e-16,68,64
1318,Rstar,HF1R,True,0.0,0.0,0.0,68,68
1318,Estar,HF1R,True,0.0,0.0,0.0,68,68
1318,Bstar,HF1R,True,0.0,0.0,1.1102230246251565e-16,68,64
1319,Rstar,HF1R,True,0.0,0.0,0.0,68,68
1319,Estar,HF1R,True,1.3234889800848443e-23,0.0,0.0,68,68
1319,Bstar,HF1R,True,1.3234889800848443e-23,2.220446049250313e-16,1.1102230246251565e-16,68,64
1320,Rstar,HF1R,True,0.0,0.0,0.0,68,68
1320,Estar,HF1R,True,1.3234889800848443e-23,0.0,0.0,68,68
1320,Bstar,HF1R,True,0.0,0.0,1.1102230246251565e-16,68,64
1321,Rstar,HF1R,True,1.3234889800848443e-23,0.0,0.0,68,68
1321,Estar,HF1R,True,0.0,0.0,0.0,68,68
1321,Bstar,HF1R,True,1.1102230246251565e-16,0.0,1.1102230246251565e-16,68,64
1322,Rstar,HF1R,True,0.0,0.0,0.0,68,68
1322,Estar,HF1R,True,0.0,0.0,0.0,68,68
1322,Bstar,HF1R,True,0.0,2.220446049250313e-16,1.1102230246251565e-16,68,64
1323,Rstar,HF1R,True,0.0,0.0,0.0,68,68
1323,Estar,HF1R,True,0.0,0.0,0.0,68,68
1323,Bstar,HF1R,True,1.1102230246251565e-16,0.0,1.1102230246251565e-16,68,64
1324,Rstar,HF1R,True,0.0,0.0,0.0,68,68
1324,Estar,HF1R,True,0.0,0.0,0.0,68,68
1324,Bstar,HF1R,True,0.0,0.0,1.1102230246251565e-16,68,64
1325,Rstar,HF1R,True,0.0,0.0,0.0,68,68
1325,Estar,HF1R,True,0.0,0.0,0.0,68,68
1325,Bstar,HF1R,True,0.0,0.0,1.1102230246251565e-16,68,64
1326,Rstar,HF1R,True,1.3234889800848443e-23,0.0,0.0,68,68
1326,Estar,HF1R,True,0.0,0.0,0.0,68,68
1326,Bstar,HF1R,True,1.1102230246251565e-16,0.0,1.1102230246251565e-16,68,64
1327,Rstar,HF1R,True,0.0,0.0,0.0,68,68
1327,Estar,HF1R,True,1.3234889800848443e-23,0.0,0.0,68,68
1327,Bstar,HF1R,True,1.3234889800848443e-23,0.0,1.1102230246251565e-16,68,64
1328,Rstar,HF1R,True,0.0,0.0,0.0,68,68
1328,Estar,HF1R,True,1.1102230246251565e-16,0.0,0.0,68,68
1328,Bstar,HF1R,True,0.0,2.220446049250313e-16,1.1102230246251565e-16,68,64
1329,Rstar,HF1R,True,0.0,0.0,0.0,68,68
1329,Estar,HF1R,True,0.0,0.0,0.0,68,68
1329,Bstar,HF1R,True,0.0,0.0,1.1102230246251565e-16,68,64
1330,Rstar,HF1R,True,1.3234889800848443e-23,0.0,0.0,68,68
1330,Estar,HF1R,True,0.0,8.881784197001252e-16,0.0,68,68
1330,Bstar,HF1R,True,1.3234889800848443e-23,0.0,1.1102230246251565e-16,68,64
1331,Rstar,HF1R,True,1.3234889800848443e-23,0.0,0.0,68,68
1331,Estar,HF1R,True,0.0,8.881784197001252e-16,0.0,68,68
1331,Bstar,HF1R,True,1.1102230246251565e-16,0.0,1.1102230246251565e-16,68,64
1332,Rstar,HF1R,True,1.3234889800848443e-23,0.0,0.0,68,68
1332,Estar,HF1R,True,0.0,8.881784197001252e-16,0.0,68,68
1332,Bstar,HF1R,True,0.0,0.0,1.1102230246251565e-16,68,64
1333,Rstar,HF1R,True,0.0,0.0,0.0,68,68
1333,Estar,HF1R,True,0.0,0.0,0.0,68,68
1333,Bstar,HF1R,True,1.3234889800848443e-23,0.0,1.1102230246251565e-16,68,64
1334,Rstar,HF1R,True,0.0,0.0,0.0,68,68
1334,Estar,HF1R,True,0.0,0.0,0.0,68,68
1334,Bstar,HF1R,True,0.0,0.0,1.1102230246251565e-16,68,64
1335,Rstar,HF1R,True,1.3234889800848443e-23,0.0,0.0,68,68
1335,Estar,HF1R,True,0.0,0.0,0.0,68,68
1335,Bstar,HF1R,True,1.3234889800848443e-23,2.220446049250313e-16,1.1102230246251565e-16,68,64
1336,Rstar,HF1R,True,0.0,8.881784197001252e-16,0.0,68,68
1336,Estar,HF1R,True,0.0,8.881784197001252e-16,0.0,68,68
1336,Bstar,HF1R,True,0.0,2.220446049250313e-16,1.1102230246251565e-16,68,64
1337,Rstar,HF1R,True,1.3234889800848443e-23,8.881784197001252e-16,0.0,68,68
1337,Estar,HF1R,True,0.0,0.0,0.0,68,68
1337,Bstar,HF1R,True,1.3234889800848443e-23,0.0,1.1102230246251565e-16,68,64
1338,Rstar,HF1R,True,1.3234889800848443e-23,0.0,0.0,68,68
1338,Estar,HF1R,True,0.0,0.0,0.0,68,68
1338,Bstar,HF1R,True,0.0,0.0,1.1102230246251565e-16,68,64
1339,Rstar,HF1R,True,0.0,8.881784197001252e-16,0.0,68,68
1339,Estar,HF1R,True,6.617444900424222e-24,0.0,0.0,68,68
1339,Bstar,HF1R,True,1.1102230246251565e-16,2.220446049250313e-16,1.1102230246251565e-16,68,64
1340,Rstar,HF1R,True,0.0,0.0,0.0,68,68
1340,Estar,HF1R,True,0.0,0.0,0.0,68,68
1340,Bstar,HF1R,True,1.1102230246251565e-16,0.0,1.1102230246251565e-16,68,64
1341,Rstar,HF1R,True,0.0,0.0,0.0,68,68
1341,Estar,HF1R,True,1.3234889800848443e-23,0.0,0.0,68,68
1341,Bstar,HF1R,True,1.3234889800848443e-23,0.0,1.1102230246251565e-16,68,64
1342,Rstar,HF1R,True,1.3234889800848443e-23,8.881784197001252e-16,0.0,68,68
1342,Estar,HF1R,True,1.1102230246251565e-16,0.0,0.0,68,68
1342,Bstar,HF1R,True,0.0,0.0,1.1102230246251565e-16,68,64
1343,Rstar,HF1R,True,1.3234889800848443e-23,0.0,0.0,68,68
1343,Estar,HF1R,True,0.0,0.0,0.0,68,68
1343,Bstar,HF1R,True,0.0,0.0,1.1102230246251565e-16,68,64
1344,Rstar,HF1R,True,0.0,0.0,0.0,68,68
1344,Estar,HF1R,True,1.3234889800848443e-23,0.0,0.0,68,68
1344,Bstar,HF1R,True,0.0,0.0,1.1102230246251565e-16,68,64
1345,Rstar,HF1R,True,1.1102230246251565e-16,0.0,0.0,68,68
1345,Estar,HF1R,True,1.3234889800848443e-23,0.0,0.0,68,68
1345,Bstar,HF1R,True,0.0,0.0,1.1102230246251565e-16,68,64
1346,Rstar,HF1R,True,0.0,8.881784197001252e-16,0.0,68,68
1346,Estar,HF1R,True,0.0,0.0,0.0,68,68
1346,Bstar,HF1R,True,1.3234889800848443e-23,2.220446049250313e-16,1.1102230246251565e-16,68,64
1347,Rstar,HF1R,True,1.3234889800848443e-23,0.0,0.0,68,68
1347,Estar,HF1R,True,1.1102230246251565e-16,0.0,0.0,68,68
1347,Bstar,HF1R,True,1.3234889800848443e-23,0.0,1.1102230246251565e-16,68,64
1348,Rstar,HF1R,True,0.0,0.0,0.0,68,68
1348,Estar,HF1R,True,0.0,0.0,0.0,68,68
1348,Bstar,HF1R,True,0.0,0.0,1.1102230246251565e-16,68,64
1349,Rstar,HF1R,True,0.0,0.0,0.0,68,68
1349,Estar,HF1R,True,0.0,0.0,0.0,68,68
1349,Bstar,HF1R,True,0.0,0.0,1.1102230246251565e-16,68,64
1350,Rstar,HF1R,True,1.3234889800848443e-23,0.0,0.0,68,68
1350,Estar,HF1R,True,0.0,8.881784197001252e-16,0.0,68,68
1350,Bstar,HF1R,True,0.0,0.0,1.1102230246251565e-16,68,64
1351,Rstar,HF1R,True,0.0,8.881784197001252e-16,0.0,68,68
1351,Estar,HF1R,True,1.1102230246251565e-16,0.0,0.0,68,68
1351,Bstar,HF1R,True,1.3234889800848443e-23,0.0,1.1102230246251565e-16,68,64
1352,Rstar,HF1R,True,1.3234889800848443e-23,0.0,0.0,68,68
1352,Estar,HF1R,True,0.0,0.0,0.0,68,68
1352,Bstar,HF1R,True,1.3234889800848443e-23,0.0,1.1102230246251565e-16,68,64
1353,Rstar,HF1R,True,0.0,0.0,0.0,68,68
1353,Estar,HF1R,True,1.1102230246251565e-16,8.881784197001252e-16,0.0,68,68
1353,Bstar,HF1R,True,0.0,0.0,1.1102230246251565e-16,68,64
1354,Rstar,HF1R,True,0.0,8.881784197001252e-16,0.0,68,68
1354,Estar,HF1R,True,1.3234889800848443e-23,0.0,0.0,68,68
1354,Bstar,HF1R,True,1.3234889800848443e-23,0.0,1.1102230246251565e-16,68,64
1355,Rstar,HF1R,True,0.0,8.881784197001252e-16,0.0,68,68
1355,Estar,HF1R,True,0.0,0.0,0.0,68,68
1355,Bstar,HF1R,True,0.0,0.0,1.1102230246251565e-16,68,64
1356,Rstar,HF1R,True,1.3234889800848443e-23,8.881784197001252e-16,0.0,68,68
1356,Estar,HF1R,True,0.0,0.0,0.0,68,68
1356,Bstar,HF1R,True,1.1102230246251565e-16,0.0,1.1102230246251565e-16,68,64
1357,Rstar,HF1R,True,0.0,0.0,0.0,68,68
1357,Estar,HF1R,True,1.1102230246251565e-16,0.0,0.0,68,68
1357,Bstar,HF1R,True,0.0,0.0,1.1102230246251565e-16,68,64
1358,Rstar,HF1R,True,1.3234889800848443e-23,0.0,0.0,68,68
1358,Estar,HF1R,True,1.3234889800848443e-23,0.0,0.0,68,68
1358,Bstar,HF1R,True,0.0,0.0,1.1102230246251565e-16,68,64
1359,Rstar,HF1R,True,0.0,0.0,0.0,68,68
1359,Estar,HF1R,True,0.0,8.881784197001252e-16,0.0,68,68
1359,Bstar,HF1R,True,1.3234889800848443e-23,0.0,1.1102230246251565e-16,68,64
1360,Rstar,HF1R,True,1.1102230246251565e-16,0.0,0.0,68,68
1360,Estar,HF1R,True,0.0,0.0,0.0,68,68
1360,Bstar,HF1R,True,0.0,0.0,1.1102230246251565e-16,68,64
1361,Rstar,HF1R,True,0.0,8.881784197001252e-16,0.0,68,68
1361,Estar,HF1R,True,1.1102230246251565e-16,1.7763568394002505e-15,0.0,68,68
1361,Bstar,HF1R,True,0.0,0.0,1.1102230246251565e-16,68,64
1362,Rstar,HF1R,True,0.0,0.0,0.0,68,68
1362,Estar,HF1R,True,1.1102230246251565e-16,8.881784197001252e-16,0.0,68,68
1362,Bstar,HF1R,True,1.3234889800848443e-23,0.0,1.1102230246251565e-16,68,64
1363,Rstar,HF1R,True,1.3234889800848443e-23,0.0,0.0,68,68
1363,Estar,HF1R,True,1.3234889800848443e-23,0.0,0.0,68,68
1363,Bstar,HF1R,True,0.0,0.0,1.1102230246251565e-16,68,64
1364,Rstar,HF1R,True,0.0,0.0,0.0,68,68
1364,Estar,HF1R,True,1.3234889800848443e-23,0.0,0.0,68,68
1364,Bstar,HF1R,True,1.3234889800848443e-23,2.220446049250313e-16,1.1102230246251565e-16,68,64
1365,Rstar,HF1R,True,0.0,0.0,0.0,68,68
1365,Estar,HF1R,True,1.3234889800848443e-23,0.0,0.0,68,68
1365,Bstar,HF1R,True,0.0,0.0,1.1102230246251565e-16,68,64
1366,Rstar,HF1R,True,0.0,0.0,0.0,68,68
1366,Estar,HF1R,True,1.3234889800848443e-23,0.0,0.0,68,68
1366,Bstar,HF1R,True,1.1102230246251565e-16,0.0,1.1102230246251565e-16,68,64
1367,Rstar,HF1R,True,1.3234889800848443e-23,0.0,0.0,68,68
1367,Estar,HF1R,True,0.0,0.0,0.0,68,68
1367,Bstar,HF1R,True,0.0,0.0,1.1102230246251565e-16,68,64
1368,Rstar,HF1R,True,0.0,8.881784197001252e-16,0.0,68,68
1368,Estar,HF1R,True,0.0,0.0,0.0,68,68
1368,Bstar,HF1R,True,0.0,0.0,1.1102230246251565e-16,68,64
1369,Rstar,HF1R,True,0.0,0.0,0.0,68,68
1369,Estar,HF1R,True,0.0,0.0,0.0,68,68
1369,Bstar,HF1R,True,1.3234889800848443e-23,0.0,1.1102230246251565e-16,68,64
1370,Rstar,HF1R,True,0.0,0.0,0.0,68,68
1370,Estar,HF1R,True,0.0,0.0,0.0,68,68
1370,Bstar,HF1R,True,0.0,0.0,1.1102230246251565e-16,68,64
1371,Rstar,HF1R,True,1.3234889800848443e-23,0.0,0.0,68,68
1371,Estar,HF1R,True,1.3234889800848443e-23,0.0,0.0,68,68
1371,Bstar,HF1R,True,1.3234889800848443e-23,4.440892098500626e-16,1.1102230246251565e-16,68,64
1372,Rstar,HF1R,True,0.0,0.0,0.0,68,68
1372,Estar,HF1R,True,0.0,0.0,0.0,68,68
1372,Bstar,HF1R,True,1.3234889800848443e-23,2.220446049250313e-16,1.1102230246251565e-16,68,64
1373,Rstar,HF1R,True,0.0,8.881784197001252e-16,0.0,68,68
1373,Estar,HF1R,True,0.0,0.0,0.0,68,68
1373,Bstar,HF1R,True,1.3234889800848443e-23,2.220446049250313e-16,1.1102230246251565e-16,68,64
1374,Rstar,HF1R,True,1.3234889800848443e-23,0.0,0.0,68,68
1374,Estar,HF1R,True,1.1102230246251565e-16,0.0,0.0,68,68
1374,Bstar,HF1R,True,1.3234889800848443e-23,0.0,1.1102230246251565e-16,68,64
1375,Rstar,HF1R,True,0.0,0.0,0.0,68,68
1375,Estar,HF1R,True,0.0,0.0,0.0,68,68
1375,Bstar,HF1R,True,1.3234889800848443e-23,0.0,1.1102230246251565e-16,68,64
1376,Rstar,HF1R,True,0.0,0.0,0.0,68,68
1376,Estar,HF1R,True,0.0,0.0,0.0,68,68
1376,Bstar,HF1R,True,1.3234889800848443e-23,0.0,1.1102230246251565e-16,68,64
1377,Rstar,HF1R,True,1.1102230246251565e-16,0.0,0.0,68,68
1377,Estar,HF1R,True,0.0,0.0,0.0,68,68
1377,Bstar,HF1R,True,1.3234889800848443e-23,0.0,1.1102230246251565e-16,68,64
1378,Rstar,HF1R,True,2.6469779601696886e-23,0.0,0.0,137,137
1378,Estar,HF1R,True,2.6469779601696886e-23,0.0,0.0,137,137
1378,Bstar,HF1R,True,2.6469779601696886e-23,2.220446049250313e-16,0.0,137,129
1379,Rstar,HF1R,True,2.6469779601696886e-23,0.0,0.0,137,137
1379,Estar,HF1R,True,5.293955920339377e-23,0.0,0.0,137,137
1379,Bstar,HF1R,True,0.0,2.220446049250313e-16,0.0,137,129
1380,Rstar,HF1R,True,0.0,0.0,0.0,137,137
1380,Estar,HF1R,True,3.469446951953614e-18,0.0,0.0,137,137
1380,Bstar,HF1R,True,0.0,0.0,0.0,137,129
1381,Rstar,HF1R,True,4.683753385137379e-17,0.0,0.0,137,137
1381,Estar,HF1R,True,3.9898639947466563e-17,8.881784197001252e-16,0.0,137,137
1381,Bstar,HF1R,True,1.1102230246251565e-16,0.0,0.0,137,127
1382,Rstar,HF1R,True,1.1102230246251565e-16,0.0,0.0,137,137
1382,Estar,HF1R,True,9.367506770274758e-17,0.0,0.0,137,137
1382,Bstar,HF1R,True,3.0357660829594124e-18,0.0,1.1102230246251565e-16,137,126
1383,Rstar,HF1R,True,2.6469779601696886e-23,0.0,0.0,137,137
1383,Estar,HF1R,True,4.9873299934333204e-17,0.0,0.0,137,137
1383,Bstar,HF1R,True,4.2500725161431774e-17,2.220446049250313e-16,1.1102230246251565e-16,137,126
1384,Rstar,HF1R,True,5.293955920339377e-23,0.0,0.0,137,137
1384,Estar,HF1R,True,1.474514954580286e-17,0.0,0.0,137,137
1384,Bstar,HF1R,True,2.6469779601696886e-23,2.220446049250313e-16,0.0,137,125
1385,Rstar,HF1R,True,1.1102230246251565e-16,0.0,0.0,137,137
1385,Estar,HF1R,True,2.6469779601696886e-23,0.0,0.0,137,137
1385,Bstar,HF1R,True,1.1102230246251565e-16,2.220446049250313e-16,0.0,137,125
1386,Rstar,HF1R,True,0.0,0.0,0.0,137,137
1386,Estar,HF1R,True,2.6469779601696886e-23,0.0,0.0,137,137
1386,Bstar,HF1R,True,2.6469779601696886e-23,2.220446049250313e-16,0.0,137,125
1387,Rstar,HF1R,True,0.0,0.0,0.0,137,137
1387,Estar,HF1R,True,0.0,0.0,0.0,137,137
1387,Bstar,HF1R,True,2.6469779601696886e-23,0.0,0.0,137,125
1388,Rstar,HF1R,True,1.1102230246251565e-16,0.0,0.0,137,137
1388,Estar,HF1R,True,0.0,0.0,0.0,137,137
1388,Bstar,HF1R,True,0.0,0.0,0.0,137,125
1389,Rstar,HF1R,True,2.6469779601696886e-23,0.0,0.0,137,137
1389,Estar,HF1R,True,0.0,0.0,0.0,137,137
1389,Bstar,HF1R,True,2.6469779601696886e-23,0.0,0.0,137,125
1390,Rstar,HF1R,True,1.1102230246251565e-16,0.0,0.0,137,137
1390,Estar,HF1R,True,2.6469779601696886e-23,0.0,0.0,137,137
1390,Bstar,HF1R,True,2.7321894746634712e-17,0.0,0.0,137,125
1391,Rstar,HF1R,True,0.0,0.0,0.0,137,137
1391,Estar,HF1R,True,0.0,0.0,0.0,137,137
1391,Bstar,HF1R,True,2.6469779601696886e-23,0.0,1.1102230246251565e-16,137,124
1392,Rstar,HF1R,True,0.0,0.0,0.0,137,137
1392,Estar,HF1R,True,0.0,0.0,0.0,137,137
1392,Bstar,HF1R,True,0.0,2.220446049250313e-16,0.0,137,123
1393,Rstar,HF1R,True,5.293955920339377e-23,0.0,0.0,137,137
1393,Estar,HF1R,True,2.6469779601696886e-23,8.881784197001252e-16,0.0,137,135
1393,Bstar,HF1R,True,1.1102230246251565e-16,2.220446049250313e-16,0.0,137,123
1394,Rstar,HF1R,True,2.6469779601696886e-23,0.0,0.0,137,137
1394,Estar,HF1R,True,2.6469779601696886e-23,0.0,0.0,137,133
1394,Bstar,HF1R,True,2.6469779601696886e-23,0.0,0.0,137,122
1395,Rstar,HF1R,True,0.0,8.881784197001252e-16,0.0,137,137
1395,Estar,HF1R,True,0.0,0.0,0.0,137,131
1395,Bstar,HF1R,True,1.1102230246251565e-16,2.220446049250313e-16,0.0,137,122
1396,Rstar,HF1R,True,1.1102230246251565e-16,0.0,0.0,137,137
1396,Estar,HF1R,True,2.6469779601696886e-23,0.0,0.0,137,131
1396,Bstar,HF1R,True,2.6469779601696886e-23,0.0,0.0,137,121
1397,Rstar,HF1R,True,0.0,0.0,0.0,137,137
1397,Estar,HF1R,True,2.6469779601696886e-23,0.0,0.0,137,131
1397,Bstar,HF1R,True,2.6469779601696886e-23,0.0,0.0,137,121
1398,Rstar,HF1R,True,2.6469779601696886e-23,0.0,0.0,137,133
1398,Estar,HF1R,True,1.1102230246251565e-16,0.0,0.0,137,131
1398,Bstar,HF1R,True,0.0,0.0,0.0,137,121
1399,Rstar,HF1R,True,1.1102230246251565e-16,0.0,0.0,137,131
1399,Estar,HF1R,True,1.1102230246251565e-16,0.0,0.0,137,129
1399,Bstar,HF1R,True,1.1102230246251565e-16,0.0,0.0,137,121
1400,Rstar,HF1R,True,5.293955920339377e-23,0.0,0.0,137,131
1400,Estar,HF1R,True,5.293955920339377e-23,0.0,0.0,137,129
1400,Bstar,HF1R,True,1.1102230246251565e-16,0.0,0.0,137,121
1401,Rstar,HF1R,True,5.293955920339377e-23,0.0,0.0,137,129
1401,Estar,HF1R,True,0.0,0.0,0.0,137,127
1401,Bstar,HF1R,True,0.0,2.220446049250313e-16,0.0,137,119
1402,Rstar,HF1R,True,0.0,0.0,0.0,137,129
1402,Estar,HF1R,True,0.0,0.0,0.0,137,127
1402,Bstar,HF1R,True,0.0,0.0,0.0,137,119
1403,Rstar,HF1R,True,0.0,0.0,0.0,137,129
1403,Estar,HF1R,True,2.6469779601696886e-23,0.0,0.0,137,127
1403,Bstar,HF1R,True,2.6469779601696886e-23,0.0,0.0,137,119
1404,Rstar,HF1R,True,0.0,0.0,0.0,137,129
1404,Estar,HF1R,True,2.6469779601696886e-23,0.0,0.0,137,127
1404,Bstar,HF1R,True,2.6469779601696886e-23,4.440892098500626e-16,0.0,137,119
1405,Rstar,HF1R,True,2.6469779601696886e-23,8.881784197001252e-16,0.0,137,129
1405,Estar,HF1R,True,2.6469779601696886e-23,0.0,0.0,137,127
1405,Bstar,HF1R,True,0.0,0.0,0.0,137,119
1406,Rstar,HF1R,True,0.0,0.0,0.0,137,129
1406,Estar,HF1R,True,1.1102230246251565e-16,0.0,0.0,137,127
1406,Bstar,HF1R,True,0.0,0.0,0.0,137,119
1407,Rstar,HF1R,True,0.0,0.0,0.0,137,129
1407,Estar,HF1R,True,0.0,0.0,0.0,137,127
1407,Bstar,HF1R,True,0.0,0.0,0.0,137,118
1408,Rstar,HF1R,True,0.0,0.0,0.0,137,129
1408,Estar,HF1R,True,1.1102230246251565e-16,0.0,0.0,137,125
1408,Bstar,HF1R,True,1.1102230246251565e-16,0.0,0.0,137,118
1409,Rstar,HF1R,True,1.1102230246251565e-16,0.0,0.0,137,129
1409,Estar,HF1R,True,2.6469779601696886e-23,0.0,0.0,137,125
1409,Bstar,HF1R,True,0.0,0.0,0.0,137,115
1410,Rstar,HF1R,True,2.6469779601696886e-23,0.0,0.0,137,127
1410,Estar,HF1R,True,2.6469779601696886e-23,0.0,0.0,137,125
1410,Bstar,HF1R,True,0.0,0.0,0.0,137,115
1411,Rstar,HF1R,True,0.0,0.0,0.0,137,127
1411,Estar,HF1R,True,0.0,8.881784197001252e-16,0.0,137,125
1411,Bstar,HF1R,True,1.1102230246251565e-16,0.0,0.0,137,113
1412,Rstar,HF1R,True,5.293955920339377e-23,0.0,0.0,137,127
1412,Estar,HF1R,True,0.0,0.0,0.0,137,127
1412,Bstar,HF1R,True,2.6469779601696886e-23,0.0,0.0,137,113
1413,Rstar,HF1R,True,1.1102230246251565e-16,0.0,0.0,137,127
1413,Estar,HF1R,True,2.6469779601696886e-23,8.881784197001252e-16,0.0,137,125
1413,Bstar,HF1R,True,2.6469779601696886e-23,0.0,0.0,137,113
1414,Rstar,HF1R,True,5.293955920339377e-23,0.0,0.0,137,127
1414,Estar,HF1R,True,0.0,0.0,0.0,137,125
1414,Bstar,HF1R,True,2.6469779601696886e-23,0.0,0.0,137,113
1415,Rstar,HF1R,True,0.0,0.0,0.0,137,127
1415,Estar,HF1R,True,0.0,0.0,0.0,137,125
1415,Bstar,HF1R,True,9.107298248878237e-18,2.220446049250313e-16,0.0,137,112
1416,Rstar,HF1R,True,0.0,0.0,0.0,137,125
1416,Estar,HF1R,True,0.0,0.0,0.0,137,125
1416,Bstar,HF1R,True,8.391724815037804e-17,2.220446049250313e-16,0.0,137,112
1417,Rstar,HF1R,True,5.293955920339377e-23,0.0,0.0,137,125
1417,Estar,HF1R,True,0.0,0.0,0.0,137,123
1417,Bstar,HF1R,True,2.6469779601696886e-23,0.0,0.0,137,112
1418,Rstar,HF1R,True,5.293955920339377e-23,0.0,0.0,137,125
1418,Estar,HF1R,True,0.0,8.881784197001252e-16,0.0,137,123
1418,Bstar,HF1R,True,2.6469779601696886e-23,0.0,0.0,137,112
1419,Rstar,HF1R,True,5.293955920339377e-23,0.0,0.0,137,125
1419,Estar,HF1R,True,0.0,0.0,0.0,137,121
1419,Bstar,HF1R,True,5.551115123125783e-17,0.0,0.0,137,112
1420,Rstar,HF1R,True,0.0,0.0,1.1102230246251565e-16,137,124
1420,Estar,HF1R,True,0.0,0.0,0.0,137,120
1420,Bstar,HF1R,True,2.6469779601696886e-23,0.0,0.0,137,112
1421,Rstar,HF1R,True,0.0,0.0,1.1102230246251565e-16,137,124
1421,Estar,HF1R,True,0.0,0.0,0.0,137,118
1421,Bstar,HF1R,True,0.0,0.0,0.0,137,112
1422,Rstar,HF1R,True,0.0,0.0,1.1102230246251565e-16,137,124
1422,Estar,HF1R,True,0.0,0.0,0.0,137,118
1422,Bstar,HF1R,True,5.551115123125783e-17,0.0,0.0,137,112
1423,Rstar,HF1R,True,1.1102230246251565e-16,0.0,0.0,137,122
1423,Estar,HF1R,True,5.293955920339377e-23,0.0,0.0,137,120
1423,Bstar,HF1R,True,5.551115123125783e-17,0.0,0.0,137,112
1424,Rstar,HF1R,True,0.0,0.0,0.0,137,120
1424,Estar,HF1R,True,0.0,0.0,0.0,137,120
1424,Bstar,HF1R,True,5.551115123125783e-17,0.0,0.0,137,112
1425,Rstar,HF1R,True,2.220446049250313e-16,8.881784197001252e-16,0.0,137,120
1425,Estar,HF1R,True,0.0,0.0,0.0,137,120
1425,Bstar,HF1R,True,5.551115123125783e-17,2.220446049250313e-16,0.0,137,112
1426,Rstar,HF1R,True,0.0,0.0,0.0,137,120
1426,Estar,HF1R,True,0.0,0.0,0.0,137,118
1426,Bstar,HF1R,True,5.293955920339377e-23,0.0,0.0,137,112
1427,Rstar,HF1R,True,3.436920886779049e-17,0.0,0.0,137,119
1427,Estar,HF1R,True,1.1102230246251565e-16,0.0,0.0,137,116
1427,Bstar,HF1R,True,0.0,0.0,0.0,137,112
1428,Rstar,HF1R,True,0.0,0.0,0.0,137,118
1428,Estar,HF1R,True,0.0,0.0,0.0,137,116
1428,Bstar,HF1R,True,1.1102230246251565e-16,2.220446049250313e-16,0.0,137,110
1429,Rstar,HF1R,True,0.0,8.881784197001252e-16,0.0,137,117
1429,Estar,HF1R,True,5.293955920339377e-23,0.0,0.0,137,114
1429,Bstar,HF1R,True,5.551115123125783e-17,0.0,0.0,137,109
1430,Rstar,HF1R,True,5.551115123125783e-17,1.7763568394002505e-15,0.0,137,115
1430,Estar,HF1R,True,5.984795992119984e-17,8.881784197001252e-16,0.0,137,113
1430,Bstar,HF1R,True,5.551115123125783e-17,0.0,0.0,137,109
1431,Rstar,HF1R,True,5.551115123125783e-17,0.0,0.0,137,113
1431,Estar,HF1R,True,5.551115123125783e-17,0.0,0.0,137,112
1431,Bstar,HF1R,True,1.1102230246251565e-16,0.0,0.0,137,109
1432,Rstar,HF1R,True,0.0,0.0,0.0,137,111
1432,Estar,HF1R,True,5.551115123125783e-17,0.0,0.0,137,113
1432,Bstar,HF1R,True,1.1102230246251565e-16,2.220446049250313e-16,0.0,137,109
1433,Rstar,HF1R,True,5.293955920339377e-23,0.0,0.0,137,111
1433,Estar,HF1R,True,5.551115123125783e-17,0.0,0.0,137,113
1433,Bstar,HF1R,True,0.0,0.0,0.0,137,109
1434,Rstar,HF1R,True,0.0,0.0,0.0,137,111
1434,Estar,HF1R,True,5.551115123125783e-17,0.0,0.0,137,111
1434,Bstar,HF1R,True,1.1102230246251565e-16,0.0,0.0,137,109
1435,Rstar,HF1R,True,5.551115123125783e-17,0.0,0.0,137,111
1435,Estar,HF1R,True,5.551115123125783e-17,0.0,0.0,137,109
1435,Bstar,HF1R,True,1.1102230246251565e-16,2.220446049250313e-16,0.0,137,109
1436,Rstar,HF1R,True,5.551115123125783e-17,0.0,0.0,137,113
1436,Estar,HF1R,True,0.0,0.0,0.0,137,109
1436,Bstar,HF1R,True,0.0,2.220446049250313e-16,0.0,137,109
1437,Rstar,HF1R,True,5.293955920339377e-23,0.0,0.0,137,113
1437,Estar,HF1R,True,0.0,0.0,0.0,137,107
1437,Bstar,HF1R,True,1.1102230246251565e-16,0.0,0.0,137,109
1438,Rstar,HF1R,True,0.0,0.0,0.0,137,113
1438,Estar,HF1R,True,1.1102230246251565e-16,0.0,0.0,137,107
1438,Bstar,HF1R,True,0.0,0.0,0.0,137,109
1439,Rstar,HF1R,True,1.1102230246251565e-16,8.881784197001252e-16,0.0,137,113
1439,Estar,HF1R,True,1.1102230246251565e-16,0.0,0.0,137,107
1439,Bstar,HF1R,True,1.1102230246251565e-16,2.220446049250313e-16,0.0,137,107
1440,Rstar,HF1R,True,5.551115123125783e-17,8.881784197001252e-16,0.0,137,113
1440,Estar,HF1R,True,1.1102230246251565e-16,0.0,0.0,137,107
1440,Bstar,HF1R,True,5.551115123125783e-17,4.440892098500626e-16,0.0,137,107
1441,Rstar,HF1R,True,5.551115123125783e-17,0.0,0.0,137,111
1441,Estar,HF1R,True,1.1102230246251565e-16,8.881784197001252e-16,0.0,137,107
1441,Bstar,HF1R,True,0.0,2.220446049250313e-16,0.0,137,107
1442,Rstar,HF1R,True,1.1102230246251565e-16,0.0,0.0,137,111
1442,Estar,HF1R,True,1.1102230246251565e-16,8.881784197001252e-16,0.0,137,107
1442,Bstar,HF1R,True,5.551115123125783e-17,0.0,0.0,137,107
1443,Rstar,HF1R,True,1.1102230246251565e-16,8.881784197001252e-16,0.0,137,109
1443,Estar,HF1R,True,0.0,0.0,0.0,137,105
1443,Bstar,HF1R,True,1.1102230246251565e-16,0.0,0.0,137,107
1444,Rstar,HF1R,True,1.1102230246251565e-16,0.0,0.0,137,107
1444,Estar,HF1R,True,5.551115123125783e-17,0.0,0.0,137,105
1444,Bstar,HF1R,True,0.0,0.0,0.0,137,105
1445,Rstar,HF1R,True,1.1102230246251565e-16,0.0,0.0,137,107
1445,Estar,HF1R,True,1.1102230246251565e-16,0.0,0.0,137,105
1445,Bstar,HF1R,True,2.7755575615628914e-17,2.220446049250313e-16,0.0,137,105
1446,Rstar,HF1R,True,5.551115123125783e-17,0.0,0.0,137,107
1446,Estar,HF1R,True,5.551115123125783e-17,0.0,0.0,137,102
1446,Bstar,HF1R,True,1.1102230246251565e-16,0.0,0.0,137,104
1447,Rstar,HF1R,True,6.158268339717665e-17,0.0,0.0,137,107
1447,Estar,HF1R,True,3.0357660829594124e-17,8.881784197001252e-16,0.0,137,101
1447,Bstar,HF1R,True,1.1102230246251565e-16,2.220446049250313e-16,0.0,137,104
1448,Rstar,HF1R,True,1.1102230246251565e-16,0.0,0.0,137,107
1448,Estar,HF1R,True,3.5561831257524545e-17,0.0,0.0,137,101
1448,Bstar,HF1R,True,1.1102230246251565e-16,2.220446049250313e-16,0.0,137,104
1449,Rstar,HF1R,True,1.1102230246251565e-16,0.0,0.0,137,108
1449,Estar,HF1R,True,9.82287168271867e-17,0.0,0.0,137,103
1449,Bstar,HF1R,True,1.1102230246251565e-16,0.0,0.0,137,104
1450,Rstar,HF1R,True,5.293955920339377e-23,0.0,0.0,130,100
1450,Estar,HF1R,True,5.551115123125783e-17,0.0,0.0,130,102
1450,Bstar,HF1R,True,5.551115123125783e-17,0.0,0.0,130,92
1451,Rstar,HF1R,True,5.551115123125783e-17,0.0,0.0,130,100
1451,Estar,HF1R,True,5.293955920339377e-23,0.0,0.0,130,100
1451,Bstar,HF1R,True,1.1102230246251565e-16,0.0,0.0,130,92
1452,Rstar,HF1R,True,5.551115123125783e-17,0.0,0.0,130,98
1452,Estar,HF1R,True,1.1102230246251565e-16,0.0,0.0,130,98
1452,Bstar,HF1R,True,1.1102230246251565e-16,2.220446049250313e-16,0.0,130,92
1453,Rstar,HF1R,True,1.1102230246251565e-16,8.881784197001252e-16,0.0,130,96
1453,Estar,HF1R,True,1.1102230246251565e-16,0.0,0.0,130,98
1453,Bstar,HF1R,True,8.326672684688674e-17,2.220446049250313e-16,0.0,130,92
1454,Rstar,HF1R,True,1.1102230246251565e-16,8.881784197001252e-16,0.0,130,96
1454,Estar,HF1R,True,1.1102230246251565e-16,0.0,0.0,130,94
1454,Bstar,HF1R,True,5.551115123125783e-17,0.0,0.0,130,92
1455,Rstar,HF1R,True,0.0,0.0,0.0,130,98
1455,Estar,HF1R,True,5.293955920339377e-23,0.0,0.0,130,94
1455,Bstar,HF1R,True,8.326672684688674e-17,0.0,0.0,130,92
1456,Rstar,HF1R,True,1.1102230246251565e-16,0.0,0.0,130,98
1456,Estar,HF1R,True,2.7755575615628914e-17,0.0,0.0,130,94
1456,Bstar,HF1R,True,1.3877787807814457e-17,2.220446049250313e-16,0.0,130,92
1457,Rstar,HF1R,True,8.326672684688674e-17,0.0,0.0,130,98
1457,Estar,HF1R,True,1.1102230246251565e-16,0.0,0.0,130,94
1457,Bstar,HF1R,True,8.326672684688674e-17,2.220446049250313e-16,0.0,130,90
1458,Rstar,HF1R,True,0.0,8.881784197001252e-16,0.0,130,98
1458,Estar,HF1R,True,2.7755575615628914e-17,0.0,0.0,130,94
1458,Bstar,HF1R,True,1.1102230246251565e-16,2.220446049250313e-16,0.0,130,88
1459,Rstar,HF1R,True,1.1102230246251565e-16,0.0,0.0,130,96
1459,Estar,HF1R,True,1.1102230246251565e-16,0.0,0.0,130,94
1459,Bstar,HF1R,True,2.7755575615628914e-17,0.0,0.0,130,88
1460,Rstar,HF1R,True,1.1102230246251565e-16,0.0,0.0,130,94
1460,Estar,HF1R,True,5.551115123125783e-17,0.0,0.0,130,94
1460,Bstar,HF1R,True,1.1102230246251565e-16,2.220446049250313e-16,0.0,130,88
1461,Rstar,HF1R,True,1.1102230246251565e-16,0.0,0.0,130,92
1461,Estar,HF1R,True,1.1102230246251565e-16,0.0,0.0,130,94
1461,Bstar,HF1R,True,9.020562075079397e-17,2.220446049250313e-16,0.0,130,88
1462,Rstar,HF1R,True,5.293955920339377e-23,0.0,0.0,130,90
1462,Estar,HF1R,True,2.7755575615628914e-17,0.0,0.0,130,92
1462,Bstar,HF1R,True,1.1102230246251565e-16,0.0,0.0,130,88
1463,Rstar,HF1R,True,8.326672684688674e-17,0.0,0.0,130,90
1463,Estar,HF1R,True,8.326672684688674e-17,0.0,0.0,130,90
1463,Bstar,HF1R,True,2.42861286636753e-17,0.0,0.0,130,86
1464,Rstar,HF1R,True,2.7755575615628914e-17,0.0,0.0,130,90
1464,Estar,HF1R,True,2.7755575615628914e-17,0.0,0.0,130,90
1464,Bstar,HF1R,True,1.1102230246251565e-16,0.0,0.0,130,86
1465,Rstar,HF1R,True,1.1102230246251565e-16,0.0,0.0,130,90
1465,Estar,HF1R,True,1.1102230246251565e-16,8.881784197001252e-16,0.0,130,90
1465,Bstar,HF1R,True,1.1102230246251565e-16,0.0,0.0,130,86
1466,Rstar,HF1R,True,1.1102230246251565e-16,0.0,0.0,130,90
1466,Estar,HF1R,True,1.1102230246251565e-16,0.0,0.0,130,90
1466,Bstar,HF1R,True,1.1102230246251565e-16,0.0,0.0,130,86
1467,Rstar,HF1R,True,1.1102230246251565e-16,0.0,0.0,130,92
1467,Estar,HF1R,True,1.1102230246251565e-16,0.0,0.0,130,90
1467,Bstar,HF1R,True,1.1102230246251565e-16,4.440892098500626e-16,0.0,130,86
1468,Rstar,HF1R,True,1.1102230246251565e-16,0.0,0.0,130,92
1468,Estar,HF1R,True,1.1102230246251565e-16,8.881784197001252e-16,0.0,130,90
1468,Bstar,HF1R,True,1.1102230246251565e-16,0.0,0.0,130,86
1469,Rstar,HF1R,True,5.293955920339377e-23,0.0,0.0,123,83
1469,Estar,HF1R,True,5.551115123125783e-17,0.0,0.0,123,81
1469,Bstar,HF1R,True,1.1102230246251565e-16,0.0,0.0,123,85
1470,Rstar,HF1R,True,6.938893903907228e-17,0.0,0.0,123,85
1470,Estar,HF1R,True,4.163336342344337e-17,0.0,0.0,123,83
1470,Bstar,HF1R,True,1.1102230246251565e-16,0.0,0.0,123,85
1471,Rstar,HF1R,True,9.020562075079397e-17,0.0,0.0,123,85
1471,Estar,HF1R,True,1.1102230246251565e-16,0.0,0.0,123,83
1471,Bstar,HF1R,True,1.1102230246251565e-16,0.0,0.0,123,85
1472,Rstar,HF1R,True,1.1102230246251565e-16,0.0,0.0,123,83
1472,Estar,HF1R,True,1.1102230246251565e-16,8.881784197001252e-16,0.0,123,81
1472,Bstar,HF1R,True,1.1102230246251565e-16,2.220446049250313e-16,0.0,123,85
1473,Rstar,HF1R,True,8.326672684688674e-17,0.0,0.0,123,84
1473,Estar,HF1R,True,0.0,0.0,0.0,123,81
1473,Bstar,HF1R,True,4.163336342344337e-17,2.220446049250313e-16,0.0,123,85
1474,Rstar,HF1R,True,8.326672684688674e-17,0.0,0.0,123,85
1474,Estar,HF1R,True,2.2551405187698492e-17,0.0,0.0,123,83
1474,Bstar,HF1R,True,8.326672684688674e-17,0.0,0.0,123,85
1475,Rstar,HF1R,True,1.1102230246251565e-16,8.881784197001252e-16,0.0,123,85
1475,Estar,HF1R,True,1.3877787807814457e-17,0.0,0.0,123,84
1475,Bstar,HF1R,True,1.1102230246251565e-16,0.0,0.0,123,85
1476,Rstar,HF1R,True,7.546047120499111e-17,0.0,0.0,123,83
1476,Estar,HF1R,True,3.642919299551295e-17,0.0,0.0,123,83
1476,Bstar,HF1R,True,5.551115123125783e-17,0.0,0.0,123,85
1477,Rstar,HF1R,True,1.3877787807814457e-17,8.881784197001252e-16,0.0,123,82
1477,Estar,HF1R,True,8.326672684688674e-17,0.0,0.0,123,81
1477,Bstar,HF1R,True,5.293955920339377e-23,0.0,0.0,123,84
1478,Rstar,HF1R,True,1.1102230246251565e-16,0.0,0.0,123,82
1478,Estar,HF1R,True,1.1102230246251565e-16,8.881784197001252e-16,0.0,123,79
1478,Bstar,HF1R,True,5.551115123125783e-17,0.0,0.0,123,83
1479,Rstar,HF1R,True,8.326672684688674e-17,0.0,0.0,123,82
1479,Estar,HF1R,True,1.3877787807814457e-17,8.881784197001252e-16,0.0,123,80
1479,Bstar,HF1R,True,1.1102230246251565e-16,0.0,0.0,123,83
1480,Rstar,HF1R,True,1.1102230246251565e-16,0.0,0.0,123,82
1480,Estar,HF1R,True,9.367506770274758e-17,0.0,0.0,123,79
1480,Bstar,HF1R,True,9.150666335777657e-17,0.0,0.0,123,83
1481,Rstar,HF1R,True,8.326672684688674e-17,4.440892098500626e-16,0.0,123,80
1481,Estar,HF1R,True,1.1102230246251565e-16,4.440892098500626e-16,0.0,123,78
1481,Bstar,HF1R,True,7.502679033599691e-17,0.0,0.0,123,83
1482,Rstar,HF1R,True,5.551115123125783e-17,4.440892098500626e-16,0.0,123,80
1482,Estar,HF1R,True,1.1102230246251565e-16,4.440892098500626e-16,0.0,123,79
1482,Bstar,HF1R,True,5.551115123125783e-17,0.0,0.0,123,83
1483,Rstar,HF1R,True,8.326672684688674e-17,4.440892098500626e-16,0.0,123,80
1483,Estar,HF1R,True,8.326672684688674e-17,0.0,0.0,123,80
1483,Bstar,HF1R,True,5.551115123125783e-17,0.0,0.0,123,83
1484,Rstar,HF1R,True,5.551115123125783e-17,0.0,0.0,123,80
1484,Estar,HF1R,True,5.551115123125783e-17,0.0,0.0,123,80
1484,Bstar,HF1R,True,5.551115123125783e-17,0.0,0.0,123,83
1485,Rstar,HF1R,True,1.1102230246251565e-16,4.440892098500626e-16,0.0,123,81
1485,Estar,HF1R,True,0.0,0.0,0.0,123,79
1485,Bstar,HF1R,True,0.0,0.0,0.0,123,83
1486,Rstar,HF1R,True,2.7755575615628914e-17,0.0,0.0,116,76
1486,Estar,HF1R,True,2.7755575615628914e-17,0.0,0.0,116,74
1486,Bstar,HF1R,True,1.1102230246251565e-16,0.0,0.0,116,72
1487,Rstar,HF1R,True,2.7755575615628914e-17,4.440892098500626e-16,0.0,116,76
1487,Estar,HF1R,True,2.7755575615628914e-17,0.0,0.0,116,76
1487,Bstar,HF1R,True,1.1102230246251565e-16,0.0,0.0,116,72
1488,Rstar,HF1R,True,1.1102230246251565e-16,0.0,0.0,116,76
1488,Estar,HF1R,True,0.0,0.0,0.0,116,76
1488,Bstar,HF1R,True,0.0,0.0,0.0,116,72
1489,Rstar,HF1R,True,1.1102230246251565e-16,0.0,0.0,116,76
1489,Estar,HF1R,True,0.0,4.440892098500626e-16,0.0,116,74
1489,Bstar,HF1R,True,1.1102230246251565e-16,0.0,0.0,116,72
1490,Rstar,HF1R,True,0.0,4.440892098500626e-16,0.0,116,76
1490,Estar,HF1R,True,0.0,0.0,0.0,116,74
1490,Bstar,HF1R,True,1.1102230246251565e-16,0.0,0.0,116,72
1491,Rstar,HF1R,True,5.551115123125783e-17,0.0,0.0,116,76
1491,Estar,HF1R,True,5.293955920339377e-23,0.0,0.0,116,74
1491,Bstar,HF1R,True,1.1102230246251565e-16,0.0,0.0,116,72
1492,Rstar,HF1R,True,5.293955920339377e-23,4.440892098500626e-16,0.0,116,76
1492,Estar,HF1R,True,5.293955920339377e-23,0.0,0.0,116,76
1492,Bstar,HF1R,True,5.551115123125783e-17,0.0,0.0,116,72
1493,Rstar,HF1R,True,1.1102230246251565e-16,0.0,0.0,116,76
1493,Estar,HF1R,True,1.1102230246251565e-16,0.0,0.0,116,76
1493,Bstar,HF1R,True,1.1102230246251565e-16,0.0,0.0,116,72
1494,Rstar,HF1R,True,1.1102230246251565e-16,4.440892098500626e-16,0.0,116,76
1494,Estar,HF1R,True,1.0587911840678754e-22,8.881784197001252e-16,0.0,116,74
1494,Bstar,HF1R,True,0.0,0.0,0.0,116,72
1495,Rstar,HF1R,True,0.0,4.440892098500626e-16,0.0,116,78
1495,Estar,HF1R,True,5.551115123125783e-17,0.0,0.0,116,74
1495,Bstar,HF1R,True,0.0,0.0,0.0,116,72
1496,Rstar,HF1R,True,5.293955920339377e-23,0.0,0.0,116,80
1496,Estar,HF1R,True,1.1102230246251565e-16,0.0,0.0,116,76
1496,Bstar,HF1R,True,0.0,2.220446049250313e-16,0.0,116,72
1497,Rstar,HF1R,True,1.1102230246251565e-16,0.0,0.0,116,80
1497,Estar,HF1R,True,1.1102230246251565e-16,4.440892098500626e-16,0.0,116,76
1497,Bstar,HF1R,True,0.0,2.220446049250313e-16,0.0,116,72
1498,Rstar,HF1R,True,5.551115123125783e-17,0.0,0.0,116,80
1498,Estar,HF1R,True,1.0587911840678754e-22,0.0,0.0,116,78
1498,Bstar,HF1R,True,0.0,0.0,0.0,116,70
1499,Rstar,HF1R,True,5.551115123125783e-17,0.0,0.0,116,80
1499,Estar,HF1R,True,5.551115123125783e-17,0.0,0.0,116,78
1499,Bstar,HF1R,True,5.293955920339377e-23,0.0,0.0,116,68
1500,Rstar,HF1R,True,0.0,0.0,0.0,116,80
1500,Estar,HF1R,True,5.551115123125783e-17,0.0,0.0,116,78
1500,Bstar,HF1R,True,0.0,0.0,0.0,116,68
1501,Rstar,HF1R,True,5.551115123125783e-17,0.0,0.0,116,78
1501,Estar,HF1R,True,0.0,0.0,0.0,116,78
1501,Bstar,HF1R,True,0.0,2.220446049250313e-16,0.0,116,68
1502,Rstar,HF1R,True,0.0,0.0,0.0,116,78
1502,Estar,HF1R,True,0.0,0.0,0.0,116,78
1502,Bstar,HF1R,True,0.0,2.220446049250313e-16,0.0,116,68
1503,Rstar,HF1R,True,0.0,0.0,0.0,116,76
1503,Estar,HF1R,True,5.293955920339377e-23,0.0,0.0,116,78
1503,Bstar,HF1R,True,5.293955920339377e-23,0.0,0.0,116,68
1504,Rstar,HF1R,True,0.0,4.440892098500626e-16,0.0,109,69
1504,Estar,HF1R,True,0.0,4.440892098500626e-16,0.0,109,67
1504,Bstar,HF1R,True,5.293955920339377e-23,0.0,0.0,109,66
1505,Rstar,HF1R,True,5.293955920339377e-23,0.0,0.0,109,69
1505,Estar,HF1R,True,0.0,4.440892098500626e-16,0.0,109,67
1505,Bstar,HF1R,True,1.1102230246251565e-16,0.0,0.0,109,66
1506,Rstar,HF1R,True,0.0,0.0,0.0,109,67
1506,Estar,HF1R,True,5.293955920339377e-23,0.0,0.0,109,69
1506,Bstar,HF1R,True,5.293955920339377e-23,0.0,0.0,109,66
1507,Rstar,HF1R,True,5.293955920339377e-23,0.0,0.0,109,69
1507,Estar,HF1R,True,1.0587911840678754e-22,4.440892098500626e-16,0.0,109,67
1507,Bstar,HF1R,True,1.1102230246251565e-16,0.0,0.0,109,64
1508,Rstar,HF1R,True,0.0,0.0,0.0,109,69
1508,Estar,HF1R,True,0.0,0.0,0.0,109,69
1508,Bstar,HF1R,True,0.0,2.220446049250313e-16,0.0,109,64
1509,Rstar,HF1R,True,5.293955920339377e-23,4.440892098500626e-16,0.0,109,71
1509,Estar,HF1R,True,1.0587911840678754e-22,0.0,0.0,109,69
1509,Bstar,HF1R,True,0.0,2.220446049250313e-16,0.0,109,63
1510,Rstar,HF1R,True,0.0,4.440892098500626e-16,0.0,109,69
1510,Estar,HF1R,True,0.0,0.0,0.0,109,69
1510,Bstar,HF1R,True,0.0,0.0,0.0,109,63
1511,Rstar,HF1R,True,0.0,4.440892098500626e-16,0.0,109,69
1511,Estar,HF1R,True,0.0,0.0,0.0,109,69
1511,Bstar,HF1R,True,0.0,0.0,0.0,109,63
1512,Rstar,HF1R,True,1.1102230246251565e-16,4.440892098500626e-16,0.0,109,69
1512,Estar,HF1R,True,1.1102230246251565e-16,0.0,0.0,109,69
1512,Bstar,HF1R,True,0.0,2.220446049250313e-16,0.0,109,63
1513,Rstar,HF1R,True,1.5612511283791264e-17,0.0,0.0,109,69
1513,Estar,HF1R,True,1.0587911840678754e-22,0.0,0.0,109,70
1513,Bstar,HF1R,True,5.293955920339377e-23,0.0,0.0,109,61
1514,Rstar,HF1R,True,1.1102230246251565e-16,4.440892098500626e-16,0.0,109,69
1514,Estar,HF1R,True,8.413408858487514e-17,0.0,0.0,109,71
1514,Bstar,HF1R,True,5.293955920339377e-23,0.0,0.0,109,61
1515,Rstar,HF1R,True,3.9898639947466563e-17,4.440892098500626e-16,0.0,109,69
1515,Estar,HF1R,True,1.5612511283791264e-17,0.0,0.0,109,71
1515,Bstar,HF1R,True,0.0,2.220446049250313e-16,0.0,109,61
1516,Rstar,HF1R,True,2.5370330836160804e-17,4.440892098500626e-16,0.0,109,69
1516,Estar,HF1R,True,0.0,4.440892098500626e-16,0.0,109,70
1516,Bstar,HF1R,True,0.0,0.0,0.0,109,61
1517,Rstar,HF1R,True,8.933825901280557e-17,0.0,0.0,109,69
1517,Estar,HF1R,True,0.0,4.440892098500626e-16,0.0,109,70
1517,Bstar,HF1R,True,5.293955920339377e-23,0.0,0.0,109,61
1518,Rstar,HF1R,True,4.2500725161431774e-17,0.0,0.0,109,69
1518,Estar,HF1R,True,5.293955920339377e-23,8.881784197001252e-16,0.0,109,70
1518,Bstar,HF1R,True,5.293955920339377e-23,2.220446049250313e-16,0.0,109,61
1519,Rstar,HF1R,True,2.6020852139652106e-17,0.0,0.0,109,69
1519,Estar,HF1R,True,5.293955920339377e-23,0.0,0.0,109,70
1519,Bstar,HF1R,True,0.0,0.0,0.0,109,61
1520,Rstar,HF1R,True,0.0,4.440892098500626e-16,0.0,109,70
1520,Estar,HF1R,True,0.0,4.440892098500626e-16,0.0,109,70
1520,Bstar,HF1R,True,0.0,0.0,0.0,109,61
1521,Rstar,HF1R,True,0.0,0.0,0.0,109,70
1521,Estar,HF1R,True,0.0,0.0,0.0,109,70
1521,Bstar,HF1R,True,5.293955920339377e-23,0.0,0.0,109,61
1522,Rstar,HF1R,True,0.0,0.0,0.0,109,70
1522,Estar,HF1R,True,0.0,4.440892098500626e-16,0.0,109,70
1522,Bstar,HF1R,True,5.293955920339377e-23,0.0,0.0,109,61
1523,Rstar,HF1R,True,5.293955920339377e-23,0.0,0.0,109,70
1523,Estar,HF1R,True,5.293955920339377e-23,0.0,0.0,109,69
1523,Bstar,HF1R,True,0.0,0.0,0.0,109,61
1524,Rstar,HF1R,True,3.122502256758253e-17,0.0,0.0,103,63
1524,Estar,HF1R,True,3.122502256758253e-17,4.440892098500626e-16,0.0,103,63
1524,Bstar,HF1R,True,0.0,0.0,0.0,103,56
1525,Rstar,HF1R,True,1.5612511283791264e-17,0.0,0.0,103,63
1525,Estar,HF1R,True,4.336808689942018e-17,0.0,0.0,103,63
1525,Bstar,HF1R,True,0.0,2.220446049250313e-16,0.0,103,56
1526,Rstar,HF1R,True,1.3877787807814457e-17,0.0,0.0,103,63
1526,Estar,HF1R,True,5.551115123125783e-17,0.0,0.0,103,63
1526,Bstar,HF1R,True,5.551115123125783e-17,0.0,0.0,103,55
1527,Rstar,HF1R,True,3.8163916471489756e-17,4.440892098500626e-16,0.0,103,63
1527,Estar,HF1R,True,3.8163916471489756e-17,0.0,0.0,103,63
1527,Bstar,HF1R,True,2.3852447794681098e-18,0.0,0.0,103,55
1528,Rstar,HF1R,True,1.734723475976807e-18,0.0,0.0,103,63
1528,Estar,HF1R,True,0.0,0.0,0.0,103,64
1528,Bstar,HF1R,True,3.469446951953614e-17,2.220446049250313e-16,0.0,103,55
1529,Rstar,HF1R,True,6.938893903907228e-18,4.440892098500626e-16,0.0,103,63
1529,Estar,HF1R,True,1.1102230246251565e-16,0.0,0.0,103,65
1529,Bstar,HF1R,True,7.28583859910259e-17,0.0,0.0,103,55
1530,Rstar,HF1R,True,1.1102230246251565e-16,4.440892098500626e-16,0.0,103,64
1530,Estar,HF1R,True,1.1102230246251565e-16,4.440892098500626e-16,0.0,103,67
1530,Bstar,HF1R,True,0.0,2.220446049250313e-16,0.0,103,54
1531,Rstar,HF1R,True,8.933825901280557e-17,0.0,0.0,103,67
1531,Estar,HF1R,True,1.1102230246251565e-16,4.440892098500626e-16,0.0,103,69
1531,Bstar,HF1R,True,1.1102230246251565e-16,0.0,0.0,103,53
1532,Rstar,HF1R,True,5.551115123125783e-17,0.0,0.0,103,68
1532,Estar,HF1R,True,1.1102230246251565e-16,0.0,0.0,103,70
1532,Bstar,HF1R,True,1.1102230246251565e-16,2.220446049250313e-16,0.0,103,53
1533,Rstar,HF1R,True,5.551115123125783e-17,4.440892098500626e-16,0.0,103,70
1533,Estar,HF1R,True,5.551115123125783e-17,0.0,0.0,103,69
1533,Bstar,HF1R,True,1.1102230246251565e-16,0.0,0.0,103,53
1534,Rstar,HF1R,True,1.1102230246251565e-16,4.440892098500626e-16,0.0,103,70
1534,Estar,HF1R,True,1.1102230246251565e-16,0.0,0.0,103,69
1534,Bstar,HF1R,True,4.336808689942018e-17,0.0,0.0,103,53
1535,Rstar,HF1R,True,5.551115123125783e-17,4.440892098500626e-16,0.0,103,70
1535,Estar,HF1R,True,1.1102230246251565e-16,8.881784197001252e-16,0.0,103,69
1535,Bstar,HF1R,True,6.852157730108388e-17,0.0,0.0,103,53
1536,Rstar,HF1R,True,1.1102230246251565e-16,0.0,0.0,103,70
1536,Estar,HF1R,True,1.1102230246251565e-16,0.0,0.0,103,68
1536,Bstar,HF1R,True,6.591949208711867e-17,2.220446049250313e-16,0.0,103,53
1537,Rstar,HF1R,True,0.0,0.0,0.0,103,68
1537,Estar,HF1R,True,5.551115123125783e-17,4.440892098500626e-16,0.0,103,34
1537,Bstar,HF1R,True,5.377642775528102e-17,0.0,0.0,103,53
1538,Rstar,HF1R,True,2.7755575615628914e-17,0.0,0.0,103,34
1538,Estar,HF1R,True,5.551115123125783e-17,0.0,5.551115123125783e-17,103,33
1538,Bstar,HF1R,True,9.80118763926896e-17,0.0,0.0,103,53
1539,Rstar,HF1R,True,5.551115123125783e-17,4.440892098500626e-16,5.551115123125783e-17,103,33
1539,Estar,HF1R,True,5.551115123125783e-17,0.0,5.551115123125783e-17,103,33
1539,Bstar,HF1R,True,9.540979117872439e-17,2.220446049250313e-16,0.0,103,53
1540,Rstar,HF1R,True,5.551115123125783e-17,0.0,5.551115123125783e-17,103,33
1540,Estar,HF1R,True,5.551115123125783e-17,0.0,5.551115123125783e-17,103,33
1540,Bstar,HF1R,True,0.0,2.220446049250313e-16,0.0,103,54
1541,Rstar,HF1R,True,2.7755575615628914e-17,4.440892098500626e-16,5.551115123125783e-17,103,33
1541,Estar,HF1R,True,1.1102230246251565e-16,0.0,5.551115123125783e-17,103,33
1541,Bstar,HF1R,True,1.1102230246251565e-16,0.0,0.0,103,53
1542,Rstar,HF1R,True,1.1102230246251565e-16,0.0,5.551115123125783e-17,103,33
1542,Estar,HF1R,True,1.1102230246251565e-16,4.440892098500626e-16,5.551115123125783e-17,103,33
1542,Bstar,HF1R,True,2.7755575615628914e-17,0.0,0.0,103,53
1543,Rstar,HF1R,True,8.326672684688674e-17,0.0,0.0,103,34
1543,Estar,HF1R,True,5.551115123125783e-17,0.0,0.0,103,34
1543,Bstar,HF1R,True,4.163336342344337e-17,2.220446049250313e-16,0.0,103,52
1544,Rstar,HF1R,True,8.326672684688674e-17,0.0,0.0,103,34
1544,Estar,HF1R,True,8.326672684688674e-17,4.440892098500626e-16,0.0,103,34
1544,Bstar,HF1R,True,8.326672684688674e-17,0.0,0.0,103,52
1545,Rstar,HF1R,True,5.551115123125783e-17,0.0,0.0,103,34
1545,Estar,HF1R,True,5.551115123125783e-17,0.0,5.551115123125783e-17,103,35
1545,Bstar,HF1R,True,1.1102230246251565e-16,0.0,0.0,103,52
1546,Rstar,HF1R,True,5.551115123125783e-17,0.0,5.551115123125783e-17,103,35
1546,Estar,HF1R,True,6.245004513516506e-17,4.440892098500626e-16,0.0,103,34
1546,Bstar,HF1R,True,4.163336342344337e-17,2.220446049250313e-16,0.0,103,52
1547,Rstar,HF1R,True,5.551115123125783e-17,0.0,0.0,103,34
1547,Estar,HF1R,True,5.551115123125783e-17,0.0,0.0,103,34
1547,Bstar,HF1R,True,6.245004513516506e-17,4.440892098500626e-16,0.0,103,52
1548,Rstar,HF1R,True,7.546047120499111e-17,0.0,0.0,103,34
1548,Estar,HF1R,True,9.71445146547012e-17,0.0,5.551115123125783e-17,103,36
1548,Bstar,HF1R,True,1.1102230246251565e-16,0.0,0.0,103,53
1549,Rstar,HF1R,True,4.85722573273506e-17,4.440892098500626e-16,5.551115123125783e-17,97,30
1549,Estar,HF1R,True,4.85722573273506e-17,0.0,5.551115123125783e-17,97,30
1549,Bstar,HF1R,True,1.1102230246251565e-16,2.220446049250313e-16,0.0,97,54
1550,Rstar,HF1R,True,5.551115123125783e-17,4.440892098500626e-16,5.551115123125783e-17,97,30
1550,Estar,HF1R,True,5.551115123125783e-17,0.0,5.551115123125783e-17,97,30
1550,Bstar,HF1R,True,2.0816681711721685e-17,0.0,0.0,97,54
1551,Rstar,HF1R,True,1.1102230246251565e-16,0.0,5.551115123125783e-17,97,31
1551,Estar,HF1R,True,0.0,4.440892098500626e-16,5.551115123125783e-17,97,32
1551,Bstar,HF1R,True,1.1102230246251565e-16,0.0,0.0,97,54
1552,Rstar,HF1R,True,1.3877787807814457e-17,0.0,5.551115123125783e-17,97,32
1552,Estar,HF1R,True,6.938893903907228e-17,0.0,5.551115123125783e-17,97,32
1552,Bstar,HF1R,True,1.1102230246251565e-16,0.0,0.0,97,51
1553,Rstar,HF1R,True,1.1102230246251565e-16,0.0,5.551115123125783e-17,97,32
1553,Estar,HF1R,True,1.1102230246251565e-16,0.0,5.551115123125783e-17,97,32
1553,Bstar,HF1R,True,1.1102230246251565e-16,0.0,0.0,97,51
1554,Rstar,HF1R,True,5.551115123125783e-17,4.440892098500626e-16,5.551115123125783e-17,97,32
1554,Estar,HF1R,True,0.0,4.440892098500626e-16,5.551115123125783e-17,97,31
1554,Bstar,HF1R,True,1.1102230246251565e-16,0.0,0.0,97,51
1555,Rstar,HF1R,True,8.326672684688674e-17,4.440892098500626e-16,5.551115123125783e-17,97,31
1555,Estar,HF1R,True,8.326672684688674e-17,0.0,5.551115123125783e-17,97,31
1555,Bstar,HF1R,True,2.7755575615628914e-17,0.0,0.0,97,51
1556,Rstar,HF1R,True,8.326672684688674e-17,0.0,5.551115123125783e-17,97,31
1556,Estar,HF1R,True,5.551115123125783e-17,4.440892098500626e-16,5.551115123125783e-17,97,31
1556,Bstar,HF1R,True,1.1102230246251565e-16,0.0,0.0,97,49
1557,Rstar,HF1R,True,5.551115123125783e-17,4.440892098500626e-16,5.551115123125783e-17,97,31
1557,Estar,HF1R,True,5.551115123125783e-17,8.881784197001252e-16,5.551115123125783e-17,97,31
1557,Bstar,HF1R,True,1.1102230246251565e-16,2.220446049250313e-16,0.0,97,51
1558,Rstar,HF1R,True,5.551115123125783e-17,0.0,5.551115123125783e-17,97,31
1558,Estar,HF1R,True,5.551115123125783e-17,4.440892098500626e-16,5.551115123125783e-17,97,31
1558,Bstar,HF1R,True,0.0,0.0,0.0,97,51
1559,Rstar,HF1R,True,1.1102230246251565e-16,0.0,5.551115123125783e-17,97,31
1559,Estar,HF1R,True,5.551115123125783e-17,0.0,5.551115123125783e-17,97,31
1559,Bstar,HF1R,True,1.1102230246251565e-16,0.0,0.0,97,51
1560,Rstar,HF1R,True,5.551115123125783e-17,0.0,5.551115123125783e-17,97,31
1560,Estar,HF1R,True,5.551115123125783e-17,0.0,5.551115123125783e-17,97,31
1560,Bstar,HF1R,True,0.0,0.0,0.0,97,51
1561,Rstar,HF1R,True,5.551115123125783e-17,0.0,5.551115123125783e-17,97,30
1561,Estar,HF1R,True,5.551115123125783e-17,0.0,5.551115123125783e-17,97,30
1561,Bstar,HF1R,True,1.1102230246251565e-16,0.0,0.0,97,51
1562,Rstar,HF1R,True,5.551115123125783e-17,4.440892098500626e-16,5.551115123125783e-17,97,31
1562,Estar,HF1R,True,5.551115123125783e-17,0.0,5.551115123125783e-17,97,31
1562,Bstar,HF1R,True,5.551115123125783e-17,0.0,0.0,97,51
1563,Rstar,HF1R,True,1.1102230246251565e-16,0.0,5.551115123125783e-17,97,31
1563,Estar,HF1R,True,5.551115123125783e-17,4.440892098500626e-16,5.551115123125783e-17,97,32
1563,Bstar,HF1R,True,1.3234889800848443e-23,0.0,0.0,97,49
1636,Rstar,HF1_sparse,True,5.551115123125783e-17,2.220446049250313e-16,5.551115123125783e-17,79,25
1636,Estar,HF1_sparse,True,5.551115123125783e-17,2.220446049250313e-16,5.551115123125783e-17,79,25
1636,Bstar,HF1_sparse,True,1.1102230246251565e-16,1.1102230246251565e-16,0.0,79,41
1856,Rstar,HF1_sparse,True,3.469446951953614e-17,0.0,0.0,49,14
1856,Estar,HF1_sparse,True,3.469446951953614e-17,2.220446049250313e-16,0.0,49,13
1856,Bstar,HF1_sparse,True,1.1102230246251565e-16,0.0,0.0,49,28
