stage,sxs_id,lev,horizon,snapshot_index,field,actual_time_M,offset_M,n_surface_points,Mch,gradient_q95,active_points,largest_component_points,largest_component_fraction_of_active,shuffle_p,centroid_x,centroid_y,centroid_z,candidate_snapshot
BH-HF1R,SXS:BBH:0305,6,C,0,Rstar,3685.496267868691,0.0,1922,0.8867901968132439,3.0360228484117586,97,63,0.6494845360824743,0.005,0.9504873590169368,-0.3107632223236768,-1.1603633564178399e-07,True
BH-HF1R,SXS:BBH:0305,6,C,0,Estar,3685.496267868691,0.0,1922,0.8867901968132439,3.897478000983749,97,36,0.3711340206185567,0.645,0.9366144913713523,-0.3503616625048599,-1.1634110315522086e-07,False
BH-HF1R,SXS:BBH:0305,6,C,0,Bstar,3685.496267868691,0.0,1922,0.8867901968132439,1.9145248422514174,97,37,0.38144329896907214,0.985,-0.09888486348300853,0.9950988814052306,-7.578288943714417e-08,False
BH-HF1R,SXS:BBH:0305,6,C,1,Rstar,3685.5015130744273,0.005245205736173375,1922,0.8870099036314565,3.0455623302428334,97,63,0.6494845360824743,0.005,0.9505362729937793,-0.3106135762053587,-1.1590203948010972e-07,True
BH-HF1R,SXS:BBH:0305,6,C,1,Estar,3685.5015130744273,0.005245205736173375,1922,0.8870099036314565,3.9014376113654468,97,36,0.3711340206185567,0.71,0.9366568004262782,-0.35024853777738113,-1.1621020159870981e-07,False
BH-HF1R,SXS:BBH:0305,6,C,1,Bstar,3685.5015130744273,0.005245205736173375,1922,0.8870099036314565,1.9059345538710155,97,37,0.38144329896907214,0.99,-0.09905799161100239,0.9950816621252694,-7.577785428616412e-08,False
BH-HF1R,SXS:BBH:0305,6,C,2,Rstar,3685.505672139157,0.009404270465893205,1922,0.8871829788042366,3.0445730442327803,97,63,0.6494845360824743,0.005,0.9505746755507527,-0.3104960325053569,-1.1579577695943754e-07,True
BH-HF1R,SXS:BBH:0305,6,C,2,Estar,3685.505672139157,0.009404270465893205,1922,0.8871829788042366,3.90963859590155,97,36,0.3711340206185567,0.615,-0.020881447307550257,-0.9997819588081877,-7.177613685074933e-08,False
BH-HF1R,SXS:BBH:0305,6,C,2,Bstar,3685.505672139157,0.009404270465893205,1922,0.8871829788042366,1.901215333072672,97,37,0.38144329896907214,0.99,-0.09919472011459787,0.9950680416440781,-7.577353550752637e-08,False
BH-HF1R,SXS:BBH:0305,6,C,3,Rstar,3685.5097272272683,0.013459358577165403,1922,0.8873507807400932,3.0403409522015155,97,63,0.6494845360824743,0.005,0.9506117965600024,-0.3103823645778723,-1.1569246997316042e-07,True
BH-HF1R,SXS:BBH:0305,6,C,3,Estar,3685.5097272272683,0.013459358577165403,1922,0.8873507807400932,3.909729381934661,97,36,0.3711340206185567,0.64,-0.021024912042677285,-0.9997789521057104,-7.17901084029411e-08,False
BH-HF1R,SXS:BBH:0305,6,C,3,Bstar,3685.5097272272683,0.013459358577165403,1922,0.8873507807400932,1.902107395213246,97,37,0.38144329896907214,0.995,-0.09932757030294559,0.9950547893345912,-7.576912335158071e-08,False
BH-HF1R,SXS:BBH:0305,6,C,4,Rstar,3685.513396116512,0.017128247820892284,1922,0.8875017870395132,3.044243582612079,97,61,0.6288659793814433,0.005,0.9522200724539063,-0.30541272667631914,-1.1622257161840884e-07,True
BH-HF1R,SXS:BBH:0305,6,C,4,Estar,3685.513396116512,0.017128247820892284,1922,0.8875017870395132,3.9007206493935085,97,36,0.3711340206185567,0.67,-0.021154276955526637,-0.9997762232452239,-7.180253963885997e-08,False
BH-HF1R,SXS:BBH:0305,6,C,4,Bstar,3685.513396116512,0.017128247820892284,1922,0.8875017870395132,1.9027976035992757,97,37,0.38144329896907214,0.995,-0.09944737624072011,0.9950428228769005,-7.576492731941244e-08,False
BH-HF1R,SXS:BBH:0305,6,C,5,Rstar,3685.5184221450727,0.022154276381570526,1922,0.8877074248157094,3.0496788037427125,97,61,0.6288659793814433,0.005,0.952265471825306,-0.30527114368920266,-1.1609426046183177e-07,True
BH-HF1R,SXS:BBH:0305,6,C,5,Estar,3685.5184221450727,0.022154276381570526,1922,0.8877074248157094,3.895297917705953,97,36,0.3711340206185567,0.69,-0.021330832762234197,-0.9997724719023146,-7.181928638460702e-08,False
BH-HF1R,SXS:BBH:0305,6,C,5,Bstar,3685.5184221450727,0.022154276381570526,1922,0.8877074248157094,1.8980086985653897,97,37,0.38144329896907214,0.995,-0.09961090505139779,0.9950264657760796,-7.57589074037804e-08,False
BH-HF1R,SXS:BBH:0305,6,C,6,Rstar,3685.522657921814,0.026390053122668178,1922,0.8878796421151282,3.0512812073407254,97,61,0.6288659793814433,0.005,0.9523033669498412,-0.305152908057555,-1.1598641810222005e-07,True
BH-HF1R,SXS:BBH:0305,6,C,6,Estar,3685.522657921814,0.026390053122668178,1922,0.8878796421151282,3.9133075526604744,97,36,0.3711340206185567,0.71,-0.021479040808325287,-0.9997692987914506,-7.183313006709192e-08,False
BH-HF1R,SXS:BBH:0305,6,C,6,Bstar,3685.522657921814,0.026390053122668178,1922,0.8878796421151282,1.893606633577768,97,37,0.38144329896907214,0.99,-0.09974819482146069,0.9950127122956038,-7.575357303477703e-08,False
BH-HF1R,SXS:BBH:0305,6,C,7,Rstar,3685.526764224483,0.0304963557919109,1922,0.8880456590688651,3.0536176991907835,97,61,0.6288659793814433,0.005,0.9523397881028387,-0.30503922370119346,-1.1588211482370441e-07,True
BH-HF1R,SXS:BBH:0305,6,C,7,Estar,3685.526764224483,0.0304963557919109,1922,0.8880456590688651,3.915028126395857,97,51,0.5257731958762887,0.025,0.0936860085006446,-0.9702376707404753,-0.2232975460843993,False
BH-HF1R,SXS:BBH:0305,6,C,7,Bstar,3685.526764224483,0.0304963557919109,1922,0.8880456590688651,1.8893304347892017,97,37,0.38144329896907214,1.0,-0.09988083356188658,0.9949994065761935,-7.574817090859203e-08,False
BH-HF1R,SXS:BBH:0305,6,C,8,Rstar,3685.5305243643325,0.03425649564132982,1922,0.888196880904762,3.047775446741453,97,61,0.6288659793814433,0.005,0.9523728693495936,-0.30493592396896824,-1.1578682341234998e-07,True
BH-HF1R,SXS:BBH:0305,6,C,8,Estar,3685.5305243643325,0.03425649564132982,1922,0.888196880904762,3.918063677637221,97,51,0.5257731958762887,0.015,0.09352967410157731,-0.9702445681627049,-0.2233331099797322,False
BH-HF1R,SXS:BBH:0305,6,C,8,Bstar,3685.5305243643325,0.03425649564132982,1922,0.888196880904762,1.8857873219817445,97,37,0.38144329896907214,0.995,-0.10000190232182224,0.9949872459142434,-7.574303503862788e-08,False
BH-HF1R,SXS:BBH:0305,6,C,9,Rstar,3685.5348194077856,0.03855153909444198,1922,0.8883686896699068,3.049749262371762,97,59,0.6082474226804123,0.005,0.9546510047810017,-0.2977271554134928,-1.1646955530109849e-07,True
BH-HF1R,SXS:BBH:0305,6,C,9,Estar,3685.5348194077856,0.03855153909444198,1922,0.8883686896699068,3.923739110621766,97,37,0.38144329896907214,0.595,-0.015813456247362263,-0.9997973474212152,-0.012457876665575652,False
BH-HF1R,SXS:BBH:0305,6,C,9,Bstar,3685.5348194077856,0.03855153909444198,1922,0.8883686896699068,1.882920300606749,97,37,0.38144329896907214,1.0,-0.10013974413196483,0.9949733823802417,-7.57369513928553e-08,False
BH-HF1R,SXS:BBH:0305,6,C,10,Rstar,3685.538793038822,0.04252517013082979,1922,0.8885267739235733,3.056222049858141,97,59,0.6082474226804123,0.005,0.9546854233529293,-0.2976167710956902,-1.1636830088945911e-07,True
BH-HF1R,SXS:BBH:0305,6,C,10,Estar,3685.538793038822,0.04252517013082979,1922,0.8885267739235733,3.9261350881597297,97,37,0.38144329896907214,0.705,-0.0029321201988214214,-0.999995701326328,-7.182440565492767e-08,False
BH-HF1R,SXS:BBH:0305,6,C,10,Bstar,3685.538793038822,0.04252517013082979,1922,0.8885267739235733,1.8796618945803985,97,37,0.38144329896907214,0.985,-0.1002668484057901,0.9949605816869153,-7.57311216018787e-08,False
BH-HF1R,SXS:BBH:0305,6,C,11,Rstar,3685.541893889488,0.045626020797044475,1922,0.8886495746930048,3.0580918887466244,97,59,0.6082474226804123,0.005,0.9547120892538408,-0.2975312195930922,-1.1628944965162084e-07,True
BH-HF1R,SXS:BBH:0305,6,C,11,Estar,3685.541893889488,0.045626020797044475,1922,0.8886495746930048,3.9291769540201105,97,37,0.38144329896907214,0.665,-0.0030404579678991006,-0.9999953777969879,-7.183299052961341e-08,False
BH-HF1R,SXS:BBH:0305,6,C,11,Bstar,3685.541893889488,0.045626020797044475,1922,0.8886495746930048,1.8780084646931299,97,37,0.38144329896907214,0.97,-0.10036575557899899,0.9949506093807123,-7.572643987141179e-08,False
BH-HF1R,SXS:BBH:0305,6,C,12,Rstar,3685.5449172188873,0.048649350196228625,1922,0.888768800596924,3.05810429830021,97,59,0.6082474226804123,0.005,0.9547379271957621,-0.2974482986569704,-1.162127140312355e-07,True
BH-HF1R,SXS:BBH:0305,6,C,12,Estar,3685.5449172188873,0.048649350196228625,1922,0.888768800596924,3.9358725292738423,97,65,0.6701030927835051,0.005,0.17257804127287732,-0.9849958475396796,-7.26265555451218e-08,True
BH-HF1R,SXS:BBH:0305,6,C,12,Bstar,3685.5449172188873,0.048649350196228625,1922,0.888768800596924,1.8763983831690307,97,37,0.38144329896907214,1.0,-0.10046195628849097,0.9949409004250874,-7.572176979345833e-08,False
BH-HF1R,SXS:BBH:0305,6,C,13,Rstar,3685.5476526121533,0.051384743462222104,1922,0.8888762775750574,3.0589765557474853,97,57,0.5876288659793815,0.005,0.956516643698144,-0.29167775082858843,-1.1670131448082185e-07,True
BH-HF1R,SXS:BBH:0305,6,C,13,Estar,3685.5476526121533,0.051384743462222104,1922,0.8888762775750574,3.9384265203246476,97,65,0.6701030927835051,0.005,0.17245608656897704,-0.9850172070605204,-7.262424776412184e-08,True
BH-HF1R,SXS:BBH:0305,6,C,13,Bstar,3685.5476526121533,0.051384743462222104,1922,0.8888762775750574,1.8745664517343266,97,37,0.38144329896907214,0.98,-0.10054879737596295,0.9949321280098667,-7.571745104638242e-08,False
BH-HF1R,SXS:BBH:0305,6,C,14,Rstar,3685.5520235390845,0.05575567039340967,1922,0.8890472312429242,3.0636582702224238,97,58,0.5979381443298969,0.005,0.9556268265730673,-0.29443977355491135,-0.009087798568484257,True
BH-HF1R,SXS:BBH:0305,6,C,14,Estar,3685.5520235390845,0.05575567039340967,1922,0.8890472312429242,3.9440259572820207,97,65,0.6701030927835051,0.005,0.1679906438495837,-0.9857885896981143,-7.27165173311004e-08,True
BH-HF1R,SXS:BBH:0305,6,C,14,Bstar,3685.5520235390845,0.05575567039340967,1922,0.8890472312429242,1.8666679751447262,97,37,0.38144329896907214,0.99,-0.10068717636748459,0.9949181335743847,-7.571036697130564e-08,False
BH-HF1R,SXS:BBH:0305,6,C,15,Rstar,3685.555494616432,0.05922674774092229,1922,0.8891822978606168,3.073958655632674,97,58,0.5979381443298969,0.005,0.9552518895268374,-0.2956937610899802,-0.007682916625118746,True
BH-HF1R,SXS:BBH:0305,6,C,15,Estar,3685.555494616432,0.05922674774092229,1922,0.8891822978606168,3.9438952088935757,97,65,0.6701030927835051,0.005,0.1678391440912325,-0.9858143951630637,-7.327150517999183e-08,True
BH-HF1R,SXS:BBH:0305,6,C,15,Bstar,3685.555494616432,0.05922674774092229,1922,0.8891822978606168,1.8641916311695998,97,37,0.38144329896907214,0.995,-0.10079673197014676,0.9949070402927768,-7.627794235072707e-08,False
BH-HF1R,SXS:BBH:0305,6,C,16,Rstar,3685.5587448016718,0.06247693298064405,1922,0.8893082299713272,3.0762959984584826,97,58,0.5979381443298969,0.005,0.9552789014481234,-0.2956064249348079,-0.00768517958984645,True
BH-HF1R,SXS:BBH:0305,6,C,16,Estar,3685.5587448016718,0.06247693298064405,1922,0.8893082299713272,3.9501301180836865,97,65,0.6701030927835051,0.005,0.16769767085088222,-0.9858384711458484,-7.257156136549525e-08,True
BH-HF1R,SXS:BBH:0305,6,C,16,Bstar,3685.5587448016718,0.06247693298064405,1922,0.8893082299713272,1.8675353650467341,97,37,0.38144329896907214,0.99,-0.10089904743766484,0.9948966691200478,-7.555512540484263e-08,False
BH-HF1R,SXS:BBH:0305,6,C,17,Rstar,3685.5619137322806,0.06564586358945235,1922,0.8894305026607472,3.0744444322564637,97,54,0.5567010309278351,0.01,0.9597472727744193,-0.2793614652862751,-0.029023165147341604,True
BH-HF1R,SXS:BBH:0305,6,C,17,Estar,3685.5619137322806,0.06564586358945235,1922,0.8894305026607472,3.9542380675401043,97,65,0.6701030927835051,0.005,0.1834647670950456,-0.9830262861362128,-7.254256742610777e-08,True
BH-HF1R,SXS:BBH:0305,6,C,17,Bstar,3685.5619137322806,0.06564586358945235,1922,0.8894305026607472,1.8688700445701938,97,37,0.38144329896907214,1.0,-0.10099856100035143,0.9948865717637628,-7.569353435965327e-08,False
BH-HF1R,SXS:BBH:0305,6,C,18,Rstar,3685.5647808599742,0.06851299128311439,1922,0.8895407098505214,3.077572649845878,97,54,0.5567010309278351,0.005,0.9597708429781436,-0.2792797089529384,-0.02903055521662729,True
BH-HF1R,SXS:BBH:0305,6,C,18,Estar,3685.5647808599742,0.06851299128311439,1922,0.8895407098505214,3.957324332764524,97,65,0.6701030927835051,0.005,0.18334022298394476,-0.9830495219652936,-7.253963053002363e-08,True
BH-HF1R,SXS:BBH:0305,6,C,18,Bstar,3685.5647808599742,0.06851299128311439,1922,0.8895407098505214,1.8708508130885344,97,37,0.38144329896907214,0.99,-0.10108838821432804,0.99487744861778,-7.568845479246935e-08,False
BH-HF1R,SXS:BBH:0305,6,C,19,Rstar,3685.5691070310245,0.0728391623333664,1922,0.88970624399892,3.085170706185259,97,51,0.5257731958762887,0.04,0.9639228681979275,-0.26618171267964086,-1.1810168372110755e-07,False
BH-HF1R,SXS:BBH:0305,6,C,19,Estar,3685.5691070310245,0.0728391623333664,1922,0.88970624399892,3.9566071213736635,97,65,0.6701030927835051,0.005,0.18315283010173342,-0.983084452539923,-7.253507649328941e-08,True
BH-HF1R,SXS:BBH:0305,6,C,19,Bstar,3685.5691070310245,0.0728391623333664,1922,0.88970624399892,1.863546006524665,97,37,0.38144329896907214,1.0,-0.10122355658575642,0.9948637050330686,-7.568062960028978e-08,False
BH-HF1R,SXS:BBH:0305,6,C,20,Rstar,3685.572622937616,0.07635506892484045,1922,0.8898401095221108,3.088682023691993,97,51,0.5257731958762887,0.03,0.9639516246628599,-0.2660775550658474,-1.1801028876957944e-07,False
BH-HF1R,SXS:BBH:0305,6,C,20,Estar,3685.572622937616,0.07635506892484045,1922,0.8898401095221108,3.9543269016648415,97,65,0.6701030927835051,0.005,0.1830010008205591,-0.9831127268521492,-7.253126090916028e-08,True
BH-HF1R,SXS:BBH:0305,6,C,20,Bstar,3685.572622937616,0.07635506892484045,1922,0.8898401095221108,1.85951966695279,97,38,0.3917525773195876,0.985,-0.10986730386462085,0.9939281012595592,0.006008749294719487,False
BH-HF1R,SXS:BBH:0305,6,C,21,Rstar,3685.575873097179,0.07960522848770779,1922,0.8899633327928567,3.094654689558158,97,51,0.5257731958762887,0.03,0.9639780322250335,-0.26598186665172896,-1.1792596441330909e-07,False
BH-HF1R,SXS:BBH:0305,6,C,21,Estar,3685.575873097179,0.07960522848770779,1922,0.8899633327928567,3.9590889617878857,97,65,0.6701030927835051,0.005,0.1828610153796911,-0.9831387740570012,-7.252764222313062e-08,True
BH-HF1R,SXS:BBH:0305,6,C,21,Bstar,3685.575873097179,0.07960522848770779,1922,0.8899633327928567,1.8589020039770656,97,38,0.3917525773195876,0.99,-0.10996828549671345,0.9939169370352238,0.006008199350249296,False
BH-HF1R,SXS:BBH:0305,6,C,22,Rstar,3685.5790420027524,0.08277413406131018,1922,0.8900829952356748,3.10259588545855,97,51,0.5257731958762887,0.025,0.9640036187775475,-0.26588911783632524,-1.1784388019285457e-07,False
BH-HF1R,SXS:BBH:0305,6,C,22,Estar,3685.5790420027524,0.08277413406131018,1922,0.8900829952356748,3.9615477490078304,97,65,0.6701030927835051,0.005,0.18490683551084208,-0.9827560542583093,-7.282731752605735e-08,True
BH-HF1R,SXS:BBH:0305,6,C,22,Bstar,3685.5790420027524,0.08277413406131018,1922,0.8900829952356748,1.8579287028774945,97,39,0.4020618556701031,0.99,-0.1181735726528688,0.9929929540165182,-7.612453142408982e-08,False
BH-HF1R,SXS:BBH:0305,6,C,23,Rstar,3685.581909107795,0.08564123910400667,1922,0.8901908551038353,3.1080336749866593,97,51,0.5257731958762887,0.05,0.9640266327521089,-0.26580566462100996,-1.1776974703983678e-07,False
BH-HF1R,SXS:BBH:0305,6,C,23,Estar,3685.581909107795,0.08564123910400667,1922,0.8901908551038353,3.9613048055593407,97,65,0.6701030927835051,0.005,0.18478614063166468,-0.9827787554838828,-7.282413182278856e-08,True
BH-HF1R,SXS:BBH:0305,6,C,23,Bstar,3685.581909107795,0.08564123910400667,1922,0.8901908551038353,1.8546119723441725,97,39,0.4020618556701031,0.99,-0.11826222815473526,0.9929823993363989,-7.611827472544704e-08,False
BH-HF1R,SXS:BBH:0305,6,C,24,Rstar,3685.5861843507173,0.08991648202618308,1922,0.8903509783202399,3.109586646150463,97,51,0.5257731958762887,0.025,0.9640607122623875,-0.2656820337774541,-1.1765937989189751e-07,False
BH-HF1R,SXS:BBH:0305,6,C,24,Estar,3685.5861843507173,0.08991648202618308,1922,0.8903509783202399,3.970964297662108,97,65,0.6701030927835051,0.005,0.18460665430080211,-0.9828124862799916,-7.281922543779174e-08,True
BH-HF1R,SXS:BBH:0305,6,C,24,Bstar,3685.5861843507173,0.08991648202618308,1922,0.8903509783202399,1.853659599937784,97,39,0.4020618556701031,0.97,-0.11839407680268385,0.9929666875469862,-7.610875695801055e-08,False
BH-HF1R,SXS:BBH:0305,6,C,25,Rstar,3685.589673693332,0.09340582464074032,1922,0.8904810433393299,3.1030113156486077,97,51,0.5257731958762887,0.025,0.9640883183288019,-0.2655818413633142,-1.1756955147862845e-07,False
BH-HF1R,SXS:BBH:0305,6,C,25,Estar,3685.589673693332,0.09340582464074032,1922,0.8904810433393299,3.9703104633012427,97,65,0.6701030927835051,0.005,0.18446058950265884,-0.9828399111352399,-7.281514427761684e-08,True
BH-HF1R,SXS:BBH:0305,6,C,25,Bstar,3685.589673693332,0.09340582464074032,1922,0.8904810433393299,1.8522082572009388,97,39,0.4020618556701031,1.0,-0.11850138165537225,0.9929538874216477,-7.610088579734927e-08,False
BH-HF1R,SXS:BBH:0305,6,C,26,Rstar,3685.5929509751313,0.09668310644019584,1922,0.8906026974851876,3.1006654345474245,97,51,0.5257731958762887,0.055,0.9641140773621215,-0.2654883158110188,-1.1748533457692411e-07,False
BH-HF1R,SXS:BBH:0305,6,C,26,Estar,3685.5929509751313,0.09668310644019584,1922,0.8906026974851876,3.9686815586199766,97,67,0.6907216494845361,0.005,0.193688800415081,-0.9810630196851585,-7.300867742247839e-08,True
BH-HF1R,SXS:BBH:0305,6,C,26,Bstar,3685.5929509751313,0.09668310644019584,1922,0.8906026974851876,1.8508424517833084,97,39,0.4020618556701031,0.985,-0.11860191617270066,0.9929418842410456,-7.609337691644517e-08,False
BH-HF1R,SXS:BBH:0305,6,C,27,Rstar,3685.5961463248855,0.09987845619434665,1922,0.8907208419615542,3.105409158064214,97,51,0.5257731958762887,0.035,0.9641390358310383,-0.265397663114772,-1.1740335511843786e-07,False
BH-HF1R,SXS:BBH:0305,6,C,27,Estar,3685.5961463248855,0.09987845619434665,1922,0.8907208419615542,3.9745183716661545,97,67,0.6907216494845361,0.005,0.1935566500906402,-0.9810891005437193,-7.300447469170298e-08,True
BH-HF1R,SXS:BBH:0305,6,C,27,Bstar,3685.5961463248855,0.09987845619434665,1922,0.8907208419615542,1.8517757074793946,97,39,0.4020618556701031,0.99,-0.1186997068510243,0.9929301987518936,-7.608594292591772e-08,False
BH-HF1R,SXS:BBH:0305,6,C,28,Rstar,3685.5990373556156,0.10276948692444421,1922,0.8908273400795508,3.1119510838459865,97,51,0.5257731958762887,0.03,0.9641614851462423,-0.26531609555505375,-1.1732932005771091e-07,False
BH-HF1R,SXS:BBH:0305,6,C,28,Estar,3685.5990373556156,0.10276948692444421,1922,0.8908273400795508,3.9773991027463125,97,67,0.6907216494845361,0.005,0.1934373530667545,-0.9811126288242968,-7.300060967305062e-08,True
BH-HF1R,SXS:BBH:0305,6,C,28,Bstar,3685.5990373556156,0.10276948692444421,1922,0.8908273400795508,1.8531194576577796,97,39,0.4020618556701031,0.99,-0.11878798962065919,0.9929196410192903,-7.607913832178559e-08,False
BH-HF1R,SXS:BBH:0305,6,C,29,Rstar,3685.603277535386,0.10700966669492118,1922,0.8909828637198036,3.1297504507799405,97,51,0.5257731958762887,0.025,0.964194185600266,-0.2651972331202307,-1.1722096061078025e-07,False
BH-HF1R,SXS:BBH:0305,6,C,29,Estar,3685.603277535386,0.10700966669492118,1922,0.8909828637198036,3.981027127797677,97,67,0.6907216494845361,0.005,0.19326284067881716,-0.9811470197746863,-7.299482874729916e-08,True
BH-HF1R,SXS:BBH:0305,6,C,29,Bstar,3685.603277535386,0.10700966669492118,1922,0.8909828637198036,1.8509818821867006,97,39,0.4020618556701031,0.99,-0.11891713906696597,0.9929041816993832,-7.606901927950946e-08,False
BH-HF1R,SXS:BBH:0305,6,C,30,Rstar,3685.6067622337246,0.11049436503344623,1922,0.8911100843494628,3.1423995637120914,97,51,0.5257731958762887,0.045,0.9642208610454693,-0.26510022845090075,-1.1713208998198041e-07,False
BH-HF1R,SXS:BBH:0305,6,C,30,Estar,3685.6067622337246,0.11049436503344623,1922,0.8911100843494628,3.989465995085151,97,69,0.711340206185567,0.005,0.19889651850267964,-0.9800204971976392,-7.296564792605306e-08,True
BH-HF1R,SXS:BBH:0305,6,C,30,Bstar,3685.6067622337246,0.11049436503344623,1922,0.8911100843494628,1.8502757568728492,97,40,0.41237113402061853,0.99,-0.13216240887582317,0.9912237888296336,0.0029151566622895057,False
BH-HF1R,SXS:BBH:0305,6,C,31,Rstar,3685.6100534131238,0.11378554443263056,1922,0.8912297522772309,3.153084835063578,97,50,0.5154639175257731,0.07,0.9648238199382874,-0.26262378264093755,-0.011989381596098126,False
BH-HF1R,SXS:BBH:0305,6,C,31,Estar,3685.6100534131238,0.11378554443263056,1922,0.8912297522772309,3.9999162731631652,97,69,0.711340206185567,0.005,0.19876153649671127,-0.9800478823044624,-7.296073116150992e-08,True
BH-HF1R,SXS:BBH:0305,6,C,31,Bstar,3685.6100534131238,0.11378554443263056,1922,0.8912297522772309,1.849853204417606,97,42,0.4329896907216495,0.97,-0.15684656954778947,0.9876229815172816,-7.774881719373242e-08,False
BH-HF1R,SXS:BBH:0305,6,C,32,Rstar,3685.613262313038,0.11699444434680117,1922,0.8913459758898352,3.16170842978114,97,50,0.5154639175257731,0.04,0.9648479843166896,-0.26253483882473516,-0.011992729601361864,False
BH-HF1R,SXS:BBH:0305,6,C,32,Estar,3685.613262313038,0.11699444434680117,1922,0.8913459758898352,4.01562140024775,97,69,0.711340206185567,0.005,0.1986302361107518,-0.9800745019143094,-7.295585758667097e-08,True
BH-HF1R,SXS:BBH:0305,6,C,32,Bstar,3685.613262313038,0.11699444434680117,1922,0.8913459758898352,1.8473951065927896,97,42,0.4329896907216495,0.96,-0.15694209298237002,0.9876078064952236,-7.77389626234468e-08,False
BH-HF1R,SXS:BBH:0305,6,C,33,Rstar,3685.6161656034365,0.11989773474533649,1922,0.8914507493588402,3.1679655736201227,97,50,0.5154639175257731,0.04,0.9648697201468392,-0.26245480599305,-0.011995747367742508,False
BH-HF1R,SXS:BBH:0305,6,C,33,Estar,3685.6161656034365,0.11989773474533649,1922,0.8914507493588402,4.027353023870285,97,69,0.711340206185567,0.005,0.19851169968569554,-0.9800985180520838,-7.295140960430536e-08,True
BH-HF1R,SXS:BBH:0305,6,C,33,Bstar,3685.6161656034365,0.11989773474533649,1922,0.8914507493588402,1.8451560637316298,97,42,0.4329896907216495,0.985,-0.1570283342683755,0.9875940979151776,-7.772999459030823e-08,False
BH-HF1R,SXS:BBH:0305,6,C,34,Rstar,3685.6203710178906,0.12410314919952725,1922,0.8916018761119948,3.1773280896581073,97,50,0.5154639175257731,0.065,0.9649009919931535,-0.2623396143487471,-0.012000099748692582,False
BH-HF1R,SXS:BBH:0305,6,C,34,Estar,3685.6203710178906,0.12410314919952725,1922,0.8916018761119948,4.042037925321647,97,69,0.711340206185567,0.005,0.1983404331679191,-0.9801331912402298,-7.304621088983368e-08,True
BH-HF1R,SXS:BBH:0305,6,C,34,Bstar,3685.6203710178906,0.12410314919952725,1922,0.8916018761119948,1.8419241003585565,97,42,0.4329896907216495,0.995,-0.15715294585178072,0.9875742765028367,-7.782333290581496e-08,False
BH-HF1R,SXS:BBH:0305,6,C,35,Rstar,3685.6238445467025,0.1275766780113372,1922,0.8917261366604751,3.187300253321957,97,50,0.5154639175257731,0.05,0.9649266334563013,-0.2622451215409196,-0.01200367754803873,False
BH-HF1R,SXS:BBH:0305,6,C,35,Estar,3685.6238445467025,0.1275766780113372,1922,0.8917261366604751,4.049064554767944,97,69,0.711340206185567,0.005,0.19819935690157803,-0.9801617289630297,-7.293927913222369e-08,True
BH-HF1R,SXS:BBH:0305,6,C,35,Bstar,3685.6238445467025,0.1275766780113372,1922,0.8917261366604751,1.839272533748221,97,42,0.4329896907216495,0.975,-0.15725559709167733,0.9875579361148055,-7.770583828191953e-08,False
BH-HF1R,SXS:BBH:0305,6,C,36,Rstar,3685.627151803297,0.13088393460566294,1922,0.8918439796683383,3.1755099656161656,97,50,0.5154639175257731,0.07,0.9649508908607594,-0.26215569513451265,-0.012007070232471637,False
BH-HF1R,SXS:BBH:0305,6,C,36,Estar,3685.627151803297,0.13088393460566294,1922,0.8918439796683383,4.061475640740999,97,71,0.7319587628865979,0.005,0.2012012143987895,-0.9795499330429496,-7.292203445632743e-08,True
BH-HF1R,SXS:BBH:0305,6,C,36,Bstar,3685.627151803297,0.13088393460566294,1922,0.8918439796683383,1.8384376339070965,97,42,0.4329896907216495,0.965,-0.15735310665504904,0.9875424040647566,-7.769523639783609e-08,False
BH-HF1R,SXS:BBH:0305,6,C,37,Rstar,3685.6303763784763,0.13410850978516464,1922,0.8919584382830195,3.1835658841687895,97,50,0.5154639175257731,0.03,0.9649743958454448,-0.26206901093830476,-0.012010365045973912,False
BH-HF1R,SXS:BBH:0305,6,C,37,Estar,3685.6303763784763,0.13410850978516464,1922,0.8919584382830195,4.075685101388058,97,71,0.7319587628865979,0.005,0.2010713385152429,-0.9795766007963252,-7.291666473895519e-08,True
BH-HF1R,SXS:BBH:0305,6,C,37,Bstar,3685.6303763784763,0.13410850978516464,1922,0.8919584382830195,1.8377565819042994,97,42,0.4329896907216495,0.98,-0.15744796574540876,0.9875272847281875,-7.768478996628776e-08,False
BH-HF1R,SXS:BBH:0305,6,C,38,Rstar,3685.6332938512573,0.13702598256622878,1922,0.8920616266687645,3.195694679730428,97,49,0.5051546391752577,0.105,0.9657284710324788,-0.25955446487636674,-1.172457500006162e-07,False
BH-HF1R,SXS:BBH:0305,6,C,38,Estar,3685.6332938512573,0.13702598256622878,1922,0.8920616266687645,4.088829221878872,97,71,0.7319587628865979,0.005,0.2009540819566289,-0.9796006619765848,-7.291178325362695e-08,True
BH-HF1R,SXS:BBH:0305,6,C,38,Bstar,3685.6332938512573,0.13702598256622878,1922,0.8920616266687645,1.8371359312125237,97,42,0.4329896907216495,0.975,-0.15753361103060087,0.9875136259291076,-7.767530356362442e-08,False
BH-HF1R,SXS:BBH:0305,6,C,39,Rstar,3685.6374656028493,0.14119773415814052,1922,0.8922085722866077,3.213960052446001,97,49,0.5051546391752577,0.07,0.9657584860843819,-0.2594427616180285,-1.1714020521499444e-07,False
BH-HF1R,SXS:BBH:0305,6,C,39,Estar,3685.6374656028493,0.14119773415814052,1922,0.8922085722866077,4.0946636638442095,97,73,0.7525773195876289,0.005,0.21086185105923883,-0.9775158718751661,-7.313008617443243e-08,True
BH-HF1R,SXS:BBH:0305,6,C,39,Bstar,3685.6374656028493,0.14119773415814052,1922,0.8922085722866077,1.8362410899392694,97,42,0.4329896907216495,0.955,-0.15765578251252954,0.9874941287118401,-7.76615889060181e-08,False
BH-HF1R,SXS:BBH:0305,6,C,40,Rstar,3685.640930923114,0.14466305442283556,1922,0.8923301031219613,3.220877541591661,97,49,0.5051546391752577,0.055,0.9657832399270988,-0.25935059952871176,-1.1705282689384731e-07,False
BH-HF1R,SXS:BBH:0305,6,C,40,Estar,3685.640930923114,0.14466305442283556,1922,0.8923301031219613,4.108265833675208,97,73,0.7525773195876289,0.005,0.21072395961483836,-0.9775456065290451,-7.312372100088951e-08,True
BH-HF1R,SXS:BBH:0305,6,C,40,Bstar,3685.640930923114,0.14466305442283556,1922,0.8923301031219613,1.8353391305577635,97,42,0.4329896907216495,0.97,-0.15775700430926953,0.9874779630915108,-7.765016308757571e-08,False
BH-HF1R,SXS:BBH:0305,6,C,41,Rstar,3685.644252834701,0.14798496600997169,1922,0.8924461390510662,3.22199966044721,97,49,0.5051546391752577,0.065,0.965806818571082,-0.25926278020878984,-1.1696912417784735e-07,False
BH-HF1R,SXS:BBH:0305,6,C,41,Estar,3685.644252834701,0.14798496600997169,1922,0.8924461390510662,4.111329606678009,97,73,0.7525773195876289,0.005,0.21059207920464562,-0.9775740259316729,-7.311748606986738e-08,True
BH-HF1R,SXS:BBH:0305,6,C,41,Bstar,3685.644252834701,0.14798496600997169,1922,0.8924461390510662,1.834766700635451,97,42,0.4329896907216495,0.975,-0.15785381625483086,0.9874624917908427,-7.763905834130623e-08,False
BH-HF1R,SXS:BBH:0305,6,C,42,Rstar,3685.647491698499,0.15122382980780458,1922,0.8925588563053926,3.2232369959497693,97,50,0.5154639175257731,0.05,0.9669660596837865,-0.2548780208789693,-0.0037193940946955075,False
BH-HF1R,SXS:BBH:0305,6,C,42,Estar,3685.647491698499,0.15122382980780458,1922,0.8925588563053926,4.120042767746417,97,73,0.7525773195876289,0.005,0.2104637808207672,-0.9776016555645877,-7.311134246445198e-08,True
BH-HF1R,SXS:BBH:0305,6,C,42,Bstar,3685.647491698499,0.15122382980780458,1922,0.8925588563053926,1.8340550491579712,97,42,0.4329896907216495,0.985,-0.157948001158046,0.9874474309704654,-7.762815198578803e-08,False
BH-HF1R,SXS:BBH:0305,6,C,43,Rstar,3685.650422099078,0.1541542303866663,1922,0.8926604791821559,3.2272408801306676,97,49,0.5051546391752577,0.06,0.9678544995472845,-0.25151077055677284,-1.1761912806754712e-07,False
BH-HF1R,SXS:BBH:0305,6,C,43,Estar,3685.650422099078,0.1541542303866663,1922,0.8926604791821559,4.114348202814429,97,73,0.7525773195876289,0.005,0.21034794260645262,-0.9776265867094793,-7.310570076231094e-08,True
BH-HF1R,SXS:BBH:0305,6,C,43,Bstar,3685.650422099078,0.1541542303866663,1922,0.8926604791821559,1.8334066656206012,97,42,0.4329896907216495,0.96,-0.15803304106213867,0.9874338245840307,-7.761818756075224e-08,False
BH-HF1R,SXS:BBH:0305,6,C,44,Rstar,3685.654566138218,0.1582982695267674,1922,0.8928036140353991,3.2313994375045296,97,49,0.5051546391752577,0.06,0.9678833045957693,-0.25139989794102835,-1.1751472015533236e-07,False
BH-HF1R,SXS:BBH:0305,6,C,44,Estar,3685.654566138218,0.1582982695267674,1922,0.8928036140353991,4.116391948566726,97,73,0.7525773195876289,0.005,0.2101845171296253,-0.9776617353456056,-7.309764248323482e-08,True
BH-HF1R,SXS:BBH:0305,6,C,44,Bstar,3685.654566138218,0.1582982695267674,1922,0.8928036140353991,1.8324824719130968,97,42,0.4329896907216495,0.97,-0.15815301938498869,0.9874146152753691,-7.76039970147041e-08,False
BH-HF1R,SXS:BBH:0305,6,C,45,Rstar,3685.65802576366,0.16175789496901416,1922,0.8929225965417743,3.2364752094768567,97,49,0.5051546391752577,0.085,0.9679071832522113,-0.2513079477628129,-1.1742773238480661e-07,False
BH-HF1R,SXS:BBH:0305,6,C,45,Estar,3685.65802576366,0.16175789496901416,1922,0.8929225965417743,4.123812804107527,97,73,0.7525773195876289,0.005,0.21004842781023075,-0.9776909828644452,-7.309083331863048e-08,True
BH-HF1R,SXS:BBH:0305,6,C,45,Bstar,3685.65802576366,0.16175789496901416,1922,0.8929225965417743,1.8317043709231358,97,42,0.4329896907216495,0.945,-0.15825293192710385,0.9873986072182142,-7.759205093964829e-08,False
BH-HF1R,SXS:BBH:0305,6,C,46,Rstar,3685.6613593677935,0.16509149910234555,1922,0.8930368132178313,3.240711708455478,97,49,0.5051546391752577,0.06,0.9679300477393981,-0.25121986920463335,-1.1734405532753877e-07,False
BH-HF1R,SXS:BBH:0305,6,C,46,Estar,3685.6613593677935,0.16509149910234555,1922,0.8930368132178313,4.131448346452325,97,73,0.7525773195876289,0.005,0.20991759116453285,-0.9777190828247522,-7.308419705482238e-08,True
BH-HF1R,SXS:BBH:0305,6,C,46,Bstar,3685.6613593677935,0.16509149910234555,1922,0.8930368132178313,1.8309489736554214,97,42,0.4329896907216495,0.98,-0.15834899067168584,0.9873832068418281,-7.758044974291106e-08,False
BH-HF1R,SXS:BBH:0305,6,C,47,Rstar,3685.6646096318236,0.16834176313250282,1922,0.8931477506931629,3.2498821892127476,97,49,0.5051546391752577,0.05,0.9679522053013037,-0.25113448240400865,-1.17262582241166e-07,False
BH-HF1R,SXS:BBH:0305,6,C,47,Estar,3685.6646096318236,0.16834176313250282,1922,0.8931477506931629,4.137867673261493,97,73,0.7525773195876289,0.005,0.20979030215012476,-0.9777464032783522,-7.307764298164918e-08,True
BH-HF1R,SXS:BBH:0305,6,C,47,Bstar,3685.6646096318236,0.16834176313250282,1922,0.8931477506931629,1.8302071491247123,97,42,0.4329896907216495,0.985,-0.15844244714314804,0.9873682144687891,-7.756904050939701e-08,False
BH-HF1R,SXS:BBH:0305,6,C,48,Rstar,3685.6675503468987,0.1712824782075586,1922,0.8932477819644129,3.2510287677440948,97,49,0.5051546391752577,0.075,0.9679721382962043,-0.25105764175236767,-1.1718900136317665e-07,False
BH-HF1R,SXS:BBH:0305,6,C,48,Estar,3685.6675503468987,0.1712824782075586,1922,0.8932477819644129,4.1521080179841325,97,73,0.7525773195876289,0.005,0.20967537010715878,-0.97777105662339,-7.30716665556566e-08,True
BH-HF1R,SXS:BBH:0305,6,C,48,Bstar,3685.6675503468987,0.1712824782075586,1922,0.8932477819644129,1.8294233738354788,97,42,0.4329896907216495,0.96,-0.15852683304343834,0.9873546694097375,-7.755866002462491e-08,False
BH-HF1R,SXS:BBH:0305,6,C,49,Rstar,3685.6716759511496,0.17540808245848893,1922,0.8933875668454491,3.2576885248762704,97,49,0.5051546391752577,0.075,0.9679999211654171,-0.25095049835322597,-1.1708597457442838e-07,False
BH-HF1R,SXS:BBH:0305,6,C,49,Estar,3685.6716759511496,0.17540808245848893,1922,0.8933875668454491,4.172125357146907,97,73,0.7525773195876289,0.005,0.20479484139700563,-0.9788049207769492,-7.30167280872881e-08,True
BH-HF1R,SXS:BBH:0305,6,C,49,Bstar,3685.6716759511496,0.17540808245848893,1922,0.8933875668454491,1.8273247112685078,97,42,0.4329896907216495,0.97,-0.158644949940863,0.9873356976521487,-7.754399932079425e-08,False
BH-HF1R,SXS:BBH:0305,6,C,50,Rstar,3685.67513571099,0.1788678422990415,1922,0.893504298729503,3.2637185765611085,97,49,0.5051546391752577,0.095,0.9680230578460326,-0.2508612355036205,-1.1699971820971968e-07,False
BH-HF1R,SXS:BBH:0305,6,C,50,Estar,3685.67513571099,0.1788678422990415,1922,0.893504298729503,4.177287706625249,97,73,0.7525773195876289,0.005,0.21177090815588087,-0.9773193349457628,-7.324757166825968e-08,True
BH-HF1R,SXS:BBH:0305,6,C,50,Bstar,3685.67513571099,0.1788678422990415,1922,0.893504298729503,1.8264052685765235,97,42,0.4329896907216495,0.97,-0.15874376199747803,0.9873198154736296,-7.753159300081405e-08,False
BH-HF1R,SXS:BBH:0305,6,C,51,Rstar,3685.6784757202954,0.18220785160428932,1922,0.893616568309916,3.273659113121524,97,49,0.5051546391752577,0.075,0.9680452544952809,-0.2507755674884481,-1.1691667834330297e-07,False
BH-HF1R,SXS:BBH:0305,6,C,51,Estar,3685.6784757202954,0.18220785160428932,1922,0.893616568309916,4.176271589032526,97,73,0.7525773195876289,0.005,0.21243539006310258,-0.9771751148329209,-7.334729140269333e-08,True
BH-HF1R,SXS:BBH:0305,6,C,51,Bstar,3685.6784757202954,0.18220785160428932,1922,0.893616568309916,1.8269833737090064,97,42,0.4329896907216495,0.98,-0.1588389465761147,0.9873045067508728,-7.751959197790558e-08,False
BH-HF1R,SXS:BBH:0305,6,C,52,Rstar,3685.681732229368,0.18546436067708783,1922,0.8937256339743621,3.282236880839908,97,49,0.5051546391752577,0.06,0.9680667655021394,-0.25069251590387015,-1.1683571301923528e-07,False
BH-HF1R,SXS:BBH:0305,6,C,52,Estar,3685.681732229368,0.18546436067708783,1922,0.8937256339743621,4.164093743953129,97,74,0.7628865979381443,0.005,0.21710346235163638,-0.9760825485872023,-0.011355394244301166,True
BH-HF1R,SXS:BBH:0305,6,C,52,Bstar,3685.681732229368,0.18546436067708783,1922,0.8937256339743621,1.826209554485703,97,42,0.4329896907216495,0.965,-0.1589315565178996,0.9872896030764184,-7.750772480364564e-08,False
BH-HF1R,SXS:BBH:0305,6,C,53,Rstar,3685.6846785947196,0.18841072602845088,1922,0.8938239776697526,3.2909197341837246,97,49,0.5051546391752577,0.055,0.968086117430506,-0.25061777518427353,-1.1676261088497787e-07,False
BH-HF1R,SXS:BBH:0305,6,C,53,Estar,3685.6846785947196,0.18841072602845088,1922,0.8938239776697526,4.154841904050635,97,74,0.7628865979381443,0.005,0.2110401454731373,-0.977442112171383,-0.008305079928721542,True
BH-HF1R,SXS:BBH:0305,6,C,53,Bstar,3685.6846785947196,0.18841072602845088,1922,0.8938239776697526,1.8251664029072905,97,42,0.4329896907216495,0.985,-0.15901518173596926,0.9872761376522127,-7.749694859861105e-08,False
BH-HF1R,SXS:BBH:0305,6,C,54,Rstar,3685.688806175315,0.1925383066241011,1922,0.8939612162630785,3.2970372072468876,97,48,0.4948453608247423,0.09,0.9669745252563207,-0.2548434860763555,-0.0038813798788013207,False
BH-HF1R,SXS:BBH:0305,6,C,54,Estar,3685.688806175315,0.1925383066241011,1922,0.8939612162630785,4.150382012208445,97,74,0.7628865979381443,0.005,0.20958194382037343,-0.9777456280682427,-0.00942844726936918,True
BH-HF1R,SXS:BBH:0305,6,C,54,Bstar,3685.688806175315,0.1925383066241011,1922,0.8939612162630785,1.8240336506159365,97,42,0.4329896907216495,0.96,-0.15913207122162754,0.9872573038011462,-7.748174415754944e-08,False
BH-HF1R,SXS:BBH:0305,6,C,55,Rstar,3685.692272557309,0.19600468861790432,1922,0.8940759948651859,3.2793250058531123,97,49,0.5051546391752577,0.04,0.9681355163473909,-0.25042687952126313,-1.165746730218861e-07,False
BH-HF1R,SXS:BBH:0305,6,C,55,Estar,3685.692272557309,0.19600468861790432,1922,0.8940759948651859,4.153596284828123,97,75,0.7731958762886598,0.005,0.20918714226034016,-0.9778756257893674,-7.330321393806042e-08,True
BH-HF1R,SXS:BBH:0305,6,C,55,Bstar,3685.692272557309,0.19600468861790432,1922,0.8940759948651859,1.8236807408376128,97,42,0.4329896907216495,0.975,-0.159230001917439,0.9872415137591036,-7.746888329018903e-08,False
BH-HF1R,SXS:BBH:0305,6,C,56,Rstar,3685.69560955714,0.1993416884488397,1922,0.89418608314457,3.2894662656821523,97,49,0.5051546391752577,0.075,0.9681570076742299,-0.25034378061231694,-1.1649240158933914e-07,False
BH-HF1R,SXS:BBH:0305,6,C,56,Estar,3685.69560955714,0.1993416884488397,1922,0.89418608314457,4.156793017261616,97,77,0.7938144329896907,0.005,0.20462624015770814,-0.9788401819699243,-7.323878245332486e-08,True
BH-HF1R,SXS:BBH:0305,6,C,56,Bstar,3685.69560955714,0.1993416884488397,1922,0.89418608314457,1.8226373899875918,97,42,0.4329896907216495,0.97,-0.15932407694672246,0.9872263360066268,-7.74564853740559e-08,False
BH-HF1R,SXS:BBH:0305,6,C,57,Rstar,3685.698863131975,0.20259526328391075,1922,0.8942930375198328,3.2981125247800893,97,49,0.5051546391752577,0.1,0.9681778360645357,-0.2502632169404436,-1.1641214542493145e-07,False
BH-HF1R,SXS:BBH:0305,6,C,57,Estar,3685.698863131975,0.20259526328391075,1922,0.8942930375198328,4.169122667758774,97,78,0.8041237113402062,0.005,0.20910703690229984,-0.9778337876186493,-0.01073922293772712,True
BH-HF1R,SXS:BBH:0305,6,C,57,Bstar,3685.698863131975,0.20259526328391075,1922,0.8942930375198328,1.81517367172734,97,42,0.4329896907216495,0.965,-0.15941561185113112,0.9872115592405325,-7.744421180844881e-08,False
BH-HF1R,SXS:BBH:0305,6,C,58,Rstar,3685.70180684254,0.20553897384888842,1922,0.8943894838501701,3.2986868869241537,97,49,0.5051546391752577,0.075,0.9681965746524537,-0.250190712919649,-1.163397139992832e-07,False
BH-HF1R,SXS:BBH:0305,6,C,58,Estar,3685.70180684254,0.20553897384888842,1922,0.8943894838501701,4.1818207205527935,97,78,0.8041237113402062,0.005,0.2089964850114522,-0.9778574058125808,-0.01074072392101208,True
BH-HF1R,SXS:BBH:0305,6,C,58,Bstar,3685.70180684254,0.20553897384888842,1922,0.8943894838501701,1.814407517233266,97,42,0.4329896907216495,0.96,-0.15949827009534737,0.987198207978816,-7.743309331361994e-08,False
BH-HF1R,SXS:BBH:0305,6,C,59,Rstar,3685.7059402191585,0.20967235046737187,1922,0.8945243946851391,3.3041234468650487,97,49,0.5051546391752577,0.075,0.9682227172555133,-0.2500895235517413,-1.162381627034199e-07,False
BH-HF1R,SXS:BBH:0305,6,C,59,Estar,3685.7059402191585,0.20967235046737187,1922,0.8945243946851391,4.198782589642594,97,78,0.8041237113402062,0.005,0.20884159482362336,-0.9778904744565736,-0.01074282265621758,True
BH-HF1R,SXS:BBH:0305,6,C,59,Bstar,3685.7059402191585,0.20967235046737187,1922,0.8945243946851391,1.8133241938109868,97,42,0.4329896907216495,0.96,-0.15961408017938894,0.987179489965468,-7.741736980068398e-08,False
BH-HF1R,SXS:BBH:0305,6,C,60,Rstar,3685.709408275555,0.21314040686365843,1922,0.8946371308632657,3.319833438475469,97,49,0.5051546391752577,0.05,0.9682445007462078,-0.2500051734958966,-1.161531098221827e-07,False
BH-HF1R,SXS:BBH:0305,6,C,60,Estar,3685.709408275555,0.21314040686365843,1922,0.8946371308632657,4.198127796857028,97,78,0.8041237113402062,0.005,0.2087119405359563,-0.9779181356186863,-0.01074457564485437,True
BH-HF1R,SXS:BBH:0305,6,C,60,Bstar,3685.709408275555,0.21314040686365843,1922,0.8946371308632657,1.8124375963702235,97,42,0.4329896907216495,0.955,-0.15971102217420172,0.9871638108217227,-7.7404087973379e-08,False
BH-HF1R,SXS:BBH:0305,6,C,61,Rstar,3685.7127426607367,0.21647479204557385,1922,0.8947451306674248,3.3230561394579214,97,49,0.5051546391752577,0.055,0.968265315629768,-0.24992454571004447,-1.1607142885948336e-07,False
BH-HF1R,SXS:BBH:0305,6,C,61,Estar,3685.7127426607367,0.21647479204557385,1922,0.8947451306674248,4.192951657327222,97,78,0.8041237113402062,0.005,0.2085875434111072,-0.9779446583280721,-0.010746254292059734,True
BH-HF1R,SXS:BBH:0305,6,C,61,Bstar,3685.7127426607367,0.21647479204557385,1922,0.8947451306674248,1.8115221991787644,97,42,0.4329896907216495,0.945,-0.1598040338844073,0.987148758168831,-7.739121830834439e-08,False
BH-HF1R,SXS:BBH:0305,6,C,62,Rstar,3685.7159936862895,0.2197258175983734,1922,0.8948500630584156,3.327883805481758,97,49,0.5051546391752577,0.065,0.9682854892282052,-0.24984637549918864,-1.1599200918287035e-07,False
BH-HF1R,SXS:BBH:0305,6,C,62,Estar,3685.7159936862895,0.2197258175983734,1922,0.8948500630584156,4.194283657772662,97,79,0.8144329896907216,0.005,0.2129985710795458,-0.9770525107270674,-7.323235154841677e-08,True
BH-HF1R,SXS:BBH:0305,6,C,62,Bstar,3685.7159936862895,0.2197258175983734,1922,0.8948500630584156,1.8078724037656768,97,42,0.4329896907216495,0.97,-0.15989453836946804,0.9871341026423962,-7.737866398450731e-08,False
BH-HF1R,SXS:BBH:0305,6,C,63,Rstar,3685.718935090361,0.2226672216697807,1922,0.8949446920619321,3.334127046054976,97,49,0.5051546391752577,0.045,0.9683036393712026,-0.2497760236301131,-1.1592019592335844e-07,False
BH-HF1R,SXS:BBH:0305,6,C,63,Estar,3685.718935090361,0.2226672216697807,1922,0.8949446920619321,4.193638105805364,97,80,0.8247422680412371,0.005,0.2140443215157645,-0.9767655285940413,-0.010683191342444368,True
BH-HF1R,SXS:BBH:0305,6,C,63,Bstar,3685.718935090361,0.2226672216697807,1922,0.8949446920619321,1.8032831694563272,97,42,0.4329896907216495,0.965,-0.15997626963141054,0.9871208604597577,-7.736720548308311e-08,False
BH-HF1R,SXS:BBH:0305,6,C,64,Rstar,3685.7230681752253,0.22680030653418726,1922,0.8950771644732732,3.347780586805163,97,49,0.5051546391752577,0.07,0.9683289800344693,-0.2496777651802231,-1.1581946957193985e-07,False
BH-HF1R,SXS:BBH:0305,6,C,64,Estar,3685.7230681752253,0.22680030653418726,1922,0.8950771644732732,4.202038656781631,97,79,0.8144329896907216,0.005,0.21273499227433618,-0.9771099339695778,-7.321562969415004e-08,True
BH-HF1R,SXS:BBH:0305,6,C,64,Bstar,3685.7230681752253,0.22680030653418726,1922,0.8950771644732732,1.796854973047334,97,42,0.4329896907216495,0.97,-0.1600908681187549,0.9871022813999455,-7.735102102305739e-08,False
BH-HF1R,SXS:BBH:0305,6,C,65,Rstar,3685.7265223442582,0.23025447556710787,1922,0.8951874370196048,3.359876682077522,97,49,0.5051546391752577,0.07,0.9683500132889197,-0.2495961773812564,-1.1573542014393005e-07,False
BH-HF1R,SXS:BBH:0305,6,C,65,Estar,3685.7265223442582,0.23025447556710787,1922,0.8951874370196048,4.213785647262359,97,80,0.8247422680412371,0.005,0.2177153036820976,-0.975974661398231,-0.00857361366172041,True
BH-HF1R,SXS:BBH:0305,6,C,65,Bstar,3685.7265223442582,0.23025447556710787,1922,0.8951874370196048,1.791500743047086,97,42,0.4329896907216495,0.96,-0.16018642381872186,0.9870867791760574,-7.733740087050692e-08,False
BH-HF1R,SXS:BBH:0305,6,C,66,Rstar,3685.7298616921316,0.23359382344051483,1922,0.8952936653967828,3.368717367084308,97,49,0.5051546391752577,0.05,0.9683702229039003,-0.24951775767074666,-1.1565429372811725e-07,False
BH-HF1R,SXS:BBH:0305,6,C,66,Estar,3685.7298616921316,0.23359382344051483,1922,0.8952936653967828,4.220198539241789,97,81,0.8350515463917526,0.005,0.2225997416491385,-0.9749099214890222,-7.341094138503782e-08,True
BH-HF1R,SXS:BBH:0305,6,C,66,Bstar,3685.7298616921316,0.23359382344051483,1922,0.8952936653967828,1.789610632144461,97,44,0.4536082474226804,0.93,-0.14306016424722354,0.9897139937403894,-7.714941307999796e-08,False
BH-HF1R,SXS:BBH:0305,6,C,67,Rstar,3685.733117556308,0.23684968761699565,1922,0.895396883789576,3.3669318343740784,97,48,0.4948453608247423,0.1,0.9672511615460977,-0.2537912613104926,-0.003896943694015106,False
BH-HF1R,SXS:BBH:0305,6,C,67,Estar,3685.733117556308,0.23684968761699565,1922,0.895396883789576,4.2183847249631565,97,82,0.845360824742268,0.005,0.21497403360698306,-0.9765662687655615,-0.010221916848252532,True
BH-HF1R,SXS:BBH:0305,6,C,67,Bstar,3685.733117556308,0.23684968761699565,1922,0.895396883789576,1.787733546670143,97,44,0.4536082474226804,0.885,-0.14315001644398864,0.989701001713184,-7.713716554028093e-08,False
BH-HF1R,SXS:BBH:0305,6,C,68,Rstar,3685.736063338182,0.23979546949067299,1922,0.895489970792372,3.3572980564817767,97,49,0.5051546391752577,0.065,0.9684074333959174,-0.24937330038221497,-1.1550397141699252e-07,False
BH-HF1R,SXS:BBH:0305,6,C,68,Estar,3685.736063338182,0.23979546949067299,1922,0.895489970792372,4.215396777672384,97,82,0.845360824742268,0.005,0.20537374770632075,-0.978648807650931,-0.008254394979156292,True
BH-HF1R,SXS:BBH:0305,6,C,68,Bstar,3685.736063338182,0.23979546949067299,1922,0.895489970792372,1.786015628561906,97,42,0.4329896907216495,0.97,-0.16044934155688556,0.9870440764190604,-7.7299404741967e-08,False
BH-HF1R,SXS:BBH:0305,6,C,69,Rstar,3685.7401421307927,0.24387426210159902,1922,0.895618394102594,3.343837668938772,97,49,0.5051546391752577,0.08,0.968431680727232,-0.2492791201922363,-1.154053447613989e-07,False
BH-HF1R,SXS:BBH:0305,6,C,69,Estar,3685.7401421307927,0.24387426210159902,1922,0.895618394102594,4.20225626423376,97,82,0.845360824742268,0.005,0.21228627928619234,-0.9771788493505613,-0.007485453141768145,True
BH-HF1R,SXS:BBH:0305,6,C,69,Bstar,3685.7401421307927,0.24387426210159902,1922,0.895618394102594,1.7848079592003572,97,42,0.4329896907216495,0.945,-0.1605612857939735,0.9870258727633132,-7.728299867076119e-08,False
BH-HF1R,SXS:BBH:0305,6,C,70,Rstar,3685.743615544919,0.24734767622794607,1922,0.8957273322189306,3.340683823067866,97,49,0.5051546391752577,0.035,0.9684521893131112,-0.24919943221168983,-1.1532142276131632e-07,False
BH-HF1R,SXS:BBH:0305,6,C,70,Estar,3685.743615544919,0.24734767622794607,1922,0.8957273322189306,4.191565491900405,97,82,0.845360824742268,0.005,0.21216121939880603,-0.9772060068023911,-0.007485803399574013,True
BH-HF1R,SXS:BBH:0305,6,C,70,Bstar,3685.743615544919,0.24734767622794607,1922,0.8957273322189306,1.781571145948098,97,43,0.44329896907216493,0.975,-0.15185940011086418,0.9883888009225171,-0.005128431428528992,False
BH-HF1R,SXS:BBH:0305,6,C,71,Rstar,3685.7469671592985,0.25069929060737195,1922,0.8958320817484894,3.3485365479090397,97,47,0.4845360824742268,0.105,0.9699288191464864,-0.24338875444253594,-1.1548424897222498e-07,False
BH-HF1R,SXS:BBH:0305,6,C,71,Estar,3685.7469671592985,0.25069929060737195,1922,0.8958320817484894,4.182423809481621,97,82,0.845360824742268,0.005,0.2120407856594607,-0.9772321438310846,-0.007486139206624801,True
BH-HF1R,SXS:BBH:0305,6,C,71,Bstar,3685.7469671592985,0.25069929060737195,1922,0.8958320817484894,1.7795933858341686,97,43,0.44329896907216493,0.945,-0.15195107345415007,0.9883747113630839,-0.00512847092923916,False
BH-HF1R,SXS:BBH:0305,6,C,72,Rstar,3685.750234983318,0.2539671146269029,1922,0.8959338678599109,3.3495451404627694,97,46,0.4742268041237113,0.17,0.9706254795761932,-0.24032570023103794,-0.011390180242049493,False
BH-HF1R,SXS:BBH:0305,6,C,72,Estar,3685.750234983318,0.2539671146269029,1922,0.8959338678599109,4.180622562833088,97,81,0.8350515463917526,0.005,0.21408718344323494,-0.9768145565486508,-7.33380861665456e-08,True
BH-HF1R,SXS:BBH:0305,6,C,72,Bstar,3685.750234983318,0.2539671146269029,1922,0.8959338678599109,1.7775179760101134,97,43,0.44329896907216493,0.98,-0.15204028187431154,0.9883609922863601,-0.005128509949424979,False
BH-HF1R,SXS:BBH:0305,6,C,73,Rstar,3685.7531915860027,0.25692371731156527,1922,0.8960256672452604,3.352297295286382,97,45,0.4639175257731959,0.185,0.9714657284770426,-0.23717997047507067,-1.1603569719739667e-07,False
BH-HF1R,SXS:BBH:0305,6,C,73,Estar,3685.7531915860027,0.25692371731156527,1922,0.8960256672452604,4.183026826469597,97,81,0.8350515463917526,0.005,0.21398150982664418,-0.9768377109081654,-7.333065379369927e-08,True
BH-HF1R,SXS:BBH:0305,6,C,73,Bstar,3685.7531915860027,0.25692371731156527,1922,0.8960256672452604,1.7747913348582272,97,43,0.44329896907216493,0.935,-0.16971626933133077,0.9854783729138848,0.005363249318955062,False
BH-HF1R,SXS:BBH:0305,6,C,74,Rstar,3685.7574308811513,0.26116301246020157,1922,0.8961568128195863,3.350747495996367,97,44,0.4536082474226804,0.23,0.972304626521413,-0.23371716506290693,-1.1599121821975932e-07,False
BH-HF1R,SXS:BBH:0305,6,C,74,Estar,3685.7574308811513,0.26116301246020157,1922,0.8961568128195863,4.190205333918197,97,80,0.8247422680412371,0.005,0.21105136338486502,-0.9774191082781735,-0.010450300765509726,True
BH-HF1R,SXS:BBH:0305,6,C,74,Bstar,3685.7574308811513,0.26116301246020157,1922,0.8961568128195863,1.7755244603186422,97,43,0.44329896907216493,0.945,-0.16983126713848562,0.9854585649654888,0.005362596227174491,False
BH-HF1R,SXS:BBH:0305,6,C,75,Rstar,3685.7609852081,0.26471733940888953,1922,0.8962663353997656,3.3514456412657636,97,42,0.4329896907216495,0.46,0.9700577763310448,-0.24287426907693474,-1.1538120795224764e-07,False
BH-HF1R,SXS:BBH:0305,6,C,75,Estar,3685.7609852081,0.26471733940888953,1922,0.8962663353997656,4.195733560201868,97,80,0.8247422680412371,0.005,0.21266818460223602,-0.9771043775813418,-0.006267261712099568,True
BH-HF1R,SXS:BBH:0305,6,C,75,Bstar,3685.7609852081,0.26471733940888953,1922,0.8962663353997656,1.776233537451395,97,43,0.44329896907216493,0.95,-0.1699274677551731,0.985441984144436,0.005362050707668269,False
BH-HF1R,SXS:BBH:0305,6,C,76,Rstar,3685.7641324172505,0.26786454855937336,1922,0.8963629851413987,3.347530841130618,97,44,0.4536082474226804,0.25,0.9723428480641848,-0.23355809944940048,-1.1582857251259387e-07,False
BH-HF1R,SXS:BBH:0305,6,C,76,Estar,3685.7641324172505,0.26786454855937336,1922,0.8963629851413987,4.20049397242161,97,81,0.8350515463917526,0.005,0.20516508931773292,-0.978727380900954,-7.338139248459982e-08,True
BH-HF1R,SXS:BBH:0305,6,C,76,Bstar,3685.7641324172505,0.26786454855937336,1922,0.8963629851413987,1.7736872838849644,97,44,0.4536082474226804,0.92,-0.17842022205926011,0.9839543812394548,-7.770984963622643e-08,False
BH-HF1R,SXS:BBH:0305,6,C,77,Rstar,3685.767200946172,0.27093307748100415,1922,0.8964569241834184,3.357047656119954,97,42,0.4329896907216495,0.475,0.9700931290453977,-0.2427330240797406,-1.1523095022830312e-07,False
BH-HF1R,SXS:BBH:0305,6,C,77,Estar,3685.767200946172,0.27093307748100415,1922,0.8964569241834184,4.203631430140767,97,81,0.8350515463917526,0.005,0.2243901104775457,-0.9744993988299169,-7.344243640117096e-08,True
BH-HF1R,SXS:BBH:0305,6,C,77,Bstar,3685.767200946172,0.27093307748100415,1922,0.8964569241834184,1.7694921917908868,97,44,0.4536082474226804,0.9,-0.17850283373819523,0.9839393977006045,-7.769619502051343e-08,False
BH-HF1R,SXS:BBH:0305,6,C,78,Rstar,3685.769977234244,0.27370936555280423,1922,0.8965416681769071,3.358027909202096,97,42,0.4329896907216495,0.385,0.9740767097926962,-0.22621795560790917,-1.1588963004767924e-07,False
BH-HF1R,SXS:BBH:0305,6,C,78,Estar,3685.769977234244,0.27370936555280423,1922,0.8965416681769071,4.2024347453404145,97,81,0.8350515463917526,0.005,0.2242934954077762,-0.974521640558975,-7.343495539636542e-08,True
BH-HF1R,SXS:BBH:0305,6,C,78,Bstar,3685.769977234244,0.27370936555280423,1922,0.8965416681769071,1.7660164803976377,97,45,0.4639175257731959,0.84,-0.16981430147377283,0.9854638413013795,-0.004911262821711766,False
BH-HF1R,SXS:BBH:0305,6,C,79,Rstar,3685.7743617025144,0.27809383382327724,1922,0.896675021698696,3.367755485432299,97,40,0.41237113402061853,0.565,0.9718766465515054,-0.2354905176175611,-1.1525260476401918e-07,False
BH-HF1R,SXS:BBH:0305,6,C,79,Estar,3685.7743617025144,0.27809383382327724,1922,0.896675021698696,4.206862530716985,97,81,0.8350515463917526,0.005,0.22414122090095034,-0.9745566751569793,-7.34229299930965e-08,True
BH-HF1R,SXS:BBH:0305,6,C,79,Bstar,3685.7743617025144,0.27809383382327724,1922,0.896675021698696,1.7596813055154061,97,46,0.4742268041237113,0.685,-0.16152403153005612,0.9868687791384787,-7.750680669931939e-08,False
BH-HF1R,SXS:BBH:0305,6,C,80,Rstar,3685.7779049805044,0.28163711181332474,1922,0.8967823665109572,3.3711901203526478,97,40,0.41237113402061853,0.545,0.9718964329304239,-0.2354088436255207,-1.151670144749561e-07,False
BH-HF1R,SXS:BBH:0305,6,C,80,Estar,3685.7779049805044,0.28163711181332474,1922,0.8967823665109572,4.209485660698636,97,81,0.8350515463917526,0.005,0.2240184326547182,-0.9745849074508173,-7.341323660392989e-08,True
BH-HF1R,SXS:BBH:0305,6,C,80,Bstar,3685.7779049805044,0.28163711181332474,1922,0.8967823665109572,1.7548156897977754,97,46,0.4742268041237113,0.705,-0.16161903974904163,0.9868532241375065,-7.749167987330493e-08,False
BH-HF1R,SXS:BBH:0305,6,C,81,Rstar,3685.7808877599323,0.2846198912411637,1922,0.8968724366263664,3.365039808090856,97,37,0.38144329896907214,0.75,0.033355242393463276,-0.9994435590891905,-7.241580162024014e-08,False
BH-HF1R,SXS:BBH:0305,6,C,81,Estar,3685.7808877599323,0.2846198912411637,1922,0.8968724366263664,4.2102488464496535,97,81,0.8350515463917526,0.005,0.22391525492908945,-0.9746086181693835,-7.340503329250621e-08,True
BH-HF1R,SXS:BBH:0305,6,C,81,Bstar,3685.7808877599323,0.2846198912411637,1922,0.8968724366263664,1.750265362028133,97,46,0.4742268041237113,0.72,-0.1616988715922439,0.9868401465920349,-7.74788986956545e-08,False
BH-HF1R,SXS:BBH:0305,6,C,82,Rstar,3685.7837959698745,0.28752810118339767,1922,0.8969600003883823,3.368058064555155,97,37,0.38144329896907214,0.705,0.03326965835919253,-0.9994464116863182,-7.241610821936952e-08,False
BH-HF1R,SXS:BBH:0305,6,C,82,Estar,3685.7837959698745,0.28752810118339767,1922,0.8969600003883823,4.216113139867845,97,82,0.845360824742268,0.005,0.22586239814542866,-0.9741396929961659,-0.006167303570578613,True
BH-HF1R,SXS:BBH:0305,6,C,82,Bstar,3685.7837959698745,0.28752810118339767,1922,0.8969600003883823,1.7454388822828406,97,46,0.4742268041237113,0.685,-0.1617765787940836,0.9868274107227036,-7.746639176933738e-08,False
BH-HF1R,SXS:BBH:0305,6,C,83,Rstar,3685.786427207441,0.2901593387500725,1922,0.8970390082456255,3.3661177355675216,97,37,0.38144329896907214,0.725,0.0331923502070661,-0.9994489821335186,-7.241634547629964e-08,False
BH-HF1R,SXS:BBH:0305,6,C,83,Estar,3685.786427207441,0.2901593387500725,1922,0.8970390082456255,4.211847450334301,97,82,0.845360824742268,0.005,0.2257717826975309,-0.9741606955847828,-0.006167764210060002,True
BH-HF1R,SXS:BBH:0305,6,C,83,Bstar,3685.786427207441,0.2901593387500725,1922,0.8970390082456255,1.7410729924657222,97,46,0.4742268041237113,0.74,-0.16184677613130716,0.9868159002853047,-7.745504228113661e-08,False
BH-HF1R,SXS:BBH:0305,6,C,84,Rstar,3685.791018833016,0.29475096432497594,1922,0.8971763903608256,3.368555184740403,97,37,0.38144329896907214,0.785,0.028561350848656856,-0.9994856439097125,-0.014584130282161104,False
BH-HF1R,SXS:BBH:0305,6,C,84,Estar,3685.791018833016,0.29475096432497594,1922,0.8971763903608256,4.204407244082547,97,82,0.845360824742268,0.005,0.22561396754420907,-0.974197252335437,-0.006168564747624625,True
BH-HF1R,SXS:BBH:0305,6,C,84,Bstar,3685.791018833016,0.29475096432497594,1922,0.8971763903608256,1.7334563699030296,97,46,0.4742268041237113,0.73,-0.1619690264286097,0.9867958423492482,-7.743518758725875e-08,False
BH-HF1R,SXS:BBH:0305,6,C,85,Rstar,3685.794554047177,0.29828617848579597,1922,0.8972817440510856,3.3746926233281895,97,37,0.38144329896907214,0.68,0.02845894847421816,-0.9994885508972919,-0.014585090914131781,False
BH-HF1R,SXS:BBH:0305,6,C,85,Estar,3685.794554047177,0.29828617848579597,1922,0.8972817440510856,4.197867393257788,97,83,0.8556701030927835,0.005,0.22749724023270995,-0.9737787252176416,-7.338305925258928e-08,True
BH-HF1R,SXS:BBH:0305,6,C,85,Bstar,3685.794554047177,0.29828617848579597,1922,0.8972817440510856,1.727593840707682,97,46,0.4742268041237113,0.735,-0.1620629375338249,0.986780423538034,-7.741978097230478e-08,False
BH-HF1R,SXS:BBH:0305,6,C,86,Rstar,3685.797351994653,0.3010841259620065,1922,0.897364868310581,3.3873806590469013,97,37,0.38144329896907214,0.715,0.028378050237073554,-0.9994908400281255,-0.014585848093744488,False
BH-HF1R,SXS:BBH:0305,6,C,86,Estar,3685.797351994653,0.3010841259620065,1922,0.897364868310581,4.201850216812373,97,83,0.8556701030927835,0.005,0.22740156830962374,-0.9738010714362137,-7.337502417494808e-08,True
BH-HF1R,SXS:BBH:0305,6,C,86,Bstar,3685.797351994653,0.3010841259620065,1922,0.897364868310581,1.7243759036929298,97,46,0.4742268041237113,0.745,-0.16213713309408848,0.9867682352366355,-7.740753675154123e-08,False
BH-HF1R,SXS:BBH:0305,6,C,87,Rstar,3685.800079993442,0.303812124750948,1922,0.8974456965413814,3.3844281565218224,97,37,0.38144329896907214,0.73,0.02829929987925595,-0.9994930621080794,-0.014586583704175808,False
BH-HF1R,SXS:BBH:0305,6,C,87,Estar,3685.800079993442,0.303812124750948,1922,0.8974456965413814,4.21687390144193,97,83,0.8556701030927835,0.005,0.22730842744281204,-0.9738228169505325,-7.336714138358209e-08,True
BH-HF1R,SXS:BBH:0305,6,C,87,Bstar,3685.800079993442,0.303812124750948,1922,0.8974456965413814,1.7232987952862198,97,46,0.4742268041237113,0.77,-0.16220936338968264,0.9867563642706885,-7.739554658777422e-08,False
BH-HF1R,SXS:BBH:0305,6,C,88,Rstar,3685.8025481828226,0.3062803141315271,1922,0.8975186416823572,3.3875067593268793,97,37,0.38144329896907214,0.705,0.028228155952500656,-0.9994950642379314,-0.01458724701698833,False
BH-HF1R,SXS:BBH:0305,6,C,88,Estar,3685.8025481828226,0.3062803141315271,1922,0.8975186416823572,4.228313032608161,97,82,0.845360824742268,0.005,0.22548500726191295,-0.9741935895006455,-0.010166694445240924,True
BH-HF1R,SXS:BBH:0305,6,C,88,Bstar,3685.8025481828226,0.3062803141315271,1922,0.8975186416823572,1.72097845701544,97,46,0.4742268041237113,0.68,-0.16227462099590176,0.9867456345890924,-7.738466846736926e-08,False
BH-HF1R,SXS:BBH:0305,6,C,89,Rstar,3685.8072334290737,0.31096556038255585,1922,0.8976566319829775,3.403415467720447,97,37,0.38144329896907214,0.705,0.028093382998428857,-0.9994988431659566,-0.014588500321086653,False
BH-HF1R,SXS:BBH:0305,6,C,89,Estar,3685.8072334290737,0.31096556038255585,1922,0.8976566319829775,4.253769102113043,97,82,0.845360824742268,0.005,0.22571067729129687,-0.97419438006832,-7.342124551571608e-08,True
BH-HF1R,SXS:BBH:0305,6,C,89,Bstar,3685.8072334290737,0.31096556038255585,1922,0.8976566319829775,1.7175589418966961,97,46,0.4742268041237113,0.75,-0.16239825348898315,0.9867252947318833,-7.736388739802374e-08,False
BH-HF1R,SXS:BBH:0305,6,C,90,Rstar,3685.810727564993,0.31445969630203763,1922,0.8977591342156226,3.4037156457272824,97,38,0.3917525773195876,0.7,0.034444745733162814,-0.9994066036860937,-7.241062789994348e-08,False
BH-HF1R,SXS:BBH:0305,6,C,90,Estar,3685.810727564993,0.31445969630203763,1922,0.8977591342156226,4.257626148525388,97,82,0.845360824742268,0.005,0.22559257624662543,-0.9742217353058825,-7.341102622924577e-08,True
BH-HF1R,SXS:BBH:0305,6,C,90,Bstar,3685.810727564993,0.31445969630203763,1922,0.8977591342156226,1.7159780330793786,97,46,0.4742268041237113,0.745,-0.16249024918469232,0.986710149395399,-7.73483569535767e-08,False
BH-HF1R,SXS:BBH:0305,6,C,91,Rstar,3685.814667566413,0.31839969772181576,1922,0.8978743038620989,3.4113884162070622,97,38,0.3917525773195876,0.62,0.03433101579427178,-0.9994105169321205,-7.241017949922858e-08,False
BH-HF1R,SXS:BBH:0305,6,C,91,Estar,3685.814667566413,0.31839969772181576,1922,0.8978743038620989,4.265499327956372,97,82,0.845360824742268,0.005,0.22545966886187546,-0.9742525020325521,-7.339943216475447e-08,True
BH-HF1R,SXS:BBH:0305,6,C,91,Bstar,3685.814667566413,0.31839969772181576,1922,0.8978743038620989,1.714175952277051,97,46,0.4742268041237113,0.785,-0.16259377408761147,0.9866930954597487,-7.733076884099258e-08,False
BH-HF1R,SXS:BBH:0305,6,C,92,Rstar,3685.8183466727487,0.3220788040575826,1922,0.897981454581353,3.4167567465174558,97,40,0.41237113402061853,0.53,0.037874389834249414,-0.9992825078998823,-7.238723984992757e-08,False
BH-HF1R,SXS:BBH:0305,6,C,92,Estar,3685.8183466727487,0.3220788040575826,1922,0.897981454581353,4.270283498527334,97,82,0.845360824742268,0.005,0.22533581331817207,-0.9742811561537217,-7.338856223148605e-08,True
BH-HF1R,SXS:BBH:0305,6,C,92,Bstar,3685.8183466727487,0.3220788040575826,1922,0.897981454581353,1.7124746345990118,97,46,0.4742268041237113,0.745,-0.16269024418360095,0.9866771936390718,-7.731429803589296e-08,False
BH-HF1R,SXS:BBH:0305,6,C,93,Rstar,3685.823246073805,0.32697820511384634,1922,0.8981235616421623,3.4226787871476727,97,40,0.41237113402061853,0.54,0.03773382942421112,-0.9992878254622035,-7.238632901214967e-08,False
BH-HF1R,SXS:BBH:0305,6,C,93,Estar,3685.823246073805,0.32697820511384634,1922,0.8981235616421623,4.277127867808149,97,82,0.845360824742268,0.005,0.2316247284123504,-0.9728052144123711,-7.378715510347375e-08,True
BH-HF1R,SXS:BBH:0305,6,C,93,Bstar,3685.823246073805,0.32697820511384634,1922,0.8981235616421623,1.7101812492954194,97,46,0.4742268041237113,0.775,-0.16281841435343894,0.986656051492832,-7.729235784276591e-08,False
BH-HF1R,SXS:BBH:0305,6,C,94,Rstar,3685.826950164326,0.33068229563468776,1922,0.898230558902293,3.42340218111817,97,40,0.41237113402061853,0.56,0.03762781719477005,-0.9992918229291942,-7.23854936617212e-08,False
BH-HF1R,SXS:BBH:0305,6,C,94,Estar,3685.826950164326,0.33068229563468776,1922,0.898230558902293,4.282780125669676,97,82,0.845360824742268,0.005,0.23150244522190322,-0.9728343218946761,-7.377583459031785e-08,True
BH-HF1R,SXS:BBH:0305,6,C,94,Bstar,3685.826950164326,0.33068229563468776,1922,0.898230558902293,1.7084263794603267,97,46,0.4742268041237113,0.735,-0.1629150906375687,0.9866400930646123,-7.72756334988796e-08,False
BH-HF1R,SXS:BBH:0305,6,C,95,Rstar,3685.8305616525836,0.33429378389246267,1922,0.8983345197081145,3.427580109721571,97,40,0.41237113402061853,0.535,0.03752466578474832,-0.9992957017108287,-7.238461093736117e-08,False
BH-HF1R,SXS:BBH:0305,6,C,95,Estar,3685.8305616525836,0.33429378389246267,1922,0.8983345197081145,4.291421523094889,97,82,0.845360824742268,0.005,0.2313834459093733,-0.9728626321115941,-7.376474354936903e-08,True
BH-HF1R,SXS:BBH:0305,6,C,95,Bstar,3685.8305616525836,0.33429378389246267,1922,0.8983345197081145,1.7066980097230127,97,46,0.4742268041237113,0.75,-0.16300916546087676,0.9866245547196474,-7.725927065293465e-08,False
BH-HF1R,SXS:BBH:0305,6,C,96,Rstar,3685.833829189579,0.33756132088774393,1922,0.8984282766109856,3.440681547100258,97,40,0.41237113402061853,0.55,0.03743151659930539,-0.9992991952188647,-7.238374878902344e-08,False
BH-HF1R,SXS:BBH:0305,6,C,96,Estar,3685.833829189579,0.33756132088774393,1922,0.8984282766109856,4.29287695044273,97,82,0.845360824742268,0.005,0.23127597189294036,-0.9728881872162753,-7.375465771845938e-08,True
BH-HF1R,SXS:BBH:0305,6,C,96,Bstar,3685.833829189579,0.33756132088774393,1922,0.8984282766109856,1.7051195000306822,97,46,0.4742268041237113,0.73,-0.16309412452363298,0.9866105141066884,-7.724441212992064e-08,False
BH-HF1R,SXS:BBH:0305,6,C,97,Rstar,3685.838778902747,0.34251103405586036,1922,0.8985697439813334,3.4467727066304206,97,40,0.41237113402061853,0.565,0.03729073332629818,-0.9993044587151515,-7.238234970268666e-08,False
BH-HF1R,SXS:BBH:0305,6,C,97,Estar,3685.838778902747,0.34251103405586036,1922,0.8985697439813334,4.284310925493721,97,82,0.845360824742268,0.005,0.24227958812480208,-0.9702064734777186,-7.351790049460475e-08,True
BH-HF1R,SXS:BBH:0305,6,C,97,Bstar,3685.838778902747,0.34251103405586036,1922,0.8985697439813334,1.7064846588084857,97,47,0.4845360824742268,0.55,-0.17590792587556417,0.9844066241214303,-7.783450268967833e-08,False
BH-HF1R,SXS:BBH:0305,6,C,98,Rstar,3685.842465384029,0.34619751533773524,1922,0.8986746825210457,3.4479572566076264,97,40,0.41237113402061853,0.615,0.03718612931152138,-0.9993083567081892,-7.238120975520561e-08,False
BH-HF1R,SXS:BBH:0305,6,C,98,Estar,3685.842465384029,0.34619751533773524,1922,0.8986746825210457,4.288917403402025,97,82,0.845360824742268,0.005,0.24215753500847778,-0.9702369443793678,-7.350574754467366e-08,True
BH-HF1R,SXS:BBH:0305,6,C,98,Bstar,3685.842465384029,0.34619751533773524,1922,0.8986746825210457,1.7073109222300777,97,47,0.4845360824742268,0.635,-0.17600270233112975,0.9843896833937938,-7.781683709483624e-08,False
BH-HF1R,SXS:BBH:0305,6,C,99,Rstar,3685.8460597032786,0.34979183458744956,1922,0.8987766493898502,3.451872911221785,97,38,0.3917525773195876,0.61,0.04862693102168729,-0.9988170110582855,-7.223624793171358e-08,False
BH-HF1R,SXS:BBH:0305,6,C,99,Estar,3685.8460597032786,0.34979183458744956,1922,0.8987766493898502,4.293649112800623,97,82,0.845360824742268,0.005,0.24203875440146508,-0.9702665826296307,-7.349381700729386e-08,True
BH-HF1R,SXS:BBH:0305,6,C,99,Bstar,3685.8460597032786,0.34979183458744956,1922,0.8987766493898502,1.7061530025346636,97,49,0.5051546391752577,0.295,-0.19987249628622034,0.979821915058195,-7.891019891044075e-08,False
BH-HF1R,SXS:BBH:0305,6,C,100,Rstar,3685.849311706409,0.35304383771790526,1922,0.8988686102538165,3.462383220280205,97,38,0.3917525773195876,0.635,0.04853444826983438,-0.9988215092453394,-7.223466064093459e-08,False
BH-HF1R,SXS:BBH:0305,6,C,100,Estar,3685.849311706409,0.35304383771790526,1922,0.8988686102538165,4.29806831666986,97,82,0.845360824742268,0.005,0.24193147351118005,-0.9702933381842337,-7.348301159935134e-08,True
BH-HF1R,SXS:BBH:0305,6,C,100,Bstar,3685.849311706409,0.35304383771790526,1922,0.8988686102538165,1.7066055910694138,97,49,0.5051546391752577,0.285,-0.19995473021946072,0.9798051366791545,-7.889327086402673e-08,False
BH-HF1R,SXS:BBH:0305,6,C,101,Rstar,3685.85392875132,0.3576608826288066,1922,0.8989986978198351,3.485793920567417,97,38,0.3917525773195876,0.635,0.04840342441571094,-0.9988278673048864,-7.045245111074799e-08,False
BH-HF1R,SXS:BBH:0305,6,C,101,Estar,3685.85392875132,0.3576608826288066,1922,0.8989986978198351,4.306339536037741,97,82,0.845360824742268,0.005,0.2417794636415206,-0.9703312274482427,-7.164661634443606e-08,True
BH-HF1R,SXS:BBH:0305,6,C,101,Bstar,3685.85392875132,0.3576608826288066,1922,0.8989986978198351,1.7072497880004787,97,49,0.5051546391752577,0.36,-0.20007124606124488,0.9797813513736087,-7.693688400046851e-08,False
BH-HF1R,SXS:BBH:0305,6,C,102,Rstar,3685.857731666492,0.3614637978007522,1922,0.8991054245993576,3.500297624945646,97,38,0.3917525773195876,0.67,0.04829575096812729,-0.9988330793673282,-7.223030036452539e-08,False
BH-HF1R,SXS:BBH:0305,6,C,102,Estar,3685.857731666492,0.3614637978007522,1922,0.8991054245993576,4.30873221224358,97,82,0.845360824742268,0.005,0.24165452563815226,-0.9703623499696359,-7.345484204262671e-08,True
BH-HF1R,SXS:BBH:0305,6,C,102,Bstar,3685.857731666492,0.3614637978007522,1922,0.8991054245993576,1.7079689476594817,97,49,0.5051546391752577,0.295,-0.2001670076900078,0.9797617919843691,-7.884923777321675e-08,False
BH-HF1R,SXS:BBH:0305,6,C,103,Rstar,3685.8614395087843,0.3651716400931946,1922,0.8992091346253511,3.5137565370262096,97,39,0.4020618556701031,0.595,0.05416944089007211,-0.9984620337824641,-0.011799947823732972,False
BH-HF1R,SXS:BBH:0305,6,C,103,Estar,3685.8614395087843,0.3651716400931946,1922,0.8992091346253511,4.3172862283277595,97,84,0.865979381443299,0.005,0.24077939644567023,-0.9705798690717078,-7.337005892758233e-08,True
BH-HF1R,SXS:BBH:0305,6,C,103,Bstar,3685.8614395087843,0.3651716400931946,1922,0.8992091346253511,1.7044932808275657,97,49,0.5051546391752577,0.335,-0.20026020077640722,0.9797427478603691,-7.884684704443129e-08,False
BH-HF1R,SXS:BBH:0305,6,C,104,Rstar,3685.864794223239,0.3685263545480666,1922,0.8993026440011375,3.5265949880553307,97,39,0.4020618556701031,0.66,0.05407442981757658,-0.998467176075889,-0.011800607566717277,False
BH-HF1R,SXS:BBH:0305,6,C,104,Estar,3685.864794223239,0.3685263545480666,1922,0.8993026440011375,4.32073140381064,97,84,0.865979381443299,0.005,0.24066933104573163,-0.9706071672381132,-7.334251153501676e-08,True
BH-HF1R,SXS:BBH:0305,6,C,104,Bstar,3685.864794223239,0.3685263545480666,1922,0.8993026440011375,1.7004542596029069,97,49,0.5051546391752577,0.34,-0.2003443583753998,0.97972554221432,-7.881203706474563e-08,False
BH-HF1R,SXS:BBH:0305,6,C,105,Rstar,3685.8692317364935,0.3729638678023548,1922,0.8994259063359781,3.532955298149575,97,54,0.5567010309278351,0.01,0.15067548181550303,-0.9715627601370096,-0.1826545983396574,True
BH-HF1R,SXS:BBH:0305,6,C,105,Estar,3685.8692317364935,0.3729638678023548,1922,0.8994259063359781,4.322316440542823,97,84,0.865979381443299,0.005,0.24052401542707277,-0.9706431877898448,-7.332745401135042e-08,True
BH-HF1R,SXS:BBH:0305,6,C,105,Bstar,3685.8692317364935,0.3729638678023548,1922,0.8994259063359781,1.6950839169668688,97,49,0.5051546391752577,0.275,-0.20045546481128074,0.979702815463591,-7.878852830475409e-08,False
BH-HF1R,SXS:BBH:0305,6,C,106,Rstar,3685.873097487745,0.37682961905375123,1922,0.8995328789236711,3.5429384803535444,97,54,0.5567010309278351,0.005,0.15055351690237884,-0.9715778291578837,-0.18267501317142254,True
BH-HF1R,SXS:BBH:0305,6,C,106,Estar,3685.873097487745,0.37682961905375123,1922,0.8995328789236711,4.337457945514291,97,84,0.865979381443299,0.005,0.24039768456284857,-0.9706744836745301,-7.331430664899723e-08,True
BH-HF1R,SXS:BBH:0305,6,C,106,Bstar,3685.873097487745,0.37682961905375123,1922,0.8995328789236711,1.6907679619154399,97,49,0.5051546391752577,0.32,-0.20055205210340846,0.9796830479278007,-7.87680174016073e-08,False
BH-HF1R,SXS:BBH:0305,6,C,107,Rstar,3685.8768665952152,0.38059872652411286,1922,0.8996368147716437,3.545790695405304,97,54,0.5567010309278351,0.005,0.15043484096118265,-0.9715924852108864,-0.18269483108921586,True
BH-HF1R,SXS:BBH:0305,6,C,107,Estar,3685.8768665952152,0.38059872652411286,1922,0.8996368147716437,4.348055495063608,97,84,0.865979381443299,0.005,0.2402747446612873,-0.9707049227638375,-7.330149702504525e-08,True
BH-HF1R,SXS:BBH:0305,6,C,107,Bstar,3685.8768665952152,0.38059872652411286,1922,0.8996368147716437,1.686948487712942,97,49,0.5051546391752577,0.365,-0.20064604354702353,0.9796638021326091,-7.874802936669811e-08,False
BH-HF1R,SXS:BBH:0305,6,C,108,Rstar,3685.8802767400693,0.3840088713782279,1922,0.8997305447116284,3.5573119467292513,97,54,0.5567010309278351,0.005,0.15197958573483583,-0.9716574772828516,-0.18106339320854536,True
BH-HF1R,SXS:BBH:0305,6,C,108,Estar,3685.8802767400693,0.3840088713782279,1922,0.8997305447116284,4.341114946821469,97,84,0.865979381443299,0.005,0.2401637104044768,-0.9707323998944041,-7.328981870005347e-08,True
BH-HF1R,SXS:BBH:0305,6,C,108,Bstar,3685.8802767400693,0.3840088713782279,1922,0.8997305447116284,1.6843957171680806,97,49,0.5051546391752577,0.31,-0.20073092999478476,0.9796464126119294,-7.872985229314056e-08,False
BH-HF1R,SXS:BBH:0305,6,C,109,Rstar,3685.8845820222464,0.3883141535552568,1922,0.899848465125623,3.5685424722455683,97,54,0.5567010309278351,0.005,0.15184490487401364,-0.9716743486755837,-0.18108584977761807,True
BH-HF1R,SXS:BBH:0305,6,C,109,Estar,3685.8845820222464,0.3883141535552568,1922,0.899848465125623,4.348062593959865,97,84,0.865979381443299,0.005,0.24002379616383135,-0.9707670046283496,-7.327500397278866e-08,True
BH-HF1R,SXS:BBH:0305,6,C,109,Bstar,3685.8845820222464,0.3883141535552568,1922,0.899848465125623,1.6835601482229323,97,49,0.5051546391752577,0.32,-0.20083789165533514,0.9796244899324605,-7.870682986555236e-08,False
BH-HF1R,SXS:BBH:0305,6,C,110,Rstar,3685.888422535492,0.39215466680070676,1922,0.8999532687387689,3.5792356444593927,97,54,0.5567010309278351,0.005,0.1517250188567862,-0.9716893595906491,-0.1811057898335178,True
BH-HF1R,SXS:BBH:0305,6,C,110,Estar,3685.888422535492,0.39215466680070676,1922,0.8999532687387689,4.359799951895322,97,84,0.865979381443299,0.005,0.23989923505309502,-0.9707977940956266,-7.326173290354985e-08,True
BH-HF1R,SXS:BBH:0305,6,C,110,Bstar,3685.888422535492,0.39215466680070676,1922,0.8999532687387689,1.6827982930352978,97,49,0.5051546391752577,0.33,-0.20093311265848662,0.9796049633588867,-7.86862349324155e-08,False
BH-HF1R,SXS:BBH:0305,6,C,111,Rstar,3685.8921887297047,0.3959208610135647,1922,0.9000556928994765,3.584495184904727,97,67,0.6907216494845361,0.005,0.21329990996884288,-0.9769195083143388,-0.011463973227198165,True
BH-HF1R,SXS:BBH:0305,6,C,111,Estar,3685.8921887297047,0.3959208610135647,1922,0.9000556928994765,4.366965955796202,97,84,0.865979381443299,0.005,0.239777310926589,-0.9708279153201193,-7.324871986469456e-08,True
BH-HF1R,SXS:BBH:0305,6,C,111,Bstar,3685.8921887297047,0.3959208610135647,1922,0.9000556928994765,1.682283957268994,97,49,0.5051546391752577,0.37,-0.2010263146219544,0.9795858414807295,-7.866604053069412e-08,False
BH-HF1R,SXS:BBH:0305,6,C,112,Rstar,3685.8957592568995,0.39949138820838925,1922,0.9001524757064671,3.581016353904239,97,68,0.7010309278350515,0.005,0.20890757326390771,-0.9779353893959353,-7.259709373616603e-08,True
BH-HF1R,SXS:BBH:0305,6,C,112,Estar,3685.8957592568995,0.39949138820838925,1922,0.9001524757064671,4.366606693626821,97,84,0.865979381443299,0.005,0.23966192741700712,-0.9708564057298895,-7.323627782331091e-08,True
BH-HF1R,SXS:BBH:0305,6,C,112,Bstar,3685.8957592568995,0.39949138820838925,1922,0.9001524757064671,1.6817799758607455,97,49,0.5051546391752577,0.365,-0.20111451386976742,0.9795677374796095,-7.864678544173673e-08,False
BH-HF1R,SXS:BBH:0305,6,C,113,Rstar,3685.90000527957,0.4037374108788754,1922,0.9002671663666921,3.5752046281145797,97,69,0.711340206185567,0.005,0.2123731652477172,-0.9771378613055003,-0.009961861571939942,True
BH-HF1R,SXS:BBH:0305,6,C,113,Estar,3685.90000527957,0.4037374108788754,1922,0.9002671663666921,4.374730999602784,97,84,0.865979381443299,0.005,0.2395249746244639,-0.9708902031286261,-7.32214274627204e-08,True
BH-HF1R,SXS:BBH:0305,6,C,113,Bstar,3685.90000527957,0.4037374108788754,1922,0.9002671663666921,1.6774300845504744,97,49,0.5051546391752577,0.365,-0.2012191970312499,0.9795462392077736,-7.86238314525127e-08,False
BH-HF1R,SXS:BBH:0305,6,C,114,Rstar,3685.903823901421,0.4075560327300991,1922,0.9003699418992572,3.575114224918264,97,69,0.711340206185567,0.005,0.20992100837387537,-0.9776684420027988,-0.00987865148264494,True
BH-HF1R,SXS:BBH:0305,6,C,114,Estar,3685.903823901421,0.4075560327300991,1922,0.9003699418992572,4.3703188818511505,97,84,0.865979381443299,0.005,0.2394020470004408,-0.9709205219233926,-7.320800613478474e-08,True
BH-HF1R,SXS:BBH:0305,6,C,114,Bstar,3685.903823901421,0.4075560327300991,1922,0.9003699418992572,1.6765232279131312,97,51,0.5257731958762887,0.11,-0.21895736582566394,0.9757344269578071,-7.92052802556684e-08,False
BH-HF1R,SXS:BBH:0305,6,C,115,Rstar,3685.9075523466304,0.4112844779392617,1922,0.9004699532979815,3.576345663476585,97,69,0.711340206185567,0.005,0.2097989105889002,-0.9776946393210444,-0.009879744865311256,True
BH-HF1R,SXS:BBH:0305,6,C,115,Estar,3685.9075523466304,0.4112844779392617,1922,0.9004699532979815,4.361159085167187,97,84,0.865979381443299,0.005,0.23928224021749708,-0.9709500551091651,-7.319499747083044e-08,True
BH-HF1R,SXS:BBH:0305,6,C,115,Bstar,3685.9075523466304,0.4112844779392617,1922,0.9004699532979815,1.6756421243944555,97,51,0.5257731958762887,0.11,-0.21904838044839103,0.9757139985789538,-7.918419598892721e-08,False
BH-HF1R,SXS:BBH:0305,6,C,116,Rstar,3685.9112417737297,0.4149739050385506,1922,0.9005686642509579,3.5778875204571743,97,69,0.711340206185567,0.005,0.20480529586453633,-0.978763289866503,-0.008787103933589124,True
BH-HF1R,SXS:BBH:0305,6,C,116,Estar,3685.9112417737297,0.4149739050385506,1922,0.9005686642509579,4.3556216202794795,97,84,0.865979381443299,0.005,0.25482221449144743,-0.9669879208147687,-7.260476233500294e-08,True
BH-HF1R,SXS:BBH:0305,6,C,116,Bstar,3685.9112417737297,0.4149739050385506,1922,0.9005686642509579,1.6728868104241605,97,51,0.5257731958762887,0.14,-0.21913825474165163,0.9756938173980487,-7.890046333629611e-08,False
BH-HF1R,SXS:BBH:0305,6,C,117,Rstar,3685.915447247202,0.41917937851076204,1922,0.9006806375200116,3.581504241918088,97,69,0.711340206185567,0.005,0.20466801691841982,-0.9787920010269093,-0.008787580805892864,True
BH-HF1R,SXS:BBH:0305,6,C,117,Estar,3685.915447247202,0.41917937851076204,1922,0.9006806375200116,4.35795767504552,97,84,0.865979381443299,0.005,0.25468590095162674,-0.9670238321036628,-7.283226818817066e-08,True
BH-HF1R,SXS:BBH:0305,6,C,117,Bstar,3685.915447247202,0.41917937851076204,1922,0.9006806375200116,1.6682564968025848,97,51,0.5257731958762887,0.13,-0.21924056000519146,0.9756708342717864,-7.913895518432382e-08,False
BH-HF1R,SXS:BBH:0305,6,C,118,Rstar,3685.9192348149354,0.4229669462442871,1922,0.9007811922588936,3.5806556886043204,97,69,0.711340206185567,0.005,0.20454465005335126,-0.97881778542414,-0.008788007278922873,True
BH-HF1R,SXS:BBH:0305,6,C,118,Estar,3685.9192348149354,0.4229669462442871,1922,0.9007811922588936,4.354856131241455,97,84,0.865979381443299,0.005,0.255731207894798,-0.9667479243880808,-7.306971683386413e-08,True
BH-HF1R,SXS:BBH:0305,6,C,118,Bstar,3685.9192348149354,0.4229669462442871,1922,0.9007811922588936,1.664738031888245,97,51,0.5257731958762887,0.095,-0.21933249835426147,0.9756501704841093,-7.911724406311361e-08,False
BH-HF1R,SXS:BBH:0305,6,C,119,Rstar,3685.9218561314037,0.4255882627126084,1922,0.9008505889745122,3.5846191770634563,97,69,0.711340206185567,0.005,0.20445940398637244,-0.9788355928814033,-0.008788300748661193,True
BH-HF1R,SXS:BBH:0305,6,C,119,Estar,3685.9218561314037,0.4255882627126084,1922,0.9008505889745122,4.353451151807706,97,84,0.865979381443299,0.005,0.2556477885435,-0.9667699872321299,-7.30597986227649e-08,True
BH-HF1R,SXS:BBH:0305,6,C,119,Bstar,3685.9218561314037,0.4255882627126084,1922,0.9008505889745122,1.6623587156987687,97,51,0.5257731958762887,0.08,-0.21939602963260552,0.9756358860668475,-7.910218877581276e-08,False
BH-HF1R,SXS:BBH:0305,6,C,120,Rstar,3685.9244119149607,0.4281440462696082,1922,0.9009180971172395,3.591005900257243,97,69,0.711340206185567,0.005,0.2018478379643586,-0.979341553478449,-0.012147919144133476,True
BH-HF1R,SXS:BBH:0305,6,C,120,Estar,3685.9244119149607,0.4281440462696082,1922,0.9009180971172395,4.354817010889642,97,84,0.865979381443299,0.005,0.2555665530049748,-0.966791465097386,-7.305008079916806e-08,True
BH-HF1R,SXS:BBH:0305,6,C,120,Bstar,3685.9244119149607,0.4281440462696082,1922,0.9009180971172395,1.6595545064986812,97,51,0.5257731958762887,0.16,-0.21945789585752107,0.9756219718445169,-7.908746032358916e-08,False
BH-HF1R,SXS:BBH:0305,6,C,121,Rstar,3685.92672429056,0.4304564218687119,1922,0.9009790459206942,3.588064261865402,97,69,0.711340206185567,0.005,0.20177322249969837,-0.9793569213187937,-0.012148553290877528,True
BH-HF1R,SXS:BBH:0305,6,C,121,Estar,3685.92672429056,0.4304564218687119,1922,0.9009790459206942,4.355471490525608,97,84,0.865979381443299,0.005,0.2554931375186863,-0.9668108691366953,-7.304128527051581e-08,True
BH-HF1R,SXS:BBH:0305,6,C,121,Bstar,3685.92672429056,0.4304564218687119,1922,0.9009790459206942,1.6581519066001436,97,51,0.5257731958762887,0.095,-0.21951380499537285,0.9756093938746425,-7.907413186873999e-08,False
BH-HF1R,SXS:BBH:0305,6,C,122,Rstar,3685.930893523305,0.43462565461368285,1922,0.9010886255908943,3.6020586071859,97,69,0.711340206185567,0.005,0.2016389025252476,-0.979384571032219,-0.012149691866472693,True
BH-HF1R,SXS:BBH:0305,6,C,122,Estar,3685.930893523305,0.43462565461368285,1922,0.9010886255908943,4.3569005363472275,97,84,0.865979381443299,0.005,0.25536096820192905,-0.9668457870410194,-7.302539251953132e-08,True
BH-HF1R,SXS:BBH:0305,6,C,122,Bstar,3685.930893523305,0.43462565461368285,1922,0.9010886255908943,1.6542906558253114,97,51,0.5257731958762887,0.165,-0.21961445395142243,0.9755867422303424,-7.905006636444466e-08,False
BH-HF1R,SXS:BBH:0305,6,C,123,Rstar,3685.934024475492,0.437756606801031,1922,0.9011706583609189,3.6126118349709144,97,69,0.711340206185567,0.005,0.20153821347858922,-0.9794052852707934,-0.012150542847720403,True
BH-HF1R,SXS:BBH:0305,6,C,123,Estar,3685.934024475492,0.437756606801031,1922,0.9011706583609189,4.363389269399516,97,84,0.865979381443299,0.005,0.25526188331853517,-0.9668719516692317,-7.300882692013818e-08,True
BH-HF1R,SXS:BBH:0305,6,C,123,Bstar,3685.934024475492,0.437756606801031,1922,0.9011706583609189,1.651388647724888,97,51,0.5257731958762887,0.145,-0.2196899053037211,0.9755697543013703,-7.902708874559483e-08,False
BH-HF1R,SXS:BBH:0305,6,C,124,Rstar,3685.9368882916565,0.44062042296536674,1922,0.9012454901397945,3.62420515121421,97,69,0.711340206185567,0.005,0.20144624504832517,-0.9794241960567897,-0.0121513182182612,True
BH-HF1R,SXS:BBH:0305,6,C,124,Estar,3685.9368882916565,0.44062042296536674,1922,0.9012454901397945,4.365926707407955,97,84,0.865979381443299,0.005,0.25517137409063884,-0.9668958422936206,-7.300244848237005e-08,True
BH-HF1R,SXS:BBH:0305,6,C,124,Bstar,3685.9368882916565,0.44062042296536674,1922,0.9012454901397945,1.6487325083662219,97,51,0.5257731958762887,0.115,-0.2197588241778522,0.9755542318067006,-7.901537001772851e-08,False
BH-HF1R,SXS:BBH:0305,6,C,125,Rstar,3685.9396805124165,0.44341264372542355,1922,0.9013182752895496,3.636433824678387,97,69,0.711340206185567,0.005,0.20135670031983877,-0.979442599847706,-0.012152071423147056,True
BH-HF1R,SXS:BBH:0305,6,C,125,Estar,3685.9396805124165,0.44341264372542355,1922,0.9013182752895496,4.3819121184578105,97,84,0.865979381443299,0.005,0.2550832445937529,-0.9669190960610502,-7.299172367619573e-08,True
BH-HF1R,SXS:BBH:0305,6,C,125,Bstar,3685.9396805124165,0.44341264372542355,1922,0.9013182752895496,1.6461410931798595,97,51,0.5257731958762887,0.12,-0.21982592870645973,0.9755391130387013,-7.899917088761825e-08,False
BH-HF1R,SXS:BBH:0305,6,C,126,Rstar,3685.94220680739,0.44593893869887324,1922,0.9013839773630509,3.640847189294513,97,69,0.711340206185567,0.005,0.20127578740023977,-0.9794592222551292,-0.01215275054426106,True
BH-HF1R,SXS:BBH:0305,6,C,126,Estar,3685.94220680739,0.44593893869887324,1922,0.9013839773630509,4.381324740079252,97,84,0.865979381443299,0.005,0.2550036057906842,-0.9669401020920293,-7.298199519310413e-08,True
BH-HF1R,SXS:BBH:0305,6,C,126,Bstar,3685.94220680739,0.44593893869887324,1922,0.9013839773630509,1.6437950408357394,97,51,0.5257731958762887,0.145,-0.21988656627783817,0.9755254471158278,-7.898448893074688e-08,False
BH-HF1R,SXS:BBH:0305,6,C,127,Rstar,3685.9462973319323,0.45002946324120785,1922,0.9014900566817126,3.645298272942632,97,71,0.7319587628865979,0.005,0.20758394420785475,-0.978191552335197,-0.007084705157437511,True
BH-HF1R,SXS:BBH:0305,6,C,127,Estar,3685.9462973319323,0.45002946324120785,1922,0.9014900566817126,4.397679641097781,97,84,0.865979381443299,0.005,0.25487485191320414,-0.9669740481844469,-7.296622354492542e-08,True
BH-HF1R,SXS:BBH:0305,6,C,127,Bstar,3685.9462973319323,0.45002946324120785,1922,0.9014900566817126,1.6399934242344687,97,51,0.5257731958762887,0.18,-0.21998459666536427,0.975503345576001,-7.896069754562408e-08,False
BH-HF1R,SXS:BBH:0305,6,C,128,Rstar,3685.949524411963,0.45325654327189113,1922,0.9015734823403608,3.6481671078605995,97,71,0.7319587628865979,0.005,0.21130827489379808,-0.9773480057826849,-0.011818991243585427,True
BH-HF1R,SXS:BBH:0305,6,C,128,Estar,3685.949524411963,0.45325654327189113,1922,0.9015734823403608,4.407046876235484,97,84,0.865979381443299,0.005,0.2547734457232675,-0.9670007711239366,-7.295372189694323e-08,True
BH-HF1R,SXS:BBH:0305,6,C,128,Bstar,3685.949524411963,0.45325654327189113,1922,0.9015734823403608,1.635422400302358,97,51,0.5257731958762887,0.11,-0.220061801843919,0.9754859319176271,-7.894186754495551e-08,False
BH-HF1R,SXS:BBH:0305,6,C,129,Rstar,3685.952382131253,0.456114262562096,1922,0.9016471638427541,3.649645386711683,97,71,0.7319587628865979,0.005,0.21121769765552273,-0.977367575755028,-0.011819731800669744,True
BH-HF1R,SXS:BBH:0305,6,C,129,Estar,3685.952382131253,0.456114262562096,1922,0.9016471638427541,4.41070974303836,97,84,0.865979381443299,0.005,0.254683770707156,-0.9670243931454778,-7.294269536639992e-08,True
BH-HF1R,SXS:BBH:0305,6,C,129,Bstar,3685.952382131253,0.456114262562096,1922,0.9016471638427541,1.6317628790145702,97,51,0.5257731958762887,0.15,-0.22013007314159325,0.9754705279498046,-7.89252422711774e-08,False
BH-HF1R,SXS:BBH:0305,6,C,130,Rstar,3685.955168407561,0.4589005388697842,1922,0.9017188306725717,3.6560766754454916,97,71,0.7319587628865979,0.005,0.21112950271680664,-0.9773866225889702,-0.011820451204577772,True
BH-HF1R,SXS:BBH:0305,6,C,130,Estar,3685.955168407561,0.4589005388697842,1922,0.9017188306725717,4.4123026921968345,97,84,0.865979381443299,0.005,0.2545964497596847,-0.9670473865172063,-7.293186293474957e-08,True
BH-HF1R,SXS:BBH:0305,6,C,130,Bstar,3685.955168407561,0.4589005388697842,1922,0.9017188306725717,1.6311937900789903,97,51,0.5257731958762887,0.14,-0.22019655007679168,0.9754555240164838,-7.890894645639265e-08,False
BH-HF1R,SXS:BBH:0305,6,C,131,Rstar,3685.95768932422,0.4614214555290346,1922,0.9017835252170693,3.665952905382768,97,71,0.7319587628865979,0.005,0.21104980715558522,-0.97740382672557,-0.011821099855867965,True
BH-HF1R,SXS:BBH:0305,6,C,131,Estar,3685.95768932422,0.4614214555290346,1922,0.9017835252170693,4.416793583614501,97,84,0.865979381443299,0.005,0.2619581078282079,-0.9650792453177406,-7.33309015217889e-08,True
BH-HF1R,SXS:BBH:0305,6,C,131,Bstar,3685.95768932422,0.4614214555290346,1922,0.9017835252170693,1.6313609709304782,97,51,0.5257731958762887,0.135,-0.22025662167738766,0.97544196168058,-7.889416898320264e-08,False
BH-HF1R,SXS:BBH:0305,6,C,132,Rstar,3685.9617121940387,0.46544432534756197,1922,0.90188647638087,3.681681500355652,97,71,0.7319587628865979,0.005,0.21494388257871327,-0.9765682649821753,-0.010656039212210063,True
BH-HF1R,SXS:BBH:0305,6,C,132,Estar,3685.9617121940387,0.46544432534756197,1922,0.90188647638087,4.432625510044709,97,85,0.8762886597938144,0.005,0.26636425906339134,-0.9638543582398396,-0.005904032154182494,True
BH-HF1R,SXS:BBH:0305,6,C,132,Bstar,3685.9617121940387,0.46544432534756197,1922,0.90188647638087,1.6283329296145044,97,51,0.5257731958762887,0.15,-0.22035233823913936,0.9754203437659776,-7.887057919106746e-08,False
BH-HF1R,SXS:BBH:0305,6,C,133,Rstar,3685.964896800785,0.46862893209390677,1922,0.9019677248344385,3.6848679364120933,97,71,0.7319587628865979,0.005,0.21484398549667386,-0.9765902339942553,-0.010657239931180729,True
BH-HF1R,SXS:BBH:0305,6,C,133,Estar,3685.964896800785,0.46862893209390677,1922,0.9019677248344385,4.442112637818581,97,85,0.8762886597938144,0.005,0.26626645755304756,-0.9638813764037426,-0.005904727273760866,True
BH-HF1R,SXS:BBH:0305,6,C,133,Bstar,3685.964896800785,0.46862893209390677,1922,0.9019677248344385,1.6259309659486993,97,51,0.5257731958762887,0.14,-0.22042798356521534,0.975403252025216,-7.885186343787435e-08,False
BH-HF1R,SXS:BBH:0305,6,C,134,Rstar,3685.9677930648777,0.47152519618657607,1922,0.9020414262854206,3.6892944582586025,97,71,0.7319587628865979,0.005,0.21475326217052254,-0.9766101762833858,-0.010658328520600543,True
BH-HF1R,SXS:BBH:0305,6,C,134,Estar,3685.9677930648777,0.47152519618657607,1922,0.9020414262854206,4.451199848033695,97,85,0.8762886597938144,0.005,0.26617763140177236,-0.9639059058292007,-0.005905357646276553,True
BH-HF1R,SXS:BBH:0305,6,C,134,Bstar,3685.9677930648777,0.47152519618657607,1922,0.9020414262854206,1.6237426884737374,97,51,0.5257731958762887,0.12,-0.22049668329495298,0.975387724269646,-7.883481300848529e-08,False
BH-HF1R,SXS:BBH:0305,6,C,135,Rstar,3685.970616922368,0.4743490536770878,1922,0.9021131109358868,3.691557723197875,97,71,0.7319587628865979,0.005,0.21466492467801043,-0.9766295856600676,-0.010659386775456865,True
BH-HF1R,SXS:BBH:0305,6,C,135,Estar,3685.970616922368,0.4743490536770878,1922,0.9021131109358868,4.459288289983586,97,85,0.8762886597938144,0.005,0.26609113573969845,-0.963929783226957,-0.005905970605160532,True
BH-HF1R,SXS:BBH:0305,6,C,135,Bstar,3685.970616922368,0.4743490536770878,1922,0.9021131109358868,1.621254829813382,97,51,0.5257731958762887,0.155,-0.22056357735103557,0.9753725997515551,-7.88181629877434e-08,False
BH-HF1R,SXS:BBH:0305,6,C,136,Rstar,3685.9731718410503,0.4769039723591959,1922,0.902177821229659,3.693598660826766,97,71,0.7319587628865979,0.005,0.21458510004472112,-0.9766471174153882,-0.010660341599118299,True
BH-HF1R,SXS:BBH:0305,6,C,136,Estar,3685.9731718410503,0.4769039723591959,1922,0.902177821229659,4.464302234666911,97,85,0.8762886597938144,0.005,0.2656159681190257,-0.9640460702576351,-0.007958134266487485,True
BH-HF1R,SXS:BBH:0305,6,C,136,Bstar,3685.9731718410503,0.4769039723591959,1922,0.902177821229659,1.6179504811204883,97,51,0.5257731958762887,0.105,-0.22062402583370555,0.9753589284078567,-7.880307698477809e-08,False
BH-HF1R,SXS:BBH:0305,6,C,137,Rstar,3685.977082476365,0.48081460767389217,1922,0.9022765988583453,3.7039898143737053,97,71,0.7319587628865979,0.005,0.2117665279629822,-0.9772944304744265,-0.007108712834954509,True
BH-HF1R,SXS:BBH:0305,6,C,137,Estar,3685.977082476365,0.48081460767389217,1922,0.9022765988583453,4.469932164046836,97,86,0.8865979381443299,0.005,0.2703261604469008,-0.9627688024536478,-7.349917172643499e-08,True
BH-HF1R,SXS:BBH:0305,6,C,137,Bstar,3685.977082476365,0.48081460767389217,1922,0.9022765988583453,1.6129004377719758,97,51,0.5257731958762887,0.16,-0.22071641310147236,0.975338026013348,-7.87799497702499e-08,False
BH-HF1R,SXS:BBH:0305,6,C,138,Rstar,3685.9802340141146,0.4839661454234374,1922,0.9023559652218406,3.707518388671099,97,73,0.7525773195876289,0.005,0.21905757685762725,-0.9756569088938242,-0.010362149825820606,True
BH-HF1R,SXS:BBH:0305,6,C,138,Estar,3685.9802340141146,0.4839661454234374,1922,0.9023559652218406,4.468568553124056,97,86,0.8865979381443299,0.005,0.27023034489359593,-0.9627957003947842,-7.348597120714415e-08,True
BH-HF1R,SXS:BBH:0305,6,C,138,Bstar,3685.9802340141146,0.4839661454234374,1922,0.9023559652218406,1.6104031523086366,97,51,0.5257731958762887,0.125,-0.22079074686367323,0.975321201502036,-7.876126904612393e-08,False
BH-HF1R,SXS:BBH:0305,6,C,139,Rstar,3685.9831811344325,0.4869132657413502,1922,0.9024299941913795,3.710316889889257,97,74,0.7628865979381443,0.005,0.2238469476486481,-0.9746243091716819,-7.271508001723544e-08,True
BH-HF1R,SXS:BBH:0305,6,C,139,Estar,3685.9831811344325,0.4869132657413502,1922,0.9024299941913795,4.470486198234781,97,86,0.8865979381443299,0.005,0.2701408635916183,-0.9628208108562929,-7.347359678140922e-08,True
BH-HF1R,SXS:BBH:0305,6,C,139,Bstar,3685.9831811344325,0.4869132657413502,1922,0.9024299941913795,1.6092807648971288,97,51,0.5257731958762887,0.14,-0.22086016259732627,0.9753054847469464,-7.874376959010622e-08,False
BH-HF1R,SXS:BBH:0305,6,C,140,Rstar,3685.986054576743,0.4897867080517244,1922,0.9025019962267223,3.708533175339378,97,75,0.7731958762886598,0.005,0.2266434471478765,-0.9739245340252555,-0.010185768926136119,True
BH-HF1R,SXS:BBH:0305,6,C,140,Estar,3685.986054576743,0.4897867080517244,1922,0.9025019962267223,4.472142899419026,97,86,0.8865979381443299,0.005,0.2700537300713359,-0.9628452538567933,-7.34615813370049e-08,True
BH-HF1R,SXS:BBH:0305,6,C,140,Bstar,3685.986054576743,0.4897867080517244,1922,0.9025019962267223,1.6071540401652757,97,51,0.5257731958762887,0.145,-0.22092775339532877,0.9752901761935708,-7.872676194535704e-08,False
BH-HF1R,SXS:BBH:0305,6,C,141,Rstar,3685.9886543578805,0.49238648918935723,1922,0.9025669920529045,3.708667603994271,97,75,0.7731958762886598,0.005,0.22656255928433577,-0.9739433464101229,-0.010186496649147713,True
BH-HF1R,SXS:BBH:0305,6,C,141,Estar,3685.9886543578805,0.49238648918935723,1922,0.9025669920529045,4.463004617533555,97,87,0.8969072164948454,0.005,0.27185072802805155,-0.9622909918726462,-0.009655497469161,True
BH-HF1R,SXS:BBH:0305,6,C,141,Bstar,3685.9886543578805,0.49238648918935723,1922,0.9025669920529045,1.6064859536462377,97,51,0.5257731958762887,0.155,-0.22098883110943773,0.9752763385445574,-7.871132090746952e-08,False
BH-HF1R,SXS:BBH:0305,6,C,142,Rstar,3685.9924764930493,0.4962086243581325,1922,0.9026622911032559,3.7084581907895777,97,75,0.7731958762886598,0.005,0.22865191779575605,-0.9734660661976113,-0.009061923088970355,True
BH-HF1R,SXS:BBH:0305,6,C,142,Estar,3685.9924764930493,0.4962086243581325,1922,0.9026622911032559,4.459706895158633,97,87,0.8969072164948454,0.005,0.2717346042137934,-0.9623237793542747,-0.009656529504864592,True
BH-HF1R,SXS:BBH:0305,6,C,142,Bstar,3685.9924764930493,0.4962086243581325,1922,0.9026622911032559,1.6057964861579916,97,51,0.5257731958762887,0.18,-0.22107849564005586,0.975256017036308,-7.868856430574146e-08,False
BH-HF1R,SXS:BBH:0305,6,C,143,Rstar,3685.9956102032697,0.4993423345786141,1922,0.9027401993650932,3.710763389210391,97,75,0.7731958762886598,0.005,0.24858613459909792,-0.968555657809029,-0.010240674352711194,True
BH-HF1R,SXS:BBH:0305,6,C,143,Estar,3685.9956102032697,0.4993423345786141,1922,0.9027401993650932,4.4569997094128455,97,87,0.8969072164948454,0.005,0.27163953938859403,-0.9623506096014592,-0.00965737233684137,True
BH-HF1R,SXS:BBH:0305,6,C,143,Bstar,3685.9956102032697,0.4993423345786141,1922,0.9027401993650932,1.604678865961143,97,51,0.5257731958762887,0.12,-0.22115189489141746,0.9752393754283762,-7.866988015988119e-08,False
BH-HF1R,SXS:BBH:0305,6,C,144,Rstar,3685.998594538274,0.5023266695829989,1922,0.9028142049598596,3.7179419416391437,97,75,0.7731958762886598,0.005,0.24849340350224325,-0.9685794441628433,-0.010241521423542689,True
BH-HF1R,SXS:BBH:0305,6,C,144,Estar,3685.998594538274,0.5023266695829989,1922,0.9028142049598596,4.4606818844406515,97,87,0.8969072164948454,0.005,0.27154912570656026,-0.9623761177612946,-0.009658172223650048,True
BH-HF1R,SXS:BBH:0305,6,C,144,Bstar,3685.998594538274,0.5023266695829989,1922,0.9028142049598596,1.6033478408563007,97,51,0.5257731958762887,0.145,-0.2212216991175618,0.9752235435219623,-7.865206246878511e-08,False
BH-HF1R,SXS:BBH:0305,6,C,145,Rstar,3686.0015042649034,0.5052363962122399,1922,0.9028861842877343,3.7275147903627888,97,75,0.7731958762886598,0.005,0.24840310871679128,-0.9686025965051679,-0.01024234461833917,True
BH-HF1R,SXS:BBH:0305,6,C,145,Estar,3686.0015042649034,0.5052363962122399,1922,0.9028861842877343,4.47219543155917,97,87,0.8969072164948454,0.005,0.2697936443903664,-0.962906404540559,0.0047587331652589075,True
BH-HF1R,SXS:BBH:0305,6,C,145,Bstar,3686.0015042649034,0.5052363962122399,1922,0.9028861842877343,1.6009278777475526,97,51,0.5257731958762887,0.12,-0.22128966820296686,0.9752081227853954,-7.863467327335404e-08,False
BH-HF1R,SXS:BBH:0305,6,C,146,Rstar,3686.0041368747106,0.5078690060195186,1922,0.9029511593603706,3.736189631373879,97,75,0.7731958762886598,0.005,0.24832151349646253,-0.9686235105039478,-0.010243087124246989,True
BH-HF1R,SXS:BBH:0305,6,C,146,Estar,3686.0041368747106,0.5078690060195186,1922,0.9029511593603706,4.470391153409423,97,87,0.8969072164948454,0.005,0.27869829455536865,-0.9603787068713693,-7.32372925797918e-08,True
BH-HF1R,SXS:BBH:0305,6,C,146,Bstar,3686.0041368747106,0.5078690060195186,1922,0.9029511593603706,1.5987333480582455,97,51,0.5257731958762887,0.11,-0.221351087715026,0.9751941837231027,-7.8618919750845e-08,False
BH-HF1R,SXS:BBH:0305,6,C,147,Rstar,3686.007889118365,0.5116212496736807,1922,0.9030435236155875,3.7376037007806246,97,75,0.7731958762886598,0.005,0.2482053800745151,-0.968653264519142,-0.010244141666074513,True
BH-HF1R,SXS:BBH:0305,6,C,147,Estar,3686.007889118365,0.5116212496736807,1922,0.9030435236155875,4.4702588847164355,97,87,0.8969072164948454,0.005,0.2785855178844093,-0.9604114270587737,-7.322092043139606e-08,True
BH-HF1R,SXS:BBH:0305,6,C,147,Bstar,3686.007889118365,0.5116212496736807,1922,0.9030435236155875,1.5955972096846094,97,51,0.5257731958762887,0.125,-0.22143850367330173,0.975174337793465,-7.859643835353609e-08,False
BH-HF1R,SXS:BBH:0305,6,C,148,Rstar,3686.011006945538,0.5147390768470359,1922,0.9031200543934956,3.7444704548775127,97,75,0.7731958762886598,0.005,0.24810902787351838,-0.9686779392368259,-0.010245014570702175,True
BH-HF1R,SXS:BBH:0305,6,C,148,Estar,3686.011006945538,0.5147390768470359,1922,0.9031200543934956,4.476294964424683,97,87,0.8969072164948454,0.005,0.2784919457895394,-0.9604385644747669,-7.320730984725274e-08,True
BH-HF1R,SXS:BBH:0305,6,C,148,Bstar,3686.011006945538,0.5147390768470359,1922,0.9031200543934956,1.5929838872318207,97,51,0.5257731958762887,0.145,-0.22151102844281634,0.9751578663366254,-7.857775238172457e-08,False
BH-HF1R,SXS:BBH:0305,6,C,149,Rstar,3686.014021301639,0.5177534329477567,1922,0.9031939139543544,3.7479231709756498,97,75,0.7731958762886598,0.005,0.24801599871686172,-0.9687017532877686,-0.010245855634393628,True
BH-HF1R,SXS:BBH:0305,6,C,149,Estar,3686.014021301639,0.5177534329477567,1922,0.9031939139543544,4.476460553949432,97,87,0.8969072164948454,0.005,0.2833858574038891,-0.9590059727777808,-7.345032256146384e-08,True
BH-HF1R,SXS:BBH:0305,6,C,149,Bstar,3686.014021301639,0.5177534329477567,1922,0.9031939139543544,1.589612950291994,97,51,0.5257731958762887,0.115,-0.22158105068481043,0.975141957859167,-7.855966598743833e-08,False
BH-HF1R,SXS:BBH:0305,6,C,150,Rstar,3686.0169602988376,0.5206924301464824,1922,0.9032656383893709,3.7574372134588088,97,75,0.7731958762886598,0.005,0.24808568854872692,-0.9686947752204449,-0.009160982366299275,True
BH-HF1R,SXS:BBH:0305,6,C,150,Estar,3686.0169602988376,0.5206924301464824,1922,0.9032656383893709,4.485183774294543,97,89,0.9175257731958762,0.005,0.29278294071280403,-0.9561789318048988,-7.36939722110948e-08,True
BH-HF1R,SXS:BBH:0305,6,C,150,Bstar,3686.0169602988376,0.5206924301464824,1922,0.9032656383893709,1.5855988034874429,97,51,0.5257731958762887,0.165,-0.22164923221891097,0.9751264624943583,-7.854201696274493e-08,False
BH-HF1R,SXS:BBH:0305,6,C,151,Rstar,3686.019619391541,0.5233515228496799,1922,0.9033304401691934,3.767562758311698,97,75,0.7731958762886598,0.005,0.2480039850643746,-0.9687156898825195,-0.009161635641296007,True
BH-HF1R,SXS:BBH:0305,6,C,151,Estar,3686.019619391541,0.5233515228496799,1922,0.9033304401691934,4.504214203269159,97,89,0.9175257731958762,0.005,0.29270447554622153,-0.9562029543957737,-7.368168169839087e-08,True
BH-HF1R,SXS:BBH:0305,6,C,151,Bstar,3686.019619391541,0.5233515228496799,1922,0.9033304401691934,1.5819701239097304,97,51,0.5257731958762887,0.145,-0.22171084384442077,0.9751124559361287,-7.85259505617705e-08,False
BH-HF1R,SXS:BBH:0305,6,C,152,Rstar,3686.0233204672622,0.5270525985711174,1922,0.9034203954857013,3.7742114625496774,97,75,0.7731958762886598,0.005,0.24744774570916914,-0.9688468753833196,-0.01026378114677101,True
BH-HF1R,SXS:BBH:0305,6,C,152,Estar,3686.0233204672622,0.5270525985711174,1922,0.9034203954857013,4.52447969050108,97,89,0.9175257731958762,0.005,0.29259540739220646,-0.9562363345810404,-7.366453512655266e-08,True
BH-HF1R,SXS:BBH:0305,6,C,152,Bstar,3686.0233204672622,0.5270525985711174,1922,0.9034203954857013,1.5769245251484911,97,51,0.5257731958762887,0.165,-0.22179647790981855,0.9750929814057699,-7.850354766660122e-08,False
BH-HF1R,SXS:BBH:0305,6,C,153,Rstar,3686.0264274168353,0.5301595481441836,1922,0.9034957012878236,3.7788190344118484,97,75,0.7731958762886598,0.005,0.24735206294204753,-0.9688712990540294,-0.010264639675645648,True
BH-HF1R,SXS:BBH:0305,6,C,153,Estar,3686.0264274168353,0.5301595481441836,1922,0.9034957012878236,4.530044057641268,97,89,0.9175257731958762,0.005,0.29250397663454125,-0.956264306378197,-7.365017139289807e-08,True
BH-HF1R,SXS:BBH:0305,6,C,153,Bstar,3686.0264274168353,0.5301595481441836,1922,0.9034957012878236,1.573721879809544,97,52,0.5360824742268041,0.075,-0.23212049837186674,0.9726766026048225,0.004505660965538823,False
BH-HF1R,SXS:BBH:0305,6,C,154,Rstar,3686.029463488873,0.5331956201816865,1922,0.9035691049544969,3.776691976098856,97,75,0.7731958762886598,0.005,0.2497638055179436,-0.968273978906654,-0.007971400471138946,True
BH-HF1R,SXS:BBH:0305,6,C,154,Estar,3686.029463488873,0.5331956201816865,1922,0.9035691049544969,4.529006911030714,97,89,0.9175257731958762,0.005,0.2924147449700521,-0.9562915961797919,-7.363612237676026e-08,True
BH-HF1R,SXS:BBH:0305,6,C,154,Bstar,3686.029463488873,0.5331956201816865,1922,0.9035691049544969,1.5746978347574083,97,52,0.5360824742268041,0.11,-0.23219020078760588,0.9726599681062388,0.004505230491551633,False
BH-HF1R,SXS:BBH:0305,6,C,155,Rstar,3686.0324236591096,0.5361557904184338,1922,0.9036404994617426,3.7796250481639984,97,75,0.7731958762886598,0.005,0.24967335363869989,-0.9682972995042699,-0.007972217730532263,True
BH-HF1R,SXS:BBH:0305,6,C,155,Estar,3686.0324236591096,0.5361557904184338,1922,0.9036404994617426,4.529151909825997,97,89,0.9175257731958762,0.005,0.2923278514891842,-0.9563181621425538,-7.362241840493403e-08,True
BH-HF1R,SXS:BBH:0305,6,C,155,Bstar,3686.0324236591096,0.5361557904184338,1922,0.9036404994617426,1.5748492922859951,97,53,0.5463917525773195,0.03,-0.24214369247336495,0.9702403991771102,-7.926805298985237e-08,False
BH-HF1R,SXS:BBH:0305,6,C,156,Rstar,3686.035101908371,0.5388340396798412,1922,0.9037049471470092,3.7835062910683783,97,75,0.7731958762886598,0.005,0.249591615642668,-0.9683183657181301,-0.007972955151773584,True
BH-HF1R,SXS:BBH:0305,6,C,156,Estar,3686.035101908371,0.5388340396798412,1922,0.9037049471470092,4.527370824802857,97,89,0.9175257731958762,0.005,0.29224932461223635,-0.9563421627554054,-7.361001184036945e-08,True
BH-HF1R,SXS:BBH:0305,6,C,156,Bstar,3686.035101908371,0.5388340396798412,1922,0.9037049471470092,1.572558827054954,97,53,0.5463917525773195,0.055,-0.24220472306980426,0.9702251656820045,-7.925101075641292e-08,False
BH-HF1R,SXS:BBH:0305,6,C,157,Rstar,3686.038764573669,0.5424967049780207,1922,0.9037928573058868,3.7847458222234978,97,75,0.7731958762886598,0.005,0.24947998646020247,-0.9683471238708864,-0.007973960546643368,True
BH-HF1R,SXS:BBH:0305,6,C,157,Estar,3686.038764573669,0.5424967049780207,1922,0.9037928573058868,4.524267051754443,97,89,0.9175257731958762,0.005,0.2921420739737652,-0.9563749309838174,-7.359303752185551e-08,True
BH-HF1R,SXS:BBH:0305,6,C,157,Bstar,3686.038764573669,0.5424967049780207,1922,0.9037928573058868,1.5728978068469022,97,54,0.5567010309278351,0.04,-0.253866354948727,0.9672393053557329,-7.980242014981992e-08,False
BH-HF1R,SXS:BBH:0305,6,C,158,Rstar,3686.0418626175256,0.5455947488344464,1922,0.9038670125016603,3.7842912252072547,97,75,0.7731958762886598,0.005,0.2514700456056472,-0.967841135260253,-0.006808308250828555,True
BH-HF1R,SXS:BBH:0305,6,C,158,Estar,3686.0418626175256,0.5455947488344464,1922,0.9038670125016603,4.5377791068836695,97,89,0.9175257731958762,0.005,0.2837802768080167,-0.958889333810091,-7.347753060132225e-08,True
BH-HF1R,SXS:BBH:0305,6,C,158,Bstar,3686.0418626175256,0.5455947488344464,1922,0.9038670125016603,1.574207137429042,97,54,0.5567010309278351,0.035,-0.2539361477892923,0.9672209844941994,-7.978201166585054e-08,False
BH-HF1R,SXS:BBH:0305,6,C,159,Rstar,3686.0448068812498,0.5485390125586491,1922,0.9039373153271674,3.78582642126717,97,75,0.7731958762886598,0.005,0.24890933526963083,-0.9685107966553316,0.005565930082689175,True
BH-HF1R,SXS:BBH:0305,6,C,159,Estar,3686.0448068812498,0.5485390125586491,1922,0.9039373153271674,4.552208638683307,97,89,0.9175257731958762,0.005,0.2836946771652141,-0.9589146625993991,-7.346416365477931e-08,True
BH-HF1R,SXS:BBH:0305,6,C,159,Bstar,3686.0448068812498,0.5485390125586491,1922,0.9039373153271674,1.5745846359229645,97,54,0.5567010309278351,0.025,-0.25400239073003594,0.9672035905141274,-7.976259962671057e-08,False
BH-HF1R,SXS:BBH:0305,6,C,160,Rstar,3686.0476775383813,0.5514096696902016,1922,0.904005700904293,3.7854795886150643,97,75,0.7731958762886598,0.005,0.24959848012843705,-0.9682842951030654,-0.011230430727886731,True
BH-HF1R,SXS:BBH:0305,6,C,160,Estar,3686.0476775383813,0.5514096696902016,1922,0.904005700904293,4.5342837232310895,97,89,0.9175257731958762,0.005,0.2836113166689269,-0.9589393208422065,-7.34511192490096e-08,True
BH-HF1R,SXS:BBH:0305,6,C,160,Bstar,3686.0476775383813,0.5514096696902016,1922,0.904005700904293,1.5743794506941189,97,54,0.5567010309278351,0.015,-0.2540668976711678,0.9671866477096043,-7.974366346124725e-08,False
BH-HF1R,SXS:BBH:0305,6,C,161,Rstar,3686.050274799595,0.5540069309040518,1922,0.9040674374358769,3.7871511757529457,97,75,0.7731958762886598,0.005,0.24952011290889503,-0.9683044839033366,-0.011231193463980006,True
BH-HF1R,SXS:BBH:0305,6,C,161,Estar,3686.050274799595,0.5540069309040518,1922,0.9040674374358769,4.542621713430922,97,89,0.9175257731958762,0.005,0.2835359794774162,-0.958961598992252,-7.343930441520378e-08,True
BH-HF1R,SXS:BBH:0305,6,C,161,Bstar,3686.050274799595,0.5540069309040518,1922,0.9040674374358769,1.5753916843827345,97,54,0.5567010309278351,0.035,-0.2541251932263592,0.9671713323748069,-7.97265196027139e-08,False
BH-HF1R,SXS:BBH:0305,6,C,162,Rstar,3686.053900385165,0.5576325164738591,1922,0.9041534029738857,3.7952477883815363,97,75,0.7731958762886598,0.005,0.24988847435163933,-0.9682416862796552,-0.00798669747391404,True
BH-HF1R,SXS:BBH:0305,6,C,162,Estar,3686.053900385165,0.5576325164738591,1922,0.9041534029738857,4.547651324161692,97,89,0.9175257731958762,0.005,0.283430947442087,-0.9589926475380693,-7.342278234961158e-08,True
BH-HF1R,SXS:BBH:0305,6,C,162,Bstar,3686.053900385165,0.5576325164738591,1922,0.9041534029738857,1.5769395344062676,97,54,0.5567010309278351,0.035,-0.2542064622194021,0.9671499752188847,-7.970256056122924e-08,False
BH-HF1R,SXS:BBH:0305,6,C,163,Rstar,3686.0569410417206,0.5606731730294996,1922,0.9042253071002385,3.8030438679437766,97,76,0.7835051546391752,0.005,0.24520247820030713,-0.9694718895792815,-7.254860605817877e-08,True
BH-HF1R,SXS:BBH:0305,6,C,163,Estar,3686.0569410417206,0.5606731730294996,1922,0.9042253071002385,4.5418557511942215,97,89,0.9175257731958762,0.005,0.27666433858725553,-0.9609666194796107,-7.332340212007072e-08,True
BH-HF1R,SXS:BBH:0305,6,C,163,Bstar,3686.0569410417206,0.5606731730294996,1922,0.9042253071002385,1.578238797406986,97,54,0.5567010309278351,0.025,-0.25427452363570335,0.967132083342203,-7.968245465621435e-08,False
BH-HF1R,SXS:BBH:0305,6,C,164,Rstar,3686.05981216386,0.5635442951688674,1922,0.904293042414673,3.8067682926816766,97,76,0.7835051546391752,0.005,0.24278085904243238,-0.9700811587092152,-7.260839690436434e-08,True
BH-HF1R,SXS:BBH:0305,6,C,164,Estar,3686.05981216386,0.5635442951688674,1922,0.904293042414673,4.552405106921078,97,89,0.9175257731958762,0.005,0.2765813081177112,-0.9609905202445497,-7.331051971146474e-08,True
BH-HF1R,SXS:BBH:0305,6,C,164,Bstar,3686.05981216386,0.5635442951688674,1922,0.904293042414673,1.579466565032049,97,54,0.5567010309278351,0.035,-0.25433871005956393,0.9671152054255122,-7.966345903809676e-08,False
BH-HF1R,SXS:BBH:0305,6,C,165,Rstar,3686.062611507946,0.5663436392546828,1922,0.9043589351265022,3.8159302255815883,97,76,0.7835051546391752,0.005,0.24269844548140632,-0.9701017805163041,-7.259708964893777e-08,True
BH-HF1R,SXS:BBH:0305,6,C,165,Estar,3686.062611507946,0.5663436392546828,1922,0.9043589351265022,4.565787680987092,97,90,0.9278350515463918,0.005,0.28061612268382463,-0.95978316876791,-0.008417876200464818,True
BH-HF1R,SXS:BBH:0305,6,C,165,Bstar,3686.062611507946,0.5663436392546828,1922,0.9043589351265022,1.5806645175845673,97,54,0.5567010309278351,0.03,-0.25440121705002766,0.9670987647409434,-7.9644921942064e-08,False
BH-HF1R,SXS:BBH:0305,6,C,166,Rstar,3686.065144247833,0.5688763791417841,1922,0.904418426308765,3.824144819650911,97,76,0.7835051546391752,0.005,0.2528170728823584,-0.9674521288222179,-0.010950164225036616,True
BH-HF1R,SXS:BBH:0305,6,C,166,Estar,3686.065144247833,0.5688763791417841,1922,0.904418426308765,4.572951980241162,97,90,0.9278350515463918,0.005,0.2753596446734248,-0.9613384338270394,0.0023413099539280626,True
BH-HF1R,SXS:BBH:0305,6,C,166,Bstar,3686.065144247833,0.5688763791417841,1922,0.904418426308765,1.57982490974674,97,54,0.5567010309278351,0.025,-0.25445770761708575,0.9670839027893348,-7.962813710971835e-08,False
BH-HF1R,SXS:BBH:0305,6,C,167,Rstar,3686.0687362432345,0.5724683745434049,1922,0.9045025930250805,3.8384751225813254,97,76,0.7835051546391752,0.005,0.2580979320976243,-0.966066464396697,-0.010052055262253503,True
BH-HF1R,SXS:BBH:0305,6,C,167,Estar,3686.0687362432345,0.5724683745434049,1922,0.9045025930250805,4.576750826420704,97,90,0.9278350515463918,0.005,0.2867942296665907,-0.9579553660348202,-0.008401578127978501,True
BH-HF1R,SXS:BBH:0305,6,C,167,Bstar,3686.0687362432345,0.5724683745434049,1922,0.9045025930250805,1.578602857293264,97,54,0.5567010309278351,0.045,-0.2545377209927085,0.9670628462472496,-7.960431844393045e-08,False
BH-HF1R,SXS:BBH:0305,6,C,168,Rstar,3686.0717289604836,0.5754610917924765,1922,0.9045725348886,3.8399489917860343,97,78,0.8041237113402062,0.005,0.2608046028468157,-0.9653510648532138,-0.008847639271643913,True
BH-HF1R,SXS:BBH:0305,6,C,168,Estar,3686.0717289604836,0.5754610917924765,1922,0.9045725348886,4.584625671299005,97,90,0.9278350515463918,0.005,0.2867082440218614,-0.9579810964709294,-0.008402476673954924,True
BH-HF1R,SXS:BBH:0305,6,C,168,Bstar,3686.0717289604836,0.5754610917924765,1922,0.9045725348886,1.579641148204535,97,56,0.5773195876288659,0.01,-0.2764427170597722,0.961030397117908,-8.062540628170381e-08,True
BH-HF1R,SXS:BBH:0305,6,C,169,Rstar,3686.074628617939,0.5783607492480769,1922,0.904640144503576,3.8427542183641785,97,78,0.8041237113402062,0.005,0.26247126423651324,-0.9648794050596107,-0.010796719033960242,True
BH-HF1R,SXS:BBH:0305,6,C,169,Estar,3686.074628617939,0.5783607492480769,1922,0.904640144503576,4.581230551298476,97,90,0.9278350515463918,0.005,0.2883114831762856,-0.9574919805666583,-0.009251800864059086,True
BH-HF1R,SXS:BBH:0305,6,C,169,Bstar,3686.074628617939,0.5783607492480769,1922,0.904640144503576,1.580786627830897,97,56,0.5773195876288659,0.005,-0.27650609880019555,0.961012162943992,-8.060508310526856e-08,True
BH-HF1R,SXS:BBH:0305,6,C,170,Rstar,3686.077455783958,0.5811879152670372,1922,0.9047059148525819,3.8503598134559427,97,78,0.8041237113402062,0.005,0.26238720666737797,-0.9649022581610769,-0.010797498457730724,True
BH-HF1R,SXS:BBH:0305,6,C,170,Estar,3686.077455783958,0.5811879152670372,1922,0.9047059148525819,4.572699035431144,97,90,0.9278350515463918,0.005,0.2882306916635112,-0.9575162968949259,-0.009252543639576713,True
BH-HF1R,SXS:BBH:0305,6,C,170,Bstar,3686.077455783958,0.5811879152670372,1922,0.9047059148525819,1.5819038663360236,97,56,0.5773195876288659,0.015,-0.276567823317327,0.9609944011832271,-8.058525326881679e-08,False
BH-HF1R,SXS:BBH:0305,6,C,171,Rstar,3686.0800136960706,0.5837458273795164,1922,0.9047652954791785,3.8535649552730873,97,78,0.8041237113402062,0.005,0.2623112389037057,-0.9649229051012617,-0.0107982015050914,True
BH-HF1R,SXS:BBH:0305,6,C,171,Estar,3686.0800136960706,0.5837458273795164,1922,0.9047652954791785,4.571224475586905,97,90,0.9278350515463918,0.005,0.28815767281977883,-0.957538267449645,-0.009253213745574982,True
BH-HF1R,SXS:BBH:0305,6,C,171,Bstar,3686.0800136960706,0.5837458273795164,1922,0.9047652954791785,1.582915036827514,97,56,0.5773195876288659,0.005,-0.27662360770643857,0.9609783450523054,-8.056730036372738e-08,True
BH-HF1R,SXS:BBH:0305,6,C,172,Rstar,3686.083582744753,0.5873148760620097,1922,0.904847949425235,3.8533538801488363,97,78,0.8041237113402062,0.005,0.26220537479086853,-0.9649516667492799,-0.01079917906911926,True
BH-HF1R,SXS:BBH:0305,6,C,172,Estar,3686.083582744753,0.5873148760620097,1922,0.904847949425235,4.584111558634785,97,90,0.9278350515463918,0.005,0.28805591369827116,-0.9575688755233268,-0.009254145689681281,True
BH-HF1R,SXS:BBH:0305,6,C,172,Bstar,3686.083582744753,0.5873148760620097,1922,0.904847949425235,1.58432644527148,97,56,0.5773195876288659,0.01,-0.276701345989674,0.9609559641978898,-8.05421334515753e-08,True
BH-HF1R,SXS:BBH:0305,6,C,173,Rstar,3686.086575804462,0.590307935770852,1922,0.9049170860339097,3.853275111912162,97,78,0.8041237113402062,0.005,0.2579483111366225,-0.9661360890442734,-0.006612581039195672,True
BH-HF1R,SXS:BBH:0305,6,C,173,Estar,3686.086575804462,0.590307935770852,1922,0.9049170860339097,4.582657127887585,97,90,0.9278350515463918,0.005,0.2879706877843239,-0.9575945015242774,-0.009254924499663844,True
BH-HF1R,SXS:BBH:0305,6,C,173,Bstar,3686.086575804462,0.590307935770852,1922,0.9049170860339097,1.5855105423489373,97,56,0.5773195876288659,0.015,-0.27676645124083665,0.9609372151538034,-8.052107066126336e-08,False
BH-HF1R,SXS:BBH:0305,6,C,174,Rstar,3686.0894833734083,0.5932155047171364,1922,0.9049840931489804,3.853772242851922,97,79,0.8144329896907216,0.005,0.25591017341383704,-0.9667005653992838,-7.228108098757245e-08,True
BH-HF1R,SXS:BBH:0305,6,C,174,Estar,3686.0894833734083,0.5932155047171364,1922,0.9049840931489804,4.589839659949185,97,90,0.9278350515463918,0.005,0.2878879926515611,-0.9576193586697804,-0.00925567868570794,True
BH-HF1R,SXS:BBH:0305,6,C,174,Bstar,3686.0894833734083,0.5932155047171364,1922,0.9049840931489804,1.5822708571330897,97,56,0.5773195876288659,0.01,-0.2768296209426084,0.9609190189442424,-8.050059831184516e-08,True
BH-HF1R,SXS:BBH:0305,6,C,175,Rstar,3686.092318253131,0.5960503844398772,1922,0.9050492783499647,3.8590076298664835,97,80,0.8247422680412371,0.005,0.25522160802390714,-0.9668259886979864,-0.01046127983815445,True
BH-HF1R,SXS:BBH:0305,6,C,175,Estar,3686.092318253131,0.5960503844398772,1922,0.9050492783499647,4.600716027984126,97,90,0.9278350515463918,0.005,0.2878074562167283,-0.9576435594662894,-0.009256411766524072,True
BH-HF1R,SXS:BBH:0305,6,C,175,Bstar,3686.092318253131,0.5960503844398772,1922,0.9050492783499647,1.5789670476321425,97,56,0.5773195876288659,0.005,-0.2768911395181092,0.9609012940236663,-8.048062586094175e-08,True
BH-HF1R,SXS:BBH:0305,6,C,176,Rstar,3686.094883144309,0.5986152756177034,1922,0.9051081314823323,3.860391646696246,97,80,0.8247422680412371,0.005,0.2551468968525998,-0.9668457015169993,-0.010461858562919752,True
BH-HF1R,SXS:BBH:0305,6,C,176,Estar,3686.094883144309,0.5986152756177034,1922,0.9051081314823323,4.601964085244481,97,90,0.9278350515463918,0.005,0.28773466732592157,-0.9576654258226435,-0.00925707312148061,True
BH-HF1R,SXS:BBH:0305,6,C,176,Bstar,3686.094883144309,0.5986152756177034,1922,0.9051081314823323,1.5759726245947725,97,56,0.5773195876288659,0.02,-0.2769467382490254,0.9608852710772601,-8.046254604735272e-08,False
BH-HF1R,SXS:BBH:0305,6,C,177,Rstar,3686.098427896107,0.6021600274157208,1922,0.9051892744523024,3.8718983060859857,97,80,0.8247422680412371,0.005,0.25504377232140957,-0.9668729011827804,-0.010462655421000673,True
BH-HF1R,SXS:BBH:0305,6,C,177,Estar,3686.098427896107,0.6021600274157208,1922,0.9051892744523024,4.608638515392624,97,90,0.9278350515463918,0.005,0.28763419177710303,-0.9576955995774873,-0.009257984156914733,True
BH-HF1R,SXS:BBH:0305,6,C,177,Bstar,3686.098427896107,0.6021600274157208,1922,0.9051892744523024,1.5718259939799595,97,56,0.5773195876288659,0.005,-0.2770234822214835,0.9608631485793786,-8.043755013760004e-08,True
BH-HF1R,SXS:BBH:0305,6,C,178,Rstar,3686.1014118124167,0.6051439437255794,1922,0.9052574061556584,3.869557357941719,97,80,0.8247422680412371,0.005,0.254957078799329,-0.9668957579958318,-0.01046332355318251,True
BH-HF1R,SXS:BBH:0305,6,C,178,Estar,3686.1014118124167,0.6051439437255794,1922,0.9052574061556584,4.614178881257732,97,90,0.9278350515463918,0.005,0.2875497212548413,-0.9577209579959166,-0.009258748384469348,True
BH-HF1R,SXS:BBH:0305,6,C,178,Bstar,3686.1014118124167,0.6051439437255794,1922,0.9052574061556584,1.5683144951663206,97,56,0.5773195876288659,0.005,-0.2770879989178891,0.960844545624147,-8.041648761331941e-08,True
BH-HF1R,SXS:BBH:0305,6,C,179,Rstar,3686.104331085462,0.6080632167709155,1922,0.9053239096251495,3.87736053188328,97,80,0.8247422680412371,0.005,0.25487236482931985,-0.9669180848842078,-0.010463974874113135,True
BH-HF1R,SXS:BBH:0305,6,C,179,Estar,3686.104331085462,0.6080632167709155,1922,0.9053239096251495,4.618233565708912,97,90,0.9278350515463918,0.005,0.28746717606642863,-0.9577457305886233,-0.009259493704149316,True
BH-HF1R,SXS:BBH:0305,6,C,179,Bstar,3686.104331085462,0.6080632167709155,1922,0.9053239096251495,1.5644944099002398,97,56,0.5773195876288659,0.015,-0.27715104286747416,0.9608263627927083,-8.039587166822146e-08,False
BH-HF1R,SXS:BBH:0305,6,C,180,Rstar,3686.107177376681,0.6109095079900726,1922,0.9053886494473044,3.884993531626024,97,80,0.8247422680412371,0.005,0.25478987879114234,-0.9669398169757355,-0.010464607614521898,True
BH-HF1R,SXS:BBH:0305,6,C,180,Estar,3686.107177376681,0.6109095079900726,1922,0.9053886494473044,4.6153655450018745,97,90,0.9278350515463918,0.005,0.28738679933790895,-0.957769844967148,-0.009260218027558652,True
BH-HF1R,SXS:BBH:0305,6,C,180,Bstar,3686.107177376681,0.6109095079900726,1922,0.9053886494473044,1.5622600103865327,97,56,0.5773195876288659,0.02,-0.27721242718966116,0.9608086543176068,-8.005259110142102e-08,False
BH-HF1R,SXS:BBH:0305,6,C,181,Rstar,3686.1097525925466,0.6134847238554357,1922,0.9054470174258776,3.886524014934505,97,80,0.8247422680412371,0.005,0.25471530414753907,-0.9669594582374775,-0.010465178360174666,True
BH-HF1R,SXS:BBH:0305,6,C,181,Estar,3686.1097525925466,0.6134847238554357,1922,0.9054470174258776,4.621370792794274,97,90,0.9278350515463918,0.005,0.2873141272784177,-0.9577916414968309,-0.009260871721776042,True
BH-HF1R,SXS:BBH:0305,6,C,181,Bstar,3686.1097525925466,0.6134847238554357,1922,0.9054470174258776,1.560509102994364,97,56,0.5773195876288659,0.015,-0.2772679282029581,0.9607926394337296,-8.035755373860404e-08,False
BH-HF1R,SXS:BBH:0305,6,C,182,Rstar,3686.1132725106972,0.6170046420061226,1922,0.9055266698656452,3.8821048623344403,97,80,0.8247422680412371,0.005,0.2546135161540589,-0.9669862569692317,-0.010465955489199402,True
BH-HF1R,SXS:BBH:0305,6,C,182,Estar,3686.1132725106972,0.6170046420061226,1922,0.9055266698656452,4.616771916675636,97,90,0.9278350515463918,0.005,0.287214933027188,-0.957821383144185,-0.009261762140568864,True
BH-HF1R,SXS:BBH:0305,6,C,182,Bstar,3686.1132725106972,0.6170046420061226,1922,0.9055266698656452,1.5580077125230243,97,56,0.5773195876288659,0.01,-0.2773436801193162,0.9607707755223761,-8.033264588050269e-08,True
BH-HF1R,SXS:BBH:0305,6,C,183,Rstar,3686.116248295574,0.6199804268831031,1922,0.9055938404686922,3.8815273346947645,97,80,0.8247422680412371,0.005,0.25696978004849225,-0.9663634533824423,-0.010402312655839754,True
BH-HF1R,SXS:BBH:0305,6,C,183,Estar,3686.116248295574,0.6199804268831031,1922,0.9055938404686922,4.613364131408526,97,90,0.9278350515463918,0.005,0.287131178647815,-0.9578464867159523,-0.009262512306251155,True
BH-HF1R,SXS:BBH:0305,6,C,183,Bstar,3686.116248295574,0.6199804268831031,1922,0.9055938404686922,1.5558902943281545,97,56,0.5773195876288659,0.01,-0.2774076385786588,0.9607523104620701,-8.031156946942885e-08,True
BH-HF1R,SXS:BBH:0305,6,C,184,Rstar,3686.119179106398,0.6229112377068304,1922,0.9056598461220563,3.886092028806683,97,80,0.8247422680412371,0.005,0.25688593028871426,-0.9663857385109955,-0.010403039087671212,True
BH-HF1R,SXS:BBH:0305,6,C,184,Estar,3686.119179106398,0.6229112377068304,1922,0.9056598461220563,4.611071795147846,97,90,0.9278350515463918,0.005,0.2878318139476234,-0.9576703269610162,0.004515721204961658,True
BH-HF1R,SXS:BBH:0305,6,C,184,Bstar,3686.119179106398,0.6229112377068304,1922,0.9056598461220563,1.553963293587508,97,56,0.5773195876288659,0.01,-0.27747055619856115,0.9607341413954511,-8.029079761236132e-08,True
BH-HF1R,SXS:BBH:0305,6,C,185,Rstar,3686.1220366469506,0.6257687782594985,1922,0.9057240585395462,3.8838448800295264,97,80,0.8247422680412371,0.005,0.2568042714448941,-0.9664074338791595,-0.010403745035084063,True
BH-HF1R,SXS:BBH:0305,6,C,185,Estar,3686.1220366469506,0.6257687782594985,1922,0.9057240585395462,4.61154491500009,97,90,0.9278350515463918,0.005,0.28775211493830916,-0.9576942755251983,0.004516079582545121,True
BH-HF1R,SXS:BBH:0305,6,C,185,Bstar,3686.1220366469506,0.6257687782594985,1922,0.9057240585395462,1.5529022454398558,97,56,0.5773195876288659,0.01,-0.2775318301357489,0.9607164426934179,-8.027053073144124e-08,True
BH-HF1R,SXS:BBH:0305,6,C,186,Rstar,3686.1246220407843,0.628354172093168,1922,0.9057820345925627,3.8825504005709663,97,80,0.8247422680412371,0.005,0.25673046989808945,-0.966427035355341,-0.010404381778487836,True
BH-HF1R,SXS:BBH:0305,6,C,186,Estar,3686.1246220407843,0.628354172093168,1922,0.9057820345925627,4.606691189567366,97,90,0.9278350515463918,0.005,0.28768008180688204,-0.9577159143690958,0.004516402966129513,True
BH-HF1R,SXS:BBH:0305,6,C,186,Bstar,3686.1246220407843,0.628354172093168,1922,0.9057820345925627,1.5518508650192837,97,56,0.5773195876288659,0.005,-0.2775872084859162,0.9607004432626176,-8.025218115787812e-08,True
BH-HF1R,SXS:BBH:0305,6,C,187,Rstar,3686.128115467927,0.631847599235698,1922,0.9058601904205903,3.890323239248447,97,80,0.8247422680412371,0.005,0.25663086885898606,-0.9664534795560843,-0.010405239190857256,True
BH-HF1R,SXS:BBH:0305,6,C,187,Estar,3686.128115467927,0.631847599235698,1922,0.9058601904205903,4.606015188089816,97,90,0.9278350515463918,0.005,0.2875828631046694,-0.9577451096285093,0.004516838628471938,True
BH-HF1R,SXS:BBH:0305,6,C,187,Bstar,3686.128115467927,0.631847599235698,1922,0.9058601904205903,1.5494782971841887,97,56,0.5773195876288659,0.005,-0.277661946349268,0.9606788451660262,-8.022737174960582e-08,True
BH-HF1R,SXS:BBH:0305,6,C,188,Rstar,3686.1310820693516,0.6348142006604576,1922,0.905926396776081,3.8978196674689656,97,80,0.8247422680412371,0.005,0.2534911320445519,-0.9673377104066428,-7.234455895777367e-08,True
BH-HF1R,SXS:BBH:0305,6,C,188,Estar,3686.1310820693516,0.6348142006604576,1922,0.905926396776081,4.605391688518969,97,90,0.9278350515463918,0.005,0.2875004076245363,-0.9577698629904979,0.0045172074214259155,True
BH-HF1R,SXS:BBH:0305,6,C,188,Bstar,3686.1310820693516,0.6348142006604576,1922,0.905926396776081,1.5455180348566953,97,56,0.5773195876288659,0.01,-0.2777253322237472,0.9606605226828064,-8.02062839224114e-08,True
BH-HF1R,SXS:BBH:0305,6,C,189,Rstar,3686.134025366236,0.6377574975449534,1922,0.905991934892162,3.9002767279954105,97,80,0.8247422680412371,0.005,0.253408034433063,-0.9673594823460233,-7.233180429109205e-08,True
BH-HF1R,SXS:BBH:0305,6,C,189,Estar,3686.134025366236,0.6377574975449534,1922,0.905991934892162,4.602193619333334,97,91,0.9381443298969072,0.005,0.2904466892319885,-0.9568911749588724,-7.31794393300758e-08,True
BH-HF1R,SXS:BBH:0305,6,C,189,Bstar,3686.134025366236,0.6377574975449534,1922,0.905991934892162,1.543191250879265,97,56,0.5773195876288659,0.01,-0.27778814668009283,0.9606423609044278,-8.018537284044167e-08,True
BH-HF1R,SXS:BBH:0305,6,C,190,Rstar,3686.1368950806987,0.64062721200753,1922,0.9060556933993265,3.9038236568657885,97,80,0.8247422680412371,0.005,0.2533271076204718,-0.9673806781948049,-7.231934610279785e-08,True
BH-HF1R,SXS:BBH:0305,6,C,190,Estar,3686.1368950806987,0.64062721200753,1922,0.9060556933993265,4.600226247418732,97,91,0.9381443298969072,0.005,0.29036732558218076,-0.956915260738508,-7.31655288933646e-08,True
BH-HF1R,SXS:BBH:0305,6,C,190,Bstar,3686.1368950806987,0.64062721200753,1922,0.9060556933993265,1.5411330016100513,97,56,0.5773195876288659,0.015,-0.2778493205506015,0.9606246691968526,-8.016496424374137e-08,False
BH-HF1R,SXS:BBH:0305,6,C,191,Rstar,3686.139491489022,0.6432236203309003,1922,0.906113260164841,3.9087998337103538,97,80,0.8247422680412371,0.005,0.25325396731054595,-0.9673998284274521,-7.230806176026728e-08,True
BH-HF1R,SXS:BBH:0305,6,C,191,Estar,3686.139491489022,0.6432236203309003,1922,0.906113260164841,4.6012765026257405,97,91,0.9381443298969072,0.005,0.286026811131826,-0.958211229468382,0.0044612817049175186,True
BH-HF1R,SXS:BBH:0305,6,C,191,Bstar,3686.139491489022,0.6432236203309003,1922,0.906113260164841,1.539268731694611,97,56,0.5773195876288659,0.01,-0.27790460877659723,0.9606086760074156,-8.014648935553797e-08,True
BH-HF1R,SXS:BBH:0305,6,C,192,Rstar,3686.1429570788414,0.6466892101502708,1922,0.9061899212878016,3.9098752201112483,97,80,0.8247422680412371,0.005,0.2531564592749324,-0.9674253496406707,-7.22929806956348e-08,True
BH-HF1R,SXS:BBH:0305,6,C,192,Estar,3686.1429570788414,0.6466892101502708,1922,0.9061899212878016,4.611112868579275,97,91,0.9381443298969072,0.005,0.2859310734897975,-0.9582398000678409,0.00446170134770795,True
BH-HF1R,SXS:BBH:0305,6,C,192,Bstar,3686.1429570788414,0.6466892101502708,1922,0.9061899212878016,1.536950061993683,97,56,0.5773195876288659,0.01,-0.2779783175012233,0.9605873489689433,-8.012181452757503e-08,True
BH-HF1R,SXS:BBH:0305,6,C,193,Rstar,3686.1459141325477,0.649646263856539,1922,0.9062551747534344,3.90399773880512,97,80,0.8247422680412371,0.005,0.25307336476196435,-0.9674470900509508,-7.228009647168065e-08,True
BH-HF1R,SXS:BBH:0305,6,C,193,Estar,3686.1459141325477,0.649646263856539,1922,0.9062551747534344,4.610928177115984,97,91,0.9381443298969072,0.005,0.28584948394086085,-0.9582641402904567,0.004462058284602529,True
BH-HF1R,SXS:BBH:0305,6,C,193,Bstar,3686.1459141325477,0.649646263856539,1922,0.9062551747534344,1.5359785803505905,97,56,0.5773195876288659,0.015,-0.2780411310948347,0.9605691695133145,-8.01007479381622e-08,False
BH-HF1R,SXS:BBH:0305,6,C,194,Rstar,3686.148870514197,0.6526026455057945,1922,0.9063202674366752,3.9024724452317994,97,80,0.8247422680412371,0.005,0.2529903858534505,-0.9674687926055894,-7.226719696335957e-08,True
BH-HF1R,SXS:BBH:0305,6,C,194,Estar,3686.148870514197,0.6526026455057945,1922,0.9063202674366752,4.610729305485182,97,91,0.9381443298969072,0.005,0.2857680044737244,-0.9582884401261786,0.0044624141045407125,True
BH-HF1R,SXS:BBH:0305,6,C,194,Bstar,3686.148870514197,0.6526026455057945,1922,0.9063202674366752,1.5349958576443463,97,56,0.5773195876288659,0.01,-0.2781038576786248,0.9605510107975843,-8.007967072756862e-08,True
BH-HF1R,SXS:BBH:0305,6,C,195,Rstar,3686.151752986305,0.6554851176138072,1922,0.9063835931989156,3.9011543622680693,97,80,0.8247422680412371,0.005,0.2662237238310059,-0.9639112660766795,-7.19647146938412e-08,True
BH-HF1R,SXS:BBH:0305,6,C,195,Estar,3686.151752986305,0.6554851176138072,1922,0.9063835931989156,4.613424847584921,97,92,0.9484536082474226,0.005,0.2886953825806703,-0.9574210025253233,-7.308306247314126e-08,True
BH-HF1R,SXS:BBH:0305,6,C,195,Bstar,3686.151752986305,0.6554851176138072,1922,0.9063835931989156,1.5340266737292945,97,56,0.5773195876288659,0.015,-0.2781649463111818,0.9605333219850787,-8.005909845650921e-08,False
BH-HF1R,SXS:BBH:0305,6,C,196,Rstar,3686.15436093726,0.6580930685690873,1922,0.9064407697305072,3.9076878142315863,97,80,0.8247422680412371,0.005,0.26800454363433357,-0.9634176480589025,-7.182902157655722e-08,True
BH-HF1R,SXS:BBH:0305,6,C,196,Estar,3686.15436093726,0.6580930685690873,1922,0.9064407697305072,4.611077751350353,97,92,0.9484536082474226,0.005,0.2886238526841279,-0.9574425683359632,-7.30703702087029e-08,True
BH-HF1R,SXS:BBH:0305,6,C,196,Bstar,3686.15436093726,0.6580930685690873,1922,0.9064407697305072,1.5331404145060996,97,56,0.5773195876288659,0.01,-0.27822015778580633,0.9605173313385004,-8.004047896220147e-08,True
BH-HF1R,SXS:BBH:0305,6,C,197,Rstar,3686.157797961717,0.6615300930257035,1922,0.9065159513080978,3.9176617290604905,97,80,0.8247422680412371,0.005,0.2748491593538338,-0.9614873580045062,-7.225460531231156e-08,True
BH-HF1R,SXS:BBH:0305,6,C,197,Estar,3686.157797961717,0.6615300930257035,1922,0.9065159513080978,4.6184922308300695,97,92,0.9484536082474226,0.005,0.28852969049842997,-0.9574709487503394,-7.305364312278817e-08,True
BH-HF1R,SXS:BBH:0305,6,C,197,Bstar,3686.157797961717,0.6615300930257035,1922,0.9065159513080978,1.5319588140672662,97,56,0.5773195876288659,0.005,-0.2782928354279461,0.9604962768014604,-8.001594496810738e-08,True
BH-HF1R,SXS:BBH:0305,6,C,198,Rstar,3686.160745317011,0.664477448319758,1922,0.9065802678725877,3.9222722444114644,97,80,0.8247422680412371,0.005,0.2747665852610565,-0.9615109586603646,-7.224082373919048e-08,True
BH-HF1R,SXS:BBH:0305,6,C,198,Estar,3686.160745317011,0.664477448319758,1922,0.9065802678725877,4.619867410902585,97,92,0.9484536082474226,0.005,0.2884490402486733,-0.9574952486459731,-7.303928508184344e-08,True
BH-HF1R,SXS:BBH:0305,6,C,198,Bstar,3686.160745317011,0.664477448319758,1922,0.9065802678725877,1.5304575189232914,97,56,0.5773195876288659,0.005,-0.27835508144917537,0.9604782395408115,-7.999489582454858e-08,True
BH-HF1R,SXS:BBH:0305,6,C,199,Rstar,3686.1637150909814,0.6674472222903205,1922,0.906644929851129,3.9283595497756876,97,80,0.8247422680412371,0.005,0.27468347766221507,-0.9615347040535699,-7.22268943961121e-08,True
BH-HF1R,SXS:BBH:0305,6,C,199,Estar,3686.1637150909814,0.6674472222903205,1922,0.906644929851129,4.623405093579125,97,93,0.9587628865979382,0.005,0.2893093417404375,-0.957225570935689,0.004394442917925749,True
BH-HF1R,SXS:BBH:0305,6,C,199,Bstar,3686.1637150909814,0.6674472222903205,1922,0.906644929851129,1.5284217529261626,97,56,0.5773195876288659,0.01,-0.2784177289127218,0.9604600815375284,-7.99736431045041e-08,True
BH-HF1R,SXS:BBH:0305,6,C,200,Rstar,3686.1666106206026,0.6703427519114484,1922,0.9067078371176138,3.9380316923804393,97,80,0.8247422680412371,0.005,0.27460253887038916,-0.9615578223101987,-7.221329379717064e-08,True
BH-HF1R,SXS:BBH:0305,6,C,200,Estar,3686.1666106206026,0.6703427519114484,1922,0.9067078371176138,4.633060170113621,97,93,0.9587628865979382,0.005,0.2892303753745929,-0.9572494328969505,0.0043946762268291285,True
BH-HF1R,SXS:BBH:0305,6,C,200,Bstar,3686.1666106206026,0.6703427519114484,1922,0.9067078371176138,1.5256811791965736,97,56,0.5773195876288659,0.01,-0.27847874080626017,0.9604423933370253,-7.995290374276824e-08,True
BH-HF1R,SXS:BBH:0305,6,C,201,Rstar,3686.169230385498,0.6729625168068196,1922,0.9067646362494277,3.9385438798461174,97,80,0.8247422680412371,0.005,0.2745293858263911,-0.9615787104120906,-7.220097107192758e-08,True
BH-HF1R,SXS:BBH:0305,6,C,201,Estar,3686.169230385498,0.6729625168068196,1922,0.9067646362494277,4.641809870156321,97,93,0.9587628865979382,0.005,0.2891590031024883,-0.9572709939701302,0.004394886598568584,True
BH-HF1R,SXS:BBH:0305,6,C,201,Bstar,3686.169230385498,0.6729625168068196,1922,0.9067646362494277,1.5232020366706729,97,56,0.5773195876288659,0.005,-0.27853388318907013,0.9604264031749705,-7.993412350114576e-08,True
BH-HF1R,SXS:BBH:0305,6,C,202,Rstar,3686.172638960581,0.6763710918899051,1922,0.9068383712261548,3.94919890203852,97,82,0.845360824742268,0.005,0.27908820580008503,-0.9602654702650119,-7.222384099370803e-08,True
BH-HF1R,SXS:BBH:0305,6,C,202,Estar,3686.172638960581,0.6763710918899051,1922,0.9068383712261548,4.649131601022014,97,93,0.9587628865979382,0.005,0.28997434866249544,-0.9570063956238093,-0.0073236502433433786,True
BH-HF1R,SXS:BBH:0305,6,C,202,Bstar,3686.172638960581,0.6763710918899051,1922,0.9068383712261548,1.5215066335532372,97,56,0.5773195876288659,0.005,-0.27860554541949456,0.9604056174666512,-7.990965861430114e-08,True
BH-HF1R,SXS:BBH:0305,6,C,203,Rstar,3686.1755768240414,0.6793089553502796,1922,0.9069017740814787,3.96617229955283,97,82,0.845360824742268,0.005,0.27900658491135216,-0.9602891885135952,-7.220986767821365e-08,True
BH-HF1R,SXS:BBH:0305,6,C,203,Estar,3686.1755768240414,0.6793089553502796,1922,0.9069017740814787,4.653154091286076,97,93,0.9587628865979382,0.005,0.2898947805587759,-0.9570304987312249,-0.0073239813655142,True
BH-HF1R,SXS:BBH:0305,6,C,203,Bstar,3686.1755768240414,0.6793089553502796,1922,0.9069017740814787,1.5201218728597568,97,56,0.5773195876288659,0.005,-0.27866723586770586,0.9603877194413961,-7.988860727843e-08,True
BH-HF1R,SXS:BBH:0305,6,C,204,Rstar,3686.178455778602,0.6821879099106809,1922,0.9069637711410296,3.9725306137351803,97,82,0.845360824742268,0.005,0.27892668881900107,-0.9603123982665551,-7.219623175985484e-08,True
BH-HF1R,SXS:BBH:0305,6,C,204,Estar,3686.178455778602,0.6821879099106809,1922,0.9069637711410296,4.657110560634362,97,93,0.9587628865979382,0.005,0.28981689199281824,-0.9570540860780478,-0.007324304535987825,True
BH-HF1R,SXS:BBH:0305,6,C,204,Bstar,3686.178455778602,0.6821879099106809,1922,0.9069637711410296,1.5187538732289303,97,56,0.5773195876288659,0.005,-0.2787276216754792,0.9603701957657393,-7.986804473609153e-08,True
BH-HF1R,SXS:BBH:0305,6,C,205,Rstar,3686.181262759298,0.6849948906069585,1922,0.9070240909569618,3.9792329246887754,97,82,0.845360824742268,0.005,0.27884887389116175,-0.9603349965140422,-7.218289968184589e-08,True
BH-HF1R,SXS:BBH:0305,6,C,205,Estar,3686.181262759298,0.6849948906069585,1922,0.9070240909569618,4.656606909744654,97,93,0.9587628865979382,0.005,0.28974103051105243,-0.9570770529084847,-0.007324618379353634,True
BH-HF1R,SXS:BBH:0305,6,C,205,Bstar,3686.181262759298,0.6849948906069585,1922,0.9070240909569618,1.517372136796736,97,56,0.5773195876288659,0.01,-0.2787864335698347,0.9603531248751189,-7.984795880251918e-08,True
BH-HF1R,SXS:BBH:0305,6,C,206,Rstar,3686.1838024084996,0.6875345398084391,1922,0.907078560601223,3.9789274382223168,97,82,0.845360824742268,0.005,0.2787785419407454,-0.960355415746372,-7.184404406053368e-08,True
BH-HF1R,SXS:BBH:0305,6,C,206,Estar,3686.1838024084996,0.6875345398084391,1922,0.907078560601223,4.659310618497761,97,93,0.9587628865979382,0.005,0.2911506783914784,-0.9566354199122187,-0.008941803037130285,True
BH-HF1R,SXS:BBH:0305,6,C,206,Bstar,3686.1838024084996,0.6875345398084391,1922,0.907078560601223,1.515718404431438,97,56,0.5773195876288659,0.005,-0.2788395889818711,0.9603376924896861,-7.946872821309818e-08,True
BH-HF1R,SXS:BBH:0305,6,C,207,Rstar,3686.1871764695916,0.6909086009004568,1922,0.9071507626869142,3.978476742086786,97,82,0.845360824742268,0.005,0.278685204059128,-0.960382505587496,-7.215475990274687e-08,True
BH-HF1R,SXS:BBH:0305,6,C,207,Estar,3686.1871764695916,0.6909086009004568,1922,0.9071507626869142,4.667560949611848,97,93,0.9587628865979382,0.005,0.2910594998238295,-0.9566631589748928,-0.008942472951092266,True
BH-HF1R,SXS:BBH:0305,6,C,207,Bstar,3686.1871764695916,0.6909086009004568,1922,0.9071507626869142,1.5135097763034577,97,56,0.5773195876288659,0.01,-0.2789101308213056,0.9603172074503484,-7.980559625253989e-08,True
BH-HF1R,SXS:BBH:0305,6,C,208,Rstar,3686.1900591387707,0.6937912700796005,1922,0.9072123088585942,3.976983715401905,97,82,0.845360824742268,0.005,0.2786055544778728,-0.9604056148388929,-7.214100231624869e-08,True
BH-HF1R,SXS:BBH:0305,6,C,208,Estar,3686.1900591387707,0.6937912700796005,1922,0.9072123088585942,4.664785615970944,97,93,0.9587628865979382,0.005,0.29098169090055737,-0.9566868231258252,-0.008943042998253384,True
BH-HF1R,SXS:BBH:0305,6,C,208,Bstar,3686.1900591387707,0.6937912700796005,1922,0.9072123088585942,1.511612460390744,97,56,0.5773195876288659,0.005,-0.2789703263213126,0.9602997224992695,-7.978490683600016e-08,True
BH-HF1R,SXS:BBH:0305,6,C,209,Rstar,3686.1928674986066,0.696599629915454,1922,0.9072721446565846,3.9741575996118246,97,82,0.845360824742268,0.005,0.27852804101865086,-0.9604280974473348,-7.212212156171537e-08,True
BH-HF1R,SXS:BBH:0305,6,C,209,Estar,3686.1928674986066,0.696599629915454,1922,0.9072721446565846,4.6680550493522555,97,93,0.9587628865979382,0.005,0.2909059669557191,-0.9567098465419299,-0.008943596551448814,True
BH-HF1R,SXS:BBH:0305,6,C,209,Bstar,3686.1928674986066,0.696599629915454,1922,0.9072721446565846,1.5097548996572991,97,56,0.5773195876288659,0.01,-0.27902890649366247,0.9602827028229471,-7.975879715501402e-08,True
BH-HF1R,SXS:BBH:0305,6,C,210,Rstar,3686.1956056494464,0.6993377807552861,1922,0.9073303623590868,3.9792650936664478,97,82,0.845360824742268,0.005,0.27845254407156345,-0.9604499886511889,-7.21144695009717e-08,True
BH-HF1R,SXS:BBH:0305,6,C,210,Estar,3686.1956056494464,0.6993377807552861,1922,0.9073303623590868,4.674527887636421,97,93,0.9587628865979382,0.005,0.29083221129544595,-0.9567322652286514,-0.008944134583874188,True
BH-HF1R,SXS:BBH:0305,6,C,210,Bstar,3686.1956056494464,0.6993377807552861,1922,0.9073303623590868,1.507935092610869,97,56,0.5773195876288659,0.01,-0.2790859618014186,0.9602661224501107,-7.974504044343067e-08,True
BH-HF1R,SXS:BBH:0305,6,C,211,Rstar,3686.1980830240154,0.7018151553243115,1922,0.9073829358501102,3.977441135087113,97,82,0.845360824742268,0.005,0.278384304042874,-0.9604697700930308,-7.210259922363591e-08,True
BH-HF1R,SXS:BBH:0305,6,C,211,Estar,3686.1980830240154,0.7018151553243115,1922,0.9073829358501102,4.678112840316001,97,93,0.9587628865979382,0.005,0.29076554374453295,-0.9567525240861967,-0.00894461992695796,True
BH-HF1R,SXS:BBH:0305,6,C,211,Bstar,3686.1980830240154,0.7018151553243115,1922,0.9073829358501102,1.5059165581025722,97,56,0.5773195876288659,0.01,-0.27913753208187847,0.9602511328726626,-7.972721690399926e-08,True
BH-HF1R,SXS:BBH:0305,6,C,212,Rstar,3686.2014239281066,0.705156059415458,1922,0.9074536838246459,3.980976905657303,97,82,0.845360824742268,0.005,0.27829237791279904,-0.9604964093611357,-7.208657459227178e-08,True
BH-HF1R,SXS:BBH:0305,6,C,212,Estar,3686.2014239281066,0.705156059415458,1922,0.9074536838246459,4.671485794200291,97,93,0.9587628865979382,0.005,0.2965681914683322,-0.9550089181847358,-0.002296518413405253,True
BH-HF1R,SXS:BBH:0305,6,C,212,Bstar,3686.2014239281066,0.705156059415458,1922,0.9074536838246459,1.5030099518220257,97,56,0.5773195876288659,0.005,-0.2792070012571401,0.9602309359987257,-7.97031667685221e-08,True
BH-HF1R,SXS:BBH:0305,6,C,213,Rstar,3686.2042605791003,0.7079927104091439,1922,0.9075136175759142,3.9917607740306393,97,82,0.845360824742268,0.005,0.2782144165158428,-0.9605189943164809,-7.207295630270281e-08,True
BH-HF1R,SXS:BBH:0305,6,C,213,Estar,3686.2042605791003,0.7079927104091439,1922,0.9075136175759142,4.673456381726449,97,93,0.9587628865979382,0.005,0.31301511093405493,-0.9497320372186835,-0.005531528485905351,True
BH-HF1R,SXS:BBH:0305,6,C,213,Bstar,3686.2042605791003,0.7079927104091439,1922,0.9075136175759142,1.501170561586026,97,56,0.5773195876288659,0.01,-0.2792659161706555,0.9602138033091161,-7.968273670053151e-08,True
BH-HF1R,SXS:BBH:0305,6,C,214,Rstar,3686.206996677287,0.7107288085958317,1922,0.9075713093174324,3.9915582739223296,97,82,0.845360824742268,0.005,0.2781392967563571,-0.9605407495780041,-7.205980329259484e-08,True
BH-HF1R,SXS:BBH:0305,6,C,214,Estar,3686.206996677287,0.7107288085958317,1922,0.9075713093174324,4.666480679058984,97,93,0.9587628865979382,0.005,0.31294195162790794,-0.9497561457833956,-0.005531587293462591,True
BH-HF1R,SXS:BBH:0305,6,C,214,Bstar,3686.206996677287,0.7107288085958317,1922,0.9075713093174324,1.4995186062392083,97,56,0.5773195876288659,0.005,-0.2793226827900736,0.9601972916432069,-7.966301510804116e-08,True
BH-HF1R,SXS:BBH:0305,6,C,215,Rstar,3686.2096643730188,0.7133965043276476,1922,0.9076274476370494,3.9922392670313043,97,82,0.845360824742268,0.005,0.2780661286716632,-0.960561933498069,-7.204696521300421e-08,True
BH-HF1R,SXS:BBH:0305,6,C,215,Estar,3686.2096643730188,0.7133965043276476,1922,0.9076274476370494,4.663363793052111,97,93,0.9587628865979382,0.005,0.3186894934847957,-0.9478165990556195,-0.00898339006407524,True
BH-HF1R,SXS:BBH:0305,6,C,215,Bstar,3686.2096643730188,0.7133965043276476,1922,0.9076274476370494,1.497900833072076,97,56,0.5773195876288659,0.01,-0.279377973730417,0.9601812057076936,-7.964377436866665e-08,True
BH-HF1R,SXS:BBH:0305,6,C,216,Rstar,3686.21207800249,0.7158101337990956,1922,0.9076781453036507,3.9985620370301533,97,82,0.845360824742268,0.005,0.27799999150596993,-0.9605810766003438,-7.203534868921921e-08,True
BH-HF1R,SXS:BBH:0305,6,C,216,Estar,3686.21207800249,0.7158101337990956,1922,0.9076781453036507,4.667690925490885,97,93,0.9587628865979382,0.005,0.3186249728992641,-0.9478382850161519,-0.00898399146167823,True
BH-HF1R,SXS:BBH:0305,6,C,216,Bstar,3686.21207800249,0.7158101337990956,1922,0.9076781453036507,1.496138933773348,97,56,0.5773195876288659,0.005,-0.2794279509068547,0.9601666627476658,-7.962636740563957e-08,True
BH-HF1R,SXS:BBH:0305,6,C,217,Rstar,3686.2153862936457,0.7191184249545586,1922,0.9077474907122481,4.000683865910651,97,82,0.845360824742268,0.005,0.2779094354411957,-0.9606072796376003,-7.201943135811494e-08,True
BH-HF1R,SXS:BBH:0305,6,C,217,Estar,3686.2153862936457,0.7191184249545586,1922,0.9077474907122481,4.676289874739597,97,93,0.9587628865979382,0.005,0.3185366259504116,-0.94786797132111,-0.008984813394321703,True
BH-HF1R,SXS:BBH:0305,6,C,217,Bstar,3686.2153862936457,0.7191184249545586,1922,0.9077474907122481,1.4921697599014419,97,56,0.5773195876288659,0.005,-0.2794963793662668,0.9601467460347618,-7.960251823605158e-08,True
BH-HF1R,SXS:BBH:0305,6,C,218,Rstar,3686.218176845277,0.7219089765858371,1922,0.9078058539470754,4.021699463762597,97,82,0.845360824742268,0.005,0.27783313750773103,-0.9606293498028284,-7.200600036822186e-08,True
BH-HF1R,SXS:BBH:0305,6,C,218,Estar,3686.218176845277,0.7219089765858371,1922,0.9078058539470754,4.678640877061189,97,93,0.9587628865979382,0.005,0.31846218541753935,-0.947892977696814,-0.00898550455745593,True
BH-HF1R,SXS:BBH:0305,6,C,218,Bstar,3686.218176845277,0.7219089765858371,1922,0.9078058539470754,1.490848098216324,97,56,0.5773195876288659,0.005,-0.2795540327303598,0.9601299614032397,-7.958240007848773e-08,True
BH-HF1R,SXS:BBH:0305,6,C,219,Rstar,3686.2209404927676,0.7246726240764474,1922,0.9078635383220381,4.045275653784921,97,82,0.845360824742268,0.005,0.27775765278169695,-0.9606511782750267,-7.199268875998867e-08,True
BH-HF1R,SXS:BBH:0305,6,C,219,Estar,3686.2209404927676,0.7246726240764474,1922,0.9078635383220381,4.684598686037413,97,93,0.9587628865979382,0.005,0.31838853479250284,-0.947917712332395,-0.008986187133705626,True
BH-HF1R,SXS:BBH:0305,6,C,219,Bstar,3686.2209404927676,0.7246726240764474,1922,0.9078635383220381,1.4888921357050722,97,56,0.5773195876288659,0.01,-0.2796110707292056,0.9601133522275693,-7.956246794834965e-08,True
BH-HF1R,SXS:BBH:0305,6,C,220,Rstar,3686.223635049071,0.7273671803800426,1922,0.9079196691814858,4.060052245905736,97,82,0.845360824742268,0.005,0.2776841293948551,-0.9606724333935143,-7.197970310001113e-08,True
BH-HF1R,SXS:BBH:0305,6,C,220,Estar,3686.223635049071,0.7273671803800426,1922,0.9079196691814858,4.687145710808375,97,93,0.9587628865979382,0.005,0.3230647650348961,-0.946354359092699,-0.0065256891738982555,True
BH-HF1R,SXS:BBH:0305,6,C,220,Bstar,3686.223635049071,0.7273671803800426,1922,0.9079196691814858,1.4876642728263136,97,56,0.5773195876288659,0.01,-0.2796666258588548,0.9600971713221099,-7.954302997080935e-08,True
BH-HF1R,SXS:BBH:0305,6,C,221,Rstar,3686.226072980965,0.7298051122738798,1922,0.9079703598479983,4.071189968118023,97,82,0.845360824742268,0.005,0.28205025489466984,-0.9593996319125031,-7.227702500463583e-08,True
BH-HF1R,SXS:BBH:0305,6,C,221,Estar,3686.226072980965,0.7298051122738798,1922,0.9079703598479983,4.685749809111534,97,93,0.9587628865979382,0.005,0.32299986074906556,-0.9463765126440816,-0.0065258157888931885,True
BH-HF1R,SXS:BBH:0305,6,C,221,Bstar,3686.226072980965,0.7298051122738798,1922,0.9079703598479983,1.4853871459580839,97,56,0.5773195876288659,0.005,-0.27971684172083694,0.960082542523149,-7.952543308357756e-08,True
BH-HF1R,SXS:BBH:0305,6,C,222,Rstar,3686.229361240421,0.7330933717298649,1922,0.908038589830077,4.071321259920339,97,82,0.845360824742268,0.005,0.2819616222500227,-0.9594256842393423,-7.226094036968247e-08,True
BH-HF1R,SXS:BBH:0305,6,C,222,Estar,3686.229361240421,0.7330933717298649,1922,0.908038589830077,4.68604896945927,97,93,0.9587628865979382,0.005,0.32291240619267025,-0.946406355346891,-0.006525985433191962,True
BH-HF1R,SXS:BBH:0305,6,C,222,Bstar,3686.229361240421,0.7330933717298649,1922,0.908038589830077,1.4825272870004862,97,56,0.5773195876288659,0.01,-0.27978449992779963,0.9600628279441638,-7.950168861756481e-08,True
BH-HF1R,SXS:BBH:0305,6,C,223,Rstar,3686.232152549074,0.7358846803826964,1922,0.9080963811408507,4.081430787712849,97,84,0.865979381443299,0.005,0.28196563050060214,-0.9594245062621618,-7.216304344724574e-08,True
BH-HF1R,SXS:BBH:0305,6,C,223,Estar,3686.232152549074,0.7358846803826964,1922,0.9080963811408507,4.6819807268923075,97,93,0.9587628865979382,0.005,0.32283824744435474,-0.9464316539692122,-0.006526128420352195,True
BH-HF1R,SXS:BBH:0305,6,C,223,Bstar,3686.232152549074,0.7358846803826964,1922,0.9080963811408507,1.4803834451283233,97,56,0.5773195876288659,0.01,-0.27984186785364357,0.9600461077449237,-7.948152957290947e-08,True
BH-HF1R,SXS:BBH:0305,6,C,224,Rstar,3686.234922942702,0.7386550740106941,1922,0.908153624880247,4.082890612110825,97,84,0.865979381443299,0.005,0.2818909297262106,-0.9594464569417553,-7.214949465787887e-08,True
BH-HF1R,SXS:BBH:0305,6,C,224,Estar,3686.234922942702,0.7386550740106941,1922,0.908153624880247,4.675990537610906,97,93,0.9587628865979382,0.005,0.32276471577448856,-0.9464567322696615,-0.0065262694127342456,True
BH-HF1R,SXS:BBH:0305,6,C,224,Bstar,3686.234922942702,0.7386550740106941,1922,0.908153624880247,1.478269281600931,97,56,0.5773195876288659,0.005,-0.27989874693472017,0.9600295263502926,-7.946151791804682e-08,True
BH-HF1R,SXS:BBH:0305,6,C,225,Rstar,3686.2376240764893,0.7413562077981624,1922,0.9082093274577953,4.088374388077944,97,84,0.865979381443299,0.005,0.2818181689959389,-0.9594678314689716,-7.213627827765554e-08,True
BH-HF1R,SXS:BBH:0305,6,C,225,Estar,3686.2376240764893,0.7413562077981624,1922,0.9082093274577953,4.66704529605787,97,93,0.9587628865979382,0.005,0.32677383734021237,-0.9450593616324674,-0.009036715154614345,True
BH-HF1R,SXS:BBH:0305,6,C,225,Bstar,3686.2376240764893,0.7413562077981624,1922,0.9082093274577953,1.476209412093034,97,56,0.5773195876288659,0.01,-0.2799541475625367,0.9600133724394296,-7.944200290423319e-08,True
BH-HF1R,SXS:BBH:0305,6,C,226,Rstar,3686.24006795944,0.7438000907486639,1922,0.9082596318094893,4.08915156462315,97,84,0.865979381443299,0.005,0.28175239940968455,-0.9594871470879015,-7.212431621645375e-08,True
BH-HF1R,SXS:BBH:0305,6,C,226,Estar,3686.24006795944,0.7438000907486639,1922,0.9082596318094893,4.664223993533786,97,93,0.9587628865979382,0.005,0.3267090037532272,-0.945081771512954,-0.009037257355546944,True
BH-HF1R,SXS:BBH:0305,6,C,226,Bstar,3686.24006795944,0.7438000907486639,1922,0.9082596318094893,1.4744549958811595,97,56,0.5773195876288659,0.005,-0.28000422401070096,0.9599987679867922,-7.942434448319382e-08,True
BH-HF1R,SXS:BBH:0305,6,C,227,Rstar,3686.2433396614897,0.7470717927985788,1922,0.9083268380412002,4.0899745768903655,97,84,0.865979381443299,0.005,0.28166444288274295,-0.959512971051225,-7.21082778884643e-08,True
BH-HF1R,SXS:BBH:0305,6,C,227,Estar,3686.2433396614897,0.7470717927985788,1922,0.9083268380412002,4.664713033293949,97,93,0.9587628865979382,0.005,0.32662229494885053,-0.945111734844891,-0.0090379810149431,True
BH-HF1R,SXS:BBH:0305,6,C,227,Bstar,3686.2433396614897,0.7470717927985788,1922,0.9083268380412002,1.4749901803324885,97,58,0.5979381443298969,0.005,-0.30006268420625737,0.9539194858828125,-8.025430102169542e-08,True
BH-HF1R,SXS:BBH:0305,6,C,228,Rstar,3686.246127713083,0.7498598443917217,1922,0.9083839849184862,4.09073010891409,97,84,0.865979381443299,0.005,0.28158957113382393,-0.9595349464342943,-7.20945862058323e-08,True
BH-HF1R,SXS:BBH:0305,6,C,228,Estar,3686.246127713083,0.7498598443917217,1922,0.9083839849184862,4.665107245234994,97,93,0.9587628865979382,0.005,0.3265484816707182,-0.9451372349590779,-0.00903859571269858,True
BH-HF1R,SXS:BBH:0305,6,C,228,Bstar,3686.246127713083,0.7498598443917217,1922,0.9083839849184862,1.473887258723563,97,58,0.5979381443298969,0.005,-0.3001189388855047,0.9539017887194846,-8.023323648827142e-08,True
BH-HF1R,SXS:BBH:0305,6,C,229,Rstar,3686.248905041774,0.7526371730828032,1922,0.9084407990069683,4.100831638888433,97,84,0.865979381443299,0.005,0.28151506240405444,-0.9595568089694513,-7.208093580818302e-08,True
BH-HF1R,SXS:BBH:0305,6,C,229,Estar,3686.248905041774,0.7526371730828032,1922,0.9084407990069683,4.669075927353346,97,93,0.9587628865979382,0.005,0.32647502295576375,-0.9451626061882967,-0.009039206236184132,True
BH-HF1R,SXS:BBH:0305,6,C,229,Bstar,3686.248905041774,0.7526371730828032,1922,0.9084407990069683,1.4714649261850945,97,58,0.5979381443298969,0.01,-0.3001749204302788,0.9538841738621463,-8.021224470634353e-08,True
BH-HF1R,SXS:BBH:0305,6,C,230,Rstar,3686.251612937248,0.755345068556835,1922,0.9084961115736466,4.101651147192975,97,84,0.865979381443299,0.005,0.3008934566297674,-0.9536577623851155,-7.215162079133988e-08,True
BH-HF1R,SXS:BBH:0305,6,C,230,Estar,3686.251612937248,0.755345068556835,1922,0.9084961115736466,4.6786179901378935,97,93,0.9587628865979382,0.005,0.32640346850471713,-0.945187313588353,-0.009039799761216445,True
BH-HF1R,SXS:BBH:0305,6,C,230,Bstar,3686.251612937248,0.755345068556835,1922,0.9084961115736466,1.4698686731453257,97,58,0.5979381443298969,0.005,-0.3002294479769044,0.9538670130408519,-8.019178933892222e-08,True
BH-HF1R,SXS:BBH:0305,6,C,231,Rstar,3686.2540629379146,0.7577950692234481,1922,0.9085460117975407,4.112770178241317,97,84,0.865979381443299,0.005,0.3008280755995672,-0.9536783886253563,-7.213891995246136e-08,True
BH-HF1R,SXS:BBH:0305,6,C,231,Estar,3686.2540629379146,0.7577950692234481,1922,0.9085460117975407,4.686126293755305,97,93,0.9587628865979382,0.005,0.32633878629915236,-0.945209642827817,-0.009040335287308524,True
BH-HF1R,SXS:BBH:0305,6,C,231,Bstar,3686.2540629379146,0.7577950692234481,1922,0.9085460117975407,1.4694717428615904,97,58,0.5979381443298969,0.005,-0.30027873620631323,0.9538514981811019,-8.017322171921555e-08,True
BH-HF1R,SXS:BBH:0305,6,C,232,Rstar,3686.2573399753705,0.7610721066794213,1922,0.9086126575308333,4.126337348198639,97,84,0.865979381443299,0.005,0.3007407126068084,-0.9537059419867028,-7.212193042357125e-08,True
BH-HF1R,SXS:BBH:0305,6,C,232,Estar,3686.2573399753705,0.7610721066794213,1922,0.9086126575308333,4.700502890376442,97,94,0.9690721649484536,0.005,0.32808486094230266,-0.9446482541244994,-7.23876347638899e-08,True
BH-HF1R,SXS:BBH:0305,6,C,232,Bstar,3686.2573399753705,0.7610721066794213,1922,0.9086126575308333,1.4699603343998267,97,58,0.5979381443298969,0.005,-0.3003445940151635,0.9538307632100467,-8.014838964658872e-08,True
BH-HF1R,SXS:BBH:0305,6,C,233,Rstar,3686.260138314808,0.7638704461169255,1922,0.9086694448594218,4.125742971932268,97,84,0.865979381443299,0.005,0.30066619124456734,-0.9537294382803124,-7.210746648825684e-08,True
BH-HF1R,SXS:BBH:0305,6,C,233,Estar,3686.260138314808,0.7638704461169255,1922,0.9086694448594218,4.708206927082271,97,94,0.9690721649484536,0.005,0.32801086979477667,-0.9446739486703701,-7.237216053303089e-08,True
BH-HF1R,SXS:BBH:0305,6,C,233,Bstar,3686.260138314808,0.7638704461169255,1922,0.9086694448594218,1.4703651123018011,97,58,0.5979381443298969,0.005,-0.30040076967661977,0.9538130726603028,-8.012723715960414e-08,True
BH-HF1R,SXS:BBH:0305,6,C,234,Rstar,3686.262910175362,0.7666423066707466,1922,0.9087255838227735,4.122337430094084,97,84,0.865979381443299,0.005,0.3005924473895284,-0.9537526831272183,-7.209311615694346e-08,True
BH-HF1R,SXS:BBH:0305,6,C,234,Estar,3686.262910175362,0.7666423066707466,1922,0.9087255838227735,4.709848423347623,97,93,0.9587628865979382,0.005,0.3315011259439047,-0.9434439361506588,-0.004532420818410098,True
BH-HF1R,SXS:BBH:0305,6,C,234,Bstar,3686.262910175362,0.7666423066707466,1922,0.9087255838227735,1.4707547431078558,97,58,0.5979381443298969,0.005,-0.30045635779100444,0.9537955635580182,-8.010626252994333e-08,True
BH-HF1R,SXS:BBH:0305,6,C,235,Rstar,3686.2656127394016,0.7693448707104835,1922,0.9087802129600505,4.120130869823356,97,84,0.865979381443299,0.005,0.3005206164184559,-0.9537753189863251,-7.207911193212729e-08,True
BH-HF1R,SXS:BBH:0305,6,C,235,Estar,3686.2656127394016,0.7693448707104835,1922,0.9087802129600505,4.704947086647857,97,93,0.9587628865979382,0.005,0.3314298556862129,-0.94346897543083,-0.00453245621225668,True
BH-HF1R,SXS:BBH:0305,6,C,235,Bstar,3686.2656127394016,0.7693448707104835,1922,0.9087802129600505,1.4707442493455392,97,58,0.5979381443298969,0.005,-0.3005105025867589,0.9537785056474314,-8.008580172512372e-08,True
BH-HF1R,SXS:BBH:0305,6,C,236,Rstar,3686.26805791639,0.771790047698687,1922,0.9088295491573584,4.127626817038649,97,84,0.865979381443299,0.005,0.3004556852662538,-0.9537957754106382,-7.206643727916864e-08,True
BH-HF1R,SXS:BBH:0305,6,C,236,Estar,3686.26805791639,0.771790047698687,1922,0.9088295491573584,4.6985986325834945,97,93,0.9587628865979382,0.005,0.33834628372431463,-0.9410112847942831,0.004422010827499812,True
BH-HF1R,SXS:BBH:0305,6,C,236,Bstar,3686.26805791639,0.771790047698687,1922,0.9088295491573584,1.4701020088117993,97,58,0.5979381443298969,0.005,-0.3005594452578909,0.9537630837195694,-8.0067287927933e-08,True
BH-HF1R,SXS:BBH:0305,6,C,237,Rstar,3686.2713129406725,0.7750450719813671,1922,0.9088950934979664,4.130969310471312,97,84,0.865979381443299,0.005,0.3003693351932289,-0.9538229722939013,-7.204954970781722e-08,True
BH-HF1R,SXS:BBH:0305,6,C,237,Estar,3686.2713129406725,0.7750450719813671,1922,0.9088950934979664,4.701235740705765,97,93,0.9587628865979382,0.005,0.3382609953672691,-0.9410419444144702,0.004422427588717787,True
BH-HF1R,SXS:BBH:0305,6,C,237,Bstar,3686.2713129406725,0.7750450719813671,1922,0.9088950934979664,1.4692351240195192,97,58,0.5979381443298969,0.005,-0.30062453098146047,0.9537425708083762,-8.004262998247901e-08,True
BH-HF1R,SXS:BBH:0305,6,C,238,Rstar,3686.274087376065,0.7778195073738061,1922,0.9089508426284805,4.134636569223499,97,84,0.865979381443299,0.005,0.30029581199927147,-0.95384612244098,-7.203514708790205e-08,True
BH-HF1R,SXS:BBH:0305,6,C,238,Estar,3686.274087376065,0.7778195073738061,1922,0.9089508426284805,4.695767117752643,97,94,0.9690721649484536,0.005,0.3414528530388051,-0.9398989036868034,-7.242731696596168e-08,True
BH-HF1R,SXS:BBH:0305,6,C,238,Bstar,3686.274087376065,0.7778195073738061,1922,0.9089508426284805,1.4688128663934226,97,58,0.5979381443298969,0.005,-0.3006799469906511,0.9537251016292341,-8.002160708592847e-08,True
BH-HF1R,SXS:BBH:0305,6,C,239,Rstar,3686.276875307645,0.7806074389536661,1922,0.9090067510698013,4.148834560996579,97,84,0.865979381443299,0.005,0.3002220030476991,-0.9538693562988708,-7.202066618828289e-08,True
BH-HF1R,SXS:BBH:0305,6,C,239,Estar,3686.276875307645,0.7806074389536661,1922,0.9090067510698013,4.6895868167262105,97,95,0.979381443298969,0.005,0.34264721607659676,-0.9394540863869242,0.004347974915701849,True
BH-HF1R,SXS:BBH:0305,6,C,239,Bstar,3686.276875307645,0.7806074389536661,1922,0.9090067510698013,1.4689907279726657,97,58,0.5979381443298969,0.005,-0.3007355769421803,0.9537075614470336,-8.000047642640706e-08,True
BH-HF1R,SXS:BBH:0305,6,C,240,Rstar,3686.2795935409354,0.7833256722442457,1922,0.9090611570724861,4.160888672547159,97,84,0.865979381443299,0.005,0.30015010853218316,-0.9538919814885297,-7.200652329700214e-08,True
BH-HF1R,SXS:BBH:0305,6,C,240,Estar,3686.2795935409354,0.7833256722442457,1922,0.9090611570724861,4.692024190661528,97,95,0.979381443298969,0.005,0.3425765883866408,-0.9394798422834976,0.004348221745134516,True
BH-HF1R,SXS:BBH:0305,6,C,240,Bstar,3686.2795935409354,0.7833256722442457,1922,0.9090611570724861,1.4691543377079888,97,58,0.5979381443298969,0.005,-0.300789762599112,0.9536904732226088,-7.997985103949387e-08,True
BH-HF1R,SXS:BBH:0305,6,C,241,Rstar,3686.2820528948646,0.7857850261734711,1922,0.9091102918758565,4.1673315219438765,97,84,0.865979381443299,0.005,0.3155576765031167,-0.9489063983343926,-7.198017840697199e-08,True
BH-HF1R,SXS:BBH:0305,6,C,241,Estar,3686.2820528948646,0.7857850261734711,1922,0.9091102918758565,4.694215223003553,97,95,0.979381443298969,0.005,0.34251274235182017,-0.9395031199297407,0.0043484444252102055,True
BH-HF1R,SXS:BBH:0305,6,C,241,Bstar,3686.2820528948646,0.7857850261734711,1922,0.9091102918758565,1.4692940125869929,97,58,0.5979381443298969,0.005,-0.3008387422463207,0.953675023875348,-7.996120629036693e-08,True
BH-HF1R,SXS:BBH:0305,6,C,242,Rstar,3686.2852515469253,0.7889836782342172,1922,0.9091740701967932,4.1849356734613,97,84,0.865979381443299,0.005,0.3154731813138973,-0.9489344929296666,-7.196294152409962e-08,True
BH-HF1R,SXS:BBH:0305,6,C,242,Estar,3686.2852515469253,0.7889836782342172,1922,0.9091740701967932,4.699510964083025,97,95,0.979381443298969,0.005,0.3424297820104422,-0.9395333591269719,0.00434873313387358,True
BH-HF1R,SXS:BBH:0305,6,C,242,Bstar,3686.2852515469253,0.7889836782342172,1922,0.9091740701967932,1.4694637914318553,97,58,0.5979381443298969,0.005,-0.3009023810614554,0.9536549465459404,-7.993695693405643e-08,True
BH-HF1R,SXS:BBH:0305,6,C,243,Rstar,3686.287998435647,0.7917305669557209,1922,0.9092287267451589,4.196849915266317,97,84,0.865979381443299,0.005,0.3154006938570926,-0.9489585883032301,-7.194812873346862e-08,True
BH-HF1R,SXS:BBH:0305,6,C,243,Estar,3686.287998435647,0.7917305669557209,1922,0.9092287267451589,4.703634386969148,97,95,0.979381443298969,0.005,0.3423586090568343,-0.9395592951886993,0.00434898024649016,True
BH-HF1R,SXS:BBH:0305,6,C,243,Bstar,3686.287998435647,0.7917305669557209,1922,0.9092287267451589,1.4688702242069145,97,58,0.5979381443298969,0.005,-0.3009569737975425,0.953637719431556,-7.991612382142906e-08,True
BH-HF1R,SXS:BBH:0305,6,C,244,Rstar,3686.2908157388392,0.7945478701481079,1922,0.9092846749865522,4.208216935163435,97,84,0.865979381443299,0.005,0.3153264191300666,-0.948983271400821,-7.193292831370983e-08,True
BH-HF1R,SXS:BBH:0305,6,C,244,Estar,3686.2908157388392,0.7945478701481079,1922,0.9092846749865522,4.707220101847085,97,95,0.979381443298969,0.005,0.3422856791105181,-0.9395858651815507,0.004349232908022606,True
BH-HF1R,SXS:BBH:0305,6,C,244,Bstar,3686.2908157388392,0.7945478701481079,1922,0.9092846749865522,1.4670088181851124,97,58,0.5979381443298969,0.005,-0.3010129104081222,0.9536200646838475,-7.989475081039464e-08,True
BH-HF1R,SXS:BBH:0305,6,C,245,Rstar,3686.293562609452,0.7972947407606625,1922,0.9093391184194374,4.209327154407449,97,84,0.865979381443299,0.005,0.31525407021639135,-0.9490073083027304,-7.191809679620282e-08,True
BH-HF1R,SXS:BBH:0305,6,C,245,Estar,3686.293562609452,0.7972947407606625,1922,0.9093391184194374,4.71459365823199,97,96,0.9896907216494846,0.005,0.3434596104027381,-0.939167448340281,-7.234181462183758e-08,True
BH-HF1R,SXS:BBH:0305,6,C,245,Bstar,3686.293562609452,0.7972947407606625,1922,0.9093391184194374,1.465186389467355,97,58,0.5979381443298969,0.005,-0.30106739455982523,0.9536028648934273,-7.987390277366128e-08,True
BH-HF1R,SXS:BBH:0305,6,C,246,Rstar,3686.2960478733394,0.7997800046482553,1922,0.9093882866898704,4.216620593932328,97,84,0.865979381443299,0.005,0.31518867021133723,-0.9490290312579505,-7.190467654502345e-08,True
BH-HF1R,SXS:BBH:0305,6,C,246,Estar,3686.2960478733394,0.7997800046482553,1922,0.9093882866898704,4.715495107725767,97,96,0.9896907216494846,0.005,0.3433955015627087,-0.9391908908770839,-7.232746006695675e-08,True
BH-HF1R,SXS:BBH:0305,6,C,246,Bstar,3686.2960478733394,0.7997800046482553,1922,0.9093882866898704,1.4635311082526243,97,58,0.5979381443298969,0.005,-0.3011166438623764,0.9535873147169337,-7.98550410605629e-08,True
BH-HF1R,SXS:BBH:0305,6,C,247,Rstar,3686.2991870609962,0.8029191923051258,1922,0.9094502705083082,4.22080235263276,97,84,0.865979381443299,0.005,0.3151061414045401,-0.9490564364931819,-7.188771038766565e-08,True
BH-HF1R,SXS:BBH:0305,6,C,247,Estar,3686.2991870609962,0.8029191923051258,1922,0.9094502705083082,4.70763122251925,97,96,0.9896907216494846,0.005,0.3433145995653181,-0.9392204670498296,-7.230931408523947e-08,True
BH-HF1R,SXS:BBH:0305,6,C,247,Bstar,3686.2991870609962,0.8029191923051258,1922,0.9094502705083082,1.4621950076358725,97,59,0.6082474226804123,0.005,-0.3124846401560652,0.9499228124782181,-8.040826311276661e-08,True
BH-HF1R,SXS:BBH:0305,6,C,248,Rstar,3686.301910012227,0.8056421435358061,1922,0.9095039260997114,4.226329845299722,97,84,0.865979381443299,0.005,0.3150346269053926,-0.9490801777777129,-7.187298428389336e-08,True
BH-HF1R,SXS:BBH:0305,6,C,248,Estar,3686.301910012227,0.8056421435358061,1922,0.9095039260997114,4.701310579488859,97,96,0.9896907216494846,0.005,0.34324449248311684,-0.9392460904257214,-7.229356508297704e-08,True
BH-HF1R,SXS:BBH:0305,6,C,248,Bstar,3686.301910012227,0.8056421435358061,1922,0.9095039260997114,1.4624899346654487,97,59,0.6082474226804123,0.005,-0.31253794812317287,0.9499052747421453,-8.038705464612741e-08,True
BH-HF1R,SXS:BBH:0305,6,C,249,Rstar,3686.3047565060824,0.8084886373912923,1922,0.9095599073095311,4.23617441197383,97,84,0.865979381443299,0.005,0.31495993860745375,-0.9491049663089872,-7.185758094224462e-08,True
BH-HF1R,SXS:BBH:0305,6,C,249,Estar,3686.3047565060824,0.8084886373912923,1922,0.9095599073095311,4.705398596967081,97,96,0.9896907216494846,0.005,0.34317127180295,-0.9392728454550044,-7.227709274846192e-08,True
BH-HF1R,SXS:BBH:0305,6,C,249,Bstar,3686.3047565060824,0.8084886373912923,1922,0.9095599073095311,1.4636142573926398,97,59,0.6082474226804123,0.005,-0.31259362033224614,0.9498869556571314,-8.036487658703124e-08,True
BH-HF1R,SXS:BBH:0305,6,C,250,Rstar,3686.3075174257265,0.8112495570353531,1922,0.9096140998357984,4.234541333933488,97,84,0.865979381443299,0.005,0.31488756471344725,-0.9491289804809615,-7.184262888240325e-08,True
BH-HF1R,SXS:BBH:0305,6,C,250,Estar,3686.3075174257265,0.8112495570353531,1922,0.9096140998357984,4.709397680318902,97,96,0.9896907216494846,0.005,0.3431003178438206,-0.9392987660459605,-7.226110421080826e-08,True
BH-HF1R,SXS:BBH:0305,6,C,250,Bstar,3686.3075174257265,0.8112495570353531,1922,0.9096140998357984,1.4645719360427036,97,59,0.6082474226804123,0.005,-0.31264756588301923,0.9498692012837434,-8.034335574139691e-08,True
BH-HF1R,SXS:BBH:0305,6,C,251,Rstar,3686.310042851814,0.8137749831230394,1922,0.909663579015098,4.233051106834634,97,84,0.865979381443299,0.005,0.3148214233923099,-0.9491509212834569,-7.182894116529477e-08,True
BH-HF1R,SXS:BBH:0305,6,C,251,Estar,3686.310042851814,0.8137749831230394,1922,0.909663579015098,4.713085652529843,97,96,0.9896907216494846,0.005,0.3430354722783409,-0.9393224498322024,-7.224646870395806e-08,True
BH-HF1R,SXS:BBH:0305,6,C,251,Bstar,3686.310042851814,0.8137749831230394,1922,0.909663579015098,1.465641830816352,97,59,0.6082474226804123,0.005,-0.31269686453798734,0.9498529733111883,-8.032366115916908e-08,True
BH-HF1R,SXS:BBH:0305,6,C,252,Rstar,3686.3131289970233,0.8168611283322207,1922,0.9097239266370833,4.227246128921593,97,84,0.865979381443299,0.005,0.3147406736370183,-0.9491777011490056,-7.181217080801488e-08,True
BH-HF1R,SXS:BBH:0305,6,C,252,Estar,3686.3131289970233,0.8168611283322207,1922,0.9097239266370833,4.7123922522737764,97,97,1.0,0.005,0.3470727800918809,-0.9378115608880512,-0.007068350869192819,True
BH-HF1R,SXS:BBH:0305,6,C,252,Bstar,3686.3131289970233,0.8168611283322207,1922,0.9097239266370833,1.4645499559217197,97,59,0.6082474226804123,0.005,-0.3127570499497177,0.9498331578265434,-8.029954866363029e-08,True
BH-HF1R,SXS:BBH:0305,6,C,253,Rstar,3686.315836625543,0.8195687568518224,1922,0.9097767736305221,4.2197848724520615,97,84,0.865979381443299,0.005,0.3146698973493193,-0.9492011671411724,-7.179749432521164e-08,True
BH-HF1R,SXS:BBH:0305,6,C,253,Estar,3686.315836625543,0.8195687568518224,1922,0.9097767736305221,4.728722964240046,97,97,1.0,0.005,0.3470035161272909,-0.9378371869615735,-0.007068984884672185,True
BH-HF1R,SXS:BBH:0305,6,C,253,Bstar,3686.315836625543,0.8195687568518224,1922,0.9097767736305221,1.4630255071620912,97,59,0.6082474226804123,0.005,-0.31280980028641747,0.9498157867948739,-8.027843842777982e-08,True
BH-HF1R,SXS:BBH:0305,6,C,254,Rstar,3686.3186866131036,0.8224187444125164,1922,0.909832278023498,4.210024447841457,97,84,0.865979381443299,0.005,0.31459546987743964,-0.9492258373709536,-7.178204222889234e-08,True
BH-HF1R,SXS:BBH:0305,6,C,254,Estar,3686.3186866131036,0.8224187444125164,1922,0.909832278023498,4.744503227662851,97,97,1.0,0.005,0.3469306764234657,-0.9378641297101078,-0.0070696505895853,True
BH-HF1R,SXS:BBH:0305,6,C,254,Bstar,3686.3186866131036,0.8224187444125164,1922,0.909832278023498,1.4615374528058511,97,59,0.6082474226804123,0.005,-0.35522388291594365,0.9347812540943006,-8.111484807736051e-08,True
BH-HF1R,SXS:BBH:0305,6,C,255,Rstar,3686.3214187158496,0.8251508471585112,1922,0.9098853907217767,4.199698906040435,97,84,0.865979381443299,0.005,0.3145241882355122,-0.9492494587908843,-7.176722415389595e-08,True
BH-HF1R,SXS:BBH:0305,6,C,255,Estar,3686.3214187158496,0.8251508471585112,1922,0.9098853907217767,4.760448025384202,97,97,1.0,0.005,0.34686091296485405,-0.9378899285611294,-0.007070287178563311,True
BH-HF1R,SXS:BBH:0305,6,C,255,Bstar,3686.3214187158496,0.8251508471585112,1922,0.9098853907217767,1.4625217657116907,97,59,0.6082474226804123,0.005,-0.35527572605703933,0.9347615516668606,-8.10918467798476e-08,True
BH-HF1R,SXS:BBH:0305,6,C,256,Rstar,3686.324037830289,0.8277699615978236,1922,0.9099362130090247,4.189033506344287,97,84,0.865979381443299,0.005,0.3144559161865215,-0.9492720773178206,-7.175301186739986e-08,True
BH-HF1R,SXS:BBH:0305,6,C,256,Estar,3686.324037830289,0.8277699615978236,1922,0.9099362130090247,4.771691207359697,97,97,1.0,0.005,0.3467940927279419,-0.9379146334709099,-0.007070895992195128,True
BH-HF1R,SXS:BBH:0305,6,C,256,Bstar,3686.324037830289,0.8277699615978236,1922,0.9099362130090247,1.4639312574355223,97,59,0.6082474226804123,0.005,-0.3553253807398742,0.9347426778542086,-8.106979287292323e-08,True
BH-HF1R,SXS:BBH:0305,6,C,257,Rstar,3686.3270933713725,0.830825502681364,1922,0.9099953881434176,4.176683063849377,97,84,0.865979381443299,0.005,0.31437634401016284,-0.9492984327000644,-7.173642740897185e-08,True
BH-HF1R,SXS:BBH:0305,6,C,257,Estar,3686.3270933713725,0.830825502681364,1922,0.9099953881434176,4.771980700070055,97,97,1.0,0.005,0.34988702559383594,-0.9367514513147874,-0.008705617768882847,True
BH-HF1R,SXS:BBH:0305,6,C,257,Bstar,3686.3270933713725,0.830825502681364,1922,0.9099953881434176,1.4652331453218075,97,59,0.6082474226804123,0.005,-0.35538325459431563,0.9347206761134287,-8.104406482253537e-08,True
BH-HF1R,SXS:BBH:0305,6,C,258,Rstar,3686.329815367964,0.8335474992727541,1922,0.9100479992541082,4.166988165164846,97,84,0.865979381443299,0.005,0.31430552686704444,-0.9493218820720527,-7.172165766548542e-08,True
BH-HF1R,SXS:BBH:0305,6,C,258,Estar,3686.329815367964,0.8335474992727541,1922,0.9100479992541082,4.771224604625025,97,97,1.0,0.005,0.3532685254985288,-0.935501654517938,-0.006164680551011242,True
BH-HF1R,SXS:BBH:0305,6,C,258,Bstar,3686.329815367964,0.8335474992727541,1922,0.9100479992541082,1.4642273219116058,97,59,0.6082474226804123,0.005,-0.3554347612732918,0.9347010915146036,-8.102115487235167e-08,True
BH-HF1R,SXS:BBH:0305,6,C,259,Rstar,3686.332637728059,0.8363698593680056,1922,0.910102446207359,4.17460813668886,97,85,0.8762886597938144,0.005,0.3163233351078162,-0.9485993306281938,-0.009942715826712809,True
BH-HF1R,SXS:BBH:0305,6,C,259,Estar,3686.332637728059,0.8363698593680056,1922,0.910102446207359,4.776765358917351,97,97,1.0,0.005,0.3531976602995029,-0.93552840804755,-0.006165265198966718,True
BH-HF1R,SXS:BBH:0305,6,C,259,Bstar,3686.332637728059,0.8363698593680056,1922,0.910102446207359,1.4613258527654822,97,59,0.6082474226804123,0.005,-0.35548811777645833,0.9346808001236273,-8.099738465464929e-08,True
BH-HF1R,SXS:BBH:0305,6,C,260,Rstar,3686.3353504282054,0.8390825595142815,1922,0.9101546784829404,4.172371949100286,97,85,0.8762886597938144,0.005,0.31625261945289224,-0.9486229025136158,-0.00994331513264059,True
BH-HF1R,SXS:BBH:0305,6,C,260,Estar,3686.3353504282054,0.8390825595142815,1922,0.9101546784829404,4.7845469397534774,97,97,1.0,0.005,0.3531296087042566,-0.9355540935984329,-0.006165825783579942,True
BH-HF1R,SXS:BBH:0305,6,C,260,Bstar,3686.3353504282054,0.8390825595142815,1922,0.9101546784829404,1.4594747974077467,97,59,0.6082474226804123,0.01,-0.35553935397600045,0.9346613117992644,-8.097453455304074e-08,True
BH-HF1R,SXS:BBH:0305,6,C,261,Rstar,3686.338032808764,0.8417649400730625,1922,0.9102061943189425,4.169242002742805,97,85,0.8762886597938144,0.005,0.31618275736611184,-0.9486461841369542,-0.009943906011148395,True
BH-HF1R,SXS:BBH:0305,6,C,261,Estar,3686.338032808764,0.8417649400730625,1922,0.9102061943189425,4.790461001723502,97,97,1.0,0.005,0.35306237561730497,-0.9355794646612735,-0.0061663788068838645,True
BH-HF1R,SXS:BBH:0305,6,C,261,Bstar,3686.338032808764,0.8417649400730625,1922,0.9102061943189425,1.457210690288607,97,59,0.6082474226804123,0.005,-0.3555899721311715,0.9346420553986141,-8.095191770993747e-08,True
BH-HF1R,SXS:BBH:0305,6,C,262,Rstar,3686.3410573950046,0.8447895263134342,1922,0.9102642483921364,4.17319351274287,97,85,0.8762886597938144,0.005,0.3161040577878976,-0.9486724040327539,-0.00994457021397762,True
BH-HF1R,SXS:BBH:0305,6,C,262,Estar,3686.3410573950046,0.8447895263134342,1922,0.9102642483921364,4.796966381506461,97,97,1.0,0.005,0.35298663414569664,-0.9356080398410034,-0.006167000840557843,True
BH-HF1R,SXS:BBH:0305,6,C,262,Bstar,3686.3410573950046,0.8447895263134342,1922,0.9102642483921364,1.4536075468983654,97,59,0.6082474226804123,0.005,-0.35564699391374965,0.9346203591406015,-8.09264229617483e-08,True
BH-HF1R,SXS:BBH:0305,6,C,263,Rstar,3686.3437830374146,0.8475151687234757,1922,0.9103164281362108,4.176754446632084,97,85,0.8762886597938144,0.005,0.31603320486126973,-0.9486960035123747,-0.009945166904739209,True
BH-HF1R,SXS:BBH:0305,6,C,263,Estar,3686.3437830374146,0.8475151687234757,1922,0.9103164281362108,4.801139263759065,97,97,1.0,0.005,0.3529184412541343,-0.9356337611621522,-0.0061675599970092984,True
BH-HF1R,SXS:BBH:0305,6,C,263,Bstar,3686.3437830374146,0.8475151687234757,1922,0.9103164281362108,1.4503690801489757,97,59,0.6082474226804123,0.005,-0.3556983308379045,0.9346008225114733,-8.09034661578351e-08,True
BH-HF1R,SXS:BBH:0305,6,C,264,Rstar,3686.3465784937775,0.8503106250864221,1922,0.910369843705148,4.1822496664693745,97,85,0.8762886597938144,0.005,0.3159606040670173,-0.94872017908154,-0.009945777048386565,True
BH-HF1R,SXS:BBH:0305,6,C,264,Estar,3686.3465784937775,0.8503106250864221,1922,0.910369843705148,4.803950429398361,97,97,1.0,0.005,0.3556264675714353,-0.9345878619485208,-0.008680084167534616,True
BH-HF1R,SXS:BBH:0305,6,C,264,Bstar,3686.3465784937775,0.8503106250864221,1922,0.910369843705148,1.44705601736617,97,59,0.6082474226804123,0.005,-0.3557509346178224,0.9345808004225955,-8.087991274947228e-08,True
BH-HF1R,SXS:BBH:0305,6,C,265,Rstar,3686.348485746489,0.8522178777980116,1922,0.9104062292529441,4.187158799102975,97,85,0.8762886597938144,0.005,0.315911109648565,-0.9487366568547672,-0.009946192269010773,True
BH-HF1R,SXS:BBH:0305,6,C,265,Estar,3686.348485746489,0.8522178777980116,1922,0.9104062292529441,4.8031090857226255,97,97,1.0,0.005,0.3555791503958243,-0.934605862159475,-0.008680450502597288,True
BH-HF1R,SXS:BBH:0305,6,C,265,Bstar,3686.348485746489,0.8522178777980116,1922,0.9104062292529441,1.444800438695349,97,59,0.6082474226804123,0.005,-0.35578679664116797,0.9345671486500099,-8.086384274762552e-08,True
BH-HF1R,SXS:BBH:0305,6,C,266,Rstar,3686.350345317883,0.8540774491916636,1922,0.9104416593735705,4.187631572955747,97,85,0.8762886597938144,0.005,0.3158628828756671,-0.9487527098479814,-0.009946596281369428,True
BH-HF1R,SXS:BBH:0305,6,C,266,Estar,3686.350345317883,0.8540774491916636,1922,0.9104416593735705,4.800170942523656,97,97,1.0,0.005,0.3555330435704453,-0.9346233993005231,-0.008680806959657096,True
BH-HF1R,SXS:BBH:0305,6,C,266,Bstar,3686.350345317883,0.8540774491916636,1922,0.9104416593735705,1.4427259268012735,97,61,0.6288659793814433,0.005,-0.3348895138190918,0.9422574030136383,-8.105293245585497e-08,True
BH-HF1R,SXS:BBH:0305,6,C,267,Rstar,3686.352027787239,0.8557599185478466,1922,0.9104736768798479,4.186360783129947,97,87,0.8969072164948454,0.005,0.32249204568444717,-0.9465540397056568,-0.0058592138689877804,True
BH-HF1R,SXS:BBH:0305,6,C,267,Estar,3686.352027787239,0.8557599185478466,1922,0.9104736768798479,4.797295926392285,97,97,1.0,0.005,0.3619449392081356,-0.9321988055412741,-0.0011171074436775517,True
BH-HF1R,SXS:BBH:0305,6,C,267,Bstar,3686.352027787239,0.8557599185478466,1922,0.9104736768798479,1.4414415328778956,97,61,0.6288659793814433,0.005,-0.33492126394024035,0.9422461180395838,-8.103919200825031e-08,True
BH-HF1R,SXS:BBH:0305,6,C,268,Rstar,3686.3547122685227,0.8584443998315692,1922,0.9105246868275951,4.187900070067338,97,87,0.8969072164948454,0.005,0.32242253677312077,-0.9465777156953281,-0.005859686834633348,True
BH-HF1R,SXS:BBH:0305,6,C,268,Estar,3686.3547122685227,0.8584443998315692,1922,0.9105246868275951,4.789587786805147,97,97,1.0,0.005,0.3618782318518995,-0.9322247032770232,-0.0011170997309455685,True
BH-HF1R,SXS:BBH:0305,6,C,268,Bstar,3686.3547122685227,0.8584443998315692,1922,0.9105246868275951,1.4393980020128847,97,61,0.6288659793814433,0.005,-0.33497188611105755,0.9422281228636695,-8.10172583761843e-08,True
BH-HF1R,SXS:BBH:0305,6,C,269,Rstar,3686.3568772108633,0.8606093421722107,1922,0.9105657568231614,4.187592017685233,97,87,0.8969072164948454,0.005,0.3249167500934543,-0.9456926003411842,-0.00972682726469276,True
BH-HF1R,SXS:BBH:0305,6,C,269,Estar,3686.3568772108633,0.8606093421722107,1922,0.9105657568231614,4.784363312254122,97,97,1.0,0.005,0.3618244754206608,-0.9322455690904937,-0.0011170934182943935,True
BH-HF1R,SXS:BBH:0305,6,C,269,Bstar,3686.3568772108633,0.8606093421722107,1922,0.9105657568231614,1.4377551342619077,97,61,0.6288659793814433,0.005,-0.3350126780142517,0.9422136199236948,-8.09995560583133e-08,True
BH-HF1R,SXS:BBH:0305,6,C,270,Rstar,3686.359372480473,0.8631046117820915,1922,0.9106130281386721,4.1953904659221966,97,87,0.8969072164948454,0.005,0.3234194860545496,-0.9462436807626282,0.004767877620538411,True
BH-HF1R,SXS:BBH:0305,6,C,270,Estar,3686.359372480473,0.8631046117820915,1922,0.9106130281386721,4.78233788643051,97,97,1.0,0.005,0.361762561877515,-0.9322695967061224,-0.0011170860400417004,True
BH-HF1R,SXS:BBH:0305,6,C,270,Bstar,3686.359372480473,0.8631046117820915,1922,0.9106130281386721,1.4360731967357956,97,61,0.6288659793814433,0.005,-0.3350596573230498,0.942196914681084,-8.097916742213947e-08,True
BH-HF1R,SXS:BBH:0305,6,C,271,Rstar,3686.3617000803074,0.8654322116162803,1922,0.9106570328148403,4.200506365634797,97,87,0.8969072164948454,0.005,0.3193713183650318,-0.947611781572368,-0.005820002665332728,True
BH-HF1R,SXS:BBH:0305,6,C,271,Estar,3686.3617000803074,0.8654322116162803,1922,0.9106570328148403,4.791905908020927,97,97,1.0,0.005,0.36673926329028267,-0.9303181143087663,0.0032432931230276965,True
BH-HF1R,SXS:BBH:0305,6,C,271,Bstar,3686.3617000803074,0.8654322116162803,1922,0.9106570328148403,1.4345247014320497,97,61,0.6288659793814433,0.005,-0.3351034445447822,0.942181342128051,-8.096017049400178e-08,True
BH-HF1R,SXS:BBH:0305,6,C,272,Rstar,3686.363969490146,0.8677016214546711,1922,0.9106998797283142,4.199771766895565,97,87,0.8969072164948454,0.005,0.31931332597787854,-0.9476313222366991,-0.005820392501400119,True
BH-HF1R,SXS:BBH:0305,6,C,272,Estar,3686.363969490146,0.8677016214546711,1922,0.9106998797283142,4.811585405669237,97,97,1.0,0.005,0.36668311614307264,-0.9303402456333569,0.0032434072317569507,True
BH-HF1R,SXS:BBH:0305,6,C,272,Bstar,3686.363969490146,0.8677016214546711,1922,0.9106998797283142,1.433008905534107,97,61,0.6288659793814433,0.005,-0.3351461043389983,0.9421661683303996,-8.094153644734695e-08,True
BH-HF1R,SXS:BBH:0305,6,C,273,Rstar,3686.3660227657138,0.8697548970226308,1922,0.9107385895808089,4.203153011350208,97,87,0.8969072164948454,0.005,0.3192608939495576,-0.9476489859265941,-0.00582074452515561,True
BH-HF1R,SXS:BBH:0305,6,C,273,Estar,3686.3660227657138,0.8697548970226308,1922,0.9107385895808089,4.820265753702698,97,97,1.0,0.005,0.36521104796756015,-0.9308843892815932,-0.008668577407602606,True
BH-HF1R,SXS:BBH:0305,6,C,273,Bstar,3686.3660227657138,0.8697548970226308,1922,0.9107385895808089,1.4312955544692512,97,61,0.6288659793814433,0.005,-0.3351846734696831,0.9421524476808492,-8.092478474404474e-08,True
BH-HF1R,SXS:BBH:0305,6,C,274,Rstar,3686.368795606748,0.8725277380567604,1922,0.9107907797696527,4.204414348668871,97,87,0.8969072164948454,0.005,0.31919014334599427,-0.9476728157974541,-0.005821218883376402,True
BH-HF1R,SXS:BBH:0305,6,C,274,Estar,3686.368795606748,0.8725277380567604,1922,0.9107907797696527,4.826183863404134,97,97,1.0,0.005,0.362733161996993,-0.9318905174933538,0.0021717720028734617,True
BH-HF1R,SXS:BBH:0305,6,C,274,Bstar,3686.368795606748,0.8725277380567604,1922,0.9107907797696527,1.4290113105000166,97,61,0.6288659793814433,0.005,-0.3352367171835136,0.9421339307402182,-8.090215453828651e-08,True
BH-HF1R,SXS:BBH:0305,6,C,275,Rstar,3686.3711561401296,0.8748882714385218,1922,0.9108351328846953,4.201362498721933,97,88,0.9072164948453608,0.005,0.32363153087131546,-0.9461831916842974,-7.174907270676796e-08,True
BH-HF1R,SXS:BBH:0305,6,C,275,Estar,3686.3711561401296,0.8748882714385218,1922,0.9108351328846953,4.836222995769006,97,97,1.0,0.005,0.3626754243793218,-0.931912989344059,0.0021718294359554594,True
BH-HF1R,SXS:BBH:0305,6,C,275,Bstar,3686.3711561401296,0.8748882714385218,1922,0.9108351328846953,1.4273411544893695,97,61,0.6288659793814433,0.005,-0.3352809844232447,0.9421181780881703,-8.088288060053981e-08,True
BH-HF1R,SXS:BBH:0305,6,C,276,Rstar,3686.37373100097,0.8774631322789901,1922,0.9108834326187217,4.2051063551990016,97,88,0.9072164948453608,0.005,0.32356618897158873,-0.9462055386407316,-7.173465762685821e-08,True
BH-HF1R,SXS:BBH:0305,6,C,276,Estar,3686.37373100097,0.8774631322789901,1922,0.9108834326187217,4.847194629815043,97,97,1.0,0.005,0.36261249241542204,-0.9319374781766272,0.002171891816803941,True
BH-HF1R,SXS:BBH:0305,6,C,276,Bstar,3686.37373100097,0.8774631322789901,1922,0.9108834326187217,1.4255447368872445,97,61,0.6288659793814433,0.005,-0.33532923134137327,0.9421010065847489,-8.08618498632798e-08,True
BH-HF1R,SXS:BBH:0305,6,C,277,Rstar,3686.3759313610967,0.8796634924055979,1922,0.9109246409536649,4.207298146180353,97,89,0.9175257731958762,0.005,0.3254022093029154,-0.9455280523068545,-0.009492338046423965,True
BH-HF1R,SXS:BBH:0305,6,C,277,Estar,3686.3759313610967,0.8796634924055979,1922,0.9109246409536649,4.856940562645425,97,97,1.0,0.005,0.3595072581505345,-0.9331026437395782,-0.008601603530443341,True
BH-HF1R,SXS:BBH:0305,6,C,277,Bstar,3686.3759313610967,0.8796634924055979,1922,0.9109246409536649,1.4240141301756593,97,61,0.6288659793814433,0.005,-0.3353704282750361,0.9420863420295468,-8.084387076646976e-08,True
BH-HF1R,SXS:BBH:0305,6,C,278,Rstar,3686.37807671222,0.8818088435286882,1922,0.9109647606563148,4.217326340075446,97,89,0.9175257731958762,0.005,0.3228145045227161,-0.9464614995436904,-0.0011939645145679374,True
BH-HF1R,SXS:BBH:0305,6,C,278,Estar,3686.37807671222,0.8818088435286882,1922,0.9109647606563148,4.864097040159324,97,97,1.0,0.005,0.3594551045202059,-0.9331227318669094,-0.008602040897572917,True
BH-HF1R,SXS:BBH:0305,6,C,278,Bstar,3686.37807671222,0.8818088435286882,1922,0.9109647606563148,1.4225257887178835,97,61,0.6288659793814433,0.005,-0.33541056634129707,0.9420720524389861,-8.082634136993018e-08,True
BH-HF1R,SXS:BBH:0305,6,C,279,Rstar,3686.3800177441885,0.8837498754974149,1922,0.9110010094048863,4.221270160670143,97,89,0.9175257731958762,0.005,0.31773975025015566,-0.9481609983823751,-0.0056720593708636715,True
BH-HF1R,SXS:BBH:0305,6,C,279,Estar,3686.3800177441885,0.8837498754974149,1922,0.9110010094048863,4.870337816783123,97,97,1.0,0.005,0.3594079476855781,-0.9331408924909823,-0.008602435793055042,True
BH-HF1R,SXS:BBH:0305,6,C,279,Bstar,3686.3800177441885,0.8837498754974149,1922,0.9110010094048863,1.421485686053842,97,59,0.6082474226804123,0.005,-0.35637644353355213,0.9343424588952225,-8.059803405864653e-08,True
BH-HF1R,SXS:BBH:0305,6,C,280,Rstar,3686.3827374979805,0.8864696292894223,1922,0.911051721662996,4.225467473051293,97,89,0.9175257731958762,0.005,0.3176709408831818,-0.948184051754656,-0.005672505312283879,True
BH-HF1R,SXS:BBH:0305,6,C,280,Estar,3686.3827374979805,0.8864696292894223,1922,0.911051721662996,4.878090582483856,97,97,1.0,0.005,0.3593419195065735,-0.9331663160905592,-0.00860298781272329,True
BH-HF1R,SXS:BBH:0305,6,C,280,Bstar,3686.3827374979805,0.8864696292894223,1922,0.911051721662996,1.421386382272075,97,59,0.6082474226804123,0.005,-0.3564270183955968,0.9343231670881431,-8.057510747441349e-08,True
BH-HF1R,SXS:BBH:0305,6,C,281,Rstar,3686.3850267623716,0.8887588936804605,1922,0.9110943352571514,4.22690966087038,97,89,0.9175257731958762,0.005,0.3176130701877304,-0.9482034360201618,-0.005672879822724736,True
BH-HF1R,SXS:BBH:0305,6,C,281,Estar,3686.3850267623716,0.8887588936804605,1922,0.9110943352571514,4.889845356246885,97,97,1.0,0.005,0.35626193661244265,-0.9343854983283667,-0.001083067311733063,True
BH-HF1R,SXS:BBH:0305,6,C,281,Bstar,3686.3850267623716,0.8887588936804605,1922,0.9110943352571514,1.418991617685875,97,61,0.6288659793814433,0.005,-0.3355404012265332,0.9420258166020348,-8.076955339711542e-08,True
BH-HF1R,SXS:BBH:0305,6,C,282,Rstar,3686.387555445365,0.8912875766736761,1922,0.9111413297421632,4.233172398009647,97,89,0.9175257731958762,0.005,0.3175491973962544,-0.9482248261799692,-0.005673292603231985,True
BH-HF1R,SXS:BBH:0305,6,C,282,Estar,3686.387555445365,0.8912875766736761,1922,0.9111413297421632,4.912259800124163,97,97,1.0,0.005,0.3562008995823238,-0.9344087681735966,-0.0010830960460157272,True
BH-HF1R,SXS:BBH:0305,6,C,282,Bstar,3686.387555445365,0.8912875766736761,1922,0.9111413297421632,1.41713204748372,97,61,0.6288659793814433,0.005,-0.33558756587901273,0.9420090156826487,-8.074889129985167e-08,True
BH-HF1R,SXS:BBH:0305,6,C,283,Rstar,3686.389815492419,0.8935476237279545,1922,0.9111832643900373,4.233596799552792,97,89,0.9175257731958762,0.005,0.3174921546989887,-0.9482439249889487,-0.005673660735900095,True
BH-HF1R,SXS:BBH:0305,6,C,283,Estar,3686.389815492419,0.8935476237279545,1922,0.9111832643900373,4.91999403295027,97,97,1.0,0.005,0.35504984745558743,-0.9348146813518929,-0.0078177586764336,True
BH-HF1R,SXS:BBH:0305,6,C,283,Bstar,3686.389815492419,0.8935476237279545,1922,0.9111832643900373,1.4150750470301021,97,61,0.6288659793814433,0.005,-0.3356296866297747,0.9419940092446408,-8.073036376020158e-08,True
BH-HF1R,SXS:BBH:0305,6,C,284,Rstar,3686.3920190382973,0.8957511696062284,1922,0.9112240897084934,4.233940915351002,97,89,0.9175257731958762,0.005,0.31743657847014256,-0.9482625291332564,-0.005674018943314491,True
BH-HF1R,SXS:BBH:0305,6,C,284,Estar,3686.3920190382973,0.8957511696062284,1922,0.9112240897084934,4.922857387401704,97,97,1.0,0.005,0.35499698009522185,-0.9348347568792558,-0.007818021090746353,True
BH-HF1R,SXS:BBH:0305,6,C,284,Bstar,3686.3920190382973,0.8957511696062284,1922,0.9112240897084934,1.4136888089011483,97,61,0.6288659793814433,0.005,-0.33567072411626403,0.9419793867018834,-8.071236984916799e-08,True
BH-HF1R,SXS:BBH:0305,6,C,285,Rstar,3686.3940127226633,0.897744853972199,1922,0.9112609753655121,4.232589297476762,97,89,0.9175257731958762,0.005,0.31738632952247114,-0.9482793468542517,-0.005674342422432507,True
BH-HF1R,SXS:BBH:0305,6,C,285,Estar,3686.3940127226633,0.897744853972199,1922,0.9112609753655121,4.925224290225018,97,97,1.0,0.005,0.354949178622468,-0.9348529057767161,-0.00781825786640628,True
BH-HF1R,SXS:BBH:0305,6,C,285,Bstar,3686.3940127226633,0.897744853972199,1922,0.9112609753655121,1.412721219644324,97,61,0.6288659793814433,0.005,-0.3357078275876639,0.9419661641993118,-8.069606751809703e-08,True
BH-HF1R,SXS:BBH:0305,6,C,286,Rstar,3686.396735853584,0.9004679848926571,1922,0.911311277444409,4.231435904735821,97,89,0.9175257731958762,0.005,0.31731774815260483,-0.948302295442586,-0.0056747833158875115,True
BH-HF1R,SXS:BBH:0305,6,C,286,Estar,3686.396735853584,0.9004679848926571,1922,0.911311277444409,4.922443776076677,97,97,1.0,0.005,0.354883934986346,-0.9348776724743082,-0.007818580282057121,True
BH-HF1R,SXS:BBH:0305,6,C,286,Bstar,3686.396735853584,0.9004679848926571,1922,0.911311277444409,1.4120322913239705,97,59,0.6082474226804123,0.005,-0.356686617126013,0.9342240936537628,-8.045704494057971e-08,True
BH-HF1R,SXS:BBH:0305,6,C,287,Rstar,3686.3989833143205,0.9027154456293829,1922,0.911352728450119,4.231987091481468,97,89,0.9175257731958762,0.005,0.32117243918275457,-0.9469815250576239,-0.008617163624807257,True
BH-HF1R,SXS:BBH:0305,6,C,287,Estar,3686.3989833143205,0.9027154456293829,1922,0.911352728450119,4.913622402503625,97,97,1.0,0.005,0.3548301265799405,-0.9348980944066537,-0.007818845571501004,True
BH-HF1R,SXS:BBH:0305,6,C,287,Bstar,3686.3989833143205,0.9027154456293829,1922,0.911352728450119,1.4119121237538146,97,59,0.6082474226804123,0.005,-0.35672818848018906,0.9342082206572775,-8.048000762551029e-08,True
BH-HF1R,SXS:BBH:0305,6,C,288,Rstar,3686.401912037725,0.9056441690340762,1922,0.9114066412469736,4.232851386189821,97,89,0.9175257731958762,0.005,0.32670211730555226,-0.9451265926300548,-0.0012043469482472889,True
BH-HF1R,SXS:BBH:0305,6,C,288,Estar,3686.401912037725,0.9056441690340762,1922,0.9114066412469736,4.90590680181026,97,97,1.0,0.005,0.35476006897146006,-0.9349246781058261,-0.007819189988884326,True
BH-HF1R,SXS:BBH:0305,6,C,288,Bstar,3686.401912037725,0.9056441690340762,1922,0.9114066412469736,1.4117560097449293,97,59,0.6082474226804123,0.005,-0.35678231132940796,0.9341875520057195,-8.041343391975074e-08,True
BH-HF1R,SXS:BBH:0305,6,C,289,Rstar,3686.4040455199197,0.9077776512285709,1922,0.9114458520939529,4.227917551663016,97,89,0.9175257731958762,0.005,0.32664921174316164,-0.9451448788629379,-0.0012043366362926458,True
BH-HF1R,SXS:BBH:0305,6,C,289,Estar,3686.4040455199197,0.9077776512285709,1922,0.9114458520939529,4.901654772164413,97,97,1.0,0.005,0.3547090720186766,-0.9349440253749082,-0.0078194400958274,True
BH-HF1R,SXS:BBH:0305,6,C,289,Bstar,3686.4040455199197,0.9077776512285709,1922,0.9114458520939529,1.4116426399454731,97,59,0.6082474226804123,0.005,-0.3568217073127353,0.9341725050494787,-8.039542998625207e-08,True
BH-HF1R,SXS:BBH:0305,6,C,290,Rstar,3686.4061256650593,0.9098577963682146,1922,0.9114840293624293,4.224334118702595,97,89,0.9175257731958762,0.005,0.33211279659202647,-0.9432004240153177,-0.00860525869151666,True
BH-HF1R,SXS:BBH:0305,6,C,290,Estar,3686.4061256650593,0.9098577963682146,1922,0.9114840293624293,4.903179964264894,97,97,1.0,0.005,0.35465938208525,-0.9349628737293966,-0.007819683278570513,True
BH-HF1R,SXS:BBH:0305,6,C,290,Bstar,3686.4061256650593,0.9098577963682146,1922,0.9114840293624293,1.41136390968416,97,59,0.6082474226804123,0.005,-0.3568600922912095,0.9341578424066797,-8.037785404569865e-08,True
BH-HF1R,SXS:BBH:0305,6,C,291,Rstar,3686.408007701138,0.9117398324469832,1922,0.9115185251529707,4.227783750890323,97,89,0.9175257731958762,0.005,0.33206599843632784,-0.9432168987106284,-0.008605502262440225,True
BH-HF1R,SXS:BBH:0305,6,C,291,Estar,3686.408007701138,0.9117398324469832,1922,0.9115185251529707,4.9035437499805825,97,97,1.0,0.005,0.356546166106483,-0.9342385023344408,-0.008558749363626886,True
BH-HF1R,SXS:BBH:0305,6,C,291,Bstar,3686.408007701138,0.9117398324469832,1922,0.9115185251529707,1.411017604709779,97,59,0.6082474226804123,0.005,-0.35689479936232954,0.9341445831283913,-8.036195899985845e-08,True
BH-HF1R,SXS:BBH:0305,6,C,292,Rstar,3686.4111291014315,0.9148612327403498,1922,0.911575642580954,4.2322730206271135,97,89,0.9175257731958762,0.005,0.33198844414701,-0.9432441949748805,-0.008605904893556214,True
BH-HF1R,SXS:BBH:0305,6,C,292,Estar,3686.4111291014315,0.9148612327403498,1922,0.911575642580954,4.910725437731429,97,97,1.0,0.005,0.35647172859212334,-0.9342669019762853,-0.008559356645087737,True
BH-HF1R,SXS:BBH:0305,6,C,292,Bstar,3686.4111291014315,0.9148612327403498,1922,0.911575642580954,1.4112682469989783,97,59,0.6082474226804123,0.005,-0.35695231548031336,0.9341226067670326,-8.033568987544388e-08,True
BH-HF1R,SXS:BBH:0305,6,C,293,Rstar,3686.413599885681,0.9173320169898034,1922,0.9116207708685208,4.234757297082259,97,89,0.9175257731958762,0.005,0.33192710943563325,-0.9432657774759727,-0.00860622242065722,True
BH-HF1R,SXS:BBH:0305,6,C,293,Estar,3686.413599885681,0.9173320169898034,1922,0.9116207708685208,4.915237512555755,97,97,1.0,0.005,0.3564128568997999,-0.9342893580922749,-0.008559835982531683,True
BH-HF1R,SXS:BBH:0305,6,C,293,Bstar,3686.413599885681,0.9173320169898034,1922,0.9116207708685208,1.4111383553089603,97,59,0.6082474226804123,0.005,-0.3569978021287652,0.9341052238774947,-8.031487162823508e-08,True
BH-HF1R,SXS:BBH:0305,6,C,294,Rstar,3686.4165063007576,0.920238432066526,1922,0.9116737616552218,4.245503670260342,97,89,0.9175257731958762,0.005,0.3307583016531493,-0.943712551792304,0.002359126360008338,True
BH-HF1R,SXS:BBH:0305,6,C,294,Estar,3686.4165063007576,0.920238432066526,1922,0.9116737616552218,4.916880828049091,97,97,1.0,0.005,0.36335271648653983,-0.9316516534745414,-7.220233980031048e-08,True
BH-HF1R,SXS:BBH:0305,6,C,294,Bstar,3686.4165063007576,0.920238432066526,1922,0.9116737616552218,1.4109859994386342,97,59,0.6082474226804123,0.005,-0.35705126242666324,0.9340847905835528,-8.029038502283032e-08,True
BH-HF1R,SXS:BBH:0305,6,C,295,Rstar,3686.4184300333573,0.9221621646661333,1922,0.9117087799717384,4.253153221852367,97,90,0.9278350515463918,0.005,0.32999765973719186,-0.9439817501244246,-7.14539975948187e-08,True
BH-HF1R,SXS:BBH:0305,6,C,295,Estar,3686.4184300333573,0.9221621646661333,1922,0.9117087799717384,4.921033495259455,97,97,1.0,0.005,0.3633068047626561,-0.931669558165954,-7.219048226213911e-08,True
BH-HF1R,SXS:BBH:0305,6,C,295,Bstar,3686.4184300333573,0.9221621646661333,1922,0.9117087799717384,1.410885403970773,97,59,0.6082474226804123,0.005,-0.35708661992236806,0.9340712745141089,-8.02741740235567e-08,True
BH-HF1R,SXS:BBH:0305,6,C,296,Rstar,3686.420305672642,0.9240378039507959,1922,0.911742879756728,4.257050195316481,97,90,0.9278350515463918,0.005,0.32995149370973303,-0.9439978876028859,-7.144326860569416e-08,True
BH-HF1R,SXS:BBH:0305,6,C,296,Estar,3686.420305672642,0.9240378039507959,1922,0.911742879756728,4.927202660488223,97,97,1.0,0.005,0.36326206651495535,-0.9316870027167273,-7.217891972833693e-08,True
BH-HF1R,SXS:BBH:0305,6,C,296,Bstar,3686.420305672642,0.9240378039507959,1922,0.911742879756728,1.4107875133459222,97,59,0.6082474226804123,0.005,-0.3571210724606858,0.9340581029060895,-8.025836847259563e-08,True
BH-HF1R,SXS:BBH:0305,6,C,297,Rstar,3686.4220026796133,0.9257348109222221,1922,0.91177369582763,4.255211301639456,97,90,0.9278350515463918,0.005,0.3299097480126633,-0.9440124777598102,-7.143355090179032e-08,True
BH-HF1R,SXS:BBH:0305,6,C,297,Estar,3686.4220026796133,0.9257348109222221,1922,0.91177369582763,4.9313114539397,97,97,1.0,0.005,0.36322161085963567,-0.9317027752478396,-7.216844850460144e-08,True
BH-HF1R,SXS:BBH:0305,6,C,297,Bstar,3686.4220026796133,0.9257348109222221,1922,0.91177369582763,1.4106990993257071,97,59,0.6082474226804123,0.005,-0.35715222595588036,0.9340461913068075,-8.024405825137885e-08,True
BH-HF1R,SXS:BBH:0305,6,C,298,Rstar,3686.425016266108,0.9287483974167117,1922,0.9118283346482905,4.251904339277524,97,90,0.9278350515463918,0.005,0.3298356701090149,-0.9440383629512797,-7.141601751862999e-08,True
BH-HF1R,SXS:BBH:0305,6,C,298,Estar,3686.425016266108,0.9287483974167117,1922,0.9118283346482905,4.937237801649249,97,97,1.0,0.005,0.36314981973125937,-0.9317307596238028,-7.214957374018236e-08,True
BH-HF1R,SXS:BBH:0305,6,C,298,Bstar,3686.425016266108,0.9287483974167117,1922,0.9118283346482905,1.4105424585207285,97,59,0.6082474226804123,0.005,-0.35720750734366535,0.9340250514291994,-8.021834407408056e-08,True
BH-HF1R,SXS:BBH:0305,6,C,299,Rstar,3686.427346045857,0.9310781771660004,1922,0.9118705014056842,4.25182577991355,97,90,0.9278350515463918,0.005,0.3297784493184047,-0.944058353262733,-7.140292892687713e-08,True
BH-HF1R,SXS:BBH:0305,6,C,299,Estar,3686.427346045857,0.9310781771660004,1922,0.9118705014056842,4.9418229936285165,97,97,1.0,0.005,0.36309436322834804,-0.9317523723564085,-7.213545400063036e-08,True
BH-HF1R,SXS:BBH:0305,6,C,299,Bstar,3686.427346045857,0.9310781771660004,1922,0.9118705014056842,1.4095005669608887,97,59,0.6082474226804123,0.005,-0.3572502084036619,0.9340087197641859,-8.01989831229838e-08,True
BH-HF1R,SXS:BBH:0305,6,C,300,Rstar,3686.4301117271093,0.9338438584181858,1922,0.9119204735111582,4.253628458596036,97,90,0.9278350515463918,0.005,0.329710577063955,-0.9440820596601488,-7.138707119488806e-08,True
BH-HF1R,SXS:BBH:0305,6,C,300,Estar,3686.4301117271093,0.9338438584181858,1922,0.9119204735111582,4.936526709169119,97,97,1.0,0.005,0.3630285812919396,-0.9317780042290956,-7.211836902486586e-08,True
BH-HF1R,SXS:BBH:0305,6,C,300,Bstar,3686.4301117271093,0.9338438584181858,1922,0.9119204735111582,1.4081745105112793,97,59,0.6082474226804123,0.005,-0.357300857521815,0.9339893453429591,-8.017564971273706e-08,True
BH-HF1R,SXS:BBH:0305,6,C,301,Rstar,3686.432171802952,0.9359039342607502,1922,0.911957637393096,4.252833824721481,97,90,0.9278350515463918,0.005,0.3296600593868196,-0.944099700902968,-7.137525547697806e-08,True
BH-HF1R,SXS:BBH:0305,6,C,301,Estar,3686.432171802952,0.9359039342607502,1922,0.911957637393096,4.93095792504797,97,97,1.0,0.005,0.3629796177676498,-0.9317970793500298,-7.210563984025429e-08,True
BH-HF1R,SXS:BBH:0305,6,C,301,Bstar,3686.432171802952,0.9359039342607502,1922,0.911957637393096,1.407004322212766,97,59,0.6082474226804123,0.005,-0.3573385555014995,0.933974922978179,-8.015826819413226e-08,True
BH-HF1R,SXS:BBH:0305,6,C,302,Rstar,3686.4341803768984,0.9379125082073188,1922,0.9119938239346852,4.249248365426979,97,90,0.9278350515463918,0.005,0.3296108361680031,-0.9441168871917422,-7.136373358226547e-08,True
BH-HF1R,SXS:BBH:0305,6,C,302,Estar,3686.4341803768984,0.9379125082073188,1922,0.9119938239346852,4.931535132479729,97,97,1.0,0.005,0.3629319074969952,-0.931815663380149,-7.209322754097293e-08,True
BH-HF1R,SXS:BBH:0305,6,C,302,Bstar,3686.4341803768984,0.9379125082073188,1922,0.9119938239346852,1.4052224709374996,97,59,0.6082474226804123,0.005,-0.35737528716324474,0.9339608686261871,-8.014132172404064e-08,True
BH-HF1R,SXS:BBH:0305,6,C,303,Rstar,3686.435997658088,0.9397297893970062,1922,0.9120265229157891,4.2455049289482085,97,90,0.9278350515463918,0.005,0.3295663276618664,-0.9441324248597048,-7.135330743837831e-08,True
BH-HF1R,SXS:BBH:0305,6,C,303,Estar,3686.435997658088,0.9397297893970062,1922,0.9120265229157891,4.932058189761859,97,97,1.0,0.005,0.3628887658513972,-0.9318324654243618,-7.208199612372487e-08,True
BH-HF1R,SXS:BBH:0305,6,C,303,Bstar,3686.435997658088,0.9397297893970062,1922,0.9120265229157891,1.4036139217011794,97,59,0.6082474226804123,0.005,-0.35740850028533955,0.9339481591200756,-8.012598943320703e-08,True
BH-HF1R,SXS:BBH:0305,6,C,304,Rstar,3686.438967569622,0.9426997009309162,1922,0.9120798780207278,4.241601946094671,97,90,0.9278350515463918,0.005,0.32949364382623864,-0.9441577933153454,-7.133623736837964e-08,True
BH-HF1R,SXS:BBH:0305,6,C,304,Estar,3686.438967569622,0.9426997009309162,1922,0.9120798780207278,4.9329167847586035,97,97,1.0,0.005,0.36281831174490975,-0.9318598996966059,-7.20636103152602e-08,True
BH-HF1R,SXS:BBH:0305,6,C,304,Bstar,3686.438967569622,0.9426997009309162,1922,0.9120798780207278,1.4009924695893983,97,59,0.6082474226804123,0.005,-0.35746273778537435,0.9339274014049369,-8.010090216304302e-08,True
BH-HF1R,SXS:BBH:0305,6,C,305,Rstar,3686.4413283769804,0.9450605082893162,1922,0.9121222165850363,4.245344199603927,97,90,0.9278350515463918,0.005,0.3294359151544213,-0.9441779375765796,-7.132268024185443e-08,True
BH-HF1R,SXS:BBH:0305,6,C,305,Estar,3686.4413283769804,0.9450605082893162,1922,0.9121222165850363,4.935752930149688,97,97,1.0,0.005,0.3627623519000406,-0.9318816856468132,-7.204900807619456e-08,True
BH-HF1R,SXS:BBH:0305,6,C,305,Bstar,3686.4413283769804,0.9450605082893162,1922,0.9121222165850363,1.398915125965781,97,59,0.6082474226804123,0.005,-0.3575058150378239,0.933910912354136,-8.008097674980044e-08,True
BH-HF1R,SXS:BBH:0305,6,C,306,Rstar,3686.444057351058,0.9477894823667157,1922,0.9121710762142711,4.2533274161452175,97,90,0.9278350515463918,0.005,0.32936923698912696,-0.9442011998113512,-7.130700679410019e-08,True
BH-HF1R,SXS:BBH:0305,6,C,306,Estar,3686.444057351058,0.9477894823667157,1922,0.9121710762142711,4.934389384028235,97,97,1.0,0.005,0.3626977144401969,-0.9319068450976481,-7.203212683462743e-08,True
BH-HF1R,SXS:BBH:0305,6,C,306,Bstar,3686.444057351058,0.9477894823667157,1922,0.9121710762142711,1.3965209367370908,97,59,0.6082474226804123,0.005,-0.3575555698293963,0.9338918644489678,-8.005794530578433e-08,True
BH-HF1R,SXS:BBH:0305,6,C,307,Rstar,3686.4461347009847,0.9498668322935373,1922,0.9122082108795789,4.256708294757346,97,90,0.9278350515463918,0.005,0.32931851842167387,-0.9442188906310593,-7.129508373247488e-08,True
BH-HF1R,SXS:BBH:0305,6,C,307,Estar,3686.4461347009847,0.9498668322935373,1922,0.9122082108795789,4.934992108645908,97,97,1.0,0.005,0.3626485464502555,-0.9319259797631525,-7.201928499692651e-08,True
BH-HF1R,SXS:BBH:0305,6,C,307,Bstar,3686.4461347009847,0.9498668322935373,1922,0.9122082108795789,1.3952356351346946,97,59,0.6082474226804123,0.005,-0.35759341525567295,0.9338773738375812,-8.004042518017598e-08,True
BH-HF1R,SXS:BBH:0305,6,C,308,Rstar,3686.4481601171633,0.951892248472177,1922,0.9122443688288704,4.260003351757057,97,90,0.9278350515463918,0.005,0.32926909957097655,-0.9442361251655822,-7.128345933787203e-08,True
BH-HF1R,SXS:BBH:0305,6,C,308,Estar,3686.4481601171633,0.951892248472177,1922,0.9122443688288704,4.934830017094056,97,97,1.0,0.005,0.3626006370459613,-0.9319446217527402,-7.200676536830591e-08,True
BH-HF1R,SXS:BBH:0305,6,C,308,Bstar,3686.4481601171633,0.951892248472177,1922,0.9122443688288704,1.394165870467987,97,59,0.6082474226804123,0.005,-0.35763029050058154,0.9338632530068111,-8.002334602034695e-08,True
BH-HF1R,SXS:BBH:0305,6,C,309,Rstar,3686.449992636563,0.9537247678717904,1922,0.9122770419751641,4.262984736990563,97,90,0.9278350515463918,0.005,0.32922441426156307,-0.9442517064078442,-7.127293764416612e-08,True
BH-HF1R,SXS:BBH:0305,6,C,309,Estar,3686.449992636563,0.9537247678717904,1922,0.9122770419751641,4.93169746901713,97,97,1.0,0.005,0.3625573154152558,-0.9319614761560039,-7.199543371878235e-08,True
BH-HF1R,SXS:BBH:0305,6,C,309,Bstar,3686.449992636563,0.9537247678717904,1922,0.9122770419751641,1.393198341840971,97,59,0.6082474226804123,0.005,-0.3576636333839371,0.9338504834043801,-8.000789044498155e-08,True
BH-HF1R,SXS:BBH:0305,6,C,310,Rstar,3686.4528998139845,0.9566319452933385,1922,0.9123287959129993,4.26771480551773,97,90,0.9278350515463918,0.005,0.32915357631306597,-0.9442764019079973,-7.125624166407808e-08,True
BH-HF1R,SXS:BBH:0305,6,C,310,Estar,3686.4528998139845,0.9566319452933385,1922,0.9123287959129993,4.93094968782167,97,97,1.0,0.005,0.3624886369449576,-0.9319881909583306,-7.197745366813129e-08,True
BH-HF1R,SXS:BBH:0305,6,C,310,Bstar,3686.4528998139845,0.9566319452933385,1922,0.9123287959129993,1.3916641100710059,97,59,0.6082474226804123,0.005,-0.3577164900270527,0.9338302376571017,-7.998337074176426e-08,True
BH-HF1R,SXS:BBH:0305,6,C,311,Rstar,3686.455241718324,0.9589738496329119,1922,0.9123704157518798,4.27655817514379,97,90,0.9278350515463918,0.005,0.32909655889189465,-0.9442962749717425,-7.124278754375564e-08,True
BH-HF1R,SXS:BBH:0305,6,C,311,Estar,3686.455241718324,0.9589738496329119,1922,0.9123704157518798,4.9280304715001835,97,97,1.0,0.005,0.3624333556269686,-0.9320096902548654,-7.196296536744232e-08,True
BH-HF1R,SXS:BBH:0305,6,C,311,Bstar,3686.455241718324,0.9589738496329119,1922,0.9123704157518798,1.3904288155363236,97,59,0.6082474226804123,0.005,-0.35775903378882773,0.9338139395738735,-7.996361699378994e-08,True
BH-HF1R,SXS:BBH:0305,6,C,312,Rstar,3686.45793725446,0.9616693857688006,1922,0.91241824164579,4.279095798204366,97,90,0.9278350515463918,0.005,0.3290309833151652,-0.944319126153151,-7.122730011300299e-08,True
BH-HF1R,SXS:BBH:0305,6,C,312,Estar,3686.45793725446,0.9616693857688006,1922,0.91241824164579,4.92121498710356,97,97,1.0,0.005,0.3623697744657533,-0.9320344127518222,-7.194628860984645e-08,True
BH-HF1R,SXS:BBH:0305,6,C,312,Bstar,3686.45793725446,0.9616693857688006,1922,0.91241824164579,1.3890076761908503,97,59,0.6082474226804123,0.005,-0.35780796267981896,0.9337951926642752,-7.99408824310525e-08,True
BH-HF1R,SXS:BBH:0305,6,C,313,Rstar,3686.460054880662,0.9637870119709078,1922,0.9124557553576844,4.2758932406005945,97,90,0.9278350515463918,0.005,0.3289795054676366,-0.9443370611080899,-7.121512920178711e-08,True
BH-HF1R,SXS:BBH:0305,6,C,313,Estar,3686.460054880662,0.9637870119709078,1922,0.9124557553576844,4.921291160591384,97,97,1.0,0.005,0.36231986056138415,-0.9320538174605446,-7.193318338634082e-08,True
BH-HF1R,SXS:BBH:0305,6,C,313,Bstar,3686.460054880662,0.9637870119709078,1922,0.9124557553576844,1.3878917404900646,97,59,0.6082474226804123,0.005,-0.3578463721924241,0.9337804741526323,-7.992302029398286e-08,True
BH-HF1R,SXS:BBH:0305,6,C,314,Rstar,3686.4621195662094,0.9658516975182465,1922,0.912492285382659,4.274805266370948,97,90,0.9278350515463918,0.005,0.3289293472570125,-0.9443545332728968,-7.120325393286712e-08,True
BH-HF1R,SXS:BBH:0305,6,C,314,Estar,3686.4621195662094,0.9658516975182465,1922,0.912492285382659,4.920820711724213,97,97,1.0,0.005,0.36227122475987167,-0.9320727223296352,-7.19203975384794e-08,True
BH-HF1R,SXS:BBH:0305,6,C,314,Bstar,3686.4621195662094,0.9658516975182465,1922,0.912492285382659,1.38685712855362,97,59,0.6082474226804123,0.005,-0.35788379671369874,0.9337661313464855,-7.990559763774996e-08,True
BH-HF1R,SXS:BBH:0305,6,C,315,Rstar,3686.4639876150377,0.9677197463465745,1922,0.912525287010668,4.270530559447208,97,90,0.9278350515463918,0.005,0.328883993802878,-0.944370329171911,-7.119250039060827e-08,True
BH-HF1R,SXS:BBH:0305,6,C,315,Estar,3686.4639876150377,0.9677197463465745,1922,0.912525287010668,4.918814614455245,97,97,1.0,0.005,0.36222724665436384,-0.93208981422457,-7.190882059442074e-08,True
BH-HF1R,SXS:BBH:0305,6,C,315,Bstar,3686.4639876150377,0.9677197463465745,1922,0.912525287010668,1.3859345351234185,97,59,0.6082474226804123,0.005,-0.3579176359572665,0.9337531611034875,-7.988982602347668e-08,True
BH-HF1R,SXS:BBH:0305,6,C,316,Rstar,3686.4668534723655,0.970585603674408,1922,0.9125758445275354,4.276879502292882,97,91,0.9381443298969072,0.005,0.3280996312995524,-0.9446431241167706,-7.117897445277682e-08,True
BH-HF1R,SXS:BBH:0305,6,C,316,Estar,3686.4668534723655,0.970585603674408,1922,0.9125758445275354,4.915188303877251,97,97,1.0,0.005,0.36215982527840873,-0.932116012604819,-7.189106384144066e-08,True
BH-HF1R,SXS:BBH:0305,6,C,316,Bstar,3686.4668534723655,0.970585603674408,1922,0.9125758445275354,1.3845193645490372,97,59,0.6082474226804123,0.005,-0.3579695114732153,0.9337332750071731,-7.986563790563752e-08,True
BH-HF1R,SXS:BBH:0305,6,C,317,Rstar,3686.4691917387727,0.9729238700815586,1922,0.9126170253747761,4.275208205407705,97,91,0.9381443298969072,0.005,0.32804304897098435,-0.9446627747624096,-7.116556897921872e-08,True
BH-HF1R,SXS:BBH:0305,6,C,317,Estar,3686.4691917387727,0.9729238700815586,1922,0.9126170253747761,4.920910283832828,97,97,1.0,0.005,0.36210485831137135,-0.9321373673377207,-7.187661916482017e-08,True
BH-HF1R,SXS:BBH:0305,6,C,317,Bstar,3686.4691917387727,0.9729238700815586,1922,0.9126170253747761,1.3830763911617303,97,59,0.6082474226804123,0.005,-0.35801180222143136,0.9337170607149451,-7.984595326363015e-08,True
BH-HF1R,SXS:BBH:0305,6,C,318,Rstar,3686.4718611456424,0.9755932769512583,1922,0.9126639620680204,4.266266437016544,97,91,0.9381443298969072,0.005,0.3279785038248557,-0.9446851862016277,-7.11502231725365e-08,True
BH-HF1R,SXS:BBH:0305,6,C,318,Estar,3686.4718611456424,0.9755932769512583,1922,0.9126639620680204,4.911461587923699,97,97,1.0,0.005,0.36204215359956676,-0.932161723638652,-7.186008700865585e-08,True
BH-HF1R,SXS:BBH:0305,6,C,318,Bstar,3686.4718611456424,0.9755932769512583,1922,0.9126639620680204,1.3810315990678819,97,59,0.6082474226804123,0.005,-0.3580600440059168,0.9336985621101034,-7.982343769237829e-08,True
BH-HF1R,SXS:BBH:0305,6,C,319,Rstar,3686.4740036523967,0.9777357837056115,1922,0.9127015754948654,4.262152854419547,97,91,0.9381443298969072,0.005,0.334706034635469,-0.9422777805385428,-0.009189922848306687,True
BH-HF1R,SXS:BBH:0305,6,C,319,Estar,3686.4740036523967,0.9777357837056115,1922,0.9127015754948654,4.9143578798617,97,97,1.0,0.005,0.3589406684823908,-0.9333211172546275,-0.008560875889079672,True
BH-HF1R,SXS:BBH:0305,6,C,319,Bstar,3686.4740036523967,0.9777357837056115,1922,0.9127015754948654,1.379393458809452,97,59,0.6082474226804123,0.005,-0.3580987342629944,0.9336837240303779,-7.980537562039266e-08,True
BH-HF1R,SXS:BBH:0305,6,C,320,Rstar,3686.4760925964824,0.9798247277913106,1922,0.9127381987868085,4.259768705888572,97,91,0.9381443298969072,0.005,0.3346553663291149,-0.9422957733341547,-0.009190285290093612,True
BH-HF1R,SXS:BBH:0305,6,C,320,Estar,3686.4760925964824,0.9798247277913106,1922,0.9127381987868085,4.918979626971352,97,97,1.0,0.005,0.35889187720575694,-0.9333398766637968,-0.00856125603731934,True
BH-HF1R,SXS:BBH:0305,6,C,320,Bstar,3686.4760925964824,0.9798247277913106,1922,0.9127381987868085,1.3777988737583589,97,59,0.6082474226804123,0.005,-0.35813643215866975,0.9336692647616993,-7.978777570829001e-08,True
BH-HF1R,SXS:BBH:0305,6,C,321,Rstar,3686.4779825935125,0.9817147248213587,1922,0.9127712915295031,4.260250580423884,97,91,0.9381443298969072,0.005,0.33460955167037,-0.9423120399172711,-0.00919061248803485,True
BH-HF1R,SXS:BBH:0305,6,C,321,Estar,3686.4779825935125,0.9817147248213587,1922,0.9127712915295031,4.923170342805084,97,97,1.0,0.005,0.3588477587605934,-0.9333568369333861,-0.008561599278387273,True
BH-HF1R,SXS:BBH:0305,6,C,321,Bstar,3686.4779825935125,0.9817147248213587,1922,0.9127712915295031,1.3763583637333987,97,59,0.6082474226804123,0.005,-0.3581705184392282,0.9336561892479309,-7.977185059883292e-08,True
BH-HF1R,SXS:BBH:0305,6,C,322,Rstar,3686.480801964378,0.9845340956867403,1922,0.9128206405564159,4.267507459136099,97,91,0.9381443298969072,0.005,0.3345412970425368,-0.9423362692066997,-0.009191099536808347,True
BH-HF1R,SXS:BBH:0305,6,C,322,Estar,3686.480801964378,0.9845340956867403,1922,0.9128206405564159,4.930316114802382,97,97,1.0,0.005,0.35878203068035,-0.9333821000688276,-0.008562110253293793,True
BH-HF1R,SXS:BBH:0305,6,C,322,Bstar,3686.480801964378,0.9845340956867403,1922,0.9128206405564159,1.3747985348403442,97,59,0.6082474226804123,0.005,-0.35822129589564666,0.9336367083436883,-7.975417036396293e-08,True
BH-HF1R,SXS:BBH:0305,6,C,323,Rstar,3686.483123823372,0.9868559546807774,1922,0.9128611081892866,4.272484456241655,97,91,0.9381443298969072,0.005,0.33448505993501904,-0.9423562283050072,-0.009191499063161338,True
BH-HF1R,SXS:BBH:0305,6,C,323,Estar,3686.483123823372,0.9868559546807774,1922,0.9128611081892866,4.934614158702913,97,97,1.0,0.005,0.35872787127957867,-0.933402912709182,-0.0085625296050522,True
BH-HF1R,SXS:BBH:0305,6,C,323,Bstar,3686.483123823372,0.9868559546807774,1922,0.9128611081892866,1.3737702546614532,97,59,0.6082474226804123,0.005,-0.3582631386689757,0.9336206528730221,-7.97285158119582e-08,True
BH-HF1R,SXS:BBH:0305,6,C,324,Rstar,3686.4857485919797,0.9894807232885796,1922,0.9129068482174828,4.273014400497179,97,91,0.9381443298969072,0.005,0.33442157860458815,-0.9423787539114702,-0.00919194973223785,True
BH-HF1R,SXS:BBH:0305,6,C,324,Estar,3686.4857485919797,0.9894807232885796,1922,0.9129068482174828,4.940055023017778,97,97,1.0,0.005,0.3586667350375425,-0.9334264021135951,-0.00856300267303359,True
BH-HF1R,SXS:BBH:0305,6,C,324,Bstar,3686.4857485919797,0.9894807232885796,1922,0.9129068482174828,1.374374242294718,97,59,0.6082474226804123,0.005,-0.37906334849290274,0.9253621315431582,0.003987898600900828,True
BH-HF1R,SXS:BBH:0305,6,C,325,Rstar,3686.4879287349827,0.9916608662915678,1922,0.9129447813521965,4.27879038712311,97,91,0.9381443298969072,0.005,0.33436888965890726,-0.9423974463171529,-0.009192323056670282,True
BH-HF1R,SXS:BBH:0305,6,C,325,Estar,3686.4879287349827,0.9916608662915678,1922,0.9129447813521965,4.934894331423582,97,97,1.0,0.005,0.35861599109285336,-0.9334458951673802,-0.008563394634074238,True
BH-HF1R,SXS:BBH:0305,6,C,325,Bstar,3686.4879287349827,0.9916608662915678,1922,0.9129447813521965,1.3746529016955569,97,60,0.6185567010309279,0.005,-0.3886369712685745,0.9213909618414882,-8.040882410658462e-08,True
BH-HF1R,SXS:BBH:0305,6,C,326,Rstar,3686.49005437441,0.993786505719072,1922,0.9129817153192363,4.284153348961527,97,91,0.9381443298969072,0.005,0.334317551870338,-0.9424156561901676,-0.009192686173236788,True
BH-HF1R,SXS:BBH:0305,6,C,326,Estar,3686.49005437441,0.993786505719072,1922,0.9129817153192363,4.933036242391596,97,97,1.0,0.005,0.3585665472041385,-0.9334648857710681,-0.008563775949260867,True
BH-HF1R,SXS:BBH:0305,6,C,326,Bstar,3686.49005437441,0.993786505719072,1922,0.9129817153192363,1.3743086869426904,97,60,0.6185567010309279,0.005,-0.3886743990812687,0.9213751741276777,-8.03899533041817e-08,True
BH-HF1R,SXS:BBH:0305,6,C,327,Rstar,3686.4919775719877,0.9957097032965976,1922,0.9130150882296519,4.288006647697061,97,91,0.9381443298969072,0.005,0.3342711322170344,-0.9424321188608759,-0.009193013963977537,True
BH-HF1R,SXS:BBH:0305,6,C,327,Estar,3686.4919775719877,0.9957097032965976,1922,0.9130150882296519,4.939182020768668,97,97,1.0,0.005,0.358521838975485,-0.9334820549010764,-0.008564120229200068,True
BH-HF1R,SXS:BBH:0305,6,C,327,Bstar,3686.4919775719877,0.9957097032965976,1922,0.9130150882296519,1.374554002412861,97,60,0.6185567010309279,0.005,-0.38870824156642775,0.9213608972266673,-8.037282532620089e-08,True
BH-HF1R,SXS:BBH:0305,6,C,328,Rstar,3686.4947508437563,0.9984829750651443,1922,0.9130631402247439,4.297145025829001,97,92,0.9484536082474226,0.005,0.3359097568184769,-0.9418941741374911,-7.075491948044888e-08,True
BH-HF1R,SXS:BBH:0305,6,C,328,Estar,3686.4947508437563,0.9984829750651443,1922,0.9130631402247439,4.946650389034274,97,97,1.0,0.005,0.3643204461573633,-0.9312680058886647,-0.003242486676876321,True
BH-HF1R,SXS:BBH:0305,6,C,328,Bstar,3686.4947508437563,0.9984829750651443,1922,0.9130631402247439,1.3749003124758525,97,60,0.6185567010309279,0.005,-0.3887570080887166,0.9213403218474175,-8.03481347087534e-08,True
BH-HF1R,SXS:BBH:0305,6,C,329,Rstar,3686.497058558511,1.0007906898199508,1800,0.9131030608202497,4.2720531292456645,90,86,0.9555555555555556,0.005,0.3619024763896583,-0.9322159608068442,-7.157094780195136e-08,True
BH-HF1R,SXS:BBH:0305,6,C,329,Estar,3686.497058558511,1.0007906898199508,1800,0.9131030608202497,4.806413882681615,90,90,1.0,0.005,0.36555687618191723,-0.9307890041658815,-7.124187606045241e-08,True
BH-HF1R,SXS:BBH:0305,6,C,329,Bstar,3686.497058558511,1.0007906898199508,1800,0.9131030608202497,1.399726605921552,90,60,0.6666666666666666,0.005,-0.381002595417,0.9245739679903949,-7.885690298201436e-08,True
BH-HF1R,SXS:BBH:0305,6,C,330,Rstar,3686.4996325204297,1.0033646517385932,1800,0.9131475175305859,4.273071138476852,90,86,0.9555555555555556,0.005,0.3618415121675323,-0.9322396258861281,-7.155508236909328e-08,True
BH-HF1R,SXS:BBH:0305,6,C,330,Estar,3686.4996325204297,1.0033646517385932,1800,0.9131475175305859,4.801835479603315,90,90,1.0,0.005,0.36549554231147374,-0.9308130900188484,-7.122591401380465e-08,True
BH-HF1R,SXS:BBH:0305,6,C,330,Bstar,3686.4996325204297,1.0033646517385932,1800,0.9131475175305859,1.3982057792665528,90,60,0.6666666666666666,0.005,-0.3810491270727951,0.9245547916467983,-7.88347124629381e-08,True
BH-HF1R,SXS:BBH:0305,6,C,331,Rstar,3686.501753577633,1.0054857089417055,1800,0.9131840969280813,4.273893713062696,90,86,0.9555555555555556,0.005,0.3617913097879845,-0.9322591099913636,-7.15420135573958e-08,True
BH-HF1R,SXS:BBH:0305,6,C,331,Estar,3686.501753577633,1.0054857089417055,1800,0.9131840969280813,4.795887997149245,90,90,1.0,0.005,0.3654450353310751,-0.9308329206425094,-7.121276564124478e-08,True
BH-HF1R,SXS:BBH:0305,6,C,331,Bstar,3686.501753577633,1.0054857089417055,1800,0.9131840969280813,1.3969527750459794,90,60,0.6666666666666666,0.005,-0.3810874434551948,0.9245389988749948,-7.881643435591795e-08,True
BH-HF1R,SXS:BBH:0305,6,C,332,Rstar,3686.503821608406,1.0075537397146945,1800,0.9132197140149326,4.274646135329236,90,86,0.9555555555555556,0.005,0.3617423927117184,-0.9322780922638888,-7.152913475906994e-08,True
BH-HF1R,SXS:BBH:0305,6,C,332,Estar,3686.503821608406,1.0075537397146945,1800,0.9132197140149326,4.798266633779263,90,90,1.0,0.005,0.36539582127389614,-0.9308522405814844,-7.119980990143849e-08,True
BH-HF1R,SXS:BBH:0305,6,C,332,Bstar,3686.503821608406,1.0075537397146945,1800,0.9132197140149326,1.3957313502999988,90,60,0.6666666666666666,0.005,-0.3811247778279488,0.9245236090687952,-7.879846367834316e-08,True
BH-HF1R,SXS:BBH:0305,6,C,333,Rstar,3686.505692683867,1.009424815175862,1800,0.9132518985380299,4.275855551057761,90,86,0.9555555555555556,0.005,0.3616981600987288,-0.9322952541878509,-7.15175256285984e-08,True
BH-HF1R,SXS:BBH:0305,6,C,333,Estar,3686.505692683867,1.009424815175862,1800,0.9132518985380299,4.80110956200274,90,90,1.0,0.005,0.36535131996805364,-0.9308697078526058,-7.118813118260688e-08,True
BH-HF1R,SXS:BBH:0305,6,C,333,Bstar,3686.505692683867,1.009424815175862,1800,0.9132518985380299,1.3946260760896914,90,60,0.6666666666666666,0.005,-0.38115853607200556,0.9245096918796685,-7.878225374624045e-08,True
BH-HF1R,SXS:BBH:0305,6,C,334,Rstar,3686.508392561265,1.0121246925737069,1800,0.9132982720631441,4.277598707302639,90,86,0.9555555555555556,0.005,0.36163437739188675,-0.932319997151395,-7.150078382884799e-08,True
BH-HF1R,SXS:BBH:0305,6,C,334,Estar,3686.508392561265,1.0121246925737069,1800,0.9132982720631441,4.811597026970461,90,90,1.0,0.005,0.3652871495564919,-0.9308948911498484,-7.117128839371082e-08,True
BH-HF1R,SXS:BBH:0305,6,C,334,Bstar,3686.508392561265,1.0121246925737069,1800,0.9132982720631441,1.3930312376390377,90,60,0.6666666666666666,0.005,-0.3812072134651678,0.9244896215762055,-7.875887687800234e-08,True
BH-HF1R,SXS:BBH:0305,6,C,335,Rstar,3686.5106383215502,1.0143704528591115,1800,0.9133367847554654,4.278401042134709,90,86,0.9555555555555556,0.005,0.36158136150183073,-0.9323405595674132,-7.148686386655559e-08,True
BH-HF1R,SXS:BBH:0305,6,C,335,Estar,3686.5106383215502,1.0143704528591115,1800,0.9133367847554654,4.817445726970842,90,90,1.0,0.005,0.3652338111797433,-0.9309158195944006,-7.115728482730885e-08,True
BH-HF1R,SXS:BBH:0305,6,C,335,Bstar,3686.5106383215502,1.0143704528591115,1800,0.9133367847554654,1.3917046773304607,90,60,0.6666666666666666,0.005,-0.381247672591278,0.924472937485856,-7.873944076829453e-08,True
BH-HF1R,SXS:BBH:0305,6,C,336,Rstar,3686.513138969077,1.0168711003857425,1800,0.9133796039929677,4.278730299697109,90,86,0.9555555555555556,0.005,0.3615223696627447,-0.9323634357016735,-7.147136443571788e-08,True
BH-HF1R,SXS:BBH:0305,6,C,336,Estar,3686.513138969077,1.0168711003857425,1800,0.9133796039929677,4.822016359642316,90,90,1.0,0.005,0.3651744602594901,-0.9309391030428278,-7.114169193118576e-08,True
BH-HF1R,SXS:BBH:0305,6,C,336,Bstar,3686.513138969077,1.0168711003857425,1800,0.9133796039929677,1.3902275763687926,90,60,0.6666666666666666,0.005,-0.38129269088441337,0.924454370901083,-7.871780180185247e-08,True
BH-HF1R,SXS:BBH:0305,6,C,337,Rstar,3686.515237038202,1.0189691695109104,1800,0.9134154773517148,4.275696134132541,90,86,0.9555555555555556,0.005,0.3614729083466015,-0.9323826127354823,-7.145837159669329e-08,True
BH-HF1R,SXS:BBH:0305,6,C,337,Estar,3686.515237038202,1.0189691695109104,1800,0.9134154773517148,4.832228521358911,90,90,1.0,0.005,0.3651246976761379,-0.9309586216083418,-7.112862076269043e-08,True
BH-HF1R,SXS:BBH:0305,6,C,337,Bstar,3686.515237038202,1.0189691695109104,1800,0.9134154773517148,1.390370194746688,90,60,0.6666666666666666,0.005,-0.38133043505047126,0.9244388023575234,-7.869966092679846e-08,True
BH-HF1R,SXS:BBH:0305,6,C,338,Rstar,3686.5172826555986,1.0210147869074717,1800,0.9134504077404577,4.278358300277817,90,86,0.9555555555555556,0.005,0.3614247129147643,-0.9324012960600576,-7.144570698584015e-08,True
BH-HF1R,SXS:BBH:0305,6,C,338,Estar,3686.5172826555986,1.0210147869074717,1800,0.9134504077404577,4.839209207787856,90,90,1.0,0.005,0.3650762085138012,-0.9309776377428098,-7.111587947313802e-08,True
BH-HF1R,SXS:BBH:0305,6,C,338,Bstar,3686.5172826555986,1.0210147869074717,1800,0.9134504077404577,1.3907849252753137,90,60,0.6666666666666666,0.005,-0.3813672122293352,0.9244236309379045,-7.868197910754243e-08,True
BH-HF1R,SXS:BBH:0305,6,C,339,Rstar,3686.519133452291,1.0228655835999234,1800,0.9134819725875309,4.280760512552911,90,86,0.9555555555555556,0.005,0.36138113245538267,-0.9324181878884924,-7.143420692281457e-08,True
BH-HF1R,SXS:BBH:0305,6,C,339,Estar,3686.519133452291,1.0228655835999234,1800,0.9134819725875309,4.839263408713009,90,90,1.0,0.005,0.36503236230244934,-0.9309948305290896,-7.11043103768444e-08,True
BH-HF1R,SXS:BBH:0305,6,C,339,Bstar,3686.519133452291,1.0228655835999234,1800,0.9134819725875309,1.3912521457516678,90,60,0.6666666666666666,0.005,-0.38140046695795626,0.9244099111347989,-7.866593779170176e-08,True
BH-HF1R,SXS:BBH:0305,6,C,340,Rstar,3686.5217754210835,1.0255075523923551,1800,0.913526966281042,4.286119396751074,90,86,0.9555555555555556,0.005,0.3613189633750126,-0.9324422806295312,-7.141778984247938e-08,True
BH-HF1R,SXS:BBH:0305,6,C,340,Estar,3686.5217754210835,1.0255075523923551,1800,0.913526966281042,4.836203206424653,90,90,1.0,0.005,0.3649698138745372,-0.9310193526239833,-7.10877949462255e-08,True
BH-HF1R,SXS:BBH:0305,6,C,340,Bstar,3686.5217754210835,1.0255075523923551,1800,0.913526966281042,1.3922092284421437,90,60,0.6666666666666666,0.005,-0.38144790464031103,0.9243903374903429,-7.864304057017398e-08,True
BH-HF1R,SXS:BBH:0305,6,C,341,Rstar,3686.5239806113,1.0277127426088555,1800,0.9135644639047116,4.28358212154247,90,88,0.9777777777777777,0.005,0.35650404831234705,-0.9342937779611415,-7.136206343257332e-08,True
BH-HF1R,SXS:BBH:0305,6,C,341,Estar,3686.5239806113,1.0277127426088555,1800,0.9135644639047116,4.841273874975918,90,90,1.0,0.005,0.3649176430211532,-0.9310398024853078,-7.107407928657617e-08,True
BH-HF1R,SXS:BBH:0305,6,C,341,Bstar,3686.5239806113,1.0277127426088555,1800,0.9135644639047116,1.3930079644642415,90,60,0.6666666666666666,0.005,-0.38148747040979,0.9243740097602989,-7.862400693680007e-08,True
BH-HF1R,SXS:BBH:0305,6,C,342,Rstar,3686.526424808402,1.0301569397111052,1800,0.9136059646875946,4.276625103708799,90,88,0.9777777777777777,0.005,0.35644636465487,-0.93431578661838,-7.134706083404046e-08,True
BH-HF1R,SXS:BBH:0305,6,C,342,Estar,3686.526424808402,1.0301569397111052,1800,0.9136059646875946,4.849731099857352,90,90,1.0,0.005,0.3648598568342729,-0.9310624495010358,-7.105885669168682e-08,True
BH-HF1R,SXS:BBH:0305,6,C,342,Bstar,3686.526424808402,1.0301569397111052,1800,0.9136059646875946,1.3938932723707136,90,60,0.6666666666666666,0.005,-0.38153129329490426,0.9243559229196898,-7.860289039000031e-08,True
BH-HF1R,SXS:BBH:0305,6,C,343,Rstar,3686.5284830156015,1.0322151469104028,1800,0.9136408619921406,4.270783913763592,90,88,0.9777777777777777,0.005,0.356397822638622,-0.9343343042072491,-7.13344297143191e-08,True
BH-HF1R,SXS:BBH:0305,6,C,343,Estar,3686.5284830156015,1.0322151469104028,1800,0.9136408619921406,4.858996904875591,90,90,1.0,0.005,0.364811228174092,-0.9310815043797752,-7.10460404981448e-08,True
BH-HF1R,SXS:BBH:0305,6,C,343,Bstar,3686.5284830156015,1.0322151469104028,1800,0.9136408619921406,1.3946387062655161,90,60,0.6666666666666666,0.005,-0.3815681702424293,0.9243407009635779,-7.858511310363568e-08,True
BH-HF1R,SXS:BBH:0305,6,C,344,Rstar,3686.530489767621,1.0342218989299,1800,0.9136748430329608,4.269980582686432,90,88,0.9777777777777777,0.005,0.3563505224725784,-0.9343523452817545,-7.132212863575663e-08,True
BH-HF1R,SXS:BBH:0305,6,C,344,Estar,3686.530489767621,1.0342218989299,1800,0.9136748430329608,4.866132834189121,90,90,1.0,0.005,0.36476384326120126,-0.9311000690845818,-7.103355877145844e-08,True
BH-HF1R,SXS:BBH:0305,6,C,344,Bstar,3686.530489767621,1.0342218989299,1800,0.9136748430329608,1.3944930689206738,90,62,0.6888888888888889,0.005,-0.40263934437111015,0.9153587047515287,-7.968475023517839e-08,True
BH-HF1R,SXS:BBH:0305,6,C,345,Rstar,3686.5323054004007,1.0360375317095531,1800,0.9137055509231343,4.281020212276679,90,88,0.9777777777777777,0.005,0.35630775112494706,-0.9343686566277133,-7.131100452857792e-08,True
BH-HF1R,SXS:BBH:0305,6,C,345,Estar,3686.5323054004007,1.0360375317095531,1800,0.9137055509231343,4.873263061543833,90,90,1.0,0.005,0.36472099500920857,-0.9311168539981904,-7.102227150136902e-08,True
BH-HF1R,SXS:BBH:0305,6,C,345,Bstar,3686.5323054004007,1.0360375317095531,1800,0.9137055509231343,1.3935914079639287,90,62,0.6888888888888889,0.005,-0.4026710649390675,0.9153447511516255,-7.966843823784834e-08,True
BH-HF1R,SXS:BBH:0305,6,C,346,Rstar,3686.5348914093156,1.038623540624485,1800,0.9137492272545202,4.291996805431035,90,88,0.9777777777777777,0.005,0.3600785078362728,-0.9329220054186728,-7.132480200367956e-08,True
BH-HF1R,SXS:BBH:0305,6,C,346,Estar,3686.5348914093156,1.038623540624485,1800,0.9137492272545202,4.885202398081917,90,90,1.0,0.005,0.36466000519059105,-0.9311407415715377,-7.100617738898171e-08,True
BH-HF1R,SXS:BBH:0305,6,C,346,Bstar,3686.5348914093156,1.038623540624485,1800,0.9137492272545202,1.391145105401866,90,62,0.6888888888888889,0.005,-0.4027162150996013,0.9153248877288575,-7.964518818807942e-08,True
BH-HF1R,SXS:BBH:0305,6,C,347,Rstar,3686.5370520694437,1.0407842007525687,1800,0.9137856654033519,4.301502994762059,90,88,0.9777777777777777,0.005,0.3653611410752447,-0.9308658531669265,-7.109990527863294e-08,True
BH-HF1R,SXS:BBH:0305,6,C,347,Estar,3686.5370520694437,1.0407842007525687,1800,0.9137856654033519,4.895199007101592,90,90,1.0,0.005,0.3646090821283949,-0.9311606828198258,-7.09927322509075e-08,True
BH-HF1R,SXS:BBH:0305,6,C,347,Bstar,3686.5370520694437,1.0407842007525687,1800,0.9137856654033519,1.389101921811572,90,62,0.6888888888888889,0.005,-0.4027539123883974,0.9153083010963207,-7.962576718208969e-08,True
BH-HF1R,SXS:BBH:0305,6,C,348,Rstar,3686.539443562096,1.043175693404919,1800,0.9138259382745524,4.307699801511857,90,88,0.9777777777777777,0.005,0.3653050518541546,-0.9308878660127805,-7.108502456291196e-08,True
BH-HF1R,SXS:BBH:0305,6,C,348,Estar,3686.539443562096,1.043175693404919,1800,0.9138259382745524,4.902195744273814,90,90,1.0,0.005,0.36455275596188774,-0.9311827361590138,-7.09778839773082e-08,True
BH-HF1R,SXS:BBH:0305,6,C,348,Bstar,3686.539443562096,1.043175693404919,1800,0.9138259382745524,1.3868413471118146,90,62,0.6888888888888889,0.005,-0.40279560889995153,0.915289952665772,-7.960431121210248e-08,True
BH-HF1R,SXS:BBH:0305,6,C,349,Rstar,3686.541463204478,1.045195335786957,1800,0.9138599022669034,4.314537692597186,90,88,0.9777777777777777,0.005,0.3652577141267749,-0.9309064412017344,-7.107241805883787e-08,True
BH-HF1R,SXS:BBH:0305,6,C,349,Estar,3686.541463204478,1.045195335786957,1800,0.9138599022669034,4.910496365778661,90,90,1.0,0.005,0.36450521829252175,-0.931201345487385,-7.096530491809536e-08,True
BH-HF1R,SXS:BBH:0305,6,C,349,Bstar,3686.541463204478,1.045195335786957,1800,0.9138599022669034,1.3848542343210215,90,62,0.6888888888888889,0.005,-0.4028307990830484,0.9152744655621649,-7.958614950342688e-08,True
BH-HF1R,SXS:BBH:0305,6,C,350,Rstar,3686.5434323558,1.0471644871090575,1800,0.9138929755063031,4.314757525884218,90,88,0.9777777777777777,0.005,0.3652115864866803,-0.9309245388837255,-7.106012348815975e-08,True
BH-HF1R,SXS:BBH:0305,6,C,350,Estar,3686.5434323558,1.0471644871090575,1800,0.9138929755063031,4.915525401756194,90,90,1.0,0.005,0.36445889585090013,-0.9312194764045358,-7.095303694508908e-08,True
BH-HF1R,SXS:BBH:0305,6,C,350,Bstar,3686.5434323558,1.0471644871090575,1800,0.9138929755063031,1.3829135354252566,90,62,0.6888888888888889,0.005,-0.4028650892634336,0.9152593729936663,-7.956844009610846e-08,True
BH-HF1R,SXS:BBH:0305,6,C,351,Rstar,3686.5452139689014,1.0489461002102871,1800,0.9139228638723922,4.310385122591034,90,88,0.9777777777777777,0.005,0.36516987459209693,-0.9309409018248082,-7.104900723725331e-08,True
BH-HF1R,SXS:BBH:0305,6,C,351,Estar,3686.5452139689014,1.0489461002102871,1800,0.9139228638723922,4.924021209755501,90,90,1.0,0.005,0.3644170078278727,-0.931235869372403,-7.094194485818253e-08,True
BH-HF1R,SXS:BBH:0305,6,C,351,Bstar,3686.5452139689014,1.0489461002102871,1800,0.9139228638723922,1.381158439123869,90,62,0.6888888888888889,0.005,-0.402896096509436,0.9152457240640095,-7.955242726681941e-08,True
BH-HF1R,SXS:BBH:0305,6,C,352,Rstar,3686.5477490547805,1.0514811860894042,1800,0.9139653346650513,4.308039258880861,90,88,0.9777777777777777,0.005,0.36511055910633056,-0.9309641666729487,-7.103317584092796e-08,True
BH-HF1R,SXS:BBH:0305,6,C,352,Estar,3686.5477490547805,1.0514811860894042,1800,0.9139653346650513,4.9323757662805265,90,90,1.0,0.005,0.3643574419234128,-0.931259176875601,-7.092614779378619e-08,True
BH-HF1R,SXS:BBH:0305,6,C,352,Bstar,3686.5477490547805,1.0514811860894042,1800,0.9139653346650513,1.3786622991596147,90,62,0.6888888888888889,0.005,-0.4029401890713598,0.9152263130128693,-7.952962988478235e-08,True
BH-HF1R,SXS:BBH:0305,6,C,353,Rstar,3686.5498686765573,1.0536008078661325,1800,0.914000793564599,4.296780438833075,90,88,0.9777777777777777,0.005,0.36506099791697005,-0.9309836023259814,-7.101992630330346e-08,True
BH-HF1R,SXS:BBH:0305,6,C,353,Estar,3686.5498686765573,1.0536008078661325,1800,0.914000793564599,4.940608847024235,90,90,1.0,0.005,0.3643076715329723,-0.9312786481296663,-7.091292684480761e-08,True
BH-HF1R,SXS:BBH:0305,6,C,353,Bstar,3686.5498686765573,1.0536008078661325,1800,0.914000793564599,1.376576405340886,90,62,0.6888888888888889,0.005,-0.40297703015996716,0.9152100923631943,-7.951055710875732e-08,True
BH-HF1R,SXS:BBH:0305,6,C,354,Rstar,3686.552215276152,1.0559474074607351,1800,0.9140400041710339,4.292926839974094,90,88,0.9777777777777777,0.005,0.3650061646642533,-0.9310051018963795,-6.282146987000327e-08,True
BH-HF1R,SXS:BBH:0305,6,C,354,Estar,3686.552215276152,1.0559474074607351,1800,0.9140400041710339,4.958377175519968,90,90,1.0,0.005,0.36425260685871774,-0.9313001870485287,-6.272989791064756e-08,True
BH-HF1R,SXS:BBH:0305,6,C,354,Bstar,3686.552215276152,1.0559474074607351,1800,0.9140400041710339,1.373783179038778,90,62,0.6888888888888889,0.005,-0.40301778935639504,0.9151921445588787,-7.027591933524701e-08,True
BH-HF1R,SXS:BBH:0305,6,C,355,Rstar,3686.554192452417,1.0579245837257076,1800,0.9140729914775247,4.296302004024428,90,88,0.9777777777777777,0.005,0.36495998306808175,-0.9310232063482307,-7.097049908918979e-08,True
BH-HF1R,SXS:BBH:0305,6,C,355,Estar,3686.554192452417,1.0579245837257076,1800,0.9140729914775247,4.9721386283741245,90,90,1.0,0.005,0.36420623041309447,-0.9313183245959883,-7.086359056779833e-08,True
BH-HF1R,SXS:BBH:0305,6,C,355,Bstar,3686.554192452417,1.0579245837257076,1800,0.9140729914775247,1.371263685562086,90,62,0.6888888888888889,0.005,-0.4030521182625074,0.9151770265714166,-7.944698220878512e-08,True
BH-HF1R,SXS:BBH:0305,6,C,356,Rstar,3686.556120199275,1.059852330583908,1800,0.9141051002825035,4.299263078746705,90,90,1.0,0.005,0.36416105831807705,-0.93133598856946,-7.087409652296744e-08,True
BH-HF1R,SXS:BBH:0305,6,C,356,Estar,3686.556120199275,1.059852330583908,1800,0.9141051002825035,4.985815773322328,90,90,1.0,0.005,0.36416105831807705,-0.93133598856946,-7.087409652296744e-08,True
BH-HF1R,SXS:BBH:0305,6,C,356,Bstar,3686.556120199275,1.059852330583908,1800,0.9141051002825035,1.3688104454799364,90,62,0.6888888888888889,0.005,-0.40308555356840525,0.9151623006354916,-7.945449732139926e-08,True
BH-HF1R,SXS:BBH:0305,6,C,357,Rstar,3686.557864351194,1.061596482502864,1800,0.9141341287246,4.2968328602803405,90,90,1.0,0.005,0.3641202009691605,-0.9313519631407737,-7.086309604471767e-08,True
BH-HF1R,SXS:BBH:0305,6,C,357,Estar,3686.557864351194,1.061596482502864,1800,0.9141341287246,4.993241586017935,90,90,1.0,0.005,0.36140689100700985,-0.9324082041319898,-7.101625288859969e-08,True
BH-HF1R,SXS:BBH:0305,6,C,357,Bstar,3686.557864351194,1.061596482502864,1800,0.9141341287246,1.3665929700057544,90,62,0.6888888888888889,0.005,-0.4031157955261736,0.9151489798919594,-7.943867721523748e-08,True
BH-HF1R,SXS:BBH:0305,6,C,358,Rstar,3686.560355046165,1.0640871774739935,1800,0.9141755273941075,4.291629680420553,90,90,1.0,0.005,0.36406189122349375,-0.931374757741892,-7.084755414974928e-08,True
BH-HF1R,SXS:BBH:0305,6,C,358,Estar,3686.560355046165,1.0640871774739935,1800,0.9141755273941075,4.998794591476021,90,90,1.0,0.005,0.36134909194313064,-0.9324306053277477,-7.100076200630844e-08,True
BH-HF1R,SXS:BBH:0305,6,C,358,Bstar,3686.560355046165,1.0640871774739935,1800,0.9141755273941075,1.363612112864466,90,62,0.6888888888888889,0.005,-0.40315895491339565,0.9151299673123662,-7.94162719322889e-08,True
BH-HF1R,SXS:BBH:0305,6,C,359,Rstar,3686.562436468246,1.0661685995546577,1800,0.9142100742787709,4.2997207582950745,90,90,1.0,0.005,0.36401319508590435,-0.9313937909409457,-7.083455154831807e-08,True
BH-HF1R,SXS:BBH:0305,6,C,359,Estar,3686.562436468246,1.0661685995546577,1800,0.9142100742787709,5.002650253141604,90,90,1.0,0.005,0.3725769497900602,-0.9280013019846093,-7.076744959267471e-08,True
BH-HF1R,SXS:BBH:0305,6,C,359,Bstar,3686.562436468246,1.0661685995546577,1800,0.9142100742787709,1.3636455900420297,90,62,0.6888888888888889,0.005,-0.403194998051714,0.9151140877213465,-7.939753454742449e-08,True
BH-HF1R,SXS:BBH:0305,6,C,360,Rstar,3686.564744651196,1.0684767825050585,1800,0.9142483797116768,4.309199945410262,90,90,1.0,0.005,0.363959188039421,-0.9314148965105079,-7.08201690868973e-08,True
BH-HF1R,SXS:BBH:0305,6,C,360,Estar,3686.564744651196,1.0684767825050585,1800,0.9142483797116768,4.997045506878006,90,90,1.0,0.005,0.3725231778859169,-0.9280228886928235,-7.075284303554281e-08,True
BH-HF1R,SXS:BBH:0305,6,C,360,Bstar,3686.564744651196,1.0684767825050585,1800,0.9142483797116768,1.364090210565396,90,62,0.6888888888888889,0.005,-0.40323497456847973,0.915096473211842,-7.937680255634472e-08,True
BH-HF1R,SXS:BBH:0305,6,C,361,Rstar,3686.566764179998,1.0704963113066697,1800,0.9142817607283102,4.317327910362307,90,90,1.0,0.005,0.36391203906357267,-0.9314333190436059,-7.080755912271608e-08,True
BH-HF1R,SXS:BBH:0305,6,C,361,Estar,3686.566764179998,1.0704963113066697,1800,0.9142817607283102,4.986342274047261,90,90,1.0,0.005,0.3724762343403533,-0.9280417312015797,-7.074003708256882e-08,True
BH-HF1R,SXS:BBH:0305,6,C,361,Bstar,3686.566764179998,1.0704963113066697,1800,0.9142817607283102,1.3644962867612127,90,62,0.6888888888888889,0.005,-0.4032698686631629,0.9150810964217264,-7.935863052221991e-08,True
BH-HF1R,SXS:BBH:0305,6,C,362,Rstar,3686.5687332205794,1.0724653518882405,1800,0.9143143131257391,4.327458304426856,90,90,1.0,0.005,0.3638660563612096,-0.9314512832285626,-7.079528805013444e-08,True
BH-HF1R,SXS:BBH:0305,6,C,362,Estar,3686.5687332205794,1.0724653518882405,1800,0.9143143131257391,4.984442532450446,90,90,1.0,0.005,0.3724304514416472,-0.9280601051866015,-7.072757504790881e-08,True
BH-HF1R,SXS:BBH:0305,6,C,362,Bstar,3686.5687332205794,1.0724653518882405,1800,0.9143143131257391,1.3648875489219694,90,62,0.6888888888888889,0.005,-0.40330390210220757,0.915066097366265,-7.934094408491086e-08,True
BH-HF1R,SXS:BBH:0305,6,C,363,Rstar,3686.570514733486,1.0742468647949863,1800,0.9143437308496272,4.336624722531963,90,90,1.0,0.005,0.36382447541126184,-0.9314675255164374,-7.078417676280982e-08,True
BH-HF1R,SXS:BBH:0305,6,C,363,Estar,3686.570514733486,1.0742468647949863,1800,0.9143437308496272,4.9785308910474715,90,90,1.0,0.005,0.3914621289691789,-0.9201942194900559,-7.079664202432383e-08,True
BH-HF1R,SXS:BBH:0305,6,C,363,Bstar,3686.570514733486,1.0742468647949863,1800,0.9143437308496272,1.3652373647296179,90,62,0.6888888888888889,0.005,-0.4033346772975338,0.9150525329669811,-7.932493416545034e-08,True
BH-HF1R,SXS:BBH:0305,6,C,364,Rstar,3686.5729877381305,1.07671986943933,1800,0.914384512937955,4.349116773739001,90,90,1.0,0.005,0.3657174223620278,-0.9307259354830879,-7.087908885952425e-08,True
BH-HF1R,SXS:BBH:0305,6,C,364,Estar,3686.5729877381305,1.07671986943933,1800,0.914384512937955,4.967455399721657,90,90,1.0,0.005,0.39140524349660105,-0.9202184172050467,-7.078038922615267e-08,True
BH-HF1R,SXS:BBH:0305,6,C,364,Bstar,3686.5729877381305,1.07671986943933,1800,0.914384512937955,1.3657163597694177,90,62,0.6888888888888889,0.005,-0.403377371176353,0.9150337132711823,-7.930271385205102e-08,True
BH-HF1R,SXS:BBH:0305,6,C,365,Rstar,3686.5750747646775,1.0788068959864177,1800,0.9144188814388439,4.356306307345113,90,90,1.0,0.005,0.3696401123514171,-0.9291750036138653,-7.078952261999159e-08,True
BH-HF1R,SXS:BBH:0305,6,C,365,Estar,3686.5750747646775,1.0788068959864177,1800,0.9144188814388439,4.953523568309437,90,90,1.0,0.005,0.39135726671664567,-0.9202388221478549,-7.076666867107825e-08,True
BH-HF1R,SXS:BBH:0305,6,C,365,Bstar,3686.5750747646775,1.0788068959864177,1800,0.9144188814388439,1.366114614644625,90,62,0.6888888888888889,0.005,-0.4034133774485023,0.9150178396597445,-7.928395898056044e-08,True
BH-HF1R,SXS:BBH:0305,6,C,366,Rstar,3686.5773683526763,1.0811004839852103,1800,0.9144566000873118,4.363333431623652,90,90,1.0,0.005,0.36958705807099784,-0.9291961076685695,-7.077506137231497e-08,True
BH-HF1R,SXS:BBH:0305,6,C,366,Estar,3686.5773683526763,1.0811004839852103,1800,0.9144566000873118,4.941255870284943,90,90,1.0,0.005,0.3913045733332147,-0.9202612296997553,-7.075159203542245e-08,True
BH-HF1R,SXS:BBH:0305,6,C,366,Bstar,3686.5773683526763,1.0811004839852103,1800,0.9144566000873118,1.3665459583575479,90,62,0.6888888888888889,0.005,-0.4034529220006133,0.9150004042234958,-7.926335217643849e-08,True
BH-HF1R,SXS:BBH:0305,6,C,367,Rstar,3686.579397219762,1.0831293510709656,1800,0.9144899204999125,4.368572590036726,90,90,1.0,0.005,0.36954015608245977,-0.9292147615285425,-7.076227304623138e-08,True
BH-HF1R,SXS:BBH:0305,6,C,367,Estar,3686.579397219762,1.0831293510709656,1800,0.9144899204999125,4.929481115567702,90,90,1.0,0.005,0.39125798947521145,-0.9202810362448041,-7.073825953723304e-08,True
BH-HF1R,SXS:BBH:0305,6,C,367,Bstar,3686.579397219762,1.0831293510709656,1800,0.9144899204999125,1.3669219841879638,90,62,0.6888888888888889,0.005,-0.40348788025734583,0.9149849892131715,-7.924513009385828e-08,True
BH-HF1R,SXS:BBH:0305,6,C,368,Rstar,3686.581375365171,1.08510749647985,1800,0.9145223675530546,4.375325015920514,90,90,1.0,0.005,0.3694944527172341,-0.9292329360344406,-7.074980110408117e-08,True
BH-HF1R,SXS:BBH:0305,6,C,368,Estar,3686.581375365171,1.08510749647985,1800,0.9145223675530546,4.915690823303362,90,90,1.0,0.005,0.3912125952830563,-0.9203003342886987,-7.072525745813847e-08,True
BH-HF1R,SXS:BBH:0305,6,C,368,Bstar,3686.581375365171,1.08510749647985,1800,0.9145223675530546,1.3672835991122632,90,62,0.6888888888888889,0.005,-0.40352194456269647,0.9149699668602975,-7.922736205979276e-08,True
BH-HF1R,SXS:BBH:0305,6,C,369,Rstar,3686.5831651157787,1.0868972470875633,1800,0.9145516904033023,4.377403636386374,90,90,1.0,0.005,0.36945312421109944,-0.9292493685823268,-7.073850965265331e-08,True
BH-HF1R,SXS:BBH:0305,6,C,369,Estar,3686.5831651157787,1.0868972470875633,1800,0.9145516904033023,4.912568680884904,90,90,1.0,0.005,0.39117154565164264,-0.9203177830904387,-7.071348650445583e-08,True
BH-HF1R,SXS:BBH:0305,6,C,369,Bstar,3686.5831651157787,1.0868972470875633,1800,0.9145516904033023,1.3675957674922428,90,62,0.6888888888888889,0.005,-0.40355274765671395,0.9149563813967911,-7.921127965224187e-08,True
BH-HF1R,SXS:BBH:0305,6,C,370,Rstar,3686.585614071246,1.0893462025546796,1800,0.9145917606271609,4.384354740525243,90,90,1.0,0.005,0.36939660757465886,-0.9292718366077434,-7.07230599124396e-08,True
BH-HF1R,SXS:BBH:0305,6,C,370,Estar,3686.585614071246,1.0893462025546796,1800,0.9145917606271609,4.909843626029996,90,90,1.0,0.005,0.39111540929429944,-0.9203416412466338,-7.069738104570156e-08,True
BH-HF1R,SXS:BBH:0305,6,C,370,Bstar,3686.585614071246,1.0893462025546796,1800,0.9145917606271609,1.3674416106153329,90,62,0.6888888888888889,0.005,-0.4035948700838875,0.9149378016247681,-7.918927691795892e-08,True
BH-HF1R,SXS:BBH:0305,6,C,371,Rstar,3686.587691585312,1.0914237166207386,1800,0.914625705971722,4.389224195471256,90,90,1.0,0.005,0.36934869383752933,-0.9292908814577415,-7.071004211697443e-08,True
BH-HF1R,SXS:BBH:0305,6,C,371,Estar,3686.587691585312,1.0914237166207386,1800,0.914625705971722,4.90841112287043,90,90,1.0,0.005,0.3910678169714979,-0.9203618649906905,-7.068380753015358e-08,True
BH-HF1R,SXS:BBH:0305,6,C,371,Bstar,3686.587691585312,1.0914237166207386,1800,0.914625705971722,1.367305714232533,90,62,0.6888888888888889,0.005,-0.403630580018885,0.9149220485230488,-7.917071186021188e-08,True
BH-HF1R,SXS:BBH:0305,6,C,372,Rstar,3686.589964709311,1.0936968406199412,1800,0.9146627974475702,4.3926428988091075,90,90,1.0,0.005,0.369296301131592,-0.9293117033431353,-7.069571284495373e-08,True
BH-HF1R,SXS:BBH:0305,6,C,372,Estar,3686.589964709311,1.0936968406199412,1800,0.9146627974475702,4.909751354605521,90,90,1.0,0.005,0.39101577469717524,-0.9203839763587602,-7.066887015792323e-08,True
BH-HF1R,SXS:BBH:0305,6,C,372,Bstar,3686.589964709311,1.0936968406199412,1800,0.9146627974475702,1.367151626901412,90,62,0.6888888888888889,0.005,-0.40366962741689155,0.9149048212251927,-7.91503066432443e-08,True
BH-HF1R,SXS:BBH:0305,6,C,373,Rstar,3686.592012485377,1.0957446166858062,1800,0.9146961671680826,4.391407555334202,90,90,1.0,0.005,0.3692491313601393,-0.9293304466064682,-7.068292629472851e-08,True
BH-HF1R,SXS:BBH:0305,6,C,373,Estar,3686.592012485377,1.0957446166858062,1800,0.9146961671680826,4.908355552720747,90,90,1.0,0.005,0.3909689195040712,-0.9204038809032771,-7.065553628578761e-08,True
BH-HF1R,SXS:BBH:0305,6,C,373,Bstar,3686.592012485377,1.0957446166858062,1800,0.9146961671680826,1.366913693043028,90,62,0.6888888888888889,0.005,-0.40370478162804097,0.9148893098570174,-7.913206229403625e-08,True
BH-HF1R,SXS:BBH:0305,6,C,374,Rstar,3686.594009067041,1.0977411983499223,1800,0.9147286620995269,4.395544633817577,90,90,1.0,0.005,0.36920316722149865,-0.9293487081357616,-7.06702181073648e-08,True
BH-HF1R,SXS:BBH:0305,6,C,374,Estar,3686.594009067041,1.0977411983499223,1800,0.9147286620995269,4.906720321096949,90,90,1.0,0.005,0.3909232610653054,-0.9204232743461359,-7.064229455648431e-08,True
BH-HF1R,SXS:BBH:0305,6,C,374,Bstar,3686.594009067041,1.0977411983499223,1800,0.9147286620995269,1.3664566025616522,90,62,0.6888888888888889,0.005,-0.4037390367492724,0.914874193648921,-7.911400808608261e-08,True
BH-HF1R,SXS:BBH:0305,6,C,375,Rstar,3686.595815498071,1.0995476293796855,1800,0.9147580279738068,4.393779607563396,90,90,1.0,0.005,0.36916160303678897,-0.9293652192993361,-7.065883223494293e-08,True
BH-HF1R,SXS:BBH:0305,6,C,375,Estar,3686.595815498071,1.0995476293796855,1800,0.9147580279738068,4.905234916351417,90,90,1.0,0.005,0.39088197260412516,-0.9204408093370822,-7.063042636982985e-08,True
BH-HF1R,SXS:BBH:0305,6,C,375,Bstar,3686.595815498071,1.0995476293796855,1800,0.9147580279738068,1.366035726202009,90,62,0.6888888888888889,0.005,-0.4037700122902641,0.9148605233450144,-7.909779960128275e-08,True
BH-HF1R,SXS:BBH:0305,6,C,376,Rstar,3686.598243979539,1.1019761108477724,1800,0.9147974545049694,4.393075853220447,90,90,1.0,0.005,0.36910575961747344,-0.9293873994288941,-7.064353655071788e-08,True
BH-HF1R,SXS:BBH:0305,6,C,376,Estar,3686.598243979539,1.1019761108477724,1800,0.9147974545049694,4.904533472101547,90,90,1.0,0.005,0.3908264985663955,-0.9204643654255857,-7.061448251005431e-08,True
BH-HF1R,SXS:BBH:0305,6,C,376,Bstar,3686.598243979539,1.1019761108477724,1800,0.9147974545049694,1.3654661472166103,90,62,0.6888888888888889,0.005,-0.40381162865299103,0.9148421549997642,-7.9076024691767e-08,True
BH-HF1R,SXS:BBH:0305,6,C,377,Rstar,3686.600316717272,1.1040488485809874,1800,0.9148310588140759,4.405278226269754,90,90,1.0,0.005,0.3690581269818637,-0.9294063152941416,-7.063047262483833e-08,True
BH-HF1R,SXS:BBH:0305,6,C,377,Estar,3686.600316717272,1.1040488485809874,1800,0.9148310588140759,4.908206558168288,90,90,1.0,0.005,0.3907791800353665,-0.9204844553010558,-7.060086571437035e-08,True
BH-HF1R,SXS:BBH:0305,6,C,377,Bstar,3686.600316717272,1.1040488485809874,1800,0.9148310588140759,1.3643306779762032,90,62,0.6888888888888889,0.005,-0.40384712541544254,0.9148264858942802,-7.905743182367263e-08,True
BH-HF1R,SXS:BBH:0305,6,C,378,Rstar,3686.6025718238443,1.1063039551531801,1800,0.9148675712422226,4.4155208844155895,90,90,1.0,0.005,0.3640477051365603,-0.9313803027683155,-7.077374753200905e-08,True
BH-HF1R,SXS:BBH:0305,6,C,378,Estar,3686.6025718238443,1.1063039551531801,1800,0.9148675712422226,4.91224092026853,90,90,1.0,0.005,0.3907277287319884,-0.9205062965563768,-7.05860502654802e-08,True
BH-HF1R,SXS:BBH:0305,6,C,378,Bstar,3686.6025718238443,1.1063039551531801,1800,0.9148675712422226,1.3622788422308623,90,62,0.6888888888888889,0.005,-0.4038857210046709,0.9148094470262814,-7.903720443356784e-08,True
BH-HF1R,SXS:BBH:0305,6,C,379,Rstar,3686.6045750483695,1.108307179678377,1800,0.9148999629138266,4.416195362826427,90,90,1.0,0.005,0.3640021449939371,-0.9313981095320132,-7.076120822377e-08,True
BH-HF1R,SXS:BBH:0305,6,C,379,Estar,3686.6045750483695,1.108307179678377,1800,0.9148999629138266,4.917520024672865,90,90,1.0,0.005,0.3906820508870108,-0.9205256841146335,-7.057289820341482e-08,True
BH-HF1R,SXS:BBH:0305,6,C,379,Bstar,3686.6045750483695,1.108307179678377,1800,0.9148999629138266,1.3604573186719442,90,62,0.6888888888888889,0.005,-0.4039199844456643,0.9147943190495927,-7.901924783510284e-08,True
BH-HF1R,SXS:BBH:0305,6,C,380,Rstar,3686.606528192282,1.1102603235908646,1800,0.9149315064503956,4.408210088343148,90,90,1.0,0.005,0.36395774880832743,-0.9314154589024006,-7.074897400016564e-08,True
BH-HF1R,SXS:BBH:0305,6,C,380,Estar,3686.606528192282,1.1102603235908646,1800,0.9149315064503956,4.933001867960104,90,90,1.0,0.005,0.39063753910518983,-0.9205445741743506,-7.056006717600983e-08,True
BH-HF1R,SXS:BBH:0305,6,C,380,Bstar,3686.606528192282,1.1102603235908646,1800,0.9149315064503956,1.358859985335678,90,62,0.6888888888888889,0.005,-0.4039533720730915,0.9147795762864255,-7.900173307444394e-08,True
BH-HF1R,SXS:BBH:0305,6,C,381,Rstar,3686.608295322488,1.1120274537970545,1800,0.9149600227129364,4.408390109685707,90,90,1.0,0.005,0.36391760203803675,-0.9314311455641152,-7.073790376595401e-08,True
BH-HF1R,SXS:BBH:0305,6,C,381,Estar,3686.608295322488,1.1120274537970545,1800,0.9149600227129364,4.9480452991553205,90,90,1.0,0.005,0.39059728703717256,-0.920561654295461,-7.054845704795904e-08,True
BH-HF1R,SXS:BBH:0305,6,C,381,Bstar,3686.608295322488,1.1120274537970545,1800,0.9149600227129364,1.3576535322251029,90,62,0.6888888888888889,0.005,-0.4039835635857596,0.9147662435576339,-7.898588657850493e-08,True
BH-HF1R,SXS:BBH:0305,6,C,382,Rstar,3686.6106868288553,1.1144189601641301,1800,0.9149985435086325,4.4087694874776915,90,90,1.0,0.005,0.36386330235004655,-0.9314523590624018,-7.072292077896963e-08,True
BH-HF1R,SXS:BBH:0305,6,C,382,Estar,3686.6106868288553,1.1144189601641301,1800,0.9149985435086325,4.966062057310679,90,90,1.0,0.005,0.38690604558331265,-0.9221191419177235,-7.072731433747612e-08,True
BH-HF1R,SXS:BBH:0305,6,C,382,Bstar,3686.6106868288553,1.1144189601641301,1800,0.9149985435086325,1.3560201378670236,90,62,0.6888888888888889,0.005,-0.4040243979026425,0.9147482090167769,-7.896444276107457e-08,True
BH-HF1R,SXS:BBH:0305,6,C,383,Rstar,3686.6127237037836,1.116455835092438,1800,0.9150313269751915,4.407760412619071,90,90,1.0,0.005,0.3638170796823086,-0.9314704142008126,-6.050776846051778e-08,True
BH-HF1R,SXS:BBH:0305,6,C,383,Estar,3686.6127237037836,1.116455835092438,1800,0.9150313269751915,4.971203211143323,90,90,1.0,0.005,0.38686016118042316,-0.9221383929169489,-6.051126120260661e-08,True
BH-HF1R,SXS:BBH:0305,6,C,383,Bstar,3686.6127237037836,1.116455835092438,1800,0.9150313269751915,1.3546079436921363,90,62,0.6888888888888889,0.005,-0.4040591574794497,0.9147328556780896,-6.75265660316672e-08,True
BH-HF1R,SXS:BBH:0305,6,C,384,Rstar,3686.6149360980353,1.1186682293441663,1800,0.9150668650056275,4.405534598871541,90,90,1.0,0.005,0.3637669125455311,-0.9314900071053297,-7.069617991686642e-08,True
BH-HF1R,SXS:BBH:0305,6,C,384,Estar,3686.6149360980353,1.1186682293441663,1800,0.9150668650056275,4.9652170238617686,90,90,1.0,0.005,0.38681035996616114,-0.9221592841927277,-7.069938689109964e-08,True
BH-HF1R,SXS:BBH:0305,6,C,384,Bstar,3686.6149360980353,1.1186682293441663,1800,0.9150668650056275,1.3549095374414162,90,62,0.6888888888888889,0.005,-0.4040968830471261,0.9147161904719906,-7.892621862304228e-08,True
BH-HF1R,SXS:BBH:0305,6,C,385,Rstar,3686.6168924005983,1.1206245319071968,1800,0.9150982596155596,4.4002238257354325,90,90,1.0,0.005,0.36372257506932737,-0.9315073206287391,-7.068431789640861e-08,True
BH-HF1R,SXS:BBH:0305,6,C,385,Estar,3686.6168924005983,1.1206245319071968,1800,0.9150982596155596,4.971058793431896,90,90,1.0,0.005,0.3867663451188241,-0.9221777454934714,-7.068697926414359e-08,True
BH-HF1R,SXS:BBH:0305,6,C,385,Bstar,3686.6168924005983,1.1206245319071968,1800,0.9150982596155596,1.3556193404090304,90,62,0.6888888888888889,0.005,-0.40413022411378585,0.9147014605639017,-7.890911529253213e-08,True
BH-HF1R,SXS:BBH:0305,6,C,386,Rstar,3686.6187997955976,1.122531926906504,1800,0.9151288323760034,4.394147647934043,90,90,1.0,0.005,0.36367936967568004,-0.9315241897408221,-7.067212759521068e-08,True
BH-HF1R,SXS:BBH:0305,6,C,386,Estar,3686.6187997955976,1.122531926906504,1800,0.9151288323760034,4.967579684637753,90,90,1.0,0.005,0.3867234533376438,-0.9221957333660801,-7.067425675840924e-08,True
BH-HF1R,SXS:BBH:0305,6,C,386,Bstar,3686.6187997955976,1.122531926906504,1800,0.9151288323760034,1.3563114765951958,90,62,0.6888888888888889,0.005,-0.4041627134358545,0.9146871055547691,-7.889175860758457e-08,True
BH-HF1R,SXS:BBH:0305,6,C,387,Rstar,3686.62052553393,1.124257665238929,1800,0.9151564642077819,4.390711410811561,90,90,1.0,0.005,0.3636402991806726,-0.9315394424348257,-7.066132202155968e-08,True
BH-HF1R,SXS:BBH:0305,6,C,387,Estar,3686.62052553393,1.124257665238929,1800,0.9151564642077819,4.970955403965899,90,90,1.0,0.005,0.3866846657795635,-0.9222119979977175,-7.066297018279083e-08,True
BH-HF1R,SXS:BBH:0305,6,C,387,Bstar,3686.62052553393,1.124257665238929,1800,0.9151564642077819,1.3569377602683645,90,62,0.6888888888888889,0.005,-0.40419209305144627,0.9146741233437649,-7.887630061064586e-08,True
BH-HF1R,SXS:BBH:0305,6,C,388,Rstar,3686.6229364269466,1.12666855825546,1800,0.9151950167581385,4.387359591740565,90,90,1.0,0.005,0.36358574880540684,-0.9315607351459199,-7.064621775524127e-08,True
BH-HF1R,SXS:BBH:0305,6,C,388,Estar,3686.6229364269466,1.12666855825546,1800,0.9151950167581385,4.967152699701354,90,90,1.0,0.005,0.3866305093899194,-0.9222347039712214,-7.064719443454073e-08,True
BH-HF1R,SXS:BBH:0305,6,C,388,Bstar,3686.6229364269466,1.12666855825546,1800,0.9151950167581385,1.3577765356895177,90,62,0.6888888888888889,0.005,-0.40423311239374676,0.9146559959047217,-7.88546988718736e-08,True
BH-HF1R,SXS:BBH:0305,6,C,389,Rstar,3686.6249838839626,1.1287160152714932,1800,0.9152277129717326,4.388561442262376,90,90,1.0,0.005,0.3635394509611311,-0.9315788037492451,-7.063338931400676e-08,True
BH-HF1R,SXS:BBH:0305,6,C,389,Estar,3686.6249838839626,1.1287160152714932,1800,0.9152277129717326,4.974991299639873,90,90,1.0,0.005,0.3865845449661678,-0.9222539723922558,-7.063379582752982e-08,True
BH-HF1R,SXS:BBH:0305,6,C,389,Bstar,3686.6249838839626,1.1287160152714932,1800,0.9152277129717326,1.3584026071217028,90,62,0.6888888888888889,0.005,-0.4042679256777795,0.914640609347835,-7.883635465726296e-08,True
BH-HF1R,SXS:BBH:0305,6,C,390,Rstar,3686.627238173736,1.1309703050446842,1800,0.9152636650344571,4.394200682727414,90,90,1.0,0.005,0.36348850712328623,-0.9315986824750665,-7.061928674652179e-08,True
BH-HF1R,SXS:BBH:0305,6,C,390,Estar,3686.627238173736,1.1309703050446842,1800,0.9152636650344571,4.979299926012991,90,90,1.0,0.005,0.38653396698661757,-0.922275171716979,-7.061906604445923e-08,True
BH-HF1R,SXS:BBH:0305,6,C,390,Bstar,3686.627238173736,1.1309703050446842,1800,0.9152636650344571,1.357860736242471,90,64,0.7111111111111111,0.005,-0.4237869589401611,0.9057618966551,-7.97778704115203e-08,True
BH-HF1R,SXS:BBH:0305,6,C,391,Rstar,3686.629083719253,1.1328158505616557,1800,0.9152930614035598,4.400023580301542,90,90,1.0,0.005,0.37232072403414873,-0.9281041312561227,-7.042856785297556e-08,True
BH-HF1R,SXS:BBH:0305,6,C,391,Estar,3686.629083719253,1.1328158505616557,1800,0.9152930614035598,4.983876072875304,90,90,1.0,0.005,0.3864925829085574,-0.9222925150713667,-7.060699092427934e-08,True
BH-HF1R,SXS:BBH:0305,6,C,391,Bstar,3686.629083719253,1.1328158505616557,1800,0.9152930614035598,1.3571587153844558,90,64,0.7111111111111111,0.005,-0.42381762385885,0.9057475485512682,-7.976075163739408e-08,True
BH-HF1R,SXS:BBH:0305,6,C,392,Rstar,3686.630883126132,1.1346152574410553,1800,0.915321691286476,4.407188184085721,90,90,1.0,0.005,0.37228021388268134,-0.9281203813899683,-7.041711016797172e-08,True
BH-HF1R,SXS:BBH:0305,6,C,392,Estar,3686.630883126132,1.1346152574410553,1800,0.915321691286476,4.998683904707575,90,90,1.0,0.005,0.38645225350559104,-0.922309414329294,-7.059522117069166e-08,True
BH-HF1R,SXS:BBH:0305,6,C,392,Bstar,3686.630883126132,1.1346152574410553,1800,0.915321691286476,1.3562415645599895,90,64,0.7111111111111111,0.005,-0.42384750681734673,0.9057335651088088,-7.974406659782306e-08,True
BH-HF1R,SXS:BBH:0305,6,C,393,Rstar,3686.6325111609276,1.136243292236486,1800,0.9153475673334844,4.412642389592771,90,90,1.0,0.005,0.3722435793509324,-0.9281350751006026,-7.040673572268964e-08,True
BH-HF1R,SXS:BBH:0305,6,C,393,Estar,3686.6325111609276,1.136243292236486,1800,0.9153475673334844,5.016414373040721,90,90,1.0,0.005,0.38641578206081073,-0.9223246951992162,-7.058456473066817e-08,True
BH-HF1R,SXS:BBH:0305,6,C,393,Bstar,3686.6325111609276,1.136243292236486,1800,0.9153475673334844,1.3553299636038176,90,64,0.7111111111111111,0.005,-0.4238745307432423,0.9057209184882448,-7.972896345736237e-08,True
BH-HF1R,SXS:BBH:0305,6,C,394,Rstar,3686.6349025433924,1.1386346747012794,1800,0.9153855298369225,4.411412319656698,90,90,1.0,0.005,0.37218979787518225,-0.9281566432222668,-7.039149826834704e-08,True
BH-HF1R,SXS:BBH:0305,6,C,394,Estar,3686.6349025433924,1.1386346747012794,1800,0.9153855298369225,5.03498806655698,90,90,1.0,0.005,0.3813130191332311,-0.9244459862206635,-7.073840561185816e-08,True
BH-HF1R,SXS:BBH:0305,6,C,394,Bstar,3686.6349025433924,1.1386346747012794,1800,0.9153855298369225,1.3539878972332624,90,64,0.7111111111111111,0.005,-0.4239142031220124,0.9057023508810292,-7.970678286865971e-08,True
BH-HF1R,SXS:BBH:0305,6,C,395,Rstar,3686.63688890637,1.1406210376790114,1800,0.9154170207218172,4.409369256824388,90,90,1.0,0.005,0.3721451524039195,-0.9281745447609833,-7.037884236373166e-08,True
BH-HF1R,SXS:BBH:0305,6,C,395,Estar,3686.63688890637,1.1406210376790114,1800,0.9154170207218172,5.040369902112584,90,90,1.0,0.005,0.38126897601337223,-0.924464151781836,-7.072547889913767e-08,True
BH-HF1R,SXS:BBH:0305,6,C,395,Bstar,3686.63688890637,1.1406210376790114,1800,0.9154170207218172,1.3528395787144505,90,64,0.7111111111111111,0.005,-0.42394713605942325,0.9056869358818236,-7.968836231259777e-08,True
BH-HF1R,SXS:BBH:0305,6,C,396,Rstar,3686.6390987263553,1.142830857664194,1800,0.9154520096492414,4.4094436582010434,90,90,1.0,0.005,0.3720955135232992,-0.9281944455855289,-7.03647633664747e-08,True
BH-HF1R,SXS:BBH:0305,6,C,396,Estar,3686.6390987263553,1.142830857664194,1800,0.9154520096492414,5.046123220916174,90,90,1.0,0.005,0.3812200063827633,-0.9244843463972339,-7.071109878965933e-08,True
BH-HF1R,SXS:BBH:0305,6,C,396,Bstar,3686.6390987263553,1.142830857664194,1800,0.9154520096492414,1.3515437191893056,90,64,0.7111111111111111,0.005,-0.42398375220829904,0.9056697951590112,-7.966787318247428e-08,True
BH-HF1R,SXS:BBH:0305,6,C,397,Rstar,3686.6409041456304,1.144636276939309,1800,0.9154805607640775,4.411311952267464,90,90,1.0,0.005,0.37205498129618547,-0.9282106931579114,-7.035317462462836e-08,True
BH-HF1R,SXS:BBH:0305,6,C,397,Estar,3686.6409041456304,1.144636276939309,1800,0.9154805607640775,5.049010634321718,90,90,1.0,0.005,0.3876126823675177,-0.9218223302067773,-7.06305923192234e-08,True
BH-HF1R,SXS:BBH:0305,6,C,397,Bstar,3686.6409041456304,1.144636276939309,1800,0.9154805607640775,1.3504824861079145,90,64,0.7111111111111111,0.005,-0.424013650672709,0.9056557977748475,-7.965103929600736e-08,True
BH-HF1R,SXS:BBH:0305,6,C,398,Rstar,3686.642664429424,1.1463965607326827,1800,0.9155083678860866,4.413003697079427,90,90,1.0,0.005,0.3720154819728676,-0.928226524708538,-7.034197693273487e-08,True
BH-HF1R,SXS:BBH:0305,6,C,398,Estar,3686.642664429424,1.1463965607326827,1800,0.9155083678860866,5.049381496311385,90,90,1.0,0.005,0.38757370733661206,-0.921838717662341,-7.061904673274713e-08,True
BH-HF1R,SXS:BBH:0305,6,C,398,Bstar,3686.642664429424,1.1463965607326827,1800,0.9155083678860866,1.3494631535753798,90,64,0.7111111111111111,0.005,-0.4240427870837476,0.9056421559988477,-7.963474144269669e-08,True
BH-HF1R,SXS:BBH:0305,6,C,399,Rstar,3686.6442570671416,1.147989198450432,1800,0.9155335011229171,4.418556880331155,90,90,1.0,0.005,0.37197976114906867,-0.9282408401355097,-7.033183301095161e-08,True
BH-HF1R,SXS:BBH:0305,6,C,399,Estar,3686.6442570671416,1.147989198450432,1800,0.9155335011229171,5.049708971886338,90,90,1.0,0.005,0.3875384602721752,-0.9218535359859865,-7.060858814145197e-08,True
BH-HF1R,SXS:BBH:0305,6,C,399,Bstar,3686.6442570671416,1.147989198450432,1800,0.9155335011229171,1.3488377276504993,90,64,0.7111111111111111,0.005,-0.4240691361948145,0.9056298182629465,-7.961998303409697e-08,True
BH-HF1R,SXS:BBH:0305,6,C,400,Rstar,3686.646611409986,1.15034354129466,1800,0.9155706105864195,4.419853585017133,90,90,1.0,0.005,0.37192698521764816,-0.9282619876235947,-7.031682923650654e-08,True
BH-HF1R,SXS:BBH:0305,6,C,400,Estar,3686.646611409986,1.15034354129466,1800,0.9155706105864195,5.050180904190816,90,90,1.0,0.005,0.38748638363960286,-0.9218754267762523,-7.059311940961388e-08,True
BH-HF1R,SXS:BBH:0305,6,C,400,Bstar,3686.646611409986,1.15034354129466,1800,0.9155706105864195,1.3479090227762958,90,64,0.7111111111111111,0.005,-0.4241080656362862,0.9056115881890211,-7.959815942642412e-08,True
BH-HF1R,SXS:BBH:0305,6,C,401,Rstar,3686.6485644814493,1.152296612758164,1800,0.915601354895362,4.425409478978604,90,90,1.0,0.005,0.3830876447944975,-0.9237119986260869,-7.006329272115648e-08,True
BH-HF1R,SXS:BBH:0305,6,C,401,Estar,3686.6485644814493,1.152296612758164,1800,0.915601354895362,5.0505611771118994,90,90,1.0,0.005,0.3874432081375193,-0.9218935732871241,-7.058029922224525e-08,True
BH-HF1R,SXS:BBH:0305,6,C,401,Bstar,3686.6485644814493,1.152296612758164,1800,0.915601354895362,1.347134911350139,90,64,0.7111111111111111,0.005,-0.42414034048632826,0.9055964728134352,-7.95800711651453e-08,True
BH-HF1R,SXS:BBH:0305,6,C,402,Rstar,3686.65075132147,1.1544834527790044,1800,0.9156357360655242,4.425103969283273,90,90,1.0,0.005,0.38303846907373296,-0.9237323915559345,-7.004911596145704e-08,True
BH-HF1R,SXS:BBH:0305,6,C,402,Estar,3686.65075132147,1.1544834527790044,1800,0.9156357360655242,5.05097361366257,90,90,1.0,0.005,0.3873948919850026,-0.9219138775742142,-7.056593499406173e-08,True
BH-HF1R,SXS:BBH:0305,6,C,402,Bstar,3686.65075132147,1.1544834527790044,1800,0.9156357360655242,1.3460228380647015,90,64,0.7111111111111111,0.005,-0.4241764574361243,0.9055795563929949,-7.955980975880561e-08,True
BH-HF1R,SXS:BBH:0305,6,C,403,Rstar,3686.65258939963,1.1563215309388397,1800,0.9156646489650244,4.4258248112291065,90,90,1.0,0.005,0.38299719721313186,-0.9237495044257835,-7.000466816114084e-08,True
BH-HF1R,SXS:BBH:0305,6,C,403,Estar,3686.65258939963,1.1563215309388397,1800,0.9156646489650244,5.052753922509279,90,90,1.0,0.005,0.3873543413240887,-0.9219309162065107,-7.052110709733379e-08,True
BH-HF1R,SXS:BBH:0305,6,C,403,Bstar,3686.65258939963,1.1563215309388397,1800,0.9156646489650244,1.3449143848778415,90,64,0.7111111111111111,0.005,-0.42420676862915924,0.9055653579113992,-7.950646530187347e-08,True
BH-HF1R,SXS:BBH:0305,6,C,404,Rstar,3686.654381525836,1.1581136571448951,1800,0.9156927093761603,4.427606527796336,90,90,1.0,0.005,0.38295690130948873,-0.9237662105421639,-7.002555455681842e-08,True
BH-HF1R,SXS:BBH:0305,6,C,404,Estar,3686.654381525836,1.1581136571448951,1800,0.9156927093761603,5.054487680204033,90,90,1.0,0.005,0.3873147493018222,-0.9219475500120718,-7.054206209885515e-08,True
BH-HF1R,SXS:BBH:0305,6,C,404,Bstar,3686.654381525836,1.1581136571448951,1800,0.9156927093761603,1.3438318826519602,90,64,0.7111111111111111,0.005,-0.4242363635575394,0.9055514937514425,-7.952614985248274e-08,True
BH-HF1R,SXS:BBH:0305,6,C,405,Rstar,3686.6560029733555,1.159735104664378,1800,0.915718116031346,4.428864797346821,90,90,1.0,0.005,0.3829204948943326,-0.9237813023599658,-7.001507444504679e-08,True
BH-HF1R,SXS:BBH:0305,6,C,405,Estar,3686.6560029733555,1.159735104664378,1800,0.915718116031346,5.056008658732872,90,90,1.0,0.005,0.3872789786719911,-0.921962576615111,-7.053144332510598e-08,True
BH-HF1R,SXS:BBH:0305,6,C,405,Bstar,3686.6560029733555,1.159735104664378,1800,0.915718116031346,1.3428507538466234,90,64,0.7111111111111111,0.005,-0.4242631012327909,0.9055389670976772,-7.951116653837144e-08,True
BH-HF1R,SXS:BBH:0305,6,C,406,Rstar,3686.6583642407536,1.1620963720624786,1800,0.9157550715077831,4.430695257200655,90,90,1.0,0.005,0.3828675061859473,-0.923803265152786,-7.000003470821188e-08,True
BH-HF1R,SXS:BBH:0305,6,C,406,Estar,3686.6583642407536,1.1620963720624786,1800,0.9157550715077831,5.059460962549967,90,90,1.0,0.005,0.38722691503052153,-0.9219844447038901,-7.05162028857035e-08,True
BH-HF1R,SXS:BBH:0305,6,C,406,Bstar,3686.6583642407536,1.1620963720624786,1800,0.9157550715077831,1.3417226504933177,90,64,0.7111111111111111,0.005,-0.42430201683409563,0.9055207333410497,-7.94895976062164e-08,True
BH-HF1R,SXS:BBH:0305,6,C,407,Rstar,3686.660332981459,1.1640651127677302,1800,0.9157858408471108,4.4247161940219115,90,90,1.0,0.005,0.38282335225927505,-0.9238215633795124,-6.998699899491414e-08,True
BH-HF1R,SXS:BBH:0305,6,C,407,Estar,3686.660332981459,1.1640651127677302,1800,0.9157858408471108,5.063099777085612,90,90,1.0,0.005,0.3871835316591467,-0.9220026642108717,-7.050299636098319e-08,True
BH-HF1R,SXS:BBH:0305,6,C,407,Bstar,3686.660332981459,1.1640651127677302,1800,0.9157858408471108,1.3418059435628542,90,64,0.7111111111111111,0.005,-0.42433444362963707,0.9055055383317763,-7.947106201632987e-08,True
BH-HF1R,SXS:BBH:0305,6,C,408,Rstar,3686.662533454645,1.1662655859540791,1800,0.9158201935662329,4.4149588407469444,90,90,1.0,0.005,0.3827740292920699,-0.9238420008310451,-6.997274630148018e-08,True
BH-HF1R,SXS:BBH:0305,6,C,408,Estar,3686.662533454645,1.1662655859540791,1800,0.9158201935662329,5.069437828969077,90,90,1.0,0.005,0.38713506915874746,-0.9220230139359032,-7.048855502418567e-08,True
BH-HF1R,SXS:BBH:0305,6,C,408,Bstar,3686.662533454645,1.1662655859540791,1800,0.9158201935662329,1.3418999662635724,90,64,0.7111111111111111,0.005,-0.42437066612621677,0.905488563004296,-7.945070141081653e-08,True
BH-HF1R,SXS:BBH:0305,6,C,409,Rstar,3686.664358853369,1.1680909846777467,1800,0.9158486544620082,4.406887626632898,90,90,1.0,0.005,0.3827331360281733,-0.9238589430135073,-6.996092877295872e-08,True
BH-HF1R,SXS:BBH:0305,6,C,409,Estar,3686.664358853369,1.1680909846777467,1800,0.9158486544620082,5.079354293238183,90,90,1.0,0.005,0.3870948890635677,-0.9220398835521483,-7.047658105469745e-08,True
BH-HF1R,SXS:BBH:0305,6,C,409,Bstar,3686.664358853369,1.1680909846777467,1800,0.9158486544620082,1.3420182288063454,90,64,0.7111111111111111,0.005,-0.4244006975298764,0.9054744877334469,-7.943381990442398e-08,True
BH-HF1R,SXS:BBH:0305,6,C,410,Rstar,3686.666138617124,1.1698707484329134,1800,0.9158763735953958,4.403643378060925,90,90,1.0,0.005,0.38269328473798997,-0.9238754514632602,-6.99493957860235e-08,True
BH-HF1R,SXS:BBH:0305,6,C,410,Estar,3686.666138617124,1.1698707484329134,1800,0.9158763735953958,5.078815044315641,90,90,1.0,0.005,0.3927962083901208,-0.919625542639144,-7.049979825229703e-08,True
BH-HF1R,SXS:BBH:0305,6,C,410,Bstar,3686.666138617124,1.1698707484329134,1800,0.9158763735953958,1.3422867693255656,90,64,0.7111111111111111,0.005,-0.4244299634020861,0.9054607700869749,-7.941734998983424e-08,True
BH-HF1R,SXS:BBH:0305,6,C,411,Rstar,3686.6677488795694,1.171481010878324,1800,0.9159014272385706,4.407310988575948,90,90,1.0,0.005,0.38265724550607444,-0.923890379028648,-6.99389622670636e-08,True
BH-HF1R,SXS:BBH:0305,6,C,411,Estar,3686.6677488795694,1.171481010878324,1800,0.9159014272385706,5.0765351402632275,90,90,1.0,0.005,0.39276108505637675,-0.9196405439438459,-7.048911680096529e-08,True
BH-HF1R,SXS:BBH:0305,6,C,411,Bstar,3686.6677488795694,1.171481010878324,1800,0.9159014272385706,1.342530196809806,90,64,0.7111111111111111,0.005,-0.4244564295127726,0.9054483637653017,-7.940245128202102e-08,True
BH-HF1R,SXS:BBH:0305,6,C,412,Rstar,3686.6701090361835,1.1738411674923555,1800,0.9159381047128716,4.412435347476134,90,90,1.0,0.005,0.38260445155460276,-0.923912243479107,-6.99236198159998e-08,True
BH-HF1R,SXS:BBH:0305,6,C,412,Estar,3686.6701090361835,1.1738411674923555,1800,0.9159381047128716,5.072086622831075,90,90,1.0,0.005,0.3927096322924525,-0.9196625167444425,-7.047341035641041e-08,True
BH-HF1R,SXS:BBH:0305,6,C,412,Bstar,3686.6701090361835,1.1738411674923555,1800,0.9159381047128716,1.3428873569356081,90,64,0.7111111111111111,0.005,-0.4244951993081936,0.905430188233356,-7.938055925406927e-08,True
BH-HF1R,SXS:BBH:0305,6,C,413,Rstar,3686.6720715891006,1.1758037204094762,1800,0.9159685636136302,4.41013656681618,90,90,1.0,0.005,0.3825605774352892,-0.9239304111200005,-6.991090123648781e-08,True
BH-HF1R,SXS:BBH:0305,6,C,413,Estar,3686.6720715891006,1.1758037204094762,1800,0.9159685636136302,5.071277349198323,90,90,1.0,0.005,0.39266687229477193,-0.9196807747268811,-7.046038967128861e-08,True
BH-HF1R,SXS:BBH:0305,6,C,413,Bstar,3686.6720715891006,1.1758037204094762,1800,0.9159685636136302,1.3431849896058423,90,64,0.7111111111111111,0.005,-0.42452741830605417,0.9054150822172061,-7.936240240987267e-08,True
BH-HF1R,SXS:BBH:0305,6,C,414,Rstar,3686.674271467908,1.178003599216936,1800,0.916002663276619,4.413024743290121,90,90,1.0,0.005,0.3825114256742116,-0.9239507612576968,-6.989664322758716e-08,True
BH-HF1R,SXS:BBH:0305,6,C,414,Estar,3686.674271467908,1.178003599216936,1800,0.916002663276619,5.070362859335444,90,90,1.0,0.005,0.39261896817221975,-0.9197012263944072,-7.04457931142896e-08,True
BH-HF1R,SXS:BBH:0305,6,C,414,Bstar,3686.674271467908,1.178003599216936,1800,0.916002663276619,1.3435192125328044,90,64,0.7111111111111111,0.005,-0.4245635124864585,0.9053981576440028,-7.934205078668587e-08,True
BH-HF1R,SXS:BBH:0305,6,C,415,Rstar,3686.6760996291646,1.179831760473462,1800,0.9160309668741633,4.416399716154706,90,90,1.0,0.005,0.3824706016118075,-0.923967661177975,-6.98848031626832e-08,True
BH-HF1R,SXS:BBH:0305,6,C,415,Estar,3686.6760996291646,1.179831760473462,1800,0.9160309668741633,5.069596979831562,90,90,1.0,0.005,0.39257917996001024,-0.9197182109004479,-7.043367193311749e-08,True
BH-HF1R,SXS:BBH:0305,6,C,415,Bstar,3686.6760996291646,1.179831760473462,1800,0.9160309668741633,1.3437974402773176,90,64,0.7111111111111111,0.005,-0.4245934909236492,0.9053840994104451,-7.932514980066394e-08,True
BH-HF1R,SXS:BBH:0305,6,C,416,Rstar,3686.6778820863897,1.1816142176985522,1800,0.9160585328797493,4.4180494073306,90,90,1.0,0.005,0.38243081774867443,-0.9239841284546372,-6.987326619835862e-08,True
BH-HF1R,SXS:BBH:0305,6,C,416,Estar,3686.6778820863897,1.1816142176985522,1800,0.9160585328797493,5.062926809099646,90,90,1.0,0.005,0.3925404052016227,-0.9197347608327854,-7.04218609670782e-08,True
BH-HF1R,SXS:BBH:0305,6,C,416,Bstar,3686.6778820863897,1.1816142176985522,1800,0.9160585328797493,1.3427707593999747,90,66,0.7333333333333333,0.005,-0.4367724065776341,0.8995720453929055,-7.961606606285718e-08,True
BH-HF1R,SXS:BBH:0305,6,C,417,Rstar,3686.6794947857834,1.18322691709227,1800,0.9160834481820788,4.423341547734261,90,90,1.0,0.005,0.38239483947896175,-0.9239990187981015,-6.986281297827402e-08,True
BH-HF1R,SXS:BBH:0305,6,C,417,Estar,3686.6794947857834,1.18322691709227,1800,0.9160834481820788,5.063887984507355,90,90,1.0,0.005,0.3925053392096342,-0.919749726116798,-7.041115962328181e-08,True
BH-HF1R,SXS:BBH:0305,6,C,417,Bstar,3686.6794947857834,1.18322691709227,1800,0.9160834481820788,1.341645781510774,90,66,0.7333333333333333,0.005,-0.43679858539780364,0.8995593342267487,-7.960089179501684e-08,True
BH-HF1R,SXS:BBH:0305,6,C,418,Rstar,3686.681849141613,1.1855812729218087,1800,0.9161197786876577,4.43108101137271,90,90,1.0,0.005,0.38234234372377707,-0.9240207422973817,-6.984755963737303e-08,True
BH-HF1R,SXS:BBH:0305,6,C,418,Estar,3686.681849141613,1.1855812729218087,1800,0.9161197786876577,5.074901297732867,90,90,1.0,0.005,0.3924541740449913,-0.9197715592877715,-7.039554436450774e-08,True
BH-HF1R,SXS:BBH:0305,6,C,418,Bstar,3686.681849141613,1.1855812729218087,1800,0.9161197786876577,1.3400038752290409,90,66,0.7333333333333333,0.005,-0.4368367826513205,0.8995407858028655,-7.957874987996153e-08,True
BH-HF1R,SXS:BBH:0305,6,C,419,Rstar,3686.68380730849,1.1875394397989112,1800,0.9161499564549402,4.43555504287105,90,90,1.0,0.005,0.38229870755894924,-0.9240387969120951,-6.98348719170241e-08,True
BH-HF1R,SXS:BBH:0305,6,C,419,Estar,3686.68380730849,1.1875394397989112,1800,0.9161499564549402,5.082582847815095,90,90,1.0,0.005,0.39241164344900026,-0.9197897053596816,-7.038255572603571e-08,True
BH-HF1R,SXS:BBH:0305,6,C,419,Bstar,3686.68380730849,1.1875394397989112,1800,0.9161499564549402,1.3386387595229217,90,66,0.7333333333333333,0.005,-0.4368685332913626,0.8995253663014997,-7.956033482314646e-08,True
BH-HF1R,SXS:BBH:0305,6,C,420,Rstar,3686.685998426205,1.1897305575139399,1800,0.9161836824835554,4.437453802372123,90,90,1.0,0.005,0.3822499078382577,-0.924058985107357,-6.982078272727395e-08,True
BH-HF1R,SXS:BBH:0305,6,C,420,Estar,3686.685998426205,1.1897305575139399,1800,0.9161836824835554,5.085458037026555,90,90,1.0,0.005,0.3923640796248285,-0.9198099961514641,-7.03681307882659e-08,True
BH-HF1R,SXS:BBH:0305,6,C,420,Bstar,3686.685998426205,1.1897305575139399,1800,0.9161836824835554,1.337056688121194,90,66,0.7333333333333333,0.005,-0.436904040892581,0.8995081206146655,-7.95398528761447e-08,True
BH-HF1R,SXS:BBH:0305,6,C,421,Rstar,3686.6878332192323,1.1915653505411683,1800,0.9162118898185435,4.440920287160343,90,90,1.0,0.005,0.3822090664261042,-0.9240758786710543,-6.980888447484424e-08,True
BH-HF1R,SXS:BBH:0305,6,C,421,Estar,3686.6878332192323,1.1915653505411683,1800,0.9162118898185435,5.085889014646192,90,90,1.0,0.005,0.39232427215495697,-0.9198269758373464,-7.03559507056749e-08,True
BH-HF1R,SXS:BBH:0305,6,C,421,Bstar,3686.6878332192323,1.1915653505411683,1800,0.9162118898185435,1.3356982523029763,90,66,0.7333333333333333,0.005,-0.4369337577487968,0.8994936861031929,-7.952259116683923e-08,True
BH-HF1R,SXS:BBH:0305,6,C,422,Rstar,3686.689622142434,1.193354273742898,1800,0.916239362426703,4.444311947795428,90,90,1.0,0.005,0.3821692656782249,-0.9240923397426047,-6.979728758320222e-08,True
BH-HF1R,SXS:BBH:0305,6,C,422,Estar,3686.689622142434,1.193354273742898,1800,0.916239362426703,5.0863006817981855,90,90,1.0,0.005,0.3922854786504036,-0.9198435210621526,-7.034407901455051e-08,True
BH-HF1R,SXS:BBH:0305,6,C,422,Bstar,3686.689622142434,1.193354273742898,1800,0.916239362426703,1.3343739298548671,90,66,0.7333333333333333,0.005,-0.4369627172879352,0.8994796182795571,-7.950576730297928e-08,True
BH-HF1R,SXS:BBH:0305,6,C,423,Rstar,3686.6912406919973,1.194972823306216,1800,0.9162641931578916,4.44739064348823,90,90,1.0,0.005,0.38213327216138104,-0.9241072244643644,-6.97867957969146e-08,True
BH-HF1R,SXS:BBH:0305,6,C,423,Estar,3686.6912406919973,1.194972823306216,1800,0.9162641931578916,5.089342034230617,90,90,1.0,0.005,0.3922503957261636,-0.9198584820789898,-7.033333874421914e-08,True
BH-HF1R,SXS:BBH:0305,6,C,423,Bstar,3686.6912406919973,1.194972823306216,1800,0.9162641931578916,1.3331758635041868,90,66,0.7333333333333333,0.005,-0.4369889065400365,0.8994668952001162,-7.949054794024884e-08,True
BH-HF1R,SXS:BBH:0305,6,C,424,Rstar,3686.6935813573346,1.197313488643431,1800,0.916300059922763,4.451859889373797,90,90,1.0,0.005,0.3820812481524625,-0.9241287355180832,-6.977163005183826e-08,True
BH-HF1R,SXS:BBH:0305,6,C,424,Estar,3686.6935813573346,1.197313488643431,1800,0.916300059922763,5.092749673637714,90,90,1.0,0.005,0.3921996873571861,-0.9198801037292417,-7.031781372396247e-08,True
BH-HF1R,SXS:BBH:0305,6,C,424,Bstar,3686.6935813573346,1.197313488643431,1800,0.916300059922763,1.331443487287702,90,66,0.7333333333333333,0.005,-0.4370267595804101,0.8994485040349114,-7.946854858737192e-08,True
BH-HF1R,SXS:BBH:0305,6,C,425,Rstar,3686.6955324451455,1.199264576454425,1800,0.9163299950674008,4.455489704612723,90,90,1.0,0.005,0.382037941232846,-0.9241466395862529,-6.993336137167183e-08,True
BH-HF1R,SXS:BBH:0305,6,C,425,Estar,3686.6955324451455,1.199264576454425,1800,0.9163299950674008,5.096926001834549,90,90,1.0,0.005,0.3921574759072261,-0.9198980998404489,-7.048123485317367e-08,True
BH-HF1R,SXS:BBH:0305,6,C,425,Bstar,3686.6955324451455,1.199264576454425,1800,0.9163299950674008,1.3299514845331712,90,66,0.7333333333333333,0.005,-0.4370582650136576,0.89943319539766,-7.965149190830256e-08,True
BH-HF1R,SXS:BBH:0305,6,C,426,Rstar,3686.6977073721578,1.201439503466645,1800,0.9163631623711874,4.455340154950224,90,90,1.0,0.005,0.3934986066369717,-0.9193252126286741,-7.008447465339978e-08,True
BH-HF1R,SXS:BBH:0305,6,C,426,Estar,3686.6977073721578,1.201439503466645,1800,0.9163631623711874,5.101928267134093,90,90,1.0,0.005,0.392110378088108,-0.9199181764676663,-7.02904940737398e-08,True
BH-HF1R,SXS:BBH:0305,6,C,426,Bstar,3686.6977073721578,1.201439503466645,1800,0.9163631623711874,1.3282775998109964,90,66,0.7333333333333333,0.005,-0.43709342606508966,0.8994161088676784,-7.94298300037848e-08,True
BH-HF1R,SXS:BBH:0305,6,C,427,Rstar,3686.6995551012765,1.2032872325853532,1800,0.9163913701175581,4.452311844904235,90,90,1.0,0.005,0.39345821277745263,-0.9193425013551629,-7.007212873403933e-08,True
BH-HF1R,SXS:BBH:0305,6,C,427,Estar,3686.6995551012765,1.2032872325853532,1800,0.9163913701175581,5.104465458176055,90,90,1.0,0.005,0.4005594918918062,-0.9162707533558915,-7.060966074973199e-08,True
BH-HF1R,SXS:BBH:0305,6,C,427,Bstar,3686.6995551012765,1.2032872325853532,1800,0.9163913701175581,1.3268540930349875,90,66,0.7333333333333333,0.005,-0.4371232565362823,0.8994016114034427,-7.94123665951911e-08,True
BH-HF1R,SXS:BBH:0305,6,C,428,Rstar,3686.7013566371675,1.2050887684763438,1800,0.9164188443420038,4.454750592916879,90,90,1.0,0.005,0.3934188479617312,-0.9193593476266282,-7.006026885556874e-08,True
BH-HF1R,SXS:BBH:0305,6,C,428,Estar,3686.7013566371675,1.2050887684763438,1800,0.9164188443420038,5.1038561724944564,90,90,1.0,0.005,0.4005209945014037,-0.9162875820197509,-7.059759379950555e-08,True
BH-HF1R,SXS:BBH:0305,6,C,428,Bstar,3686.7013566371675,1.2050887684763438,1800,0.9164188443420038,1.3254656101243116,90,66,0.7333333333333333,0.005,-0.4371523266917909,0.8993874822722114,-7.939553852499778e-08,True
BH-HF1R,SXS:BBH:0305,6,C,429,Rstar,3686.7029865982113,1.206718729520162,1800,0.9164436759014536,4.45189764287198,90,90,1.0,0.005,0.39338324844283656,-0.9193745808127156,-7.004946285194627e-08,True
BH-HF1R,SXS:BBH:0305,6,C,429,Estar,3686.7029865982113,1.206718729520162,1800,0.9164436759014536,5.103299627130824,90,90,1.0,0.005,0.4004861791954862,-0.9163027994464473,-7.058659995746657e-08,True
BH-HF1R,SXS:BBH:0305,6,C,429,Bstar,3686.7029865982113,1.206718729520162,1800,0.9164436759014536,1.3242089010122182,90,66,0.7333333333333333,0.005,-0.43717861593175383,0.8993747037647821,-7.938023050549406e-08,True
BH-HF1R,SXS:BBH:0305,6,C,430,Rstar,3686.705312655092,1.209044786400682,1800,0.9164790706007717,4.455650658029583,90,90,1.0,0.005,0.3897735077368496,-0.9209107517379234,-7.009490864494333e-08,True
BH-HF1R,SXS:BBH:0305,6,C,430,Estar,3686.705312655092,1.209044786400682,1800,0.9164790706007717,5.104099043614238,90,90,1.0,0.005,0.40043652135284047,-0.9163245016733053,-7.057089101202523e-08,True
BH-HF1R,SXS:BBH:0305,6,C,430,Bstar,3686.705312655092,1.209044786400682,1800,0.9164790706007717,1.3224147279455387,90,66,0.7333333333333333,0.005,-0.4372161120341577,0.8993564762527306,-7.935836680730171e-08,True
BH-HF1R,SXS:BBH:0305,6,C,431,Rstar,3686.706929289127,1.2106614204358266,1800,0.9165036659389962,4.460079557207424,90,90,1.0,0.005,0.3933555167608011,-0.9193864461878044,-5.242584730701543e-08,True
BH-HF1R,SXS:BBH:0305,6,C,431,Estar,3686.706929289127,1.2106614204358266,1800,0.9165036659389962,5.1046311275888465,90,90,1.0,0.005,0.40040203227484045,-0.9163395727295504,-5.2670296869974374e-08,True
BH-HF1R,SXS:BBH:0305,6,C,431,Bstar,3686.706929289127,1.2106614204358266,1800,0.9165036659389962,1.3211736137435293,90,66,0.7333333333333333,0.005,-0.4372421528306471,0.8993438162282641,-5.904533801928025e-08,True
BH-HF1R,SXS:BBH:0305,6,C,432,Rstar,3686.7090542876726,1.2127864189815227,1800,0.9165359029083004,4.465571620043174,90,90,1.0,0.005,0.3933095972940657,-0.9194060912765235,-7.017347335066693e-08,True
BH-HF1R,SXS:BBH:0305,6,C,432,Estar,3686.7090542876726,1.2127864189815227,1800,0.9165359029083004,5.105314478467604,90,90,1.0,0.005,0.4003567066004916,-0.916359376816761,-7.054556577281513e-08,True
BH-HF1R,SXS:BBH:0305,6,C,432,Bstar,3686.7090542876726,1.2127864189815227,1800,0.9165359029083004,1.3197089081794593,90,66,0.7333333333333333,0.005,-0.43727637726712487,0.8993271762179396,-7.93231366742683e-08,True
BH-HF1R,SXS:BBH:0305,6,C,433,Rstar,3686.711041663536,1.2147737948448594,1800,0.9165660384365261,4.469323781672023,90,90,1.0,0.005,0.39326668058060116,-0.9194244492861338,-7.016135238896258e-08,True
BH-HF1R,SXS:BBH:0305,6,C,433,Estar,3686.711041663536,1.2147737948448594,1800,0.9165660384365261,5.099316905524287,90,90,1.0,0.005,0.40031434466476945,-0.9163778835478361,-7.0533251377855e-08,True
BH-HF1R,SXS:BBH:0305,6,C,433,Bstar,3686.711041663536,1.2147737948448594,1800,0.9165660384365261,1.3183371397655088,90,66,0.7333333333333333,0.005,-0.4373083622150534,0.8993116235970607,-7.930568141462456e-08,True
BH-HF1R,SXS:BBH:0305,6,C,434,Rstar,3686.712979355003,1.2167114863118513,1800,0.9165953860915317,4.469823058064869,90,90,1.0,0.005,0.39322485859591777,-0.9194423367358148,-7.014754909020412e-08,True
BH-HF1R,SXS:BBH:0305,6,C,434,Estar,3686.712979355003,1.2167114863118513,1800,0.9165953860915317,5.093668255571774,90,90,1.0,0.005,0.4002730630126378,-0.9163959160900248,-7.05192487346105e-08,True
BH-HF1R,SXS:BBH:0305,6,C,434,Bstar,3686.712979355003,1.2167114863118513,1800,0.9165953860915317,1.316998874741172,90,66,0.7333333333333333,0.005,-0.43733953082600585,0.8992964665653274,-7.928646479670491e-08,True
BH-HF1R,SXS:BBH:0305,6,C,435,Rstar,3686.7147325044252,1.218464635734108,1800,0.9166219099594631,4.471323817234948,90,90,1.0,0.005,0.39318703819851814,-0.9194585107511225,-7.013591304538698e-08,True
BH-HF1R,SXS:BBH:0305,6,C,435,Estar,3686.7147325044252,1.218464635734108,1800,0.9166219099594631,5.096292143070694,90,90,1.0,0.005,0.4002357309982481,-0.9164122214551118,-7.050743704176714e-08,True
BH-HF1R,SXS:BBH:0305,6,C,435,Bstar,3686.7147325044252,1.218464635734108,1800,0.9166219099594631,1.3157873873013912,90,66,0.7333333333333333,0.005,-0.4373677167907089,0.8992827588190913,-7.927002455781577e-08,True
BH-HF1R,SXS:BBH:0305,6,C,436,Rstar,3686.717518664989,1.2212507962976815,1682,0.9166640060454054,4.4347580075417925,85,85,1.0,0.005,0.40874850069702107,-0.9126323548262052,0.005181515445587604,True
BH-HF1R,SXS:BBH:0305,6,C,436,Estar,3686.717518664989,1.2212507962976815,1682,0.9166640060454054,4.993752597744988,85,85,1.0,0.005,0.4263662325961326,-0.9045496235737305,-0.0013469203402935194,True
BH-HF1R,SXS:BBH:0305,6,C,436,Bstar,3686.717518664989,1.2212507962976815,1682,0.9166640060454054,1.2942137301987136,85,58,0.6823529411764706,0.005,-0.44056117106660303,0.897722593315116,-7.993104674857729e-08,True
BH-HF1R,SXS:BBH:0305,6,C,437,Rstar,3686.719781274211,1.2235134055199524,1682,0.9166981405380189,4.43503897349461,85,85,1.0,0.005,0.40869993689838147,-0.912654102360865,0.0051817972888409496,True
BH-HF1R,SXS:BBH:0305,6,C,437,Estar,3686.719781274211,1.2235134055199524,1682,0.9166981405380189,4.989185875645828,85,85,1.0,0.005,0.42631879656693106,-0.9045719813998204,-0.0013469076162379496,True
BH-HF1R,SXS:BBH:0305,6,C,437,Bstar,3686.719781274211,1.2235134055199524,1682,0.9166981405380189,1.292487935624142,85,58,0.6823529411764706,0.005,-0.44059691450110766,0.8977050511900315,-7.990958866120187e-08,True
BH-HF1R,SXS:BBH:0305,6,C,438,Rstar,3686.722125271961,1.2258574032698561,1682,0.9167334550321823,4.4353969230040216,85,85,1.0,0.005,0.4086496562246684,-0.9126766154693382,0.005182088661329335,True
BH-HF1R,SXS:BBH:0305,6,C,438,Estar,3686.722125271961,1.2258574032698561,1682,0.9167334550321823,4.978413293463216,85,85,1.0,0.005,0.4262696825649412,-0.9045951268947033,-0.0013468943313233567,True
BH-HF1R,SXS:BBH:0305,6,C,438,Bstar,3686.722125271961,1.2258574032698561,1682,0.9167334550321823,1.2920369441699064,85,59,0.6941176470588235,0.005,-0.4520051291228263,0.8920153380108723,-8.050380246857083e-08,True
BH-HF1R,SXS:BBH:0305,6,C,439,Rstar,3686.724410669767,1.2281428010760465,1682,0.916767839327054,4.437107790459671,85,85,1.0,0.005,0.4086006619447166,-0.9126985494001836,0.005182372153768489,True
BH-HF1R,SXS:BBH:0305,6,C,439,Estar,3686.724410669767,1.2281428010760465,1682,0.916767839327054,4.973558642077993,85,85,1.0,0.005,0.43197780991656537,-0.9018334055593715,-0.009574985998614222,True
BH-HF1R,SXS:BBH:0305,6,C,439,Bstar,3686.724410669767,1.2281428010760465,1682,0.916767839327054,1.2927772855709805,85,59,0.6941176470588235,0.005,-0.45204065169071017,0.8919973370022085,-8.04816982362145e-08,True
BH-HF1R,SXS:BBH:0305,6,C,440,Rstar,3686.7264784106396,1.2302105419485088,1682,0.9167989395751442,4.438639895650391,85,85,1.0,0.005,0.40855635333857215,-0.9127183829918118,0.0051826147358277315,True
BH-HF1R,SXS:BBH:0305,6,C,440,Estar,3686.7264784106396,1.2302105419485088,1682,0.9167989395751442,4.978044115687488,85,85,1.0,0.005,0.43193439126471744,-0.901854198714533,-0.009575275648537909,True
BH-HF1R,SXS:BBH:0305,6,C,440,Bstar,3686.7264784106396,1.2302105419485088,1682,0.9167989395751442,1.2934470819173074,85,59,0.6941176470588235,0.005,-0.452072776062418,0.8919810564934715,-9.605322578189829e-08,True
BH-HF1R,SXS:BBH:0305,6,C,441,Rstar,3686.729760585838,1.2334927171468735,1682,0.9168481488758494,4.4476301320019935,85,85,1.0,0.005,0.40848608389928576,-0.9127498317855104,0.005183033488995334,True
BH-HF1R,SXS:BBH:0305,6,C,441,Estar,3686.729760585838,1.2334927171468735,1682,0.9168481488758494,4.985157437406836,85,85,1.0,0.005,0.43186553062696154,-0.9018871711353031,-0.009575698295863173,True
BH-HF1R,SXS:BBH:0305,6,C,441,Bstar,3686.729760585838,1.2334927171468735,1682,0.9168481488758494,1.2945427813001784,85,59,0.6941176470588235,0.005,-0.4521237230630594,0.8919552337665784,-8.043007928132178e-08,True
BH-HF1R,SXS:BBH:0305,6,C,442,Rstar,3686.732348742448,1.2360808737566913,1682,0.9168869097094027,4.45771759985365,85,85,1.0,0.005,0.40843071077324505,-0.9127746092855888,0.005183352274590522,True
BH-HF1R,SXS:BBH:0305,6,C,442,Estar,3686.732348742448,1.2360808737566913,1682,0.9168869097094027,4.990759445103767,85,85,1.0,0.005,0.43181126614121973,-0.9019131498483143,-0.009576041155350656,True
BH-HF1R,SXS:BBH:0305,6,C,442,Bstar,3686.732348742448,1.2360808737566913,1682,0.9168869097094027,1.2955290241242512,85,59,0.6941176470588235,0.005,-0.45216386881865694,0.8919348831248488,-8.040484804221499e-08,True
BH-HF1R,SXS:BBH:0305,6,C,443,Rstar,3686.7344051934897,1.238137324798572,1682,0.9169176657082277,4.462200781335181,85,85,1.0,0.005,0.40838673980211215,-0.9127942818579914,0.0051836050347146435,True
BH-HF1R,SXS:BBH:0305,6,C,443,Estar,3686.7344051934897,1.238137324798572,1682,0.9169176657082277,4.9902756241460065,85,85,1.0,0.005,0.431768174456994,-0.9019337768149646,-0.00957631277520248,True
BH-HF1R,SXS:BBH:0305,6,C,443,Bstar,3686.7344051934897,1.238137324798572,1682,0.9169176657082277,1.295861852127875,85,59,0.6941176470588235,0.005,-0.45219574755891356,0.8919187215714383,-8.038497694923715e-08,True
BH-HF1R,SXS:BBH:0305,6,C,444,Rstar,3686.736410233256,1.24014236456469,1682,0.9169476167900502,4.466564400583221,85,85,1.0,0.005,0.4083438905997692,-0.912813450108202,0.005183851020663081,True
BH-HF1R,SXS:BBH:0305,6,C,444,Estar,3686.736410233256,1.24014236456469,1682,0.9169476167900502,4.999052815013739,85,85,1.0,0.005,0.43172618120019474,-0.901953875561707,-0.009576576920454553,True
BH-HF1R,SXS:BBH:0305,6,C,444,Bstar,3686.736410233256,1.24014236456469,1682,0.9169476167900502,1.2946685234881952,85,59,0.6941176470588235,0.005,-0.4522268126777115,0.8919029711214956,-8.036561782237747e-08,True
BH-HF1R,SXS:BBH:0305,6,C,445,Rstar,3686.7382243168536,1.2419564481624548,1682,0.9169746851938667,4.467308556796917,85,85,1.0,0.005,0.4083051414017481,-0.9128307821770875,0.005184073192525817,True
BH-HF1R,SXS:BBH:0305,6,C,445,Estar,3686.7382243168536,1.2419564481624548,1682,0.9169746851938667,4.997594255504649,85,85,1.0,0.005,0.43168820527381724,-0.9019720494758405,-0.00957681532779205,True
BH-HF1R,SXS:BBH:0305,6,C,445,Bstar,3686.7382243168536,1.2419564481624548,1682,0.9169746851938667,1.293587263749583,85,59,0.6941176470588235,0.005,-0.4522549050527935,0.8918887267230606,-8.034808532920891e-08,True
BH-HF1R,SXS:BBH:0305,6,C,446,Rstar,3686.7413890702514,1.2451212015603232,1682,0.917021837812718,4.4642868036331596,85,85,1.0,0.005,0.40823758506616586,-0.9128609946288957,0.005184459903237449,True
BH-HF1R,SXS:BBH:0305,6,C,446,Estar,3686.7413890702514,1.2451212015603232,1682,0.917021837812718,5.000830037596715,85,85,1.0,0.005,0.4316219953234093,-0.9020037304912272,-0.009577229920414756,True
BH-HF1R,SXS:BBH:0305,6,C,446,Bstar,3686.7413890702514,1.2451212015603232,1682,0.917021837812718,1.2916973600863753,85,59,0.6941176470588235,0.005,-0.45230388134519545,0.8918638903555098,-8.031749999474133e-08,True
BH-HF1R,SXS:BBH:0305,6,C,447,Rstar,3686.743773785524,1.247505916832779,1682,0.9170573108319219,4.467868221702161,85,85,1.0,0.005,0.4081867162579412,-0.9128837401510498,0.00518475056192917,True
BH-HF1R,SXS:BBH:0305,6,C,447,Estar,3686.743773785524,1.247505916832779,1682,0.9170573108319219,5.001400451577526,85,85,1.0,0.005,0.43157213884746903,-0.9020275825465776,-0.009577541218796311,True
BH-HF1R,SXS:BBH:0305,6,C,447,Bstar,3686.743773785524,1.247505916832779,1682,0.9170573108319219,1.2908854036999553,85,61,0.7176470588235294,0.005,-0.47382285532735985,0.8806201801965596,-8.141630690232329e-08,True
BH-HF1R,SXS:BBH:0305,6,C,448,Rstar,3686.745942538664,1.2496746699730465,1682,0.9170895282374042,4.46755943946887,85,85,1.0,0.005,0.4081404813528638,-0.9129044107173827,0.005185014349154091,True
BH-HF1R,SXS:BBH:0305,6,C,448,Estar,3686.745942538664,1.2496746699730465,1682,0.9170895282374042,4.995421088780147,85,85,1.0,0.005,0.43152682295769446,-0.9020492593894288,-0.009577823501286933,True
BH-HF1R,SXS:BBH:0305,6,C,448,Bstar,3686.745942538664,1.2496746699730465,1682,0.9170895282374042,1.291606287744398,85,61,0.7176470588235294,0.005,-0.473855416703291,0.880602659580894,-8.139482034926503e-08,True
BH-HF1R,SXS:BBH:0305,6,C,449,Rstar,3686.748057072976,1.2517892042847052,1682,0.917120900667561,4.4674699767685455,85,85,1.0,0.005,0.40809542722249875,-0.9129245506855087,0.005185271039050705,True
BH-HF1R,SXS:BBH:0305,6,C,449,Estar,3686.748057072976,1.2517892042847052,1682,0.917120900667561,4.9974631575230655,85,85,1.0,0.005,0.43148266336576196,-0.9020703804327249,-0.009578097971281282,True
BH-HF1R,SXS:BBH:0305,6,C,449,Bstar,3686.748057072976,1.2517892042847052,1682,0.917120900667561,1.292308869125562,85,61,0.7176470588235294,0.005,-0.47388714683005095,0.880585584749868,-8.137368152753406e-08,True
BH-HF1R,SXS:BBH:0305,6,C,450,Rstar,3686.7499702230675,1.2537023543764008,1682,0.9171492519641959,4.469583895183787,85,85,1.0,0.005,0.40805468513340387,-0.912942760802023,0.005185502854998004,True
BH-HF1R,SXS:BBH:0305,6,C,450,Estar,3686.7499702230675,1.2537023543764008,1682,0.9171492519641959,4.999309053648933,85,85,1.0,0.005,0.43144272934499656,-0.9020894781504571,-0.009578345659656103,True
BH-HF1R,SXS:BBH:0305,6,C,450,Bstar,3686.7499702230675,1.2537023543764008,1682,0.9171492519641959,1.2929442993389784,85,61,0.7176470588235294,0.005,-0.4739158404026576,0.8805701427004189,-8.135456117938317e-08,True
BH-HF1R,SXS:BBH:0305,6,C,451,Rstar,3686.7530235194663,1.256755650775176,1682,0.9171944332772248,4.465536887555238,85,85,1.0,0.005,0.40798970431448295,-0.9129718001697317,0.005185871982647615,True
BH-HF1R,SXS:BBH:0305,6,C,451,Estar,3686.7530235194663,1.256755650775176,1682,0.9171944332772248,4.998274885606302,85,85,1.0,0.005,0.4303456987989261,-0.9026602715916017,0.002648323137331065,True
BH-HF1R,SXS:BBH:0305,6,C,451,Bstar,3686.7530235194663,1.256755650775176,1682,0.9171944332772248,1.2939579426209695,85,61,0.7176470588235294,0.005,-0.47396160520516556,0.8805455109143061,-8.132403300750475e-08,True
BH-HF1R,SXS:BBH:0305,6,C,452,Rstar,3686.755417507853,1.259149639161933,1682,0.9172298019304328,4.467745733532573,85,85,1.0,0.005,0.4079387907653272,-0.9129945491218987,0.005186160682393214,True
BH-HF1R,SXS:BBH:0305,6,C,452,Estar,3686.755417507853,1.259149639161933,1682,0.9172298019304328,5.014572896088037,85,85,1.0,0.005,0.4302960482870111,-0.9026839407492514,0.0026483847877466988,True
BH-HF1R,SXS:BBH:0305,6,C,452,Bstar,3686.755417507853,1.259149639161933,1682,0.9172298019304328,1.2944875818825314,85,61,0.7176470588235294,0.005,-0.4739974631443951,0.8805262091117283,-8.130014040641224e-08,True
BH-HF1R,SXS:BBH:0305,6,C,453,Rstar,3686.757622025353,1.261354156662037,1682,0.9172623277639697,4.46569361728409,85,85,1.0,0.005,0.4078919345112894,-0.9130154822051264,0.0051864259734946605,True
BH-HF1R,SXS:BBH:0305,6,C,453,Estar,3686.757622025353,1.261354156662037,1682,0.9172623277639697,5.017292564089967,85,85,1.0,0.005,0.4302503533202542,-0.9027057212770613,0.0026484413259384694,True
BH-HF1R,SXS:BBH:0305,6,C,453,Bstar,3686.757622025353,1.261354156662037,1682,0.9172623277639697,1.2940884309160796,85,61,0.7176470588235294,0.005,-0.4740304639225425,0.8805084436127643,-8.127811590114018e-08,True
BH-HF1R,SXS:BBH:0305,6,C,454,Rstar,3686.7597714299154,1.2635035612242973,1682,0.9172940000101352,4.467563096909945,85,85,1.0,0.005,0.4078462752707493,-0.9130358777483242,0.005186684116426563,True
BH-HF1R,SXS:BBH:0305,6,C,454,Estar,3686.7597714299154,1.2635035612242973,1682,0.9172940000101352,5.019933875284624,85,85,1.0,0.005,0.43020582468693525,-0.9027269431412371,0.0026484962359019045,True
BH-HF1R,SXS:BBH:0305,6,C,454,Bstar,3686.7597714299154,1.2635035612242973,1682,0.9172940000101352,1.2936973843024169,85,61,0.7176470588235294,0.005,-0.47406262197162347,0.8804911302502615,-8.125662223860697e-08,True
BH-HF1R,SXS:BBH:0305,6,C,455,Rstar,3686.7617161292815,1.2654482605903468,1682,0.9173226215842079,4.469042285110458,85,85,1.0,0.005,0.4078049863138829,-0.9130543187714086,0.005186917235953503,True
BH-HF1R,SXS:BBH:0305,6,C,455,Estar,3686.7617161292815,1.2654482605903468,1682,0.9173226215842079,5.022314742004839,85,85,1.0,0.005,0.43016555726014294,-0.9027461318402681,0.002648545733787014,True
BH-HF1R,SXS:BBH:0305,6,C,455,Bstar,3686.7617161292815,1.2654482605903468,1682,0.9173226215842079,1.2933419839066558,85,61,0.7176470588235294,0.005,-0.47409170227997793,0.880475472588116,-8.123720485250376e-08,True
BH-HF1R,SXS:BBH:0305,6,C,456,Rstar,3686.7646805113673,1.2684126426761395,1682,0.9173661884050488,4.477859769646868,85,85,1.0,0.005,0.4077420876516161,-0.9130824071073157,0.00518727178891494,True
BH-HF1R,SXS:BBH:0305,6,C,456,Estar,3686.7646805113673,1.2684126426761395,1682,0.9173661884050488,5.035840780039331,85,85,1.0,0.005,0.4301042131996642,-0.9027753599846868,0.002648620851896451,True
BH-HF1R,SXS:BBH:0305,6,C,456,Bstar,3686.7646805113673,1.2684126426761395,1682,0.9173661884050488,1.2927973121808822,85,61,0.7176470588235294,0.005,-0.4741360030690937,0.8804516174064636,-8.120758334273665e-08,True
BH-HF1R,SXS:BBH:0305,6,C,457,Rstar,3686.767032213311,1.2707643446196926,1682,0.9174006970587723,4.486343897285545,85,85,1.0,0.005,0.4076922230383624,-0.9131046712038996,0.005187552376277515,True
BH-HF1R,SXS:BBH:0305,6,C,457,Estar,3686.767032213311,1.2707643446196926,1682,0.9174006970587723,5.04266347993078,85,85,1.0,0.005,0.43005557968926444,-0.9027985283946517,0.0026486801585070305,True
BH-HF1R,SXS:BBH:0305,6,C,457,Bstar,3686.767032213311,1.2707643446196926,1682,0.9174006970587723,1.2917178014634227,85,61,0.7176470588235294,0.005,-0.4741711241440741,0.8804327032930674,-8.118410083074767e-08,True
BH-HF1R,SXS:BBH:0305,6,C,458,Rstar,3686.7692826510756,1.2730147823845073,1682,0.9174336757302158,4.49447210078851,85,85,1.0,0.005,0.40764453383606136,-0.9131259609462284,0.005187820313686918,True
BH-HF1R,SXS:BBH:0305,6,C,458,Estar,3686.7692826510756,1.2730147823845073,1682,0.9174336757302158,5.053250430687688,85,85,1.0,0.005,0.4300090667640066,-0.9028206835771855,0.00264873667462714,True
BH-HF1R,SXS:BBH:0305,6,C,458,Bstar,3686.7692826510756,1.2730147823845073,1682,0.9174336757302158,1.2895614895032559,85,61,0.7176470588235294,0.005,-0.47420471336776115,0.8804146124524473,-8.116162704493565e-08,True
BH-HF1R,SXS:BBH:0305,6,C,459,Rstar,3686.771476827896,1.2752089592049742,1682,0.9174657882020886,4.493988556134294,85,85,1.0,0.005,0.4075980634257176,-0.9131467037157543,0.005188081018726463,True
BH-HF1R,SXS:BBH:0305,6,C,459,Estar,3686.771476827896,1.2752089592049742,1682,0.9174657882020886,5.065664550015428,85,85,1.0,0.005,0.4299637415175509,-0.9028422702130898,0.002648791555185803,True
BH-HF1R,SXS:BBH:0305,6,C,459,Bstar,3686.771476827896,1.2752089592049742,1682,0.9174657882020886,1.287474131573327,85,61,0.7176470588235294,0.005,-0.47423744448333166,0.8803969821903709,-8.11397147730493e-08,True
BH-HF1R,SXS:BBH:0305,6,C,460,Rstar,3686.7734620354954,1.2771941668042928,1682,0.917494806959635,4.499875430675249,85,85,1.0,0.005,0.41680560844961745,-0.9089946439493839,-0.001349828239900379,True
BH-HF1R,SXS:BBH:0305,6,C,460,Estar,3686.7734620354954,1.2771941668042928,1682,0.917494806959635,5.0741392565361325,85,85,1.0,0.005,0.4299227540918121,-0.9028617885121528,0.00264884101973674,True
BH-HF1R,SXS:BBH:0305,6,C,460,Bstar,3686.7734620354954,1.2771941668042928,1682,0.917494806959635,1.285061957908793,85,61,0.7176470588235294,0.005,-0.47426704272566833,0.8803810380649065,-8.111992221681158e-08,True
BH-HF1R,SXS:BBH:0305,6,C,461,Rstar,3686.7763551830208,1.2800873143296485,1682,0.9175370378482459,4.494707781178809,85,85,1.0,0.005,0.41674472322755146,-0.9090225594990999,-0.0013498087630966456,True
BH-HF1R,SXS:BBH:0305,6,C,461,Estar,3686.7763551830208,1.2800873143296485,1682,0.9175370378482459,5.08447288298417,85,85,1.0,0.005,0.4298630568791254,-0.9028902123689174,0.002648912785436109,True
BH-HF1R,SXS:BBH:0305,6,C,461,Bstar,3686.7763551830208,1.2800873143296485,1682,0.9175370378482459,1.2812088679545288,85,61,0.7176470588235294,0.005,-0.47431015124094894,0.8803578138630801,-8.109099902530845e-08,True
BH-HF1R,SXS:BBH:0305,6,C,462,Rstar,3686.7786975183317,1.2824296496405623,1682,0.9175711764464085,4.486815754598104,85,85,1.0,0.005,0.41669546227118304,-0.9090451417733815,-0.0013497928796094578,True
BH-HF1R,SXS:BBH:0305,6,C,462,Estar,3686.7786975183317,1.2824296496405623,1682,0.9175711764464085,5.0861268215456965,85,85,1.0,0.005,0.4345469612252454,-0.9006491761445742,-7.022687468416323e-08,True
BH-HF1R,SXS:BBH:0305,6,C,462,Bstar,3686.7786975183317,1.2824296496405623,1682,0.9175711764464085,1.2780957013393583,85,61,0.7176470588235294,0.005,-0.4743450294847776,0.8803390216292124,-8.106766485562344e-08,True
BH-HF1R,SXS:BBH:0305,6,C,463,Rstar,3686.780976166514,1.2847082978228173,1682,0.9176043425390347,4.4786771699039205,85,85,1.0,0.005,0.4166475686949288,-0.9090670941144913,-0.0013497773295092594,True
BH-HF1R,SXS:BBH:0305,6,C,463,Estar,3686.780976166514,1.2847082978228173,1682,0.9176043425390347,5.087130248263547,85,85,1.0,0.005,0.43450008498178794,-0.9006717915816029,-7.021066161346024e-08,True
BH-HF1R,SXS:BBH:0305,6,C,463,Bstar,3686.780976166514,1.2847082978228173,1682,0.9176043425390347,1.275072610595366,85,61,0.7176470588235294,0.005,-0.4743789396219095,0.8803207492972014,-8.104498779548215e-08,True
BH-HF1R,SXS:BBH:0305,6,C,464,Rstar,3686.7831978484915,1.286929979800334,1682,0.9176366371086213,4.469875377407751,85,85,1.0,0.005,0.41660089900867897,-0.9090884825403424,-0.0013497620746756407,True
BH-HF1R,SXS:BBH:0305,6,C,464,Estar,3686.7831978484915,1.286929979800334,1682,0.9176366371086213,5.0916109377178485,85,85,1.0,0.005,0.4344544057636819,-0.9006938266206344,-7.019477917522304e-08,True
BH-HF1R,SXS:BBH:0305,6,C,464,Bstar,3686.7831978484915,1.286929979800334,1682,0.9176366371086213,1.2731763853197149,85,61,0.7176470588235294,0.005,-0.47441198324341444,0.8803029422619487,-8.102279304960136e-08,True
BH-HF1R,SXS:BBH:0305,6,C,465,Rstar,3686.7852079417094,1.2889400730182388,1682,0.9176658408629758,4.471783405493228,85,85,1.0,0.005,0.42654057222337727,-0.9044457093966431,0.006410850283454158,True
BH-HF1R,SXS:BBH:0305,6,C,465,Estar,3686.7852079417094,1.2889400730182388,1682,0.9176658408629758,5.099818200159756,85,85,1.0,0.005,0.43441311218738443,-0.9007137436276114,-6.915020221834095e-08,True
BH-HF1R,SXS:BBH:0305,6,C,465,Bstar,3686.7852079417094,1.2889400730182388,1682,0.9176658408629758,1.2725154960473033,85,61,0.7176470588235294,0.005,-0.47444185364437247,0.8802868438812916,-7.983060369725547e-08,True
BH-HF1R,SXS:BBH:0305,6,C,466,Rstar,3686.7880269879684,1.2917591192772306,1682,0.9177066958074598,4.467068438708525,85,85,1.0,0.005,0.426481734165889,-0.9044734520959468,0.006411308485581465,True
BH-HF1R,SXS:BBH:0305,6,C,466,Estar,3686.7880269879684,1.2917591192772306,1682,0.9177066958074598,5.10795409635788,85,85,1.0,0.005,0.434355203029032,-0.900741670847754,-6.635605266744536e-08,True
BH-HF1R,SXS:BBH:0305,6,C,466,Bstar,3686.7880269879684,1.2917591192772306,1682,0.9177066958074598,1.2715043812874463,85,61,0.7176470588235294,0.005,-0.4744837429314334,0.8802642658280362,-7.66549975847744e-08,True
BH-HF1R,SXS:BBH:0305,6,C,467,Rstar,3686.7903348761747,1.2940670074835907,1682,0.9177401008076316,4.4761386983767615,85,85,1.0,0.005,0.4264336025097025,-0.9044961422030572,-0.006411816465225951,True
BH-HF1R,SXS:BBH:0305,6,C,467,Estar,3686.7903348761747,1.2940670074835907,1682,0.9177401008076316,5.112381463283491,85,85,1.0,0.005,0.4343078314523402,-0.900764512810735,-7.01437731192952e-08,True
BH-HF1R,SXS:BBH:0305,6,C,467,Bstar,3686.7903348761747,1.2940670074835907,1682,0.9177401008076316,1.2689812569483692,85,61,0.7176470588235294,0.005,-0.4745180088183998,0.8802457948249537,-8.09515388139371e-08,True
BH-HF1R,SXS:BBH:0305,6,C,468,Rstar,3686.7926515162867,1.296383647595576,1682,0.9177735926581909,4.484369721716173,85,85,1.0,0.005,0.4263853188987837,-0.9045189017702123,-0.0064121890171428015,True
BH-HF1R,SXS:BBH:0305,6,C,468,Estar,3686.7926515162867,1.296383647595576,1682,0.9177735926581909,5.112560640233621,85,85,1.0,0.005,0.43426030910323205,-0.9007874243891065,-7.012743306294285e-08,True
BH-HF1R,SXS:BBH:0305,6,C,468,Bstar,3686.7926515162867,1.296383647595576,1682,0.9177735926581909,1.2668655371720765,85,61,0.7176470588235294,0.005,-0.47455238314855747,0.8802272636359418,-8.092866062336521e-08,True
BH-HF1R,SXS:BBH:0305,6,C,469,Rstar,3686.794910240396,1.2986423717047728,1682,0.9178062041239848,4.491067090728677,85,85,1.0,0.005,0.4211193717344833,-0.9070013346414946,0.002655881868902413,True
BH-HF1R,SXS:BBH:0305,6,C,469,Estar,3686.794910240396,1.2986423717047728,1682,0.9178062041239848,5.116299677180472,85,85,1.0,0.005,0.4342140006707143,-0.9008097477389596,-7.011126632663916e-08,True
BH-HF1R,SXS:BBH:0305,6,C,469,Bstar,3686.794910240396,1.2986423717047728,1682,0.9178062041239848,1.2651401725265121,85,61,0.7176470588235294,0.005,-0.47458587880140063,0.8802092044748769,-8.090609081638099e-08,True
BH-HF1R,SXS:BBH:0305,6,C,470,Rstar,3686.7969538479233,1.3006859792321848,1682,0.9178356729481519,4.495170279003148,85,85,1.0,0.005,0.4200423282320152,-0.9074543847864923,-0.00953844983194777,True
BH-HF1R,SXS:BBH:0305,6,C,470,Estar,3686.7969538479233,1.3006859792321848,1682,0.9178356729481519,5.117330476394334,85,85,1.0,0.005,0.43417212454135623,-0.9008299319356791,-7.009666707786862e-08,True
BH-HF1R,SXS:BBH:0305,6,C,470,Bstar,3686.7969538479233,1.3006859792321848,1682,0.9178356729481519,1.264474536133164,85,61,0.7176470588235294,0.005,-0.4746161679721918,0.8801928726701811,-8.088570408194275e-08,True
BH-HF1R,SXS:BBH:0305,6,C,471,Rstar,3686.7996475806794,1.3033797119883275,1682,0.9178744636316458,4.506567092649205,85,85,1.0,0.005,0.4241766318072892,-0.905557091688793,-0.006367002493988634,True
BH-HF1R,SXS:BBH:0305,6,C,471,Estar,3686.7996475806794,1.3033797119883275,1682,0.9178744636316458,5.122848780616815,85,85,1.0,0.005,0.43411695839315306,-0.9008565182288867,-7.007745483535859e-08,True
BH-HF1R,SXS:BBH:0305,6,C,471,Bstar,3686.7996475806794,1.3033797119883275,1682,0.9178744636316458,1.2639802712470685,85,61,0.7176470588235294,0.005,-0.47465606910455077,0.8801713560791496,-8.08588706080397e-08,True
BH-HF1R,SXS:BBH:0305,6,C,472,Rstar,3686.8019114018844,1.3056435331932335,1682,0.9179070167463372,4.516646286059893,85,85,1.0,0.005,0.424130044514923,-0.9055789099177843,-0.006367358313072345,True
BH-HF1R,SXS:BBH:0305,6,C,472,Estar,3686.8019114018844,1.3056435331932335,1682,0.9179070167463372,5.117447270792268,85,85,1.0,0.005,0.43407062460068624,-0.9008788447170714,-7.006133283361083e-08,True
BH-HF1R,SXS:BBH:0305,6,C,472,Bstar,3686.8019114018844,1.3056435331932335,1682,0.9179070167463372,1.2636125341081066,85,61,0.7176470588235294,0.005,-0.47468958121004556,0.8801532829516828,-8.083635004819843e-08,True
BH-HF1R,SXS:BBH:0305,6,C,473,Rstar,3686.804287325173,1.3080194564818157,1682,0.9179411364782339,4.54132562921868,85,85,1.0,0.005,0.4188897175883604,-0.9080361493005433,0.001325164965237911,True
BH-HF1R,SXS:BBH:0305,6,C,473,Estar,3686.804287325173,1.3080194564818157,1682,0.9179411364782339,5.111773948871499,85,85,1.0,0.005,0.4340220239024453,-0.900902260385454,-7.00443940903455e-08,True
BH-HF1R,SXS:BBH:0305,6,C,473,Bstar,3686.804287325173,1.3080194564818157,1682,0.9179411364782339,1.263224781744492,85,61,0.7176470588235294,0.005,-0.4747247322531129,0.8801343241728524,-8.081269571450938e-08,True
BH-HF1R,SXS:BBH:0305,6,C,474,Rstar,3686.8065953486102,1.310327479919124,1682,0.9179742361946012,4.555065481443984,85,85,1.0,0.005,0.4144156479559001,-0.9100732033139263,0.005141530824638271,True
BH-HF1R,SXS:BBH:0305,6,C,474,Estar,3686.8065953486102,1.310327479919124,1682,0.9179742361946012,5.109184944643509,85,85,1.0,0.005,0.4339748390561874,-0.9009249908100849,-7.002794588197979e-08,True
BH-HF1R,SXS:BBH:0305,6,C,474,Bstar,3686.8065953486102,1.310327479919124,1682,0.9179742361946012,1.263303887539704,85,61,0.7176470588235294,0.005,-0.4747588586162594,0.8801159163231739,-8.078972780588423e-08,True
BH-HF1R,SXS:BBH:0305,6,C,475,Rstar,3686.8086997541373,1.3124318854461308,1682,0.918004377372936,4.563153302505576,85,85,1.0,0.005,0.41437214068690137,-0.910093012409811,0.005141768702548572,True
BH-HF1R,SXS:BBH:0305,6,C,475,Estar,3686.8086997541373,1.3124318854461308,1682,0.918004377372936,5.1118233563981335,85,85,1.0,0.005,0.43393184005289076,-0.9009457021309928,-7.001293869815552e-08,True
BH-HF1R,SXS:BBH:0305,6,C,475,Bstar,3686.8086997541373,1.3124318854461308,1682,0.918004377372936,1.2634718259288318,85,61,0.7176470588235294,0.005,-0.4747899570178322,0.8800991402762525,-8.07687765044989e-08,True
BH-HF1R,SXS:BBH:0305,6,C,476,Rstar,3686.811301173776,1.315033305084853,1682,0.9180415868856528,4.573179393205582,85,85,1.0,0.005,0.4143183898687883,-0.9101174819844284,0.00514206212118937,True
BH-HF1R,SXS:BBH:0305,6,C,476,Estar,3686.811301173776,1.315033305084853,1682,0.9180415868856528,5.11123384311531,85,85,1.0,0.005,0.43387871608745027,-0.9009712868489765,-6.99943954487381e-08,True
BH-HF1R,SXS:BBH:0305,6,C,476,Bstar,3686.811301173776,1.315033305084853,1682,0.9180415868856528,1.2636709627084468,85,61,0.7176470588235294,0.005,-0.4748283774144103,0.8800784124167528,-8.07428900545513e-08,True
BH-HF1R,SXS:BBH:0305,6,C,477,Rstar,3686.813545999196,1.3172781305047465,1682,0.9180736513213569,4.581941968080206,85,85,1.0,0.005,0.4142720353713173,-0.9101385813755594,0.005142314750228017,True
BH-HF1R,SXS:BBH:0305,6,C,477,Estar,3686.813545999196,1.3172781305047465,1682,0.9180736513213569,5.1159245824477475,85,85,1.0,0.005,0.4308834381199543,-0.9024075923627429,-7.014741388251921e-08,True
BH-HF1R,SXS:BBH:0305,6,C,477,Bstar,3686.813545999196,1.3172781305047465,1682,0.9180736513213569,1.2638352702470113,85,61,0.7176470588235294,0.005,-0.47486151105495344,0.8800605350307442,-8.072057156087597e-08,True
BH-HF1R,SXS:BBH:0305,6,C,478,Rstar,3686.8159322242914,1.3196643556002527,1682,0.9181076897557979,4.582023304137552,85,85,1.0,0.005,0.4142227897807745,-0.9101609935990704,0.005142582715439689,True
BH-HF1R,SXS:BBH:0305,6,C,478,Estar,3686.8159322242914,1.3196643556002527,1682,0.9181076897557979,5.131233238376651,85,85,1.0,0.005,0.43083514569003545,-0.9024306495450168,-7.013042211742835e-08,True
BH-HF1R,SXS:BBH:0305,6,C,478,Bstar,3686.8159322242914,1.3196643556002527,1682,0.9181076897557979,1.2640022671642936,85,61,0.7176470588235294,0.005,-0.47489671125246286,0.8800415408613325,-8.069682520191807e-08,True
BH-HF1R,SXS:BBH:0305,6,C,479,Rstar,3686.8181904205444,1.3219225518532767,1682,0.918139859387405,4.59281805028195,85,85,1.0,0.005,0.4141762136532751,-0.9101821879625079,0.005142835756533558,True
BH-HF1R,SXS:BBH:0305,6,C,479,Estar,3686.8181904205444,1.3219225518532767,1682,0.918139859387405,5.140100030731779,85,85,1.0,0.005,0.42398492555059586,-0.9056692458650955,-7.023155633863183e-08,True
BH-HF1R,SXS:BBH:0305,6,C,479,Bstar,3686.8181904205444,1.3219225518532767,1682,0.918139859387405,1.2636599317260897,85,61,0.7176470588235294,0.005,-0.4749300033817715,0.8800235746204667,-8.067442936817827e-08,True
BH-HF1R,SXS:BBH:0305,6,C,480,Rstar,3686.820445660351,1.3241777916600768,1682,0.9181719450824902,4.596117931095402,85,85,1.0,0.005,0.41412972493338956,-0.9102033396846401,0.005143087936528856,True
BH-HF1R,SXS:BBH:0305,6,C,480,Estar,3686.820445660351,1.3241777916600768,1682,0.9181719450824902,5.144823002724137,85,85,1.0,0.005,0.42393960538509323,-0.9056904609114123,-7.021560823994211e-08,True
BH-HF1R,SXS:BBH:0305,6,C,480,Bstar,3686.820445660351,1.3241777916600768,1682,0.9181719450824902,1.2623658613783024,85,61,0.7176470588235294,0.005,-0.47496323306496196,0.8800056404571918,-8.06519937515286e-08,True
BH-HF1R,SXS:BBH:0305,6,C,481,Rstar,3686.8229818376217,1.3267139689305623,1682,0.9182079780753929,4.596960014298988,85,85,1.0,0.005,0.4097659009410968,-0.912176268646888,0.005134329885345711,True
BH-HF1R,SXS:BBH:0305,6,C,481,Estar,3686.8229818376217,1.3267139689305623,1682,0.9182079780753929,5.129649901997976,85,85,1.0,0.005,0.4373716777296891,-0.8992808323988187,-6.999892795046749e-08,True
BH-HF1R,SXS:BBH:0305,6,C,481,Bstar,3686.8229818376217,1.3267139689305623,1682,0.9182079780753929,1.2616411421936997,85,61,0.7176470588235294,0.005,-0.47500057970009063,0.8799854824283019,-8.062674052691939e-08,True
BH-HF1R,SXS:BBH:0305,6,C,482,Rstar,3686.8252538694496,1.3289860007585048,1682,0.9182402133078463,4.590678378885802,85,85,1.0,0.005,0.4167430349851218,-0.9090243356431031,-6.946555034044876e-08,True
BH-HF1R,SXS:BBH:0305,6,C,482,Estar,3686.8252538694496,1.3289860007585048,1682,0.9182402133078463,5.132420493683588,85,85,1.0,0.005,0.43732604791235635,-0.8993030233560625,-6.998256017289434e-08,True
BH-HF1R,SXS:BBH:0305,6,C,482,Bstar,3686.8252538694496,1.3289860007585048,1682,0.9182402133078463,1.2613763521110692,85,61,0.7176470588235294,0.005,-0.4750340164245682,0.8799674330562107,-8.060413768814616e-08,True
BH-HF1R,SXS:BBH:0305,6,C,483,Rstar,3686.827587075347,1.3313192066557349,1682,0.9182732740569879,4.601457129748185,85,85,1.0,0.005,0.4166949785166135,-0.9090463656376577,-6.944947235596604e-08,True
BH-HF1R,SXS:BBH:0305,6,C,483,Estar,3686.827587075347,1.3313192066557349,1682,0.9182732740569879,5.137123157988732,85,85,1.0,0.005,0.4372792155358015,-0.8993257961719929,-6.996581482365593e-08,True
BH-HF1R,SXS:BBH:0305,6,C,483,Bstar,3686.827587075347,1.3313192066557349,1682,0.9182732740569879,1.2617493622422213,85,61,0.7176470588235294,0.005,-0.4750683335607573,0.8799489067257249,-8.058100603367487e-08,True
BH-HF1R,SXS:BBH:0305,6,C,484,Rstar,3686.829198647273,1.3329307785820674,1682,0.9182960831376661,4.601582904458606,85,85,1.0,0.005,0.4166618017639345,-0.9090615726950662,-6.943834757202536e-08,True
BH-HF1R,SXS:BBH:0305,6,C,484,Estar,3686.829198647273,1.3329307785820674,1682,0.9182960831376661,5.140372992674175,85,85,1.0,0.005,0.4372468832547092,-0.8993415163796442,-6.995422924681999e-08,True
BH-HF1R,SXS:BBH:0305,6,C,484,Bstar,3686.829198647273,1.3329307785820674,1682,0.9182960831376661,1.262006573113223,85,61,0.7176470588235294,0.005,-0.4750920250567563,0.8799361157081029,-8.056500614542913e-08,True
BH-HF1R,SXS:BBH:0305,6,C,485,Rstar,3686.8307699299016,1.3345020612105145,1682,0.9183183019520292,4.597383999624498,85,85,1.0,0.005,0.4166294673504283,-0.9090763922439598,-6.942751454035649e-08,True
BH-HF1R,SXS:BBH:0305,6,C,485,Estar,3686.8307699299016,1.3345020612105145,1682,0.9183183019520292,5.1437012374415305,85,85,1.0,0.005,0.43721537139701655,-0.8993568363081275,-6.994294698868148e-08,True
BH-HF1R,SXS:BBH:0305,6,C,485,Bstar,3686.8307699299016,1.3345020612105145,1682,0.9183183019520292,1.2622570091892056,85,61,0.7176470588235294,0.005,-0.47511511501101,0.8799236486696265,-8.054942295119987e-08,True
BH-HF1R,SXS:BBH:0305,6,C,486,Rstar,3686.832191566565,1.3359236978740228,1682,0.9183383872959844,4.593611769574765,85,85,1.0,0.005,0.4166002233444662,-0.9090897941949057,-6.941769819064978e-08,True
BH-HF1R,SXS:BBH:0305,6,C,486,Estar,3686.832191566565,1.3359236978740228,1682,0.9183383872959844,5.1467913410655965,85,85,1.0,0.005,0.43718687092503383,-0.8993706910338878,-6.993272425352416e-08,True
BH-HF1R,SXS:BBH:0305,6,C,486,Bstar,3686.832191566565,1.3359236978740228,1682,0.9183383872959844,1.262483303444466,85,61,0.7176470588235294,0.005,-0.47513599809042095,0.8799123725227491,-8.053530793787999e-08,True
BH-HF1R,SXS:BBH:0305,6,C,487,Rstar,3686.834409360114,1.3381414914229026,1682,0.9183696885287508,4.587819490298825,85,85,1.0,0.005,0.4165546226648028,-0.9091106898153707,-6.940237744584706e-08,True
BH-HF1R,SXS:BBH:0305,6,C,487,Estar,3686.834409360114,1.3381414914229026,1682,0.9183696885287508,5.151614970726982,85,85,1.0,0.005,0.437142428884335,-0.8993922930896724,-6.991676954556017e-08,True
BH-HF1R,SXS:BBH:0305,6,C,487,Bstar,3686.834409360114,1.3381414914229026,1682,0.9183696885287508,1.2628357690338,85,61,0.7176470588235294,0.005,-0.4751685613899352,0.8798947881801624,-8.051328209975764e-08,True
BH-HF1R,SXS:BBH:0305,6,C,488,Rstar,3686.8361755121796,1.3399076434884591,1682,0.9183945872532466,4.587296317416937,85,85,1.0,0.005,0.4165183264321676,-0.9091273198766724,-6.939019431146635e-08,True
BH-HF1R,SXS:BBH:0305,6,C,488,Estar,3686.8361755121796,1.3399076434884591,1682,0.9183945872532466,5.155458852999717,85,85,1.0,0.005,0.43710705421218865,-0.8994094858060693,-6.990408202022393e-08,True
BH-HF1R,SXS:BBH:0305,6,C,488,Bstar,3686.8361755121796,1.3399076434884591,1682,0.9183945872532466,1.2631159658253068,85,61,0.7176470588235294,0.005,-0.475194480374409,0.879880790687971,-8.049576459410408e-08,True
BH-HF1R,SXS:BBH:0305,6,C,489,Rstar,3686.8382606634596,1.34199279476843,1682,0.918423950541839,4.589074571556897,85,85,1.0,0.005,0.42158537193557444,-0.9067887152859472,-6.97789306179967e-08,True
BH-HF1R,SXS:BBH:0305,6,C,489,Estar,3686.8382606634596,1.34199279476843,1682,0.918423950541839,5.15821469764895,85,85,1.0,0.005,0.4370653095929532,-0.8994297722170481,-6.988909756487104e-08,True
BH-HF1R,SXS:BBH:0305,6,C,489,Bstar,3686.8382606634596,1.34199279476843,1682,0.918423950541839,1.2623192316625504,85,61,0.7176470588235294,0.005,-0.4752250660093983,0.8798642717126072,-8.047507900055455e-08,True
BH-HF1R,SXS:BBH:0305,6,C,490,Rstar,3686.8401762177623,1.343908349071171,1682,0.9184508950753149,4.592366536118456,85,85,1.0,0.005,0.4215465941150494,-0.9068067429116288,-6.976553549288478e-08,True
BH-HF1R,SXS:BBH:0305,6,C,490,Estar,3686.8401762177623,1.343908349071171,1682,0.9184508950753149,5.165437117373225,85,85,1.0,0.005,0.43702697877950925,-0.8994483975297579,-6.987533729082852e-08,True
BH-HF1R,SXS:BBH:0305,6,C,490,Bstar,3686.8401762177623,1.343908349071171,1682,0.9184508950753149,1.2613969101158469,85,61,0.7176470588235294,0.005,-0.47525314982523126,0.8798491027336391,-8.045608404133675e-08,True
BH-HF1R,SXS:BBH:0305,6,C,491,Rstar,3686.842150876646,1.3458830079548534,1682,0.9184786398083783,4.591713741709798,85,85,1.0,0.005,0.4215066390115589,-0.9068253157412263,-6.975172688331722e-08,True
BH-HF1R,SXS:BBH:0305,6,C,491,Estar,3686.842150876646,1.3458830079548534,1682,0.9184786398083783,5.173493877488551,85,85,1.0,0.005,0.4369874837589995,-0.8994675864298687,-6.98611524997803e-08,True
BH-HF1R,SXS:BBH:0305,6,C,491,Bstar,3686.842150876646,1.3458830079548534,1682,0.9184786398083783,1.2604466524153788,85,61,0.7176470588235294,0.005,-0.4752820860420421,0.8798334721340842,-8.043650484707819e-08,True
BH-HF1R,SXS:BBH:0305,6,C,492,Rstar,3686.843937472779,1.3476696040879688,1682,0.9185036777543216,4.585794086794156,85,85,1.0,0.005,0.4214705059704062,-0.9068421100704603,-6.973917965214615e-08,True
BH-HF1R,SXS:BBH:0305,6,C,492,Estar,3686.843937472779,1.3476696040879688,1682,0.9185036777543216,5.180311893335566,85,85,1.0,0.005,0.43695176635681854,-0.899484938104942,-6.984826477875318e-08,True
BH-HF1R,SXS:BBH:0305,6,C,492,Bstar,3686.843937472779,1.3476696040879688,1682,0.9185036777543216,1.2595873418527335,85,61,0.7176470588235294,0.005,-0.4753082540618107,0.8798193357847433,-8.041873130585922e-08,True
BH-HF1R,SXS:BBH:0305,6,C,493,Rstar,3686.846267255609,1.349999386917716,1682,0.9185363767249077,4.594958490974832,85,85,1.0,0.005,0.42142341120228166,-0.9068639966889346,-6.972288785409139e-08,True
BH-HF1R,SXS:BBH:0305,6,C,493,Estar,3686.846267255609,1.349999386917716,1682,0.9185363767249077,5.184306599034626,85,85,1.0,0.005,0.4369052127033657,-0.899507551448359,-6.983152970090801e-08,True
BH-HF1R,SXS:BBH:0305,6,C,493,Bstar,3686.846267255609,1.349999386917716,1682,0.9185363767249077,1.2584674128026136,85,61,0.7176470588235294,0.005,-0.4753423604360634,0.8798009095102511,-8.039563627355444e-08,True
BH-HF1R,SXS:BBH:0305,6,C,494,Rstar,3686.8482484408823,1.3519805721912235,1682,0.9185641167719049,4.605302499119301,85,85,1.0,0.005,0.42138338438902256,-0.9068825962388121,-6.970903945472216e-08,True
BH-HF1R,SXS:BBH:0305,6,C,494,Estar,3686.8482484408823,1.3519805721912235,1682,0.9185641167719049,5.188339453653656,85,85,1.0,0.005,0.4368656452453067,-0.8995267689204125,-6.981730437635393e-08,True
BH-HF1R,SXS:BBH:0305,6,C,494,Bstar,3686.8482484408823,1.3519805721912235,1682,0.9185641167719049,1.2575156232756832,85,61,0.7176470588235294,0.005,-0.4753713479034293,0.8797852474282974,-8.037600612289463e-08,True
BH-HF1R,SXS:BBH:0305,6,C,495,Rstar,3686.850418618654,1.3541507499630825,1682,0.9185944672586294,4.616527200606248,85,85,1.0,0.005,0.42133956175547793,-0.9069029571567715,-6.969386305050482e-08,True
BH-HF1R,SXS:BBH:0305,6,C,495,Estar,3686.850418618654,1.3541507499630825,1682,0.9185944672586294,5.189582020143567,85,85,1.0,0.005,0.43682232494955353,-0.8995478066371247,-6.980171535506718e-08,True
BH-HF1R,SXS:BBH:0305,6,C,495,Bstar,3686.850418618654,1.3541507499630825,1682,0.9185944672586294,1.2571233782504123,85,61,0.7176470588235294,0.005,-0.47540308405132065,0.8797680988047285,-8.035449735368398e-08,True
BH-HF1R,SXS:BBH:0305,6,C,496,Rstar,3686.852261284773,1.3559934160816738,1682,0.9186202080889163,4.606758731806719,85,85,1.0,0.005,0.42130237103994156,-0.9069202347263616,-6.968098023748008e-08,True
BH-HF1R,SXS:BBH:0305,6,C,496,Estar,3686.852261284773,1.3559934160816738,1682,0.9186202080889163,5.192718990298314,85,85,1.0,0.005,0.4367855600754904,-0.899565658809592,-6.978848250083293e-08,True
BH-HF1R,SXS:BBH:0305,6,C,496,Bstar,3686.852261284773,1.3559934160816738,1682,0.9186202080889163,1.257224074619763,85,61,0.7176470588235294,0.005,-0.47543001718295885,0.8797535443301181,-8.033624047887935e-08,True
BH-HF1R,SXS:BBH:0305,6,C,497,Rstar,3686.8540578842385,1.3577900155473799,1682,0.9186452852890696,4.5992680055387405,85,85,1.0,0.005,0.42126612797192947,-0.9069370702664731,-6.483528345982351e-08,True
BH-HF1R,SXS:BBH:0305,6,C,497,Estar,3686.8540578842385,1.3577900155473799,1682,0.9186452852890696,5.197113370070222,85,85,1.0,0.005,0.4367497315405484,-0.8995830545309615,-6.493285884863057e-08,True
BH-HF1R,SXS:BBH:0305,6,C,497,Bstar,3686.8540578842385,1.3577900155473799,1682,0.9186452852890696,1.2573213887357761,85,61,0.7176470588235294,0.005,-0.4754562639454129,0.8797393597396131,-7.48260660392355e-08,True
BH-HF1R,SXS:BBH:0305,6,C,498,Rstar,3686.855683378993,1.3594155103019148,1682,0.9186679407989432,4.592520511965802,85,85,1.0,0.005,0.4212333474470014,-0.9069522958781179,-6.965665964047043e-08,True
BH-HF1R,SXS:BBH:0305,6,C,498,Estar,3686.855683378993,1.3594155103019148,1682,0.9186679407989432,5.201697827199366,85,85,1.0,0.005,0.4367173256616032,-0.8995987869416967,-6.976351147023403e-08,True
BH-HF1R,SXS:BBH:0305,6,C,498,Bstar,3686.855683378993,1.3594155103019148,1682,0.9186679407989432,1.2574086435090728,85,61,0.7176470588235294,0.005,-0.47548000283651437,0.879726529611664,-8.030189135300519e-08,True
BH-HF1R,SXS:BBH:0305,6,C,499,Rstar,3686.8579669591804,1.36169909048931,1682,0.9186997413322756,4.595832902395604,85,85,1.0,0.005,0.4211873200967644,-0.9069736718282956,-6.964116116745391e-08,True
BH-HF1R,SXS:BBH:0305,6,C,499,Estar,3686.8579669591804,1.36169909048931,1682,0.9186997413322756,5.20703787153905,85,85,1.0,0.005,0.43667182372869273,-0.8996208747919607,-6.974758054583201e-08,True
BH-HF1R,SXS:BBH:0305,6,C,499,Bstar,3686.8579669591804,1.36169909048931,1682,0.9186997413322756,1.257530039040916,85,61,0.7176470588235294,0.005,-0.47551333464465834,0.8797085134151599,-8.027980156118242e-08,True
BH-HF1R,SXS:BBH:0305,6,C,500,Rstar,3686.8598597842956,1.363591915604502,1682,0.9187260692302025,4.60206138887452,85,85,1.0,0.005,0.42114918838649285,-0.9069913787470051,-6.962776635505065e-08,True
BH-HF1R,SXS:BBH:0305,6,C,500,Estar,3686.8598597842956,1.363591915604502,1682,0.9187260692302025,5.210554839754008,85,85,1.0,0.005,0.4366341267983333,-0.8996391717322295,-6.973382646629124e-08,True
BH-HF1R,SXS:BBH:0305,6,C,500,Bstar,3686.8598597842956,1.363591915604502,1682,0.9187260692302025,1.257629583273949,85,61,0.7176470588235294,0.005,-0.47554094840565425,0.8796935866478989,-8.026087285209757e-08,True
BH-HF1R,SXS:BBH:0305,6,C,501,Rstar,3686.861995768253,1.365727899561989,1682,0.9187557454030281,4.618821339317908,85,85,1.0,0.005,0.42110617953255025,-0.907011348087495,-6.961288907684149e-08,True
BH-HF1R,SXS:BBH:0305,6,C,501,Estar,3686.861995768253,1.365727899561989,1682,0.9187557454030281,5.21609979546304,85,85,1.0,0.005,0.4365916077832682,-0.8996598068232327,-6.971854449906364e-08,True
BH-HF1R,SXS:BBH:0305,6,C,501,Bstar,3686.861995768253,1.365727899561989,1682,0.9187557454030281,1.2577407401057004,85,61,0.7176470588235294,0.005,-0.4755720937861377,0.8796767495005553,-8.023978497944693e-08,True
BH-HF1R,SXS:BBH:0305,6,C,502,Rstar,3686.863815270342,1.3675474016508815,1682,0.9187809962898672,4.6338036713194075,85,85,1.0,0.005,0.42106956104020066,-0.9070283483802519,-6.960017990909841e-08,True
BH-HF1R,SXS:BBH:0305,6,C,502,Estar,3686.863815270342,1.3675474016508815,1682,0.9187809962898672,5.223745018284364,85,85,1.0,0.005,0.43655540588829317,-0.8996773741679308,-6.970549062556522e-08,True
BH-HF1R,SXS:BBH:0305,6,C,502,Bstar,3686.863815270342,1.3675474016508815,1682,0.9187809962898672,1.257834441431739,85,61,0.7176470588235294,0.005,-0.47559861129778536,0.87966241304924,-8.022178251762184e-08,True
BH-HF1R,SXS:BBH:0305,6,C,503,Rstar,3686.8655892848788,1.3693214161876313,1682,0.9188055906668794,4.643895450139061,85,85,1.0,0.005,0.42103387382670626,-0.9070449145937992,-6.958778792893603e-08,True
BH-HF1R,SXS:BBH:0305,6,C,503,Estar,3686.8655892848788,1.3693214161876313,1682,0.9188055906668794,5.231337283484917,85,85,1.0,0.005,0.4365201242701518,-0.8996944932070923,-6.969276272895065e-08,True
BH-HF1R,SXS:BBH:0305,6,C,503,Bstar,3686.8655892848788,1.3693214161876313,1682,0.9188055906668794,1.2575046693729512,85,61,0.7176470588235294,0.005,-0.4756244542303267,0.8796484403090234,-8.020423118004534e-08,True
BH-HF1R,SXS:BBH:0305,6,C,504,Rstar,3686.8671943456498,1.3709264769586298,1682,0.9188278214111558,4.653964061591025,85,85,1.0,0.005,0.4210015988487349,-0.9070598953579659,-6.957657850568483e-08,True
BH-HF1R,SXS:BBH:0305,6,C,504,Estar,3686.8671943456498,1.3709264769586298,1682,0.9188278214111558,5.235423447424448,85,85,1.0,0.005,0.4364882157603184,-0.8997099741040826,-6.96812495007608e-08,True
BH-HF1R,SXS:BBH:0305,6,C,504,Bstar,3686.8671943456498,1.3709264769586298,1682,0.9188278214111558,1.256667119494686,85,61,0.7176470588235294,0.005,-0.4756478260286145,0.879635802815146,-8.018835554751465e-08,True
BH-HF1R,SXS:BBH:0305,6,C,505,Rstar,3686.869479510777,1.373211642086062,1682,0.9188594372313788,4.667842722851352,85,85,1.0,0.005,0.4209556702016856,-0.9070812112071581,-6.9560614259884e-08,True
BH-HF1R,SXS:BBH:0305,6,C,505,Estar,3686.869479510777,1.373211642086062,1682,0.9188594372313788,5.242232277199069,85,85,1.0,0.005,0.43644280804571517,-0.8997320019345573,-6.96648529618365e-08,True
BH-HF1R,SXS:BBH:0305,6,C,505,Bstar,3686.869479510777,1.373211642086062,1682,0.9188594372313788,1.255477275988028,85,61,0.7176470588235294,0.005,-0.4756810848137737,0.879617817890466,-8.016574973432003e-08,True
BH-HF1R,SXS:BBH:0305,6,C,506,Rstar,3686.8713623789577,1.3750945102665355,1682,0.918885459102653,4.668165013095114,85,85,1.0,0.005,0.42091784373653296,-0.9070987646470382,-6.954935667303073e-08,True
BH-HF1R,SXS:BBH:0305,6,C,506,Estar,3686.8713623789577,1.3750945102665355,1682,0.918885459102653,5.2488356341103595,85,85,1.0,0.005,0.4364054101181361,-0.8997501419947744,-6.965324244945236e-08,True
BH-HF1R,SXS:BBH:0305,6,C,506,Bstar,3686.8713623789577,1.3750945102665355,1682,0.918885459102653,1.2544991025390302,85,61,0.7176470588235294,0.005,-0.47570847633882696,0.8796030045079344,-8.01493134902383e-08,True
BH-HF1R,SXS:BBH:0305,6,C,507,Rstar,3686.87349028126,1.377222412568699,1682,0.9189148284025025,4.668571147240271,85,85,1.0,0.005,0.42087512182660214,-0.9071185875217408,-6.953262548346578e-08,True
BH-HF1R,SXS:BBH:0305,6,C,507,Estar,3686.87349028126,1.377222412568699,1682,0.9189148284025025,5.254749208851571,85,85,1.0,0.005,0.4363631716588216,-0.8997706276712132,-6.963610639074967e-08,True
BH-HF1R,SXS:BBH:0305,6,C,507,Bstar,3686.87349028126,1.377222412568699,1682,0.9189148284025025,1.2533962854400316,85,61,0.7176470588235294,0.005,-0.4757394123862558,0.8795862729160647,-8.012611568513473e-08,True
BH-HF1R,SXS:BBH:0305,6,C,508,Rstar,3686.875234957858,1.378967089166963,1682,0.9189388842581856,4.668849500846268,85,85,1.0,0.005,0.4208401083116177,-0.9071348318944991,-6.952044396051067e-08,True
BH-HF1R,SXS:BBH:0305,6,C,508,Estar,3686.875234957858,1.378967089166963,1682,0.9189388842581856,5.259351823497784,85,85,1.0,0.005,0.43632855393640774,-0.899787415459762,-6.962359533527043e-08,True
BH-HF1R,SXS:BBH:0305,6,C,508,Bstar,3686.875234957858,1.378967089166963,1682,0.9189388842581856,1.2524939600958824,85,61,0.7176470588235294,0.005,-0.4757647664544894,0.8795725592584724,-8.010887019627235e-08,True
BH-HF1R,SXS:BBH:0305,6,C,509,Rstar,3686.876936017541,1.3806681488499635,1682,0.9189623158394948,4.668824392909766,85,85,1.0,0.005,0.4208059846165802,-0.9071506618588038,-6.950856857270052e-08,True
BH-HF1R,SXS:BBH:0305,6,C,509,Estar,3686.876936017541,1.3806681488499635,1682,0.9189623158394948,5.267270500019429,85,85,1.0,0.005,0.436294815602496,-0.8998037752078946,-6.961139883696975e-08,True
BH-HF1R,SXS:BBH:0305,6,C,509,Bstar,3686.876936017541,1.3806681488499635,1682,0.9189623158394948,1.2516158757059668,85,61,0.7176470588235294,0.005,-0.4757894760087148,0.8795591933004544,-8.00920594172186e-08,True
BH-HF1R,SXS:BBH:0305,6,C,510,Rstar,3686.8784750715404,1.3822072028492585,1682,0.9189834966144004,4.6688060437654135,85,85,1.0,0.005,0.42077512312833626,-0.9071649771438095,-6.949782493431247e-08,True
BH-HF1R,SXS:BBH:0305,6,C,510,Estar,3686.8784750715404,1.3822072028492585,1682,0.9189834966144004,5.273093402377345,85,85,1.0,0.005,0.4362643023181379,-0.8998185697810773,-6.96003647369587e-08,True
BH-HF1R,SXS:BBH:0305,6,C,510,Bstar,3686.8784750715404,1.3822072028492585,1682,0.9189834966144004,1.250822842231374,85,61,0.7176470588235294,0.005,-0.4758118231918009,0.8795471044298242,-8.007685177699317e-08,True
BH-HF1R,SXS:BBH:0305,6,C,511,Rstar,3686.8807276947223,1.3844598260311614,1682,0.9190144642491572,4.680295401394683,85,85,1.0,0.005,0.4207299740633937,-0.9071859175078785,-6.948216386962335e-08,True
BH-HF1R,SXS:BBH:0305,6,C,511,Estar,3686.8807276947223,1.3844598260311614,1682,0.9190144642491572,5.274645782367224,85,85,1.0,0.005,0.43621966211861635,-0.8998402115826538,-6.958427900355243e-08,True
BH-HF1R,SXS:BBH:0305,6,C,511,Bstar,3686.8807276947223,1.3844598260311614,1682,0.9190144642491572,1.2499934044487255,85,61,0.7176470588235294,0.005,-0.47584451592572596,0.8795294177362148,-8.00546681431769e-08,True
BH-HF1R,SXS:BBH:0305,6,C,512,Rstar,3686.8825660607217,1.3862981920306083,1682,0.9190397080129737,4.693880283072782,85,85,1.0,0.005,0.4206931464774178,-0.9072029963061877,-6.94696527145791e-08,True
BH-HF1R,SXS:BBH:0305,6,C,512,Estar,3686.8825660607217,1.3862981920306083,1682,0.9190397080129737,5.2728218075503674,85,85,1.0,0.005,0.4361832491311335,-0.8998578627635605,-6.957142185321168e-08,True
BH-HF1R,SXS:BBH:0305,6,C,512,Bstar,3686.8825660607217,1.3862981920306083,1682,0.9190397080129737,1.24973161745741,85,61,0.7176470588235294,0.005,-0.47587118279301927,0.8795149898592783,-8.003687381336603e-08,True
BH-HF1R,SXS:BBH:0305,6,C,513,Rstar,3686.8846643061997,1.388396437508618,1682,0.9190684880791319,4.708226796315686,85,85,1.0,0.005,0.42065113314692115,-0.9072224777761001,-6.945469107481594e-08,True
BH-HF1R,SXS:BBH:0305,6,C,513,Estar,3686.8846643061997,1.388396437508618,1682,0.9190684880791319,5.267028012372813,85,85,1.0,0.005,0.4361417082557062,-0.8998779974639838,-6.955606440996915e-08,True
BH-HF1R,SXS:BBH:0305,6,C,513,Bstar,3686.8846643061997,1.388396437508618,1682,0.9190684880791319,1.2494316341840161,85,61,0.7176470588235294,0.005,-0.47590160440712614,0.8794985292328332,-8.00157892587282e-08,True
BH-HF1R,SXS:BBH:0305,6,C,514,Rstar,3686.886367359587,1.3900994908958637,1682,0.919091826222843,4.719384510273539,85,85,1.0,0.005,0.42061704874243355,-0.9072382808872214,-6.944279409238403e-08,True
BH-HF1R,SXS:BBH:0305,6,C,514,Estar,3686.886367359587,1.3900994908958637,1682,0.919091826222843,5.2626802085755955,85,85,1.0,0.005,0.43610800673238886,-0.8998943307210564,-6.954384680549924e-08,True
BH-HF1R,SXS:BBH:0305,6,C,514,Bstar,3686.886367359587,1.3900994908958637,1682,0.919091826222843,1.2491872162399251,85,61,0.7176470588235294,0.005,-0.47592628453221486,0.8794851742305579,-7.999895770366012e-08,True
BH-HF1R,SXS:BBH:0305,6,C,515,Rstar,3686.8880278366396,1.3917599679484738,1682,0.9191145523994056,4.730316729151623,85,85,1.0,0.005,0.4205838302030463,-0.9072536810461175,-6.943121409687926e-08,True
BH-HF1R,SXS:BBH:0305,6,C,515,Estar,3686.8880278366396,1.3917599679484738,1682,0.9191145523994056,5.261411819803205,85,85,1.0,0.005,0.43765801334504684,-0.8991415146431968,-6.95618765672927e-08,True
BH-HF1R,SXS:BBH:0305,6,C,515,Bstar,3686.8880278366396,1.3917599679484738,1682,0.9191145523994056,1.2489481027471496,85,61,0.7176470588235294,0.005,-0.4759503375224349,0.8794721577243215,-7.998257208769804e-08,True
BH-HF1R,SXS:BBH:0305,6,C,516,Rstar,3686.889530173021,1.3932623043297099,1682,0.9191350991807593,4.729758949904171,85,85,1.0,0.005,0.42055378704036067,-0.9072676078236267,-6.942079397129334e-08,True
BH-HF1R,SXS:BBH:0305,6,C,516,Estar,3686.889530173021,1.3932623043297099,1682,0.9191350991807593,5.264610274344779,85,85,1.0,0.005,0.4376283574896079,-0.8991559490549698,-6.955115068949583e-08,True
BH-HF1R,SXS:BBH:0305,6,C,516,Bstar,3686.889530173021,1.3932623043297099,1682,0.9191350991807593,1.2487310741469972,85,61,0.7176470588235294,0.005,-0.47597209112847366,0.8794603848194537,-7.996781304421541e-08,True
BH-HF1R,SXS:BBH:0305,6,C,517,Rstar,3686.891777473985,1.3955096052936824,1682,0.9191658018536596,4.743542959021314,85,85,1.0,0.005,0.43600103787986094,-0.899946162260654,-6.950516184376652e-08,True
BH-HF1R,SXS:BBH:0305,6,C,517,Estar,3686.891777473985,1.3955096052936824,1682,0.9191658018536596,5.257245758240338,85,85,1.0,0.005,0.43758401604108893,-0.8991775291372373,-6.953502595799919e-08,True
BH-HF1R,SXS:BBH:0305,6,C,517,Bstar,3686.891777473985,1.3955096052936824,1682,0.9191658018536596,1.2484052084511272,85,61,0.7176470588235294,0.005,-0.47600461643802383,0.8794427810435899,-7.994564675421823e-08,True
BH-HF1R,SXS:BBH:0305,6,C,518,Rstar,3686.893598500132,1.3973306314410365,1682,0.9191906524965218,4.75568052879996,85,85,1.0,0.005,0.4359650637345703,-0.8999635899317856,-6.949212352690653e-08,True
BH-HF1R,SXS:BBH:0305,6,C,518,Estar,3686.893598500132,1.3973306314410365,1682,0.9191906524965218,5.258996569281157,85,85,1.0,0.005,0.43754810288837653,-0.8991950053568902,-6.952195941388186e-08,True
BH-HF1R,SXS:BBH:0305,6,C,518,Bstar,3686.893598500132,1.3973306314410365,1682,0.9191906524965218,1.2481400796293953,85,61,0.7176470588235294,0.005,-0.4760309588205253,0.8794285225329032,-7.992768637565834e-08,True
BH-HF1R,SXS:BBH:0305,6,C,519,Rstar,3686.8957062728036,1.3994384041125159,1682,0.9192193841987075,4.752259896848913,85,85,1.0,0.005,0.4359234445446473,-0.8999837501290371,-6.947703626042479e-08,True
BH-HF1R,SXS:BBH:0305,6,C,519,Estar,3686.8957062728036,1.3994384041125159,1682,0.9192193841987075,5.269638672212891,85,85,1.0,0.005,0.4375065542074465,-0.8992152217492329,-6.950683948387198e-08,True
BH-HF1R,SXS:BBH:0305,6,C,519,Bstar,3686.8957062728036,1.3994384041125159,1682,0.9192193841987075,1.2478320024866179,85,61,0.7176470588235294,0.005,-0.4760614341946391,0.8794120256583582,-7.990690461035129e-08,True
BH-HF1R,SXS:BBH:0305,6,C,520,Rstar,3686.897336541727,1.401068673035752,1682,0.9192415836967813,4.754288624079141,85,85,1.0,0.005,0.4358912683605175,-0.8999993345370063,-6.94653668206891e-08,True
BH-HF1R,SXS:BBH:0305,6,C,520,Estar,3686.897336541727,1.401068673035752,1682,0.9192415836967813,5.2782072283524695,85,85,1.0,0.005,0.43747443249440704,-0.899230849622994,-6.94951448329981e-08,True
BH-HF1R,SXS:BBH:0305,6,C,520,Bstar,3686.897336541727,1.401068673035752,1682,0.9192415836967813,1.2475959015475289,85,61,0.7176470588235294,0.005,-0.4760849945185083,0.879399271090388,-7.98908322944592e-08,True
BH-HF1R,SXS:BBH:0305,6,C,521,Rstar,3686.8989260539265,1.4026581852353956,1682,0.9192632087285548,4.770531259130183,85,85,1.0,0.005,0.43585990868840424,-0.900014522104022,-6.945405818355829e-08,True
BH-HF1R,SXS:BBH:0305,6,C,521,Estar,3686.8989260539265,1.4026581852353956,1682,0.9192632087285548,5.286577075278579,85,85,1.0,0.005,0.43744312587748946,-0.8992460795702844,-6.948381162090051e-08,True
BH-HF1R,SXS:BBH:0305,6,C,521,Bstar,3686.8989260539265,1.4026581852353956,1682,0.9192632087285548,1.2472969583529365,85,61,0.7176470588235294,0.005,-0.4761079565716971,0.879386839615602,-7.987524290392764e-08,True
BH-HF1R,SXS:BBH:0305,6,C,522,Rstar,3686.9003641840122,1.4040963153211123,1682,0.9192827574232207,4.772480239995315,85,85,1.0,0.005,0.4358315459331081,-0.9000282570950495,-6.944377206043602e-08,True
BH-HF1R,SXS:BBH:0305,6,C,522,Estar,3686.9003641840122,1.4040963153211123,1682,0.9192827574232207,5.288520127118891,85,85,1.0,0.005,0.43741481107852853,-0.8992598529063388,-6.94735032120984e-08,True
BH-HF1R,SXS:BBH:0305,6,C,522,Bstar,3686.9003641840122,1.4040963153211123,1682,0.9192827574232207,1.2468401497663744,85,61,0.7176470588235294,0.005,-0.4761287238964169,0.8793755956818242,-7.986107608202745e-08,True
BH-HF1R,SXS:BBH:0305,6,C,523,Rstar,3686.9026260144406,1.4063581457494365,1682,0.9193134875607297,4.774299499263506,85,85,1.0,0.005,0.4357869526279072,-0.9000498496857153,-5.7190469060471924e-08,True
BH-HF1R,SXS:BBH:0305,6,C,523,Estar,3686.9026260144406,1.4063581457494365,1682,0.9193134875607297,5.2820800245983985,85,85,1.0,0.005,0.4373702931007067,-0.8992815058217302,-5.721409910103467e-08,True
BH-HF1R,SXS:BBH:0305,6,C,523,Bstar,3686.9026260144406,1.4063581457494365,1682,0.9193134875607297,1.2461205962742101,85,61,0.7176470588235294,0.005,-0.476161375396611,0.8793579160844596,-6.5955432961987e-08,True
BH-HF1R,SXS:BBH:0305,6,C,524,Rstar,3686.9044273547797,1.408159486088607,1682,0.9193379036669773,4.7785019581813915,85,85,1.0,0.005,0.43575146501309686,-0.9000670312476371,-6.9414547911499e-08,True
BH-HF1R,SXS:BBH:0305,6,C,524,Estar,3686.9044273547797,1.408159486088607,1682,0.9193379036669773,5.276957663248584,85,85,1.0,0.005,0.43733486541450595,-0.8992987354004625,-6.944421626300467e-08,True
BH-HF1R,SXS:BBH:0305,6,C,524,Bstar,3686.9044273547797,1.408159486088607,1682,0.9193379036669773,1.2449393476885957,85,61,0.7176470588235294,0.005,-0.4761873577331163,0.8793438464759658,-7.982087228286799e-08,True
BH-HF1R,SXS:BBH:0305,6,C,525,Rstar,3686.906554458126,1.4102865894346905,1682,0.919366723169788,4.788351497979965,85,85,1.0,0.005,0.4357095730664018,-0.900087311286127,-6.940011136316078e-08,True
BH-HF1R,SXS:BBH:0305,6,C,525,Estar,3686.906554458126,1.4102865894346905,1682,0.919366723169788,5.27092295139822,85,85,1.0,0.005,0.4372930441367559,-0.8993190721593779,-6.942974730344335e-08,True
BH-HF1R,SXS:BBH:0305,6,C,525,Bstar,3686.906554458126,1.4102865894346905,1682,0.919366723169788,1.2434186836107572,85,61,0.7176470588235294,0.005,-0.47621802925215084,0.8793272363660706,-7.980080302859272e-08,True
BH-HF1R,SXS:BBH:0305,6,C,526,Rstar,3686.9081039423822,1.41183607369112,1682,0.9193876950602203,4.791039909086998,85,85,1.0,0.005,0.43567907039233056,-0.9001020762236193,-6.938852736319517e-08,True
BH-HF1R,SXS:BBH:0305,6,C,526,Estar,3686.9081039423822,1.41183607369112,1682,0.9193876950602203,5.266534585366265,85,85,1.0,0.005,0.4372625928814275,-0.899333878415912,-6.941813912877186e-08,True
BH-HF1R,SXS:BBH:0305,6,C,526,Bstar,3686.9081039423822,1.41183607369112,1682,0.9193876950602203,1.2423104996977843,85,61,0.7176470588235294,0.005,-0.47624036158146865,0.8793151414599578,-7.978497914835213e-08,True
BH-HF1R,SXS:BBH:0305,6,C,527,Rstar,3686.9096146895326,1.4133468208415252,1682,0.9194081252155454,4.793171159575,85,85,1.0,0.005,0.43125009624667504,-0.9022178847462008,0.005122785504449983,True
BH-HF1R,SXS:BBH:0305,6,C,527,Estar,3686.9096146895326,1.4133468208415252,1682,0.9194081252155454,5.263369925126018,85,85,1.0,0.005,0.437232913759004,-0.8993483080129782,-6.940731648152321e-08,True
BH-HF1R,SXS:BBH:0305,6,C,527,Bstar,3686.9096146895326,1.4133468208415252,1682,0.9194081252155454,1.241229664665082,85,61,0.7176470588235294,0.005,-0.47626212726109374,0.8793033527382523,-7.977011062889365e-08,True
BH-HF1R,SXS:BBH:0305,6,C,528,Rstar,3686.910981556002,1.414713687310723,1682,0.9194265946025254,4.795031141342758,85,85,1.0,0.005,0.4312231272467815,-0.9022307743388321,0.0051229252832208656,True
BH-HF1R,SXS:BBH:0305,6,C,528,Estar,3686.910981556002,1.414713687310723,1682,0.9194265946025254,5.265632279892217,85,85,1.0,0.005,0.4372060704387891,-0.8993613578375869,-6.939753784224994e-08,True
BH-HF1R,SXS:BBH:0305,6,C,528,Bstar,3686.910981556002,1.414713687310723,1682,0.9194265946025254,1.2402142329597317,85,61,0.7176470588235294,0.005,-0.4762818129319207,0.8792926899902423,-7.975667487541693e-08,True
BH-HF1R,SXS:BBH:0305,6,C,529,Rstar,3686.913273913921,1.4170060452297548,1682,0.9194575378686889,4.800077368807382,85,85,1.0,0.005,0.43117791778571246,-0.9022523795772514,0.005123159295307528,True
BH-HF1R,SXS:BBH:0305,6,C,529,Estar,3686.913273913921,1.4170060452297548,1682,0.9194575378686889,5.274377350612348,85,85,1.0,0.005,0.4371610714483075,-0.8993832317817376,-6.938094618077563e-08,True
BH-HF1R,SXS:BBH:0305,6,C,529,Bstar,3686.913273913921,1.4170060452297548,1682,0.9194575378686889,1.2383064672980229,85,61,0.7176470588235294,0.005,-0.47631481245009455,0.8792748145151349,-7.973392331996859e-08,True
BH-HF1R,SXS:BBH:0305,6,C,530,Rstar,3686.9150560851895,1.418788216498342,1682,0.9194815671269555,4.805171355635508,85,85,1.0,0.005,0.4311427874123212,-0.9022691661808301,0.0051233408712983135,True
BH-HF1R,SXS:BBH:0305,6,C,530,Estar,3686.9150560851895,1.418788216498342,1682,0.9194815671269555,5.283242808502487,85,85,1.0,0.005,0.4371261044390559,-0.899400227272559,-6.936818874507588e-08,True
BH-HF1R,SXS:BBH:0305,6,C,530,Bstar,3686.9150560851895,1.418788216498342,1682,0.9194815671269555,1.236823008673325,85,61,0.7176470588235294,0.005,-0.4763404545214777,0.8792609233818286,-7.971639903731784e-08,True
BH-HF1R,SXS:BBH:0305,6,C,531,Rstar,3686.91722047324,1.420952604548802,1682,0.9195107174546718,4.814006095282934,85,85,1.0,0.005,0.43110014303452915,-0.9022895410003167,0.0051235609732221766,True
BH-HF1R,SXS:BBH:0305,6,C,531,Estar,3686.91722047324,1.420952604548802,1682,0.9195107174546718,5.294084636620735,85,85,1.0,0.005,0.4370836581513679,-0.899420855760535,-6.935263546679616e-08,True
BH-HF1R,SXS:BBH:0305,6,C,531,Bstar,3686.91722047324,1.420952604548802,1682,0.9195107174546718,1.235021060122034,85,61,0.7176470588235294,0.005,-0.47637158060161533,0.8792440600852032,-7.969505058583959e-08,True
BH-HF1R,SXS:BBH:0305,6,C,532,Rstar,3686.9186786090677,1.422410740376563,1682,0.9195303362004559,4.822106398917893,85,85,1.0,0.005,0.43107142632303724,-0.9023032600040478,0.005123708997382658,True
BH-HF1R,SXS:BBH:0305,6,C,532,Estar,3686.9186786090677,1.422410740376563,1682,0.9195303362004559,5.2967939998524125,85,85,1.0,0.005,0.4370550747003686,-0.8994347456478708,-6.934220908790997e-08,True
BH-HF1R,SXS:BBH:0305,6,C,532,Bstar,3686.9186786090677,1.422410740376563,1682,0.9195303362004559,1.2338547546099994,85,61,0.7176470588235294,0.005,-0.4763925405530429,0.8792327037283196,-7.968072914110253e-08,True
BH-HF1R,SXS:BBH:0305,6,C,533,Rstar,3686.9201002914997,1.423832422808573,1682,0.9195494488090541,4.830014974911423,85,85,1.0,0.005,0.43104343724204053,-0.9023166303131912,0.005123853121886258,True
BH-HF1R,SXS:BBH:0305,6,C,533,Estar,3686.9201002914997,1.423832422808573,1682,0.9195494488090541,5.287745972560175,85,85,1.0,0.005,0.4370272154000242,-0.8994482825597567,-6.933204088052322e-08,True
BH-HF1R,SXS:BBH:0305,6,C,533,Bstar,3686.9201002914997,1.423832422808573,1682,0.9195494488090541,1.2335449064646802,85,61,0.7176470588235294,0.005,-0.4764129691518198,0.8792216346427907,-7.966676276464967e-08,True
BH-HF1R,SXS:BBH:0305,6,C,534,Rstar,3686.921386575605,1.4251187069139633,1682,0.919566777357415,4.837400429106584,85,85,1.0,0.005,0.4310181507963612,-0.902328708735123,0.0051239707737955695,True
BH-HF1R,SXS:BBH:0305,6,C,534,Estar,3686.921386575605,1.4251187069139633,1682,0.919566777357415,5.27911265574373,85,85,1.0,0.005,0.4343290288884494,-0.9007048896815347,-0.0094337886657933,True
BH-HF1R,SXS:BBH:0305,6,C,534,Bstar,3686.921386575605,1.4251187069139633,1682,0.919566777357415,1.2328280130993172,85,61,0.7176470588235294,0.005,-0.47643142484381623,0.8792116340343105,-9.365101579703921e-08,True
BH-HF1R,SXS:BBH:0305,6,C,535,Rstar,3686.9237291531003,1.427461284409219,1682,0.9195981656695555,4.852586925225182,85,85,1.0,0.005,0.4309720382942156,-0.9023507325739717,0.005124220110970994,True
BH-HF1R,SXS:BBH:0305,6,C,535,Estar,3686.9237291531003,1.427461284409219,1682,0.9195981656695555,5.264651302251956,85,85,1.0,0.005,0.43428330825842715,-0.9007269318860168,-0.009434105326879107,True
BH-HF1R,SXS:BBH:0305,6,C,535,Bstar,3686.9237291531003,1.427461284409219,1682,0.9195981656695555,1.2319749921456995,85,61,0.7176470588235294,0.005,-0.4764650804446853,0.8791933957422755,-7.963112082814413e-08,True
BH-HF1R,SXS:BBH:0305,6,C,536,Rstar,3686.9254987272925,1.429230858601386,1682,0.9196219310696757,4.863248431375087,85,85,1.0,0.005,0.43093727257617725,-0.9023673345204875,-0.005124519001427875,True
BH-HF1R,SXS:BBH:0305,6,C,536,Estar,3686.9254987272925,1.429230858601386,1682,0.9196219310696757,5.257763430771225,85,85,1.0,0.005,0.4342488382177763,-0.9007435483160401,-0.009434334822403724,True
BH-HF1R,SXS:BBH:0305,6,C,536,Bstar,3686.9254987272925,1.429230858601386,1682,0.9196219310696757,1.2314856509599703,85,61,0.7176470588235294,0.005,-0.4764904535918213,0.8791796446892165,-5.9513593258897915e-08,True
BH-HF1R,SXS:BBH:0305,6,C,537,Rstar,3686.927628379192,1.431360510500781,1682,0.9196504022574741,4.875779815543487,85,85,1.0,0.005,0.4308953894507421,-0.9023873346249393,0.005124613018685734,True
BH-HF1R,SXS:BBH:0305,6,C,537,Estar,3686.927628379192,1.431360510500781,1682,0.9196504022574741,5.251131106559547,85,85,1.0,0.005,0.4342073100486157,-0.9007635645790356,-0.009434650349367382,True
BH-HF1R,SXS:BBH:0305,6,C,537,Bstar,3686.927628379192,1.431360510500781,1682,0.9196504022574741,1.231055253019364,85,61,0.7176470588235294,0.005,-0.47652102152372194,0.8791630770488388,-7.959269938811215e-08,True
BH-HF1R,SXS:BBH:0305,6,C,538,Rstar,3686.9296524809547,1.4333846122635805,1682,0.9196774737865779,4.882588533387763,85,85,1.0,0.005,0.4372025113348054,-0.8993408246441814,-0.006328128543483996,True
BH-HF1R,SXS:BBH:0305,6,C,538,Estar,3686.9296524809547,1.4333846122635805,1682,0.9196774737865779,5.245478783099153,85,85,1.0,0.005,0.43416788706946835,-0.9007825641570469,-0.009434932341529582,True
BH-HF1R,SXS:BBH:0305,6,C,538,Bstar,3686.9296524809547,1.4333846122635805,1682,0.9196774737865779,1.2313001708901472,85,61,0.7176470588235294,0.005,-0.47655003922383465,0.8791473483527977,-7.957838680941326e-08,True
BH-HF1R,SXS:BBH:0305,6,C,539,Rstar,3686.9315834470044,1.4353155783132934,1682,0.9197032711640054,4.886414705903412,85,85,1.0,0.005,0.43716485893921136,-0.8993591278017609,-0.0063281394039275095,True
BH-HF1R,SXS:BBH:0305,6,C,539,Estar,3686.9315834470044,1.4353155783132934,1682,0.9197032711640054,5.240348156772801,85,85,1.0,0.005,0.4341302958846973,-0.9008006789416867,-0.00943520075364184,True
BH-HF1R,SXS:BBH:0305,6,C,539,Bstar,3686.9315834470044,1.4353155783132934,1682,0.9197032711640054,1.231280676965586,85,61,0.7176470588235294,0.005,-0.47657770801633353,0.8791323496618083,-7.955387759896715e-08,True
BH-HF1R,SXS:BBH:0305,6,C,540,Rstar,3686.9342543795183,1.4379865108271588,1682,0.9197389088298185,4.861271299744884,85,85,1.0,0.005,0.4371128063093945,-0.8993844278329508,-0.006328153911009741,True
BH-HF1R,SXS:BBH:0305,6,C,540,Estar,3686.9342543795183,1.4379865108271588,1682,0.9197389088298185,5.235984916345674,85,85,1.0,0.005,0.4340783279793273,-0.9008257185367071,-0.009435571074231009,True
BH-HF1R,SXS:BBH:0305,6,C,540,Bstar,3686.9342543795183,1.4379865108271588,1682,0.9197389088298185,1.2306010128699405,85,61,0.7176470588235294,0.005,-0.47661595776155324,0.8791116133956092,-7.952764255565705e-08,True
BH-HF1R,SXS:BBH:0305,6,C,541,Rstar,3686.9364893105594,1.4402214418682888,1682,0.919768688263939,4.86785489626854,85,85,1.0,0.005,0.43706927618118263,-0.8994055826704582,-0.0063281655849658615,True
BH-HF1R,SXS:BBH:0305,6,C,541,Estar,3686.9364893105594,1.4402214418682888,1682,0.919768688263939,5.2308286251537,85,85,1.0,0.005,0.4386495174441773,-0.8986359279564463,-0.0063300736051732625,True
BH-HF1R,SXS:BBH:0305,6,C,541,Bstar,3686.9364893105594,1.4402214418682888,1682,0.919768688263939,1.2305581484326655,85,63,0.7411764705882353,0.005,-0.49631604191178325,0.8681419161295083,-8.041625609226702e-08,True
BH-HF1R,SXS:BBH:0305,6,C,542,Rstar,3686.938269782897,1.4420019142057754,1682,0.9197923859687053,4.864776411251429,85,85,1.0,0.005,0.4370346142253142,-0.8994224258797348,-0.006328174582265351,True
BH-HF1R,SXS:BBH:0305,6,C,542,Estar,3686.938269782897,1.4420019142057754,1682,0.9197923859687053,5.227142460470902,85,85,1.0,0.005,0.4386149134952867,-0.8986528182280176,-0.0063300829665824685,True
BH-HF1R,SXS:BBH:0305,6,C,542,Bstar,3686.938269782897,1.4420019142057754,1682,0.9197923859687053,1.23087400928085,85,63,0.7411764705882353,0.005,-0.4963408871953327,0.868127711628965,-8.039826620295885e-08,True
BH-HF1R,SXS:BBH:0305,6,C,543,Rstar,3686.940005743426,1.4437378747347793,1682,0.9198154684367762,4.864360129811604,85,85,1.0,0.005,0.4370008329682136,-0.8994388395459625,-0.006328183096234261,True
BH-HF1R,SXS:BBH:0305,6,C,543,Estar,3686.940005743426,1.4437378747347793,1682,0.9198154684367762,5.225439509772439,85,85,1.0,0.005,0.4385811887323041,-0.8986692777810518,-0.006330091835186455,True
BH-HF1R,SXS:BBH:0305,6,C,543,Bstar,3686.940005743426,1.4437378747347793,1682,0.9198154684367762,1.2311833058749848,85,63,0.7411764705882353,0.005,-0.4963651010817326,0.868113867201829,-8.038067862895707e-08,True
BH-HF1R,SXS:BBH:0305,6,C,544,Rstar,3686.9415763743805,1.4453085056893542,1682,0.9198363335854818,4.866275527056852,85,85,1.0,0.005,0.43697028102328583,-0.899453682802187,-0.006328190579738105,True
BH-HF1R,SXS:BBH:0305,6,C,544,Estar,3686.9415763743805,1.4453085056893542,1682,0.9198363335854818,5.223890606671886,85,85,1.0,0.005,0.43855068784782386,-0.8986841625547642,-0.006330099639234642,True
BH-HF1R,SXS:BBH:0305,6,C,544,Bstar,3686.9415763743805,1.4453085056893542,1682,0.9198363335854818,1.2313538628849976,85,63,0.7411764705882353,0.005,-0.49638700014120735,0.8681013455183711,-8.036478015559981e-08,True
BH-HF1R,SXS:BBH:0305,6,C,545,Rstar,3686.944114196936,1.4478463282448502,1682,0.9198700088260352,4.859977152739176,85,85,1.0,0.005,0.43692093940244864,-0.8994776520671339,-0.006328202231109733,True
BH-HF1R,SXS:BBH:0305,6,C,545,Estar,3686.944114196936,1.4478463282448502,1682,0.9198700088260352,5.214653971445144,85,85,1.0,0.005,0.4385014286235181,-0.8987081989053138,-0.00633011180790767,True
BH-HF1R,SXS:BBH:0305,6,C,545,Bstar,3686.944114196936,1.4478463282448502,1682,0.9198700088260352,1.2312110454931076,85,63,0.7411764705882353,0.005,-0.4964223670740561,0.8680811214791995,-8.033911146238857e-08,True
BH-HF1R,SXS:BBH:0305,6,C,546,Rstar,3686.946085818246,1.4498179495549266,1682,0.9198961381952838,4.86114596432915,85,85,1.0,0.005,0.4368826267391353,-0.8994962613597789,-0.006328210907827253,True
BH-HF1R,SXS:BBH:0305,6,C,546,Estar,3686.946085818246,1.4498179495549266,1682,0.9198961381952838,5.205813462666199,85,85,1.0,0.005,0.4384631798826509,-0.8987268603178404,-0.006330120885974495,True
BH-HF1R,SXS:BBH:0305,6,C,546,Bstar,3686.946085818246,1.4498179495549266,1682,0.9198961381952838,1.231101552321646,85,63,0.7411764705882353,0.005,-0.4964498285217001,0.8680654167519682,-8.031920632760312e-08,True
BH-HF1R,SXS:BBH:0305,6,C,547,Rstar,3686.9479350996785,1.4516672309873684,1682,0.9199206204039407,4.855846956841186,85,85,1.0,0.005,0.4368467077527511,-0.8995137061618669,-0.006328218748228241,True
BH-HF1R,SXS:BBH:0305,6,C,547,Estar,3686.9479350996785,1.4516672309873684,1682,0.9199206204039407,5.196454879770432,85,85,1.0,0.005,0.43991661125276355,-0.8980347588334823,-0.0026357296474130497,True
BH-HF1R,SXS:BBH:0305,6,C,547,Bstar,3686.9479350996785,1.4516672309873684,1682,0.9199206204039407,1.2309156106587231,85,63,0.7411764705882353,0.005,-0.4964755741016126,0.8680506922527438,-8.030050985121845e-08,True
BH-HF1R,SXS:BBH:0305,6,C,548,Rstar,3686.9497381490746,1.453470280383499,1682,0.9199444663003626,4.851334252203023,85,85,1.0,0.005,0.43681170197025293,-0.8995307057438813,-0.006328226115256681,True
BH-HF1R,SXS:BBH:0305,6,C,548,Estar,3686.9497381490746,1.453470280383499,1682,0.9199444663003626,5.185838688342071,85,85,1.0,0.005,0.43988159991267156,-0.8980519089040432,-0.002635710923520955,True
BH-HF1R,SXS:BBH:0305,6,C,548,Bstar,3686.9497381490746,1.453470280383499,1682,0.9199444663003626,1.2307160705705336,85,63,0.7411764705882353,0.005,-0.4965006649884479,0.8680363412127527,-8.02822845420646e-08,True
BH-HF1R,SXS:BBH:0305,6,C,549,Rstar,3686.951369479481,1.455101610789825,1682,0.9199660205937421,4.857846395398907,85,85,1.0,0.005,0.4367800430240503,-0.8995460785800614,-0.0063282325449028785,True
BH-HF1R,SXS:BBH:0305,6,C,549,Estar,3686.951369479481,1.455101610789825,1682,0.9199660205937421,5.176685046220329,85,85,1.0,0.005,0.43984993586828597,-0.8980674178670603,-0.0026356938850740494,True
BH-HF1R,SXS:BBH:0305,6,C,549,Bstar,3686.951369479481,1.455101610789825,1682,0.9199660205937421,1.2305316041543828,85,63,0.7411764705882353,0.005,-0.49652335686518073,0.8680233614870777,-8.026579861429116e-08,True
BH-HF1R,SXS:BBH:0305,6,C,550,Rstar,3686.953826843349,1.4575589746577862,1682,0.9199984525069853,4.859658313039868,85,85,1.0,0.005,0.4367323766160352,-0.8995692216671999,-0.006328241807796048,True
BH-HF1R,SXS:BBH:0305,6,C,550,Estar,3686.953826843349,1.4575589746577862,1682,0.9199984525069853,5.170273981677269,85,85,1.0,0.005,0.43980226165543174,-0.8980907659567209,-0.0026356680438784515,True
BH-HF1R,SXS:BBH:0305,6,C,550,Bstar,3686.953826843349,1.4575589746577862,1682,0.9199984525069853,1.2302466838734736,85,63,0.7411764705882353,0.005,-0.4965575220423408,0.8680038175625517,-8.02409640086716e-08,True
BH-HF1R,SXS:BBH:0305,6,C,551,Rstar,3686.9557914222114,1.4595235535202846,1682,0.9200243488691464,4.859531218389392,85,85,1.0,0.005,0.44365228290898,-0.8961765096911959,-0.0063494367747467945,True
BH-HF1R,SXS:BBH:0305,6,C,551,Estar,3686.9557914222114,1.4595235535202846,1682,0.9200243488691464,5.170426396178372,85,85,1.0,0.005,0.44505553822173216,-0.8954527448522794,-0.009484178123740179,True
BH-HF1R,SXS:BBH:0305,6,C,551,Bstar,3686.9557914222114,1.4595235535202846,1682,0.9200243488691464,1.230012805099926,85,63,0.7411764705882353,0.005,-0.4965848213770218,0.8679881999070869,-8.022112080336992e-08,True
BH-HF1R,SXS:BBH:0305,6,C,552,Rstar,3686.957602776151,1.4613349074597863,1682,0.9200482006664519,4.8715271548612735,85,85,1.0,0.005,0.4436172199386061,-0.8961938667066811,-0.0063494449576094155,True
BH-HF1R,SXS:BBH:0305,6,C,552,Estar,3686.957602776151,1.4613349074597863,1682,0.9200482006664519,5.172771754562165,85,85,1.0,0.005,0.44502034339656144,-0.8954702341857869,-0.009484389830585463,True
BH-HF1R,SXS:BBH:0305,6,C,552,Bstar,3686.957602776151,1.4613349074597863,1682,0.9200482006664519,1.229792368878461,85,63,0.7411764705882353,0.005,-0.49660998006559054,0.8679738058831311,-8.020282119560045e-08,True
BH-HF1R,SXS:BBH:0305,6,C,553,Rstar,3686.959368846242,1.4631009775507664,1682,0.9200714330773881,4.867432144728231,85,85,1.0,0.005,0.44358304795751513,-0.8962107810194783,-0.0063494526675672855,True
BH-HF1R,SXS:BBH:0305,6,C,553,Estar,3686.959368846242,1.4631009775507664,1682,0.9200714330773881,5.175056300573779,85,85,1.0,0.005,0.44498604285757964,-0.8954872774668388,-0.009484595773221008,True
BH-HF1R,SXS:BBH:0305,6,C,553,Bstar,3686.959368846242,1.4631009775507664,1682,0.9200714330773881,1.2295730085467795,85,63,0.7411764705882353,0.005,-0.4966344992061279,0.8679597768320096,-8.018498853423581e-08,True
BH-HF1R,SXS:BBH:0305,6,C,554,Rstar,3686.9609667191817,1.4646988504905494,1682,0.9200924333047911,4.859012201677233,85,85,1.0,0.005,0.44355214271113463,-0.8962260769814147,-0.006349459415149333,True
BH-HF1R,SXS:BBH:0305,6,C,554,Estar,3686.9609667191817,1.4646988504905494,1682,0.9200924333047911,5.179063962790959,85,85,1.0,0.005,0.44495502129739944,-0.8955026900787654,-0.009484781701517064,True
BH-HF1R,SXS:BBH:0305,6,C,554,Bstar,3686.9609667191817,1.4646988504905494,1682,0.9200924333047911,1.229370766139889,85,63,0.7411764705882353,0.005,-0.4966566741904372,0.8679470882387287,-8.016885725937335e-08,True
BH-HF1R,SXS:BBH:0305,6,C,555,Rstar,3686.963377244447,1.4671093757560811,1682,0.9201240790134204,4.848509133688319,85,85,1.0,0.005,0.4435055415986906,-0.8962491388070191,-0.006349469184801142,True
BH-HF1R,SXS:BBH:0305,6,C,555,Estar,3686.963377244447,1.4671093757560811,1682,0.9201240790134204,5.1833549427888395,85,85,1.0,0.005,0.44875228093858854,-0.8936335255820267,-0.006364927984779969,True
BH-HF1R,SXS:BBH:0305,6,C,555,Bstar,3686.963377244447,1.4671093757560811,1682,0.9201240790134204,1.229058883429629,85,63,0.7411764705882353,0.005,-0.4966901108310203,0.8679279542696285,-8.01445244894678e-08,True
BH-HF1R,SXS:BBH:0305,6,C,556,Rstar,3686.965306663303,1.4690387946120609,1682,0.9201493782387079,4.850475810496218,85,85,1.0,0.005,0.44346826047770577,-0.8962675862124824,-0.006349476649945163,True
BH-HF1R,SXS:BBH:0305,6,C,556,Estar,3686.965306663303,1.4690387946120609,1682,0.9201493782387079,5.181578274575253,85,85,1.0,0.005,0.44871483502776316,-0.8936523285987236,-0.006364936455811161,True
BH-HF1R,SXS:BBH:0305,6,C,556,Bstar,3686.965306663303,1.4690387946120609,1682,0.9201493782387079,1.2288240738708867,85,63,0.7411764705882353,0.005,-0.49671685999073206,0.8679126459505824,-8.012505597704844e-08,True
BH-HF1R,SXS:BBH:0305,6,C,557,Rstar,3686.967079519921,1.4708116512297238,1682,0.9201726009638904,4.854622955186564,85,85,1.0,0.005,0.44343401948055994,-0.8962845276082845,-0.006349483231633717,True
BH-HF1R,SXS:BBH:0305,6,C,557,Estar,3686.967079519921,1.4708116512297238,1682,0.9201726009638904,5.175025941079214,85,85,1.0,0.005,0.44868044254359285,-0.8936695966448028,-0.006364943958991902,True
BH-HF1R,SXS:BBH:0305,6,C,557,Bstar,3686.967079519921,1.4708116512297238,1682,0.9201726009638904,1.2285639814019862,85,63,0.7411764705882353,0.005,-0.49674142761434226,0.8678985851420999,-8.010717012836648e-08,True
BH-HF1R,SXS:BBH:0305,6,C,558,Rstar,3686.9688080551227,1.4725401864316154,1682,0.920195221154035,4.858665220492539,85,85,1.0,0.005,0.4434006482808242,-0.8963010370899912,-0.006349489392946121,True
BH-HF1R,SXS:BBH:0305,6,C,558,Estar,3686.9688080551227,1.4725401864316154,1682,0.920195221154035,5.169747353415711,85,85,1.0,0.005,0.44864692358047115,-0.893686424513845,-0.006364951016204734,True
BH-HF1R,SXS:BBH:0305,6,C,558,Bstar,3686.9688080551227,1.4725401864316154,1682,0.920195221154035,1.2283263279308303,85,63,0.7411764705882353,0.005,-0.4967653709339907,0.8678848807536678,-8.008974143324916e-08,True
BH-HF1R,SXS:BBH:0305,6,C,559,Rstar,3686.9703719679246,1.4741040992335002,1682,0.920215677429031,4.863737191438043,85,85,1.0,0.005,0.4433704670123059,-0.8963159671107658,-0.006349494750159583,True
BH-HF1R,SXS:BBH:0305,6,C,559,Estar,3686.9703719679246,1.4741040992335002,1682,0.920215677429031,5.172212679731092,85,85,1.0,0.005,0.4486166085673095,-0.8937016425170309,-0.0063649571818222405,True
BH-HF1R,SXS:BBH:0305,6,C,559,Bstar,3686.9703719679246,1.4741040992335002,1682,0.920215677429031,1.2282436165384438,85,63,0.7411764705882353,0.005,-0.4967870253294179,0.8678724857168488,-8.007418472831723e-08,True
BH-HF1R,SXS:BBH:0305,6,C,560,Rstar,3686.972796334297,1.476528465605952,1568,0.9202473314519379,4.673319936752203,79,79,1.0,0.005,0.43500783524075765,-0.9003829934707993,-0.008868390367609958,True
BH-HF1R,SXS:BBH:0305,6,C,560,Estar,3686.972796334297,1.476528465605952,1568,0.9202473314519379,5.05628806816741,79,79,1.0,0.005,0.4691116189002644,-0.8831385676161705,-0.0007479315690999471,True
BH-HF1R,SXS:BBH:0305,6,C,560,Bstar,3686.972796334297,1.476528465605952,1568,0.9202473314519379,1.2255879038101807,79,62,0.7848101265822784,0.005,-0.5295779186589737,0.8482612970475684,-7.990066853995646e-08,True
BH-HF1R,SXS:BBH:0305,6,C,561,Rstar,3686.9747202038266,1.4784523351354437,1568,0.9202724272463356,4.680038767056598,79,79,1.0,0.005,0.4349705151335721,-0.9004010222216312,-0.00886849179265583,True
BH-HF1R,SXS:BBH:0305,6,C,561,Estar,3686.9747202038266,1.4784523351354437,1568,0.9202724272463356,5.053364537477644,79,79,1.0,0.005,0.46907518693581185,-0.8831579188409501,-0.000747923562450916,True
BH-HF1R,SXS:BBH:0305,6,C,561,Bstar,3686.9747202038266,1.4784523351354437,1568,0.9202724272463356,1.2248563999098845,79,62,0.7848101265822784,0.005,-0.5296040503505826,0.8482449822146024,-7.988055689450563e-08,True
BH-HF1R,SXS:BBH:0305,6,C,562,Rstar,3686.976424346393,1.480156477701712,1568,0.9202946347603984,4.675888554271127,79,79,1.0,0.005,0.4349374717204009,-0.900416983380557,-0.008868581246371248,True
BH-HF1R,SXS:BBH:0305,6,C,562,Estar,3686.976424346393,1.480156477701712,1568,0.9202946347603984,5.050768627423479,79,79,1.0,0.005,0.46904292901889316,-0.8831750513677212,-0.0007479164396774645,True
BH-HF1R,SXS:BBH:0305,6,C,562,Bstar,3686.976424346393,1.480156477701712,1568,0.9202946347603984,1.2238546167157431,79,62,0.7848101265822784,0.005,-0.5296271878302479,0.848230535827977,-7.9862754668549e-08,True
BH-HF1R,SXS:BBH:0305,6,C,563,Rstar,3686.9780858853946,1.481818016703528,1568,0.9203162669383067,4.669143052845238,79,79,1.0,0.005,0.43490526733793106,-0.9004325378214705,-0.008868668113590885,True
BH-HF1R,SXS:BBH:0305,6,C,563,Estar,3686.9780858853946,1.481818016703528,1568,0.9203162669383067,5.045831042774653,79,79,1.0,0.005,0.4690114894013721,-0.8831917478333543,-0.0007479094673399569,True
BH-HF1R,SXS:BBH:0305,6,C,563,Bstar,3686.9780858853946,1.481818016703528,1568,0.9203162669383067,1.2228772662022982,79,62,0.7848101265822784,0.005,-0.5296497381209115,0.8482164552214507,-7.984540049853283e-08,True
BH-HF1R,SXS:BBH:0305,6,C,564,Rstar,3686.979589182587,1.4833213138958854,1568,0.9203358220762227,4.663871164926522,79,79,1.0,0.005,0.43487614106067823,-0.9004466043432485,-0.008868746410090573,True
BH-HF1R,SXS:BBH:0305,6,C,564,Estar,3686.979589182587,1.4833213138958854,1568,0.9203358220762227,5.039925547750264,79,79,1.0,0.005,0.46898305412430996,-0.883206847564677,-0.0007479031355407978,True
BH-HF1R,SXS:BBH:0305,6,C,564,Bstar,3686.979589182587,1.4833213138958854,1568,0.9203358220762227,1.2219924742561898,79,62,0.7848101265822784,0.005,-0.5296701333129026,0.8482037195605108,-7.982970264791412e-08,True
BH-HF1R,SXS:BBH:0305,6,C,565,Rstar,3686.982063985861,1.4857961171696843,1568,0.9203679792877449,4.663685331272981,79,79,1.0,0.005,0.43482821469223976,-0.9004697478368077,-0.008868874690483164,True
BH-HF1R,SXS:BBH:0305,6,C,565,Estar,3686.982063985861,1.4857961171696843,1568,0.9203679792877449,5.038912962648751,79,79,1.0,0.005,0.47415934777474406,-0.8803935830784392,-0.008947166710014935,True
BH-HF1R,SXS:BBH:0305,6,C,565,Bstar,3686.982063985861,1.4857961171696843,1568,0.9203679792877449,1.220534808197982,79,62,0.7848101265822784,0.005,-0.5297036935024346,0.8481827616085299,-7.980386400202806e-08,True
BH-HF1R,SXS:BBH:0305,6,C,566,Rstar,3686.983980539042,1.487712670350902,1568,0.9203928525418829,4.656788324299865,79,79,1.0,0.005,0.43479111869569403,-0.9004876592226281,-0.008868973508760241,True
BH-HF1R,SXS:BBH:0305,6,C,566,Estar,3686.983980539042,1.487712670350902,1568,0.9203928525418829,5.043486920150035,79,79,1.0,0.005,0.4741230645532932,-0.880413121803043,-0.008947324494732654,True
BH-HF1R,SXS:BBH:0305,6,C,566,Bstar,3686.983980539042,1.487712670350902,1568,0.9203928525418829,1.2194050327961843,79,62,0.7848101265822784,0.005,-0.5297296702466239,0.8481665381635831,-7.978385995242357e-08,True
BH-HF1R,SXS:BBH:0305,6,C,567,Rstar,3686.9856695894146,1.4894017207234356,1568,0.9204147516652904,4.657617661663697,79,79,1.0,0.005,0.4347584402282268,-0.9005034360962674,-0.00886906021710863,True
BH-HF1R,SXS:BBH:0305,6,C,567,Estar,3686.9856695894146,1.4894017207234356,1568,0.9204147516652904,5.047517668353532,79,79,1.0,0.005,0.4740911010932642,-0.8804303327167197,-0.0089474631322311,True
BH-HF1R,SXS:BBH:0305,6,C,567,Bstar,3686.9856695894146,1.4894017207234356,1568,0.9204147516652904,1.2184086987709999,79,62,0.7848101265822784,0.005,-0.5297525539193828,0.8481522455407904,-7.976623717443642e-08,True
BH-HF1R,SXS:BBH:0305,6,C,568,Rstar,3686.987316413528,1.491048544836758,1568,0.9204360836711558,4.658746722533634,79,79,1.0,0.005,0.4347265914087822,-0.9005188110192025,-0.008869144415522622,True
BH-HF1R,SXS:BBH:0305,6,C,568,Estar,3686.987316413528,1.491048544836758,1568,0.9204360836711558,5.05144739650273,79,79,1.0,0.005,0.4740599482456998,-0.8804471057142562,-0.008947597927580368,True
BH-HF1R,SXS:BBH:0305,6,C,568,Bstar,3686.987316413528,1.491048544836758,1568,0.9204360836711558,1.2174366722915744,79,62,0.7848101265822784,0.005,-0.5297748569184131,0.8481383147677438,-7.974912068106165e-08,True
BH-HF1R,SXS:BBH:0305,6,C,569,Rstar,3686.9888063972494,1.4925385285582706,1568,0.9204553676441294,4.661092406166863,79,79,1.0,0.005,0.44104651487943874,-0.8974510829033555,-0.0077152775903165305,True
BH-HF1R,SXS:BBH:0305,6,C,569,Estar,3686.9888063972494,1.4925385285582706,1568,0.9204553676441294,5.054063974986907,79,79,1.0,0.005,0.4740317721501929,-0.8804622747777031,-0.008947719565354765,True
BH-HF1R,SXS:BBH:0305,6,C,569,Bstar,3686.9888063972494,1.4925385285582706,1568,0.9204553676441294,1.216556706922955,79,62,0.7848101265822784,0.005,-0.5297950285151657,0.8481257145969625,-7.973358262145788e-08,True
BH-HF1R,SXS:BBH:0305,6,C,570,Rstar,3686.991323038198,1.4950551695069407,1568,0.9204879030323451,4.668613189553956,79,79,1.0,0.005,0.44099829261216833,-0.897474776089174,-0.007715711039151415,True
BH-HF1R,SXS:BBH:0305,6,C,570,Estar,3686.991323038198,1.4950551695069407,1568,0.9204879030323451,5.051750484459785,79,79,1.0,0.005,0.4739842027598371,-0.8804878819065948,-0.008947924326919945,True
BH-HF1R,SXS:BBH:0305,6,C,570,Bstar,3686.991323038198,1.4950551695069407,1568,0.9204879030323451,1.215069308139474,79,62,0.7848101265822784,0.005,-0.5298290833909504,0.848104440734217,-7.97072089020028e-08,True
BH-HF1R,SXS:BBH:0305,6,C,571,Rstar,3686.9932675510518,1.496999682360638,1568,0.920513011036556,4.674461585129044,79,79,1.0,0.005,0.4409610526915238,-0.8974930710897445,-0.007716045300661607,True
BH-HF1R,SXS:BBH:0305,6,C,571,Estar,3686.9932675510518,1.496999682360638,1568,0.920513011036556,5.0543868112786985,79,79,1.0,0.005,0.47394746587275594,-0.880507655515998,-0.008948081946068904,True
BH-HF1R,SXS:BBH:0305,6,C,571,Bstar,3686.9932675510518,1.496999682360638,1568,0.920513011036556,1.2143318168826513,79,63,0.7974683544303798,0.005,-0.5283577086997626,0.8490061401122048,0.005167756700164608,True
BH-HF1R,SXS:BBH:0305,6,C,572,Rstar,3686.994932172353,1.4986643036618261,1568,0.9205344838588656,4.682570236982636,79,79,1.0,0.005,0.4409291866276952,-0.8975087245346026,-0.007716331000529837,True
BH-HF1R,SXS:BBH:0305,6,C,572,Estar,3686.994932172353,1.4986643036618261,1568,0.9205344838588656,5.053603244760509,79,79,1.0,0.005,0.4739160294542905,-0.8805245745851307,-0.008948216467795747,True
BH-HF1R,SXS:BBH:0305,6,C,572,Bstar,3686.994932172353,1.4986643036618261,1568,0.9205344838588656,1.2141490969727802,79,64,0.810126582278481,0.005,-0.526944297792246,0.8498998217579709,-7.932103784513092e-08,True
BH-HF1R,SXS:BBH:0305,6,C,573,Rstar,3686.9965551781215,1.500287309430405,1568,0.9205554012025782,4.685210016059737,79,79,1.0,0.005,0.4408981292712787,-0.8975239793722268,-0.007716609160086834,True
BH-HF1R,SXS:BBH:0305,6,C,573,Estar,3686.9965551781215,1.500287309430405,1568,0.9205554012025782,5.0527097093049225,79,79,1.0,0.005,0.47388539013079933,-0.8805410632684001,-0.008948347262780303,True
BH-HF1R,SXS:BBH:0305,6,C,573,Bstar,3686.9965551781215,1.500287309430405,1568,0.9205554012025782,1.2125721542862968,79,64,0.810126582278481,0.005,-0.526966436711812,0.8498860950617145,-7.930422667993531e-08,True
BH-HF1R,SXS:BBH:0305,6,C,574,Rstar,3686.998023611912,1.5017557432206559,1568,0.9205743101151229,4.696082007296592,79,79,1.0,0.005,0.44087003998928886,-0.8975377751961284,-0.007716860490323405,True
BH-HF1R,SXS:BBH:0305,6,C,574,Estar,3686.998023611912,1.5017557432206559,1568,0.9205743101151229,5.04970827483913,79,79,1.0,0.005,0.4738576783288584,-0.8805559753120191,-0.00894846529204399,True
BH-HF1R,SXS:BBH:0305,6,C,574,Bstar,3686.998023611912,1.5017557432206559,1568,0.9205743101151229,1.211145264542139,79,64,0.810126582278481,0.005,-0.5269864599636264,0.8498736794459509,-7.928906709323303e-08,True
BH-HF1R,SXS:BBH:0305,6,C,575,Rstar,3687.000475002513,1.5042071338220921,1568,0.9206058428171751,4.709732817942447,79,79,1.0,0.005,0.4408231696737398,-0.8975607927479488,-0.007717279343852953,True
BH-HF1R,SXS:BBH:0305,6,C,575,Estar,3687.000475002513,1.5042071338220921,1568,0.9206058428171751,5.053749862553817,79,79,1.0,0.005,0.47381143660972863,-0.8805808560217778,-0.008948661675262677,True
BH-HF1R,SXS:BBH:0305,6,C,575,Bstar,3687.000475002513,1.5042071338220921,1568,0.9206058428171751,1.2096485865785553,79,64,0.810126582278481,0.005,-0.5270198713438778,0.849852960934229,-7.926365544471312e-08,True
BH-HF1R,SXS:BBH:0305,6,C,576,Rstar,3687.002371241395,1.5061033727038193,1568,0.9206302054128392,4.719073653901676,79,79,1.0,0.005,0.44078693237769356,-0.8975785864497721,-0.007717602729592623,True
BH-HF1R,SXS:BBH:0305,6,C,576,Estar,3687.002371241395,1.5061033727038193,1568,0.9206302054128392,5.0559731457724055,79,79,1.0,0.005,0.4737756842142086,-0.8806000907295042,-0.008948813024498023,True
BH-HF1R,SXS:BBH:0305,6,C,576,Bstar,3687.002371241395,1.5061033727038193,1568,0.9206302054128392,1.2085231519947495,79,64,0.810126582278481,0.005,-0.5270457031729988,0.8498369412816044,-7.92440269298424e-08,True
BH-HF1R,SXS:BBH:0305,6,C,577,Rstar,3687.0040755962077,1.5078077275165924,1568,0.9206520812962847,4.728489114044139,79,79,1.0,0.005,0.44075437583920934,-0.8975945712331489,-0.00771789293580634,True
BH-HF1R,SXS:BBH:0305,6,C,577,Estar,3687.0040755962077,1.5078077275165924,1568,0.9206520812962847,5.058582640624871,79,79,1.0,0.005,0.4737435625108851,-0.880617370540521,-0.008948948641797622,True
BH-HF1R,SXS:BBH:0305,6,C,577,Bstar,3687.0040755962077,1.5078077275165924,1568,0.9206520812962847,1.2075109306912133,79,64,0.810126582278481,0.005,-0.5270689112912539,0.8498225478005664,-7.922638640630046e-08,True
BH-HF1R,SXS:BBH:0305,6,C,578,Rstar,3687.00573734215,1.5094694734589211,1568,0.9206733905650046,4.739831812393872,79,79,1.0,0.005,0.44072264580884285,-0.8976101488055012,-0.007718175472166051,True
BH-HF1R,SXS:BBH:0305,6,C,578,Estar,3687.00573734215,1.5094694734589211,1568,0.9206733905650046,5.059927332200017,79,79,1.0,0.005,0.47371225553680113,-0.8806342106190475,-0.008949080489286217,True
BH-HF1R,SXS:BBH:0305,6,C,578,Bstar,3687.00573734215,1.5094694734589211,1568,0.9206733905650046,1.2065234044154105,79,64,0.810126582278481,0.005,-0.5270915303411524,0.8498085188103351,-7.920919038168969e-08,True
BH-HF1R,SXS:BBH:0305,6,C,579,Rstar,3687.007240826574,1.510972957883041,1568,0.9206926539016349,4.750119262532487,79,79,1.0,0.005,0.4406939484103805,-0.8976242363379351,-0.007718430747735221,True
BH-HF1R,SXS:BBH:0305,6,C,579,Estar,3687.007240826574,1.510972957883041,1568,0.9206926539016349,5.060016302314777,79,79,1.0,0.005,0.47368394013166126,-0.8806494402941598,-0.008949199457356895,True
BH-HF1R,SXS:BBH:0305,6,C,579,Bstar,3687.007240826574,1.510972957883041,1568,0.9206926539016349,1.2056294072315472,79,64,0.810126582278481,0.005,-0.5271119876465125,0.8497958298787637,-7.919363623825448e-08,True
BH-HF1R,SXS:BBH:0305,6,C,580,Rstar,3687.0095950931823,1.5133272244911495,1568,0.9207227857989339,4.76643974778243,79,79,1.0,0.005,0.440649032339793,-0.8976462833234726,-0.007718829805089805,True
BH-HF1R,SXS:BBH:0305,6,C,580,Estar,3687.0095950931823,1.5133272244911495,1568,0.9207227857989339,5.068056528693414,79,79,1.0,0.005,0.47363962074341476,-0.8806732754931323,-0.008949385131501177,True
BH-HF1R,SXS:BBH:0305,6,C,580,Bstar,3687.0095950931823,1.5133272244911495,1568,0.9207227857989339,1.2042285301548048,79,64,0.810126582278481,0.005,-0.5271440068187149,0.8497759681675544,-7.916927298522056e-08,True
BH-HF1R,SXS:BBH:0305,6,C,581,Rstar,3687.0114631004453,1.5151952317542055,1568,0.9207466665601259,4.779612720211971,79,79,1.0,0.005,0.44061341114776303,-0.8976637659524728,-0.007719145856667369,True
BH-HF1R,SXS:BBH:0305,6,C,581,Estar,3687.0114631004453,1.5151952317542055,1568,0.9207466665601259,5.075881263695763,79,79,1.0,0.005,0.4736044717165587,-0.8806921767839485,-0.008949531922375895,True
BH-HF1R,SXS:BBH:0305,6,C,581,Bstar,3687.0114631004453,1.5151952317542055,1568,0.9207466665601259,1.2031161354473865,79,64,0.810126582278481,0.005,-0.5271694001371765,0.849760215330774,-7.914995694946463e-08,True
BH-HF1R,SXS:BBH:0305,6,C,582,Rstar,3687.0132113297223,1.5169434610311328,1568,0.9207689942051945,4.790241005066026,79,79,1.0,0.005,0.4481054049844483,-0.8939476137272077,-0.007694799227698918,True
BH-HF1R,SXS:BBH:0305,6,C,582,Estar,3687.0132113297223,1.5169434610311328,1568,0.9207689942051945,5.083206523045038,79,79,1.0,0.005,0.4735715896732935,-0.8807098573771952,-0.008949668873775077,True
BH-HF1R,SXS:BBH:0305,6,C,582,Bstar,3687.0132113297223,1.5169434610311328,1568,0.9207689942051945,1.202074376912898,79,64,0.810126582278481,0.005,-0.5271931552016644,0.8497454778393985,-7.913186837086581e-08,True
BH-HF1R,SXS:BBH:0305,6,C,583,Rstar,3687.014915853267,1.5186479845760914,1568,0.9207907430356171,4.7972192840905175,79,79,1.0,0.005,0.44807318791656486,-0.8939637620711185,-0.007694827739400972,True
BH-HF1R,SXS:BBH:0305,6,C,583,Estar,3687.014915853267,1.5186479845760914,1568,0.9207907430356171,5.0903537276427855,79,79,1.0,0.005,0.4735395419516187,-0.8807270878384162,-0.008949802004173477,True
BH-HF1R,SXS:BBH:0305,6,C,583,Bstar,3687.014915853267,1.5186479845760914,1568,0.9207907430356171,1.2010580210151645,79,64,0.810126582278481,0.005,-0.5272163070796689,0.8497311136761263,-7.911424877162315e-08,True
BH-HF1R,SXS:BBH:0305,6,C,584,Rstar,3687.0164580412365,1.5201901725454263,1568,0.9208104033212323,4.800116014102867,79,79,1.0,0.005,0.4551468770188378,-0.8903713043133589,-0.00895883894972125,True
BH-HF1R,SXS:BBH:0305,6,C,584,Estar,3687.0164580412365,1.5201901725454263,1568,0.9208104033212323,5.090881107492383,79,79,1.0,0.005,0.4735105568439534,-0.8807426703932394,-0.008949922117802829,True
BH-HF1R,SXS:BBH:0305,6,C,584,Bstar,3687.0164580412365,1.5201901725454263,1568,0.9208104033212323,1.2001379135339494,79,64,0.810126582278481,0.005,-0.527237246088806,0.8497181216948863,-7.909831076499588e-08,True
BH-HF1R,SXS:BBH:0305,6,C,585,Rstar,3687.018740382426,1.5224725137350106,1568,0.920839468647742,4.802181157438326,79,79,1.0,0.005,0.45510403663208826,-0.8903931981901798,-0.008959266590623401,True
BH-HF1R,SXS:BBH:0305,6,C,585,Estar,3687.018740382426,1.5224725137350106,1568,0.920839468647742,5.089371707205162,79,79,1.0,0.005,0.4734676788881407,-0.880765719570743,-0.00895009929040236,True
BH-HF1R,SXS:BBH:0305,6,C,585,Bstar,3687.018740382426,1.5224725137350106,1568,0.920839468647742,1.1987709368025403,79,64,0.810126582278481,0.005,-0.527268220710027,0.8496989016288512,-7.907472763313247e-08,True
BH-HF1R,SXS:BBH:0305,6,C,586,Rstar,3687.0205919680125,1.5243240993213476,1568,0.920863022095371,4.806242720644225,79,79,1.0,0.005,0.45506929819417574,-0.8904109496058594,-0.008959612885150398,True
BH-HF1R,SXS:BBH:0305,6,C,586,Estar,3687.0205919680125,1.5243240993213476,1568,0.920863022095371,5.08813445664353,79,79,1.0,0.005,0.47343290942819016,-0.8807844080303555,-0.008950242509315304,True
BH-HF1R,SXS:BBH:0305,6,C,586,Bstar,3687.0205919680125,1.5243240993213476,1568,0.920863022095371,1.1974179603064927,79,64,0.810126582278481,0.005,-0.5272933372520582,0.849683315412031,-7.905560230055874e-08,True
BH-HF1R,SXS:BBH:0305,6,C,587,Rstar,3687.0223711187728,1.5261032500816327,1568,0.9208856314812677,4.813379555840457,79,79,1.0,0.005,0.4550359326350319,-0.8904279978722782,-0.008959945096523831,True
BH-HF1R,SXS:BBH:0305,6,C,587,Estar,3687.0223711187728,1.5261032500816327,1568,0.9208856314812677,5.08308390733367,79,79,1.0,0.005,0.47339951360253235,-0.8808023565047213,-0.008950379691152262,True
BH-HF1R,SXS:BBH:0305,6,C,587,Bstar,3687.0223711187728,1.5261032500816327,1568,0.9208856314812677,1.1965384006324757,79,65,0.8227848101265823,0.005,-0.5210763545271666,0.8534955496867269,-0.004977892890633004,True
BH-HF1R,SXS:BBH:0305,6,C,588,Rstar,3687.024105790764,1.527837922073104,1568,0.9209076545980595,4.809588720047884,79,79,1.0,0.005,0.4651536266882676,-0.885229657413624,-0.0007464677551614757,True
BH-HF1R,SXS:BBH:0305,6,C,588,Estar,3687.024105790764,1.527837922073104,1568,0.9209076545980595,5.077341572621066,79,79,1.0,0.005,0.47336696535928996,-0.8808198478820547,-0.008950513033947557,True
BH-HF1R,SXS:BBH:0305,6,C,588,Bstar,3687.024105790764,1.527837922073104,1568,0.9209076545980595,1.1958180700543295,79,65,0.8227848101265823,0.005,-0.5211000347431294,0.8534810918236211,-0.004977920275481389,True
BH-HF1R,SXS:BBH:0305,6,C,589,Rstar,3687.025675255899,1.5294073872078116,1568,0.9209275626077279,4.803322745163927,79,79,1.0,0.005,0.46512432703453715,-0.8852450526252889,-0.0007464603931723665,True
BH-HF1R,SXS:BBH:0305,6,C,589,Estar,3687.025675255899,1.5294073872078116,1568,0.9209275626077279,5.077018119376714,79,79,1.0,0.005,0.47333752776192667,-0.8808356662710862,-0.008950633329489439,True
BH-HF1R,SXS:BBH:0305,6,C,589,Bstar,3687.025675255899,1.5294073872078116,1568,0.9209275626077279,1.1951673469096977,79,65,0.8227848101265823,0.005,-0.5211214513582954,0.8534680152156644,-0.004977945164246445,True
BH-HF1R,SXS:BBH:0305,6,C,590,Rstar,3687.0279099624386,1.5316420937474504,1568,0.9209558792223635,4.798935546819564,79,79,1.0,0.005,0.46508262613274803,-0.8852669618155068,-0.0007464498699689799,True
BH-HF1R,SXS:BBH:0305,6,C,590,Estar,3687.0279099624386,1.5316420937474504,1568,0.9209558792223635,5.065636918255036,79,79,1.0,0.005,0.4732956302644452,-0.8808581778467769,-0.008950804044198221,True
BH-HF1R,SXS:BBH:0305,6,C,590,Bstar,3687.0279099624386,1.5316420937474504,1568,0.9209558792223635,1.194242610018219,79,65,0.8227848101265823,0.005,-0.5211519320957043,0.8534494029409182,-0.004977980785897551,True
BH-HF1R,SXS:BBH:0305,6,C,591,Rstar,3687.0297491480082,1.5334812793171295,1568,0.9209791585865637,4.7916913081769295,79,79,1.0,0.005,0.46806281072363787,-0.8836613164324628,-0.007738414458705151,True
BH-HF1R,SXS:BBH:0305,6,C,591,Estar,3687.0297491480082,1.5334812793171295,1568,0.9209791585865637,5.056291317829057,79,79,1.0,0.005,0.4732611638080702,-0.8808766947943304,-0.008950944042218335,True
BH-HF1R,SXS:BBH:0305,6,C,591,Bstar,3687.0297491480082,1.5334812793171295,1568,0.9209791585865637,1.1934831327631439,79,65,0.8227848101265823,0.005,-0.5211770060104907,0.8534340910812898,-0.004978010264530519,True
BH-HF1R,SXS:BBH:0305,6,C,592,Rstar,3687.031549310902,1.5352814422108167,1568,0.921001921255253,4.784186142482484,79,79,1.0,0.005,0.46802916389285715,-0.8836791375789301,-0.0077384464533408965,True
BH-HF1R,SXS:BBH:0305,6,C,592,Estar,3687.031549310902,1.5352814422108167,1568,0.921001921255253,5.047162078058304,79,79,1.0,0.005,0.47322744224226826,-0.8808948098748048,-0.008951080631518253,True
BH-HF1R,SXS:BBH:0305,6,C,592,Bstar,3687.031549310902,1.5352814422108167,1568,0.921001921255253,1.1927411558373535,79,65,0.8227848101265823,0.005,-0.5212015374270358,0.8534191095287421,-0.004978039258884025,True
BH-HF1R,SXS:BBH:0305,6,C,593,Rstar,3687.033304469723,1.537036601032014,1568,0.9210240934861658,4.773985414429153,79,79,1.0,0.005,0.4679963712919964,-0.8836965047041064,-0.007738477322391147,True
BH-HF1R,SXS:BBH:0305,6,C,593,Estar,3687.033304469723,1.537036601032014,1568,0.9210240934861658,5.047552765356576,79,79,1.0,0.005,0.47319457668667847,-0.8809124635133619,-0.008951213388960488,True
BH-HF1R,SXS:BBH:0305,6,C,593,Bstar,3687.033304469723,1.537036601032014,1568,0.9210240934861658,1.1920190469772844,79,65,0.8227848101265823,0.005,-0.5212254455505524,0.8534045076943131,-0.004978067662784505,True
BH-HF1R,SXS:BBH:0305,6,C,594,Rstar,3687.0348924705613,1.5386246018701968,1568,0.9210441360665103,4.764787066739574,79,79,1.0,0.005,0.4679667129085658,-0.8837122105925149,-0.007738504974642266,True
BH-HF1R,SXS:BBH:0305,6,C,594,Estar,3687.0348924705613,1.5386246018701968,1568,0.9210441360665103,5.050838168080169,79,79,1.0,0.005,0.47316485222174176,-0.8809284285666152,-0.008951333148253242,True
BH-HF1R,SXS:BBH:0305,6,C,594,Bstar,3687.0348924705613,1.5386246018701968,1568,0.9210441360665103,1.1913668307232528,79,65,0.8227848101265823,0.005,-0.521247068194298,0.8533913009189832,-0.004978093475860344,True
BH-HF1R,SXS:BBH:0305,6,C,595,Rstar,3687.037097349032,1.5408294803410172,1568,0.9210719353800545,4.770833384336416,79,79,1.0,0.005,0.4679255508411147,-0.8837340062616764,-0.007738542933060712,True
BH-HF1R,SXS:BBH:0305,6,C,595,Estar,3687.037097349032,1.5408294803410172,1568,0.9210719353800545,5.052463522967564,79,79,1.0,0.005,0.4731235982849392,-0.8809505839795236,-0.008951498871568049,True
BH-HF1R,SXS:BBH:0305,6,C,595,Bstar,3687.037097349032,1.5408294803410172,1568,0.9210719353800545,1.1904629088745888,79,65,0.8227848101265823,0.005,-0.5212770770231391,0.8533729707442885,-0.004978129496112858,True
BH-HF1R,SXS:BBH:0305,6,C,596,Rstar,3687.0389290206776,1.5426611519865219,1568,0.921095004326177,4.763479459142707,79,79,1.0,0.005,0.46789137150336035,-0.8837521026531638,-0.007738574081591942,True
BH-HF1R,SXS:BBH:0305,6,C,596,Estar,3687.0389290206776,1.5426611519865219,1568,0.921095004326177,5.053086940478752,79,79,1.0,0.005,0.4730893425240997,-0.8809689791372481,-0.00895163605101645,True
BH-HF1R,SXS:BBH:0305,6,C,596,Bstar,3687.0389290206776,1.5426611519865219,1568,0.921095004326177,1.1897135908902225,79,65,0.8227848101265823,0.005,-0.5213019945797386,0.8533577493492388,-0.004978159578380881,True
BH-HF1R,SXS:BBH:0305,6,C,597,Rstar,3687.040742253269,1.5444743845778248,1568,0.9211178182547177,4.764638461531536,79,79,1.0,0.005,0.46785755003479346,-0.8837700079063023,-0.007738604572870104,True
BH-HF1R,SXS:BBH:0305,6,C,597,Estar,3687.040742253269,1.5444743845778248,1568,0.9211178182547177,5.0536837654189695,79,79,1.0,0.005,0.47305544530901444,-0.8809871800725155,-0.008951771409452056,True
BH-HF1R,SXS:BBH:0305,6,C,597,Bstar,3687.040742253269,1.5444743845778248,1568,0.9211178182547177,1.1899611340514844,79,65,0.8227848101265823,0.005,-0.5373693840930627,0.8433416677033847,0.0029960899045714537,True
BH-HF1R,SXS:BBH:0305,6,C,598,Rstar,3687.0425101550454,1.5462422863542997,1568,0.9211400402960023,4.759861925004102,79,79,1.0,0.005,0.46782458732626075,-0.883787456935912,-0.007738633972960231,True
BH-HF1R,SXS:BBH:0305,6,C,598,Estar,3687.0425101550454,1.5462422863542997,1568,0.9211400402960023,5.054246000251936,79,79,1.0,0.005,0.4730224086589027,-0.8810049173187826,-0.00895190296278823,True
BH-HF1R,SXS:BBH:0305,6,C,598,Bstar,3687.0425101550454,1.5462422863542997,1568,0.9211400402960023,1.1902643798369719,79,65,0.8227848101265823,0.005,-0.5373928853364607,0.8433266929577737,0.0029959530467832075,True
BH-HF1R,SXS:BBH:0305,6,C,599,Rstar,3687.0441096852237,1.547841816532582,1568,0.9211601275556508,4.755543249536278,79,79,1.0,0.005,0.4677947751632491,-0.8838032368501645,-0.007738660293448507,True
BH-HF1R,SXS:BBH:0305,6,C,599,Estar,3687.0441096852237,1.547841816532582,1568,0.9211601275556508,5.0547383042756735,79,79,1.0,0.005,0.4729925295209789,-0.881020957938059,-0.008952021629259555,True
BH-HF1R,SXS:BBH:0305,6,C,599,Bstar,3687.0441096852237,1.547841816532582,1568,0.9211601275556508,1.1905034877524505,79,65,0.8227848101265823,0.005,-0.5374141401948,0.8433131487917863,0.002995829361990614,True
BH-HF1R,SXS:BBH:0305,6,C,600,Rstar,3687.0462801848757,1.5500123161846204,1568,0.9211873575199906,4.748776310972921,79,79,1.0,0.005,0.4692583149384037,-0.8830461847750392,-0.0051058217181045055,True
BH-HF1R,SXS:BBH:0305,6,C,600,Estar,3687.0462801848757,1.5500123161846204,1568,0.9211873575199906,5.055381168340178,79,79,1.0,0.005,0.47295200167632867,-0.8810427132357402,-0.008952182111596789,True
BH-HF1R,SXS:BBH:0305,6,C,600,Bstar,3687.0462801848757,1.5500123161846204,1568,0.9211873575199906,1.190558639662883,79,65,0.8227848101265823,0.005,-0.5374429697803044,0.8432947766021565,0.002995661737547173,True
BH-HF1R,SXS:BBH:0305,6,C,601,Rstar,3687.048099688092,1.5518318194008316,1568,0.9212101912042218,4.744709234734452,79,79,1.0,0.005,0.46922438823208457,-0.8830642128592509,-0.005105825643100669,True
BH-HF1R,SXS:BBH:0305,6,C,601,Estar,3687.048099688092,1.5518318194008316,1568,0.9212101912042218,5.055898631500806,79,79,1.0,0.005,0.4729180464540345,-0.881060938263045,-0.008952340763313223,True
BH-HF1R,SXS:BBH:0305,6,C,601,Bstar,3687.048099688092,1.5518318194008316,1568,0.9212101912042218,1.1907071940196337,79,65,0.8227848101265823,0.005,-0.5374671246511191,0.843279382494184,0.0029954931958195495,True
BH-HF1R,SXS:BBH:0305,6,C,602,Rstar,3687.04992921222,1.5536613435288018,1568,0.9212330642409956,4.757069272040715,79,79,1.0,0.005,0.4748869900334558,-0.8800129749215337,-0.007714315699810031,True
BH-HF1R,SXS:BBH:0305,6,C,602,Estar,3687.04992921222,1.5536613435288018,1568,0.9212330642409956,5.0577506030781505,79,79,1.0,0.005,0.47288391056536144,-0.8810792590671706,-0.008952450505679924,True
BH-HF1R,SXS:BBH:0305,6,C,602,Bstar,3687.04992921222,1.5536613435288018,1568,0.9212330642409956,1.190610918899012,79,66,0.8354430379746836,0.005,-0.5469898533765208,0.8371392359118799,-7.977387497030291e-08,True
BH-HF1R,SXS:BBH:0305,6,C,603,Rstar,3687.0517129982445,1.5554451295533909,1568,0.9212553746443864,4.764060237196588,79,79,1.0,0.005,0.474854044601863,-0.8800307524306633,-0.007714343884773381,True
BH-HF1R,SXS:BBH:0305,6,C,603,Estar,3687.0517129982445,1.5554451295533909,1568,0.9212553746443864,5.0619232976183826,79,79,1.0,0.005,0.47285064505623325,-0.881097110858123,-0.008952581045282767,True
BH-HF1R,SXS:BBH:0305,6,C,603,Bstar,3687.0517129982445,1.5554451295533909,1568,0.9212553746443864,1.1888659350722104,79,66,0.8354430379746836,0.005,-0.5470131615380026,0.8371240058104849,-7.973244547657498e-08,True
BH-HF1R,SXS:BBH:0305,6,C,604,Rstar,3687.053326899886,1.5570590311949672,1568,0.9212755417684749,4.755938905342297,79,79,1.0,0.005,0.4748242480280254,-0.8800468294320276,-0.007714369141798227,True
BH-HF1R,SXS:BBH:0305,6,C,604,Estar,3687.053326899886,1.5570590311949672,1568,0.9212755417684749,5.065538725668163,79,79,1.0,0.005,0.4728205590464322,-0.8811132549943413,-0.008952698827518908,True
BH-HF1R,SXS:BBH:0305,6,C,604,Bstar,3687.053326899886,1.5570590311949672,1568,0.9212755417684749,1.1872874215847575,79,66,0.8354430379746836,0.005,-0.5470342418584109,0.8371102306353612,-7.973754949555999e-08,True
BH-HF1R,SXS:BBH:0305,6,C,605,Rstar,3687.0554767696594,1.559208900968315,1568,0.921302378948098,4.7408101362930894,79,79,1.0,0.005,0.47478457267702523,-0.8800682345956742,-0.007714402345484888,True
BH-HF1R,SXS:BBH:0305,6,C,605,Estar,3687.0554767696594,1.559208900968315,1568,0.921302378948098,5.069232963658323,79,79,1.0,0.005,0.47278049837272257,-0.881134749480952,-0.008952855163588397,True
BH-HF1R,SXS:BBH:0305,6,C,605,Bstar,3687.0554767696594,1.559208900968315,1568,0.921302378948098,1.1851850639075672,79,66,0.8354430379746836,0.005,-0.5470623110328829,0.8370918873381553,-7.971455008275195e-08,True
BH-HF1R,SXS:BBH:0305,6,C,606,Rstar,3687.057291024647,1.5610231559558088,1568,0.9213250025180878,4.728098535834415,79,79,1.0,0.005,0.4747511056951217,-0.8800862885030484,-0.007714429997657665,True
BH-HF1R,SXS:BBH:0305,6,C,606,Estar,3687.057291024647,1.5610231559558088,1568,0.9213250025180878,5.065006785562623,79,79,1.0,0.005,0.47495979808587846,-0.8799732918766806,-0.007758594327587998,True
BH-HF1R,SXS:BBH:0305,6,C,606,Bstar,3687.057291024647,1.5610231559558088,1568,0.9213250025180878,1.184182065971474,79,66,0.8354430379746836,0.005,-0.5470859878444306,0.8370764134201115,-7.969531347040461e-08,True
BH-HF1R,SXS:BBH:0305,6,C,607,Rstar,3687.0591296061125,1.5628617374213718,1568,0.9213479066348539,4.718758053943743,79,79,1.0,0.005,0.4747172036501102,-0.8801045754348562,-0.007714457677057317,True
BH-HF1R,SXS:BBH:0305,6,C,607,Estar,3687.0591296061125,1.5628617374213718,1568,0.9213479066348539,5.062548065303167,79,79,1.0,0.005,0.4749255860785228,-0.8799917564665148,-0.007758623521582742,True
BH-HF1R,SXS:BBH:0305,6,C,607,Bstar,3687.0591296061125,1.5628617374213718,1568,0.9213479066348539,1.1841674110214642,79,66,0.8354430379746836,0.005,-0.547109972336477,0.8370607374438088,-7.967582572554316e-08,True
BH-HF1R,SXS:BBH:0305,6,C,608,Rstar,3687.0609222230414,1.5646543543502958,1568,0.9213702162941375,4.713913187182913,79,79,1.0,0.005,0.4746841624233005,-0.8801223964176711,-0.007714484331806631,True
BH-HF1R,SXS:BBH:0305,6,C,608,Estar,3687.0609222230414,1.5646543543502958,1568,0.9213702162941375,5.061442895783333,79,79,1.0,0.005,0.4748922427689779,-0.8800097505610207,-0.007758651647042186,True
BH-HF1R,SXS:BBH:0305,6,C,608,Bstar,3687.0609222230414,1.5646543543502958,1568,0.9213702162941375,1.1841501345709242,79,66,0.8354430379746836,0.005,-0.5471333477200367,0.8370454586297323,-7.965682878705942e-08,True
BH-HF1R,SXS:BBH:0305,6,C,609,Rstar,3687.0625441145485,1.5662762458573525,1568,0.9213903825693425,4.713477063939724,79,79,1.0,0.005,0.47684455912870505,-0.8789424745947463,-0.008910262769116965,True
BH-HF1R,SXS:BBH:0305,6,C,609,Estar,3687.0625441145485,1.5662762458573525,1568,0.9213903825693425,5.0626319479193125,79,79,1.0,0.005,0.4769721776995973,-0.8789155890086351,-0.0022201572258774816,True
BH-HF1R,SXS:BBH:0305,6,C,609,Bstar,3687.0625441145485,1.5662762458573525,1568,0.9213903825693425,1.1842401344975275,79,66,0.8354430379746836,0.005,-0.5471544888037188,0.8370316394151028,-7.963964397677851e-08,True
BH-HF1R,SXS:BBH:0305,6,C,610,Rstar,3687.064673799464,1.5684059307727694,1568,0.9214168360351747,4.714586464562502,79,79,1.0,0.005,0.47680535767507143,-0.8789637395348388,-0.008910413866907465,True
BH-HF1R,SXS:BBH:0305,6,C,610,Estar,3687.064673799464,1.5684059307727694,1568,0.9214168360351747,5.064399070572065,79,79,1.0,0.005,0.47680535767507143,-0.8789637395348388,-0.008910413866907465,True
BH-HF1R,SXS:BBH:0305,6,C,610,Bstar,3687.064673799464,1.5684059307727694,1568,0.9214168360351747,1.1845533354981967,79,66,0.8354430379746836,0.005,-0.5471822372342904,0.8370135000436196,-7.961708708739873e-08,True
BH-HF1R,SXS:BBH:0305,6,C,611,Rstar,3687.0664816825865,1.570213813895407,1568,0.9214392686171021,4.722555914559909,79,79,1.0,0.005,0.4767720941192863,-0.8789817816748133,-0.008910541671593513,True
BH-HF1R,SXS:BBH:0305,6,C,611,Estar,3687.0664816825865,1.570213813895407,1568,0.9214392686171021,5.062651969405364,79,79,1.0,0.005,0.4767720941192863,-0.8789817816748133,-0.008910541671593513,True
BH-HF1R,SXS:BBH:0305,6,C,611,Bstar,3687.0664816825865,1.570213813895407,1568,0.9214392686171021,1.184817240676426,79,66,0.8354430379746836,0.005,-0.5472057824121491,0.8369981073423651,-7.95979695946853e-08,True
BH-HF1R,SXS:BBH:0305,6,C,612,Rstar,3687.068329558905,1.5720616902140137,1568,0.9214621746844989,4.732768441328138,79,79,1.0,0.005,0.4767381084022963,-0.8790002138360951,-0.008910671865786346,True
BH-HF1R,SXS:BBH:0305,6,C,612,Estar,3687.068329558905,1.5720616902140137,1568,0.9214621746844989,5.0650272097400055,79,79,1.0,0.005,0.4767381084022963,-0.8790002138360951,-0.008910671865786346,True
BH-HF1R,SXS:BBH:0305,6,C,612,Bstar,3687.068329558905,1.5720616902140137,1568,0.9214621746844989,1.1850836589938598,79,66,0.8354430379746836,0.005,-0.547229838609246,0.836982379584954,-7.957840985833474e-08,True
BH-HF1R,SXS:BBH:0305,6,C,613,Rstar,3687.0701312383158,1.5738633696246325,1568,0.9214844861724615,4.736189959346571,79,79,1.0,0.005,0.4767049856501314,-0.8790181763357052,-0.008910798379445736,True
BH-HF1R,SXS:BBH:0305,6,C,613,Estar,3687.0701312383158,1.5738633696246325,1568,0.9214844861724615,5.074504613351127,79,79,1.0,0.005,0.47789377796465354,-0.8784100447449502,0.0036510647549371725,True
BH-HF1R,SXS:BBH:0305,6,C,613,Bstar,3687.0701312383158,1.5738633696246325,1568,0.9214844861724615,1.185340175306568,79,66,0.8354430379746836,0.005,-0.5472532838218794,0.8369670503348164,-7.9559340128955e-08,True
BH-HF1R,SXS:BBH:0305,6,C,614,Rstar,3687.071761329211,1.5754934605197377,1568,0.921504654039075,4.738426947490653,79,79,1.0,0.005,0.4766750287691024,-0.8790344205926792,-0.008910912482354365,True
BH-HF1R,SXS:BBH:0305,6,C,614,Estar,3687.071761329211,1.5754934605197377,1568,0.921504654039075,5.087525385625242,79,79,1.0,0.005,0.4778639807951914,-0.8784262547965354,0.0036511289631209485,True
BH-HF1R,SXS:BBH:0305,6,C,614,Bstar,3687.071761329211,1.5754934605197377,1568,0.921504654039075,1.1855694987057235,79,66,0.8354430379746836,0.005,-0.5472744880141346,0.8369531855300274,-7.954208700375591e-08,True
BH-HF1R,SXS:BBH:0305,6,C,615,Rstar,3687.073875979647,1.5776081109556799,1568,0.9215307907559168,4.741157798494487,79,79,1.0,0.005,0.4766361829714316,-0.879055482943055,-0.008911059991741301,True
BH-HF1R,SXS:BBH:0305,6,C,615,Estar,3687.073875979647,1.5776081109556799,1568,0.9215307907559168,5.0978362954374665,79,79,1.0,0.005,0.47803093558312837,-0.8782864379834253,-0.00996782222483517,True
BH-HF1R,SXS:BBH:0305,6,C,615,Bstar,3687.073875979647,1.5776081109556799,1568,0.9215307907559168,1.1858630731188813,79,66,0.8354430379746836,0.005,-0.5473019838098551,0.8369352056866713,-7.951971700377391e-08,True
BH-HF1R,SXS:BBH:0305,6,C,616,Rstar,3687.075679189141,1.579411320449708,1568,0.9215530614818157,4.743882022650921,79,79,1.0,0.005,0.47779240193667194,-0.8784651892858615,0.003651282588509019,True
BH-HF1R,SXS:BBH:0305,6,C,616,Estar,3687.075679189141,1.579411320449708,1568,0.9215530614818157,5.096835485147152,79,79,1.0,0.005,0.4779981875490684,-0.8783042590918116,-0.009968006871447093,True
BH-HF1R,SXS:BBH:0305,6,C,616,Bstar,3687.075679189141,1.579411320449708,1568,0.9215530614818157,1.1861098506165626,79,66,0.8354430379746836,0.005,-0.5473254242632158,0.8369198766638802,-7.959082574478805e-08,True
BH-HF1R,SXS:BBH:0305,6,C,617,Rstar,3687.0775339632974,1.5812660946062351,1568,0.921575932840783,4.749469787425839,79,79,1.0,0.005,0.4777585460185333,-0.8784836021874992,0.003651355081702739,True
BH-HF1R,SXS:BBH:0305,6,C,617,Estar,3687.0775339632974,1.5812660946062351,1568,0.921575932840783,5.094428950842683,79,79,1.0,0.005,0.4779645290340486,-0.8783225740314884,-0.009968196023381838,True
BH-HF1R,SXS:BBH:0305,6,C,617,Bstar,3687.0775339632974,1.5812660946062351,1568,0.921575932840783,1.1863604346771788,79,66,0.8354430379746836,0.005,-0.5473495160916858,0.8369041206937574,-7.94810386449467e-08,True
BH-HF1R,SXS:BBH:0305,6,C,618,Rstar,3687.0793423681,1.5830744994086672,1568,0.9215982312950399,4.75898434809023,79,79,1.0,0.005,0.47772553658230293,-0.878501553140886,0.0036514142741619128,True
BH-HF1R,SXS:BBH:0305,6,C,618,Estar,3687.0793423681,1.5830744994086672,1568,0.9215982312950399,5.092065105802628,79,79,1.0,0.005,0.47793171196108597,-0.8783404293738093,-0.009968391514065332,True
BH-HF1R,SXS:BBH:0305,6,C,618,Bstar,3687.0793423681,1.5830744994086672,1568,0.9215982312950399,1.1866013175251273,79,66,0.8354430379746836,0.005,-0.5473730053658405,0.8368887578386741,-9.272592695542298e-08,True
BH-HF1R,SXS:BBH:0305,6,C,619,Rstar,3687.0809785438732,1.584710675182123,1568,0.9216183602751052,4.764504768081661,79,79,1.0,0.005,0.477695695864302,-0.8785177794332202,0.003651489072182301,True
BH-HF1R,SXS:BBH:0305,6,C,619,Estar,3687.0809785438732,1.584710675182123,1568,0.9216183602751052,5.090525589762301,79,79,1.0,0.005,0.47790204528192864,-0.8783565695100084,-0.009968546230995978,True
BH-HF1R,SXS:BBH:0305,6,C,619,Bstar,3687.0809785438732,1.584710675182123,1568,0.9216183602751052,1.1868166111265634,79,66,0.8354430379746836,0.005,-0.5473942397940864,0.8368748689262019,-7.944536932520196e-08,True
BH-HF1R,SXS:BBH:0305,6,C,620,Rstar,3687.0830805649,1.5868126962086535,1568,0.9216442125648785,4.771587806005312,79,79,1.0,0.005,0.47765736554207006,-0.8785386201962324,0.003651570499023378,True
BH-HF1R,SXS:BBH:0305,6,C,620,Estar,3687.0830805649,1.5868126962086535,1568,0.9216442125648785,5.096838292683453,79,79,1.0,0.005,0.47786393838142677,-0.8783772994771747,-0.009968759089167391,True
BH-HF1R,SXS:BBH:0305,6,C,620,Bstar,3687.0830805649,1.5868126962086535,1568,0.9216442125648785,1.1870891714783933,79,66,0.8354430379746836,0.005,-0.5474215150406249,0.8368570277356943,-7.941956276192994e-08,True
BH-HF1R,SXS:BBH:0305,6,C,621,Rstar,3687.0848806096615,1.5886127409703477,1568,0.9216663278292259,4.777645869315903,79,79,1.0,0.005,0.4776245558402522,-0.8785564575959767,0.0036516400165706874,True
BH-HF1R,SXS:BBH:0305,6,C,621,Estar,3687.0848806096615,1.5886127409703477,1568,0.9216663278292259,5.0969526279565445,79,79,1.0,0.005,0.4778313199010268,-0.8783950420737373,-0.00996894086247731,True
BH-HF1R,SXS:BBH:0305,6,C,621,Bstar,3687.0848806096615,1.5886127409703477,1568,0.9216663278292259,1.1873188594299324,79,66,0.8354430379746836,0.005,-0.5474448617030915,0.836841755288822,-7.940322410283786e-08,True
BH-HF1R,SXS:BBH:0305,6,C,622,Rstar,3687.0867409117673,1.5904730430761447,1568,0.9216891609258165,4.782848614869863,79,79,1.0,0.005,0.4763061811194731,-0.8792791800040702,0.0007385382546248457,True
BH-HF1R,SXS:BBH:0305,6,C,622,Estar,3687.0867409117673,1.5904730430761447,1568,0.9216891609258165,5.085707445628428,79,79,1.0,0.005,0.4777976230316613,-0.8784133696089523,-0.009969128223691488,True
BH-HF1R,SXS:BBH:0305,6,C,622,Bstar,3687.0867409117673,1.5904730430761447,1568,0.9216891609258165,1.187553036181293,79,66,0.8354430379746836,0.005,-0.54746898001481,0.8368259770833701,-7.938361365686671e-08,True
BH-HF1R,SXS:BBH:0305,6,C,623,Rstar,3687.088554706321,1.592286837629672,1568,0.9217114012756135,4.802164103069499,79,79,1.0,0.005,0.4762731280265901,-0.8792970840774212,0.0007385477045041043,True
BH-HF1R,SXS:BBH:0305,6,C,623,Estar,3687.088554706321,1.592286837629672,1568,0.9217114012756135,5.086343442171651,79,79,1.0,0.005,0.4777647818290569,-0.8784312301447608,-0.009969310417270626,True
BH-HF1R,SXS:BBH:0305,6,C,623,Bstar,3687.088554706321,1.592286837629672,1568,0.9217114012756135,1.1877780142460035,79,66,0.8354430379746836,0.005,-0.547492485684537,0.8368105987133294,-7.936446047075988e-08,True
BH-HF1R,SXS:BBH:0305,6,C,624,Rstar,3687.0901957585356,1.5939278898445082,1568,0.9217315047895825,4.817868596236817,79,79,1.0,0.005,0.476243234225072,-0.8793132754539479,0.000738556221772534,True
BH-HF1R,SXS:BBH:0305,6,C,624,Estar,3687.0901957585356,1.5939278898445082,1568,0.9217315047895825,5.092951310997356,79,79,1.0,0.005,0.4768010481212265,-0.8789666843439856,-0.008850329024403636,True
BH-HF1R,SXS:BBH:0305,6,C,624,Bstar,3687.0901957585356,1.5939278898445082,1568,0.9217315047895825,1.1879787156627482,79,66,0.8354430379746836,0.005,-0.5475137444862243,0.836796689524204,-7.934713604225949e-08,True
BH-HF1R,SXS:BBH:0305,6,C,625,Rstar,3687.092296785592,1.5960289169011048,1568,0.9217572174684912,4.834945501965739,79,79,1.0,0.005,0.4762049771988421,-0.8793339946855897,0.0007385670811508487,True
BH-HF1R,SXS:BBH:0305,6,C,625,Estar,3687.092296785592,1.5960289169011048,1568,0.9217572174684912,5.095475341317032,79,79,1.0,0.005,0.47666866103434263,-0.8790827319604024,0.0007334553579951294,True
BH-HF1R,SXS:BBH:0305,6,C,625,Bstar,3687.092296785592,1.5960289169011048,1568,0.9217572174684912,1.1882317739240307,79,66,0.8354430379746836,0.005,-0.547540950548593,0.8367788880417197,-7.932496577655612e-08,True
BH-HF1R,SXS:BBH:0305,6,C,626,Rstar,3687.0940989215824,1.5978310528912516,1568,0.9217792494167264,4.839737252956163,79,79,1.0,0.005,0.47509863665502355,-0.8798761623297485,-0.00996114513557021,True
BH-HF1R,SXS:BBH:0305,6,C,626,Estar,3687.0940989215824,1.5978310528912516,1568,0.9217792494167264,5.108419921793719,79,79,1.0,0.005,0.4766362402429312,-0.8791003108389094,0.0007334643927090546,True
BH-HF1R,SXS:BBH:0305,6,C,626,Bstar,3687.0940989215824,1.5978310528912516,1568,0.9217792494167264,1.1884452327439445,79,66,0.8354430379746836,0.005,-0.5475642760672861,0.8367636246724056,-7.930595069625211e-08,True
BH-HF1R,SXS:BBH:0305,6,C,627,Rstar,3687.0959588396477,1.5996909709565443,1568,0.9218019653172348,4.830501178221298,79,79,1.0,0.005,0.47506497629774247,-0.8798943346858725,-0.00996132937569706,True
BH-HF1R,SXS:BBH:0305,6,C,627,Estar,3687.0959588396477,1.5996909709565443,1568,0.9218019653172348,5.1217514411033545,79,79,1.0,0.005,0.47660279338554723,-0.8791184444393463,0.0007334736787165774,True
BH-HF1R,SXS:BBH:0305,6,C,627,Bstar,3687.0959588396477,1.5996909709565443,1568,0.9218019653172348,1.1886620935671748,79,66,0.8354430379746836,0.005,-0.5475883395950429,0.8367478774036642,-7.928639058747512e-08,True
BH-HF1R,SXS:BBH:0305,6,C,628,Rstar,3687.0977722597618,1.6015043910706481,1568,0.9218240915571101,4.831281014657863,79,79,1.0,0.005,0.47503217074786125,-0.8799120439580185,-0.009961508530182628,True
BH-HF1R,SXS:BBH:0305,6,C,628,Estar,3687.0977722597618,1.6015043910706481,1568,0.9218240915571101,5.134721995343533,79,79,1.0,0.005,0.4765701958559603,-0.8791361159825865,0.000733482695152233,True
BH-HF1R,SXS:BBH:0305,6,C,628,Bstar,3687.0977722597618,1.6015043910706481,1568,0.9218240915571101,1.1888701610406927,79,66,0.8354430379746836,0.005,-0.5476117918663999,0.8367325291924921,-7.926726633932685e-08,True
BH-HF1R,SXS:BBH:0305,6,C,629,Rstar,3687.099412973198,1.6031451045068934,1568,0.9218440919699468,4.8328528622672,79,79,1.0,0.005,0.47500250084093876,-0.8799280591738097,-0.009961670214703683,True
BH-HF1R,SXS:BBH:0305,6,C,629,Estar,3687.099412973198,1.6031451045068934,1568,0.9218440919699468,5.146433548664039,79,79,1.0,0.005,0.47654071403705295,-0.8791520971119111,0.0007334908210384734,True
BH-HF1R,SXS:BBH:0305,6,C,629,Bstar,3687.099412973198,1.6031451045068934,1568,0.9218440919699468,1.1890555390253486,79,66,0.8354430379746836,0.005,-0.5476330023684549,0.8367186472864732,-7.9249951434577e-08,True
BH-HF1R,SXS:BBH:0305,6,C,630,Rstar,3687.1015250304436,1.6052571617524336,1568,0.9218698122859007,4.833738147335561,79,79,1.0,0.005,0.4749643231645045,-0.8799486648163151,-0.009961877778219235,True
BH-HF1R,SXS:BBH:0305,6,C,630,Estar,3687.1015250304436,1.6052571617524336,1568,0.9218698122859007,5.1614765227156605,79,79,1.0,0.005,0.4765027783135556,-0.8791726589444182,0.0007335012367677569,True
BH-HF1R,SXS:BBH:0305,6,C,630,Bstar,3687.1015250304436,1.6052571617524336,1568,0.9218698122859007,1.189290147484726,79,66,0.8354430379746836,0.005,-0.5476602947362686,0.8367007837748073,-7.922768295290751e-08,True
BH-HF1R,SXS:BBH:0305,6,C,631,Rstar,3687.103334915225,1.607067046533757,1568,0.9218918299910871,4.833958110153939,79,79,1.0,0.005,0.4749316217793522,-0.8799663130435694,-0.0099620551364173,True
BH-HF1R,SXS:BBH:0305,6,C,631,Estar,3687.103334915225,1.607067046533757,1568,0.9218918299910871,5.1705424476058655,79,79,1.0,0.005,0.4801446829299095,-0.8771817810634959,-0.0036340644476834058,True
BH-HF1R,SXS:BBH:0305,6,C,631,Bstar,3687.103334915225,1.607067046533757,1568,0.9218918299910871,1.189357121363915,79,66,0.8354430379746836,0.005,-0.5476836720464326,0.8366854817514938,-7.92086113814477e-08,True
BH-HF1R,SXS:BBH:0305,6,C,632,Rstar,3687.105188260647,1.6089203919559623,1568,0.9219143541557262,4.8351344241369425,79,79,1.0,0.005,0.4748981486565081,-0.8799843761403888,-0.009962236266619615,True
BH-HF1R,SXS:BBH:0305,6,C,632,Estar,3687.105188260647,1.6089203919559623,1568,0.9219143541557262,5.162194921235493,79,79,1.0,0.005,0.48011152489745423,-0.8771999301258591,-0.0036340401523702027,True
BH-HF1R,SXS:BBH:0305,6,C,632,Bstar,3687.105188260647,1.6089203919559623,1568,0.9219143541557262,1.1893663162740256,79,66,0.8354430379746836,0.005,-0.5477076008827121,0.836669817750884,-7.91890294015292e-08,True
BH-HF1R,SXS:BBH:0305,6,C,633,Rstar,3687.1069952724342,1.6107274037431125,1568,0.9219362937539907,4.839406969674459,79,79,1.0,0.005,0.47512305329066873,-0.8799118993954608,0.0036240218025114655,True
BH-HF1R,SXS:BBH:0305,6,C,633,Estar,3687.1069952724342,1.6107274037431125,1568,0.9219362937539907,5.162117090579099,79,79,1.0,0.005,0.4800792087230614,-0.877217616830218,-0.0036340163114314586,True
BH-HF1R,SXS:BBH:0305,6,C,633,Bstar,3687.1069952724342,1.6107274037431125,1568,0.9219362937539907,1.189371844531943,79,66,0.8354430379746836,0.005,-0.5477309219121465,0.8366545506846084,-7.917005605257572e-08,True
BH-HF1R,SXS:BBH:0305,6,C,634,Rstar,3687.1086301878604,1.6123623191692786,1568,0.9219561255576403,4.8465233525062805,79,79,1.0,0.005,0.4750937188181885,-0.8799277381548642,0.0036240812861438212,True
BH-HF1R,SXS:BBH:0305,6,C,634,Estar,3687.1086301878604,1.6123623191692786,1568,0.9219561255576403,5.162332925780845,79,79,1.0,0.005,0.48004998125240944,-0.8772336117493046,-0.0036339946108620773,True
BH-HF1R,SXS:BBH:0305,6,C,634,Bstar,3687.1086301878604,1.6123623191692786,1568,0.9219561255576403,1.1893739193948105,79,66,0.8354430379746836,0.005,-0.5477520137409762,0.8366407421603966,-7.915283714667999e-08,True
BH-HF1R,SXS:BBH:0305,6,C,635,Rstar,3687.1107602947795,1.6144924260884181,1568,0.9219819382794078,4.857726352600061,79,79,1.0,0.005,0.4750555152275745,-0.8799483637842662,0.0036241585583565183,True
BH-HF1R,SXS:BBH:0305,6,C,635,Estar,3687.1107602947795,1.6144924260884181,1568,0.9219819382794078,5.160792283178105,79,79,1.0,0.005,0.4800119168659414,-0.877254440830418,-0.0036339661521930327,True
BH-HF1R,SXS:BBH:0305,6,C,635,Bstar,3687.1107602947795,1.6144924260884181,1568,0.9219819382794078,1.1893947144902632,79,66,0.8354430379746836,0.005,-0.5477794823454405,0.8366227577118346,-7.913040721720585e-08,True
BH-HF1R,SXS:BBH:0305,6,C,636,Rstar,3687.112578624563,1.6163107558718366,1568,0.9220039498390601,4.867313172384902,79,79,1.0,0.005,0.4750229175731087,-0.8799659611476095,0.003624224316398442,True
BH-HF1R,SXS:BBH:0305,6,C,636,Estar,3687.112578624563,1.6163107558718366,1568,0.9220039498390601,5.158098643890754,79,79,1.0,0.005,0.47997943785557207,-0.8772722118610733,-0.003633941693172845,True
BH-HF1R,SXS:BBH:0305,6,C,636,Bstar,3687.112578624563,1.6163107558718366,1568,0.9220039498390601,1.189543604399877,79,66,0.8354430379746836,0.005,-0.5478029200473142,0.8366074113869838,-7.911126543219034e-08,True
BH-HF1R,SXS:BBH:0305,6,C,637,Rstar,3687.114422696849,1.6181548281579126,1568,0.9220262510349693,4.876936980492212,79,79,1.0,0.005,0.47498987175123597,-0.8799837988564576,0.0036242908136493762,True
BH-HF1R,SXS:BBH:0305,6,C,637,Estar,3687.114422696849,1.6181548281579126,1568,0.9220262510349693,5.1531026823599975,79,79,1.0,0.005,0.47994651218351836,-0.8772902256904838,-0.0036339167321131835,True
BH-HF1R,SXS:BBH:0305,6,C,637,Bstar,3687.114422696849,1.6181548281579126,1568,0.9220262510349693,1.189691234350984,79,66,0.8354430379746836,0.005,-0.5478266797907366,0.8365918532411438,-7.90918641339933e-08,True
BH-HF1R,SXS:BBH:0305,6,C,638,Rstar,3687.116220667328,1.6199527986368594,1568,0.9220479736148637,4.883470714692626,79,79,1.0,0.005,0.4749576650042811,-0.8800011821021387,0.0036243554626738303,True
BH-HF1R,SXS:BBH:0305,6,C,638,Estar,3687.116220667328,1.6199527986368594,1568,0.9220479736148637,5.147035547938514,79,79,1.0,0.005,0.47991442241400945,-0.8773077806483798,-0.0036338922441656657,True
BH-HF1R,SXS:BBH:0305,6,C,638,Bstar,3687.116220667328,1.6199527986368594,1568,0.9220479736148637,1.1898319665177004,79,66,0.8354430379746836,0.005,-0.5478498360583561,0.8365766893302885,-7.907294582723938e-08,True
BH-HF1R,SXS:BBH:0305,6,C,639,Rstar,3687.117847402523,1.6215795338316639,1568,0.9220676094009596,4.894994059566089,79,79,1.0,0.005,0.47492853656145617,-0.8800169025559813,0.0036244137967364203,True
BH-HF1R,SXS:BBH:0305,6,C,639,Estar,3687.117847402523,1.6215795338316639,1568,0.9220676094009596,5.141469455728555,79,79,1.0,0.005,0.47988539966458615,-0.877323656456312,-0.0036338699601383634,True
BH-HF1R,SXS:BBH:0305,6,C,639,Bstar,3687.117847402523,1.6215795338316639,1568,0.9220676094009596,1.1899563560112763,79,66,0.8354430379746836,0.005,-0.5478707789023367,0.8365629740939654,-7.905582160996636e-08,True
BH-HF1R,SXS:BBH:0305,6,C,640,Rstar,3687.1200121663805,1.6237442976894272,1568,0.9220937132855045,4.9027198035819355,79,79,1.0,0.005,0.4748897903378782,-0.8800378117424542,0.0036244911917224284,True
BH-HF1R,SXS:BBH:0305,6,C,640,Estar,3687.1200121663805,1.6237442976894272,1568,0.9220937132855045,5.134528292399925,79,79,1.0,0.005,0.479846793880427,-0.8773447723721155,-0.003633840117013841,True
BH-HF1R,SXS:BBH:0305,6,C,640,Bstar,3687.1200121663805,1.6237442976894272,1568,0.9220937132855045,1.190117706981046,79,66,0.8354430379746836,0.005,-0.547898636528083,0.8365447292826973,-7.903304235207409e-08,True
BH-HF1R,SXS:BBH:0305,6,C,641,Rstar,3687.121846285668,1.6255784169770777,1568,0.9221158067129188,4.9072900160051685,79,79,1.0,0.005,0.47249010585011286,-0.881321668596308,0.005021587036847111,True
BH-HF1R,SXS:BBH:0305,6,C,641,Estar,3687.121846285668,1.6255784169770777,1568,0.9221158067129188,5.122576549530737,79,79,1.0,0.005,0.4798140990072145,-0.8773626535161422,-0.0036338146635231418,True
BH-HF1R,SXS:BBH:0305,6,C,641,Bstar,3687.121846285668,1.6255784169770777,1568,0.9221158067129188,1.1901019731720133,79,66,0.8354430379746836,0.005,-0.5479222285774549,0.8365292770911901,-7.901375219597994e-08,True
BH-HF1R,SXS:BBH:0305,6,C,642,Rstar,3687.123672701699,1.6274048330078585,1568,0.9221377857159566,4.9039057741158825,79,79,1.0,0.005,0.4724573691054917,-0.8813392176511845,0.005021733556784992,True
BH-HF1R,SXS:BBH:0305,6,C,642,Estar,3687.123672701699,1.6274048330078585,1568,0.9221377857159566,5.113901693240552,79,79,1.0,0.005,0.47978155444838755,-0.877380450880577,-0.0036337891634100764,True
BH-HF1R,SXS:BBH:0305,6,C,642,Bstar,3687.123672701699,1.6274048330078585,1568,0.9221377857159566,1.189901785810218,79,66,0.8354430379746836,0.005,-0.5479457118791184,0.8365138951824291,-7.899454648988354e-08,True
BH-HF1R,SXS:BBH:0305,6,C,643,Rstar,3687.125453457329,1.629185588637938,1568,0.9221591947196063,4.899538372537716,79,79,1.0,0.005,0.4724254635328295,-0.8813563196379882,0.005021876140576254,True
BH-HF1R,SXS:BBH:0305,6,C,643,Estar,3687.125453457329,1.629185588637938,1568,0.9221591947196063,5.10874869626187,79,79,1.0,0.005,0.479749836002896,-0.8773977949671812,-0.0036337641534186257,True
BH-HF1R,SXS:BBH:0305,6,C,643,Bstar,3687.125453457329,1.629185588637938,1568,0.9221591947196063,1.1897038852720527,79,66,0.8354430379746836,0.005,-0.5479685988054884,0.8364989030017574,-7.897582884795821e-08,True
BH-HF1R,SXS:BBH:0305,6,C,644,Rstar,3687.127064617185,1.630796748494049,1568,0.9221785478629493,4.900419426909798,79,79,1.0,0.005,0.4723966063324275,-0.881371786360831,0.0050220048509541666,True
BH-HF1R,SXS:BBH:0305,6,C,644,Estar,3687.127064617185,1.630796748494049,1568,0.9221785478629493,5.101209015242806,79,79,1.0,0.005,0.47972114790056963,-0.8774134807375008,-0.0036337414689224684,True
BH-HF1R,SXS:BBH:0305,6,C,644,Bstar,3687.127064617185,1.630796748494049,1568,0.9221785478629493,1.189522506363263,79,66,0.8354430379746836,0.005,-0.5479892989288879,0.8364853425251512,-7.903734397250837e-08,True
BH-HF1R,SXS:BBH:0305,6,C,645,Rstar,3687.1292771606822,1.6330092919911294,1568,0.9222050965040967,4.90162312759254,79,79,1.0,0.005,0.47235699725120617,-0.8813930138376944,0.005022181391590092,True
BH-HF1R,SXS:BBH:0305,6,C,645,Estar,3687.1292771606822,1.6330092919911294,1568,0.9222050965040967,5.09674470085677,79,79,1.0,0.005,0.48578679797944857,-0.8740629504682993,0.005014531635737016,True
BH-HF1R,SXS:BBH:0305,6,C,645,Bstar,3687.1292771606822,1.6330092919911294,1568,0.9222050965040967,1.1892698684398098,79,66,0.8354430379746836,0.005,-0.5480177114559766,0.8364667285257362,-7.893561782493694e-08,True
BH-HF1R,SXS:BBH:0305,6,C,646,Rstar,3687.1311312295147,1.6348633608236014,1568,0.922227320330966,4.905667008830115,79,79,1.0,0.005,0.47232381964394604,-0.8814107927684993,0.0050223289576290155,True
BH-HF1R,SXS:BBH:0305,6,C,646,Estar,3687.1311312295147,1.6348633608236014,1568,0.922227320330966,5.094660664436656,79,79,1.0,0.005,0.485753958010746,-0.8740812007754579,0.005014651316685127,True
BH-HF1R,SXS:BBH:0305,6,C,646,Bstar,3687.1311312295147,1.6348633608236014,1568,0.922227320330966,1.1891186467318047,79,66,0.8354430379746836,0.005,-0.5480415103784246,0.8364511359918935,-7.891613877381745e-08,True
BH-HF1R,SXS:BBH:0305,6,C,647,Rstar,3687.132933940331,1.6366660716398655,1568,0.922248907392273,4.910639181759877,79,79,1.0,0.005,0.47229157411737677,-0.8814280706848201,0.0050224721568395215,True
BH-HF1R,SXS:BBH:0305,6,C,647,Estar,3687.132933940331,1.6366660716398655,1568,0.922248907392273,5.092633730638877,79,79,1.0,0.005,0.48572204030452304,-0.8740989370032273,0.005014767416266653,True
BH-HF1R,SXS:BBH:0305,6,C,647,Bstar,3687.132933940331,1.6366660716398655,1568,0.922248907392273,1.1890752018997297,79,66,0.8354430379746836,0.005,-0.5480646405496726,0.8364359806818163,-7.889721242110465e-08,True
BH-HF1R,SXS:BBH:0305,6,C,648,Rstar,3687.1346915833774,1.6384237146862688,1568,0.9222699349285358,4.912286738730748,79,79,1.0,0.005,0.4722601471336585,-0.8814449085467015,0.005022611511175994,True
BH-HF1R,SXS:BBH:0305,6,C,648,Estar,3687.1346915833774,1.6384237146862688,1568,0.9222699349285358,5.090656929865646,79,79,1.0,0.005,0.485690932503827,-0.8741162217111232,0.005014880360825938,True
BH-HF1R,SXS:BBH:0305,6,C,648,Bstar,3687.1346915833774,1.6384237146862688,1568,0.9222699349285358,1.1890295438469618,79,66,0.8354430379746836,0.005,-0.5480871834229737,0.8364212093003534,-7.887876050078288e-08,True
BH-HF1R,SXS:BBH:0305,6,C,649,Rstar,3687.1362818318476,1.6400139631564343,1568,0.9222889428961368,4.910932392892617,79,79,1.0,0.005,0.4722317237400927,-0.8814601359124459,0.005022737368520523,True
BH-HF1R,SXS:BBH:0305,6,C,649,Estar,3687.1362818318476,1.6400139631564343,1568,0.9222889428961368,5.088867835583033,79,79,1.0,0.005,0.4856627975193656,-0.8741318533595789,0.005014982334105831,True
BH-HF1R,SXS:BBH:0305,6,C,649,Bstar,3687.1362818318476,1.6400139631564343,1568,0.9222889428961368,1.1889854247497547,79,66,0.8354430379746836,0.005,-0.5481075716680303,0.8364078490067923,-7.886206969073738e-08,True
BH-HF1R,SXS:BBH:0305,6,C,650,Rstar,3687.138490636493,1.6422227678017407,1568,0.9223153179172165,4.9090461757460435,79,79,1.0,0.005,0.4721922611846006,-0.8814812753735423,0.005022911825562205,True
BH-HF1R,SXS:BBH:0305,6,C,650,Estar,3687.138490636493,1.6422227678017407,1568,0.9223153179172165,5.086382020111259,79,79,1.0,0.005,0.48562373496332445,-0.8741535543456949,0.005015123633459762,True
BH-HF1R,SXS:BBH:0305,6,C,650,Bstar,3687.138490636493,1.6422227678017407,1568,0.9223153179172165,1.1889197124593913,79,66,0.8354430379746836,0.005,-0.5481358781618533,0.8363892987549085,-7.883911389685428e-08,True
BH-HF1R,SXS:BBH:0305,6,C,651,Rstar,3687.1403370284984,1.644069159807259,1568,0.9223373416542997,4.907464886445108,79,79,1.0,0.005,0.47215928831617376,-0.8814989366707704,0.005023057342414643,True
BH-HF1R,SXS:BBH:0305,6,C,651,Estar,3687.1403370284984,1.644069159807259,1568,0.9223373416542997,5.083779485186275,79,79,1.0,0.005,0.48559109593658534,-0.8741716850255029,0.005015241447718561,True
BH-HF1R,SXS:BBH:0305,6,C,651,Bstar,3687.1403370284984,1.644069159807259,1568,0.9223373416542997,1.1888608246183112,79,66,0.8354430379746836,0.005,-0.5481595294255909,0.8363737981906826,-7.881974662165959e-08,True
BH-HF1R,SXS:BBH:0305,6,C,652,Rstar,3687.1421437348026,1.6458758661115098,1568,0.9223588713501443,4.905913571460993,79,79,1.0,0.005,0.47212703723201477,-0.8815162098236048,0.005023199453155454,True
BH-HF1R,SXS:BBH:0305,6,C,652,Estar,3687.1421437348026,1.6458758661115098,1568,0.9223588713501443,5.080999362327006,79,79,1.0,0.005,0.48555917105399377,-0.8741894174633407,0.005015356464237507,True
BH-HF1R,SXS:BBH:0305,6,C,652,Bstar,3687.1421437348026,1.6458758661115098,1568,0.9223588713501443,1.1887997098929552,79,66,0.8354430379746836,0.005,-0.548182662799393,0.8363586361162063,-7.880080136026787e-08,True
BH-HF1R,SXS:BBH:0305,6,C,653,Rstar,3687.143905273449,1.6476374047579156,1568,0.9223798428171027,4.904397185059394,79,79,1.0,0.005,0.47209560485138397,-0.8815330430323599,0.005023337746311459,True
BH-HF1R,SXS:BBH:0305,6,C,653,Estar,3687.143905273449,1.6476374047579156,1568,0.9223798428171027,5.07829018133481,79,79,1.0,0.005,0.4855280562780158,-0.8742066984667264,0.0050154683528201216,True
BH-HF1R,SXS:BBH:0305,6,C,653,Bstar,3687.143905273449,1.6476374047579156,1568,0.9223798428171027,1.1887367938664632,79,66,0.8354430379746836,0.005,-0.5482052087744714,0.836343858154367,-7.878233426877656e-08,True
BH-HF1R,SXS:BBH:0305,6,C,654,Rstar,3687.14549904651,1.6492311778188196,1568,0.922398800083677,4.903021931391402,79,79,1.0,0.005,0.47206717660380015,-0.8815482661751343,0.005023462643561359,True
BH-HF1R,SXS:BBH:0305,6,C,654,Estar,3687.14549904651,1.6492311778188196,1568,0.922398800083677,5.075840233869552,79,79,1.0,0.005,0.4854999150113061,-0.8742223267498392,0.00501556937065927,True
BH-HF1R,SXS:BBH:0305,6,C,654,Bstar,3687.14549904651,1.6492311778188196,1568,0.922398800083677,1.1886770353224918,79,66,0.8354430379746836,0.005,-0.5482255998006692,0.8363304919248074,-7.876563014284297e-08,True
BH-HF1R,SXS:BBH:0305,6,C,655,Rstar,3687.1477133570365,1.6514454883454164,1568,0.9224251120017859,4.905174011572918,79,79,1.0,0.005,0.47202769647098153,-0.8815694055759296,0.005023635814952041,True
BH-HF1R,SXS:BBH:0305,6,C,655,Estar,3687.1477133570365,1.6514454883454164,1568,0.9224251120017859,5.080645817925988,79,79,1.0,0.005,0.48546083300348586,-0.8742440290210515,0.0050157093816032335,True
BH-HF1R,SXS:BBH:0305,6,C,655,Bstar,3687.1477133570365,1.6514454883454164,1568,0.9224251120017859,1.1885895361659504,79,66,0.8354430379746836,0.005,-0.5482539179225582,0.8363119283392761,-7.874242067138671e-08,True
BH-HF1R,SXS:BBH:0305,6,C,656,Rstar,3687.149563481284,1.6532956125929559,1568,0.9224470727024474,4.909105358900241,79,79,1.0,0.005,0.4719947244692452,-0.8815870584949704,0.005023780188947391,True
BH-HF1R,SXS:BBH:0305,6,C,656,Estar,3687.149563481284,1.6532956125929559,1568,0.9224470727024474,5.082581306937958,79,79,1.0,0.005,0.48542819311988084,-0.8742621522251017,0.005015826063655328,True
BH-HF1R,SXS:BBH:0305,6,C,656,Bstar,3687.149563481284,1.6532956125929559,1568,0.9224470727024474,1.188512435708175,79,66,0.8354430379746836,0.005,-0.5482775677389288,0.8362964239516262,-7.872304207149032e-08,True
BH-HF1R,SXS:BBH:0305,6,C,657,Rstar,3687.151366954245,1.6550990855539567,1568,0.9224684590553461,4.910609227034357,79,79,1.0,0.005,0.47196259686852493,-0.8816042578041827,0.005023920645722787,True
BH-HF1R,SXS:BBH:0305,6,C,657,Estar,3687.151366954245,1.6550990855539567,1568,0.9224684590553461,5.079925173968229,79,79,1.0,0.005,0.4853963888005576,-0.8742798099521191,0.005015939539528699,True
BH-HF1R,SXS:BBH:0305,6,C,657,Bstar,3687.151366954245,1.6550990855539567,1568,0.9224684590553461,1.1878495587761975,79,66,0.8354430379746836,0.005,-0.5483006117330067,0.8362813158101791,-7.870413595104188e-08,True
BH-HF1R,SXS:BBH:0305,6,C,658,Rstar,3687.153125340382,1.6568574716907278,1568,0.9224892911269609,4.9096497331168205,79,79,1.0,0.005,0.4719312848687347,-0.8816210190382855,0.0050240573285367214,True
BH-HF1R,SXS:BBH:0305,6,C,658,Estar,3687.153125340382,1.6568574716907278,1568,0.9224892911269609,5.077337225637216,79,79,1.0,0.005,0.4853653915619164,-0.8742970181334638,0.005016049928119839,True
BH-HF1R,SXS:BBH:0305,6,C,658,Bstar,3687.153125340382,1.6568574716907278,1568,0.9224892911269609,1.1867963433137225,79,66,0.8354430379746836,0.005,-0.548323070563917,0.8362665904407227,-7.868573010969706e-08,True
BH-HF1R,SXS:BBH:0305,6,C,659,Rstar,3687.1547162611723,1.6584483924812048,1568,0.9225081224387411,4.908385038418075,79,79,1.0,0.005,0.4719029654762988,-0.8816361771061006,0.005024180770595712,True
BH-HF1R,SXS:BBH:0305,6,C,659,Estar,3687.1547162611723,1.6584483924812048,1568,0.9225081224387411,5.075803880243674,79,79,1.0,0.005,0.48851241148040464,-0.8725334082408829,0.00640900406837763,True
BH-HF1R,SXS:BBH:0305,6,C,659,Bstar,3687.1547162611723,1.6584483924812048,1568,0.9225081224387411,1.1858426983938366,79,66,0.8354430379746836,0.005,-0.5483433827864533,0.8362532717749467,-7.866908206216636e-08,True
BH-HF1R,SXS:BBH:0305,6,C,660,Rstar,3687.1569381300783,1.6606702613871676,1568,0.9225343957732316,4.899649288047384,79,79,1.0,0.005,0.47186343153878035,-0.8816573358483706,0.0050243528140649415,True
BH-HF1R,SXS:BBH:0305,6,C,660,Estar,3687.1569381300783,1.6606702613871676,1568,0.9225343957732316,5.0762389085049575,79,79,1.0,0.005,0.48847341981555353,-0.8725552355370236,0.006409295642039614,True
BH-HF1R,SXS:BBH:0305,6,C,660,Bstar,3687.1569381300783,1.6606702613871676,1568,0.9225343957732316,1.184509675307166,79,66,0.8354430379746836,0.005,-0.5483717384844132,0.836234677845625,-7.864583993722733e-08,True
BH-HF1R,SXS:BBH:0305,6,C,661,Rstar,3687.1587903274226,1.6625224587314733,1568,0.9225562741390595,4.897240712453497,79,79,1.0,0.005,0.47183049008731925,-0.8816749645219236,0.005024495917476909,True
BH-HF1R,SXS:BBH:0305,6,C,661,Estar,3687.1587903274226,1.6625224587314733,1568,0.9225562741390595,5.078641732944911,79,79,1.0,0.005,0.48844092972852965,-0.8725734215440651,0.006409538268306575,True
BH-HF1R,SXS:BBH:0305,6,C,661,Bstar,3687.1587903274226,1.6625224587314733,1568,0.9225562741390595,1.1843616544547584,79,67,0.8481012658227848,0.005,-0.554659657669346,0.8320631406997597,0.004857369964891277,True
BH-HF1R,SXS:BBH:0305,6,C,662,Rstar,3687.160590429367,1.6643225606758278,1568,0.922577516839628,4.890565748633544,79,79,1.0,0.005,0.47912650192259054,-0.8777383406885139,-0.0036332410869802942,True
BH-HF1R,SXS:BBH:0305,6,C,662,Estar,3687.160590429367,1.6643225606758278,1568,0.922577516839628,5.0809700977575,79,79,1.0,0.005,0.4884093658579132,-0.8725910875911467,0.006409773691072581,True
BH-HF1R,SXS:BBH:0305,6,C,662,Bstar,3687.160590429367,1.6643225606758278,1568,0.922577516839628,1.1850361015576378,79,67,0.8481012658227848,0.005,-0.5546824377132787,0.8320479558989435,0.004857198456365056,True
BH-HF1R,SXS:BBH:0305,6,C,663,Rstar,3687.1623455287627,1.6660776600715508,1568,0.9225982088883243,4.885172047370547,79,79,1.0,0.005,0.47909549167176585,-0.8777552674974443,-0.0036332134920609048,True
BH-HF1R,SXS:BBH:0305,6,C,663,Estar,3687.1623455287627,1.6660776600715508,1568,0.9225982088883243,5.083661092716244,79,79,1.0,0.005,0.4883786028082124,-0.8726083039842802,0.006410002868666716,True
BH-HF1R,SXS:BBH:0305,6,C,663,Bstar,3687.1623455287627,1.6660776600715508,1568,0.9225982088883243,1.1856938826415073,79,67,0.8481012658227848,0.005,-0.5547046394565034,0.8320331557160563,0.004857031460826382,True
BH-HF1R,SXS:BBH:0305,6,C,664,Rstar,3687.1639334758347,1.66766560714359,1568,0.9226169136997467,4.878154859616335,79,79,1.0,0.005,0.4790674450339792,-0.8777705754071642,-0.0036331884056908467,True
BH-HF1R,SXS:BBH:0305,6,C,664,Estar,3687.1639334758347,1.66766560714359,1568,0.9226169136997467,5.094049696375245,79,79,1.0,0.005,0.4883507795538302,-0.8726238739101878,0.00641020991410834,True
BH-HF1R,SXS:BBH:0305,6,C,664,Bstar,3687.1639334758347,1.66766560714359,1568,0.9226169136997467,1.1862706399561411,79,67,0.8481012658227848,0.005,-0.5547247192556088,0.8320197693312351,0.0048568805610419066,True
BH-HF1R,SXS:BBH:0305,6,C,665,Rstar,3687.166165727421,1.6698978587296551,1568,0.9226431816187769,4.879493517116672,79,79,1.0,0.005,0.4790280350551702,-0.8777920834860806,-0.0036331529486291455,True
BH-HF1R,SXS:BBH:0305,6,C,665,Estar,3687.166165727421,1.6698978587296551,1568,0.9226431816187769,5.09752443259729,79,79,1.0,0.005,0.4883116831544828,-0.8726457503354214,0.006410500477004958,True
BH-HF1R,SXS:BBH:0305,6,C,665,Bstar,3687.166165727421,1.6698978587296551,1568,0.9226431816187769,1.1870350729328567,79,67,0.8481012658227848,0.005,-0.5547529343186152,0.8320009583129222,0.004856668741547463,True
BH-HF1R,SXS:BBH:0305,6,C,666,Rstar,3687.168021335115,1.6717534664239793,1568,0.922664993792055,4.865178714222944,79,79,1.0,0.005,0.47899528930044444,-0.8778099528047316,-0.0036331233034654483,True
BH-HF1R,SXS:BBH:0305,6,C,666,Estar,3687.168021335115,1.6717534664239793,1568,0.922664993792055,5.101080751396138,79,79,1.0,0.005,0.48827919767769923,-0.8726639258658755,0.006410741578001657,True
BH-HF1R,SXS:BBH:0305,6,C,666,Bstar,3687.168021335115,1.6717534664239793,1568,0.922664993792055,1.1872100631954419,79,67,0.8481012658227848,0.005,-0.5547763780001123,0.8319853273282212,0.004856492935161291,True
BH-HF1R,SXS:BBH:0305,6,C,667,Rstar,3687.169816609499,1.673548740807746,1568,0.9226860766439967,4.8504969925923405,79,79,1.0,0.005,0.47896362091385275,-0.8778272326976573,-0.0036330944749946837,True
BH-HF1R,SXS:BBH:0305,6,C,667,Estar,3687.169816609499,1.673548740807746,1568,0.9226860766439967,5.10757974832022,79,79,1.0,0.005,0.48824778076802555,-0.8726815020278172,0.006410974463428651,True
BH-HF1R,SXS:BBH:0305,6,C,667,Bstar,3687.169816609499,1.673548740807746,1568,0.9226860766439967,1.187350614853532,79,67,0.8481012658227848,0.005,-0.5547990501724346,0.8319702098356055,0.004856323080601131,True
BH-HF1R,SXS:BBH:0305,6,C,668,Rstar,3687.171567002023,1.6752991333319187,1568,0.9227066130960684,4.842338428202105,79,79,1.0,0.005,0.478932756209865,-0.877844072634204,-0.0036330662279198513,True
BH-HF1R,SXS:BBH:0305,6,C,668,Estar,3687.171567002023,1.6752991333319187,1568,0.9227066130960684,5.113930066115182,79,79,1.0,0.005,0.48821716093412265,-0.872698630839405,0.00641120117084198,True
BH-HF1R,SXS:BBH:0305,6,C,668,Bstar,3687.171567002023,1.6752991333319187,1568,0.9227066130960684,1.187375380890887,79,67,0.8481012658227848,0.005,-0.5548211467894113,0.8319554752555698,0.004856157695288914,True
BH-HF1R,SXS:BBH:0305,6,C,669,Rstar,3687.173150690497,1.6768828218059753,1568,0.9227251773337026,4.838743307261512,79,79,1.0,0.005,0.47890484118938853,-0.8778593019964586,-0.0036330405526131464,True
BH-HF1R,SXS:BBH:0305,6,C,669,Estar,3687.173150690497,1.6768828218059753,1568,0.9227251773337026,5.119687089341568,79,79,1.0,0.005,0.4881894671908173,-0.8727141215754717,0.006411405984556706,True
BH-HF1R,SXS:BBH:0305,6,C,669,Bstar,3687.173150690497,1.6768828218059753,1568,0.9227251773337026,1.1873976398818813,79,67,0.8481012658227848,0.005,-0.5548411315195477,0.831942148203816,0.004856008250415776,True
BH-HF1R,SXS:BBH:0305,6,C,670,Rstar,3687.175393723532,1.6791258548410042,1568,0.922751444091376,4.830663830332604,79,79,1.0,0.005,0.4788653207234337,-0.8778808608748758,-0.003633003995284737,True
BH-HF1R,SXS:BBH:0305,6,C,670,Estar,3687.175393723532,1.6791258548410042,1568,0.922751444091376,5.131391963505024,79,79,1.0,0.005,0.48815025968543885,-0.8727360506641488,0.006411695577845706,True
BH-HF1R,SXS:BBH:0305,6,C,670,Bstar,3687.175393723532,1.6791258548410042,1568,0.922751444091376,1.187428899622347,79,67,0.8481012658227848,0.005,-0.5548694244933742,0.8319232795149525,0.004855796894231948,True
BH-HF1R,SXS:BBH:0305,6,C,671,Rstar,3687.177252365115,1.6809844964236618,1568,0.9227731860750706,4.8241978457047825,79,79,1.0,0.005,0.47883258768116654,-0.8778987153868439,-0.003632973532396071,True
BH-HF1R,SXS:BBH:0305,6,C,671,Estar,3687.177252365115,1.6809844964236618,1568,0.9227731860750706,5.14404932360113,79,79,1.0,0.005,0.48811778557969865,-0.8727542119571522,0.006411935107410385,True
BH-HF1R,SXS:BBH:0305,6,C,671,Bstar,3687.177252365115,1.6809844964236618,1568,0.9227731860750706,1.1874545845936828,79,67,0.8481012658227848,0.005,-0.5548928580735308,0.8319076505199825,0.004855622031320119,True
BH-HF1R,SXS:BBH:0305,6,C,672,Rstar,3687.1790428041304,1.6827749354392836,1568,0.9227941103006189,4.8181661940242355,79,79,1.0,0.005,0.47880106837585423,-0.8779159063599055,-0.0036329440411439224,True
BH-HF1R,SXS:BBH:0305,6,C,672,Estar,3687.1790428041304,1.6827749354392836,1568,0.9227941103006189,5.156272957618023,79,79,1.0,0.005,0.4880865153735933,-0.8727716984666694,0.006412165474157533,True
BH-HF1R,SXS:BBH:0305,6,C,672,Bstar,3687.1790428041304,1.6827749354392836,1568,0.9227941103006189,1.1872018067196555,79,68,0.8607594936708861,0.005,-0.5609869054216289,0.8278246746415923,-7.873069326115868e-08,True
BH-HF1R,SXS:BBH:0305,6,C,673,Rstar,3687.1807884821706,1.6845206134794353,1568,0.922814492302398,4.816707313429143,79,79,1.0,0.005,0.47877034894607773,-0.8779326596599363,-0.0036329151492341828,True
BH-HF1R,SXS:BBH:0305,6,C,673,Estar,3687.1807884821706,1.6845206134794353,1568,0.922814492302398,5.1674986805283645,79,79,1.0,0.005,0.48805603849891704,-0.8727887399266219,0.006412389729525758,True
BH-HF1R,SXS:BBH:0305,6,C,673,Bstar,3687.1807884821706,1.6845206134794353,1568,0.922814492302398,1.1862390396796343,79,68,0.8607594936708861,0.005,-0.5610087342350761,0.8278098816225568,-7.871220750837382e-08,True
BH-HF1R,SXS:BBH:0305,6,C,674,Rstar,3687.1823679051595,1.6861000364683605,1568,0.9228329169955081,4.817044713957624,79,79,1.0,0.005,0.4825166262941473,-0.8758422818800427,-0.008831909242856161,True
BH-HF1R,SXS:BBH:0305,6,C,674,Estar,3687.1823679051595,1.6861000364683605,1568,0.9228329169955081,5.1773373367229985,79,79,1.0,0.005,0.48802847402197436,-0.8728041516877775,0.006412592327780812,True
BH-HF1R,SXS:BBH:0305,6,C,674,Bstar,3687.1823679051595,1.6861000364683605,1568,0.9228329169955081,1.185365369065546,79,68,0.8607594936708861,0.005,-0.561028476864319,0.8277965016520039,-7.869548306419591e-08,True
BH-HF1R,SXS:BBH:0305,6,C,675,Rstar,3687.1846207626522,1.6883528939611097,1568,0.922859171322715,4.820268623284523,79,79,1.0,0.005,0.4824769457418076,-0.8758641401700644,-0.008832032145028514,True
BH-HF1R,SXS:BBH:0305,6,C,675,Estar,3687.1846207626522,1.6883528939611097,1568,0.922859171322715,5.191398782083508,79,79,1.0,0.005,0.48798917280601345,-0.8728261236831291,0.006412880818008766,True
BH-HF1R,SXS:BBH:0305,6,C,675,Bstar,3687.1846207626522,1.6883528939611097,1568,0.922859171322715,1.184114930012073,79,68,0.8607594936708861,0.005,-0.5610566254136369,0.827777423634793,-7.867165256269263e-08,True
BH-HF1R,SXS:BBH:0305,6,C,676,Rstar,3687.186481978824,1.6902141101327288,1568,0.9228808380282907,4.822881800829777,79,79,1.0,0.005,0.4824441780084302,-0.8758821887265619,-0.008832133226906841,True
BH-HF1R,SXS:BBH:0305,6,C,676,Estar,3687.186481978824,1.6902141101327288,1568,0.9228808380282907,5.203040360107625,79,79,1.0,0.005,0.4879567181427601,-0.8728442662512133,0.006413118720865025,True
BH-HF1R,SXS:BBH:0305,6,C,676,Bstar,3687.186481978824,1.6902141101327288,1568,0.9228808380282907,1.1830781053168093,79,68,0.8607594936708861,0.005,-0.5610798699841252,0.8277616682950418,-7.86519265411654e-08,True
BH-HF1R,SXS:BBH:0305,6,C,677,Rstar,3687.188268078173,1.692000209482103,1568,0.9229016105501294,4.825384561187746,79,79,1.0,0.005,0.4824127452470991,-0.8758995004788857,-0.008832229842802715,True
BH-HF1R,SXS:BBH:0305,6,C,677,Estar,3687.188268078173,1.692000209482103,1568,0.9229016105501294,5.214523177980086,79,79,1.0,0.005,0.4879255855428,-0.8728616682828039,0.006413346651797572,True
BH-HF1R,SXS:BBH:0305,6,C,677,Bstar,3687.188268078173,1.692000209482103,1568,0.9229016105501294,1.182012907846913,79,68,0.8607594936708861,0.005,-0.5611021674138136,0.8277465540390455,-7.863302944793927e-08,True
BH-HF1R,SXS:BBH:0305,6,C,678,Rstar,3687.190009525039,1.693741656347811,1568,0.9229218448872442,4.827821320339058,79,79,1.0,0.005,0.4823821100661948,-0.8759163715483979,-0.008832323679227148,True
BH-HF1R,SXS:BBH:0305,6,C,678,Estar,3687.190009525039,1.693741656347811,1568,0.9229218448872442,5.226141326605983,79,79,1.0,0.005,0.4878952427616613,-0.87287862743292,0.006413568535648465,True
BH-HF1R,SXS:BBH:0305,6,C,678,Bstar,3687.190009525039,1.693741656347811,1568,0.9229218448872442,1.180411688740177,79,68,0.8607594936708861,0.005,-0.5611238989255898,0.827731822545526,-7.861460651436215e-08,True
BH-HF1R,SXS:BBH:0305,6,C,679,Rstar,3687.191585119822,1.6953172511307457,1568,0.9229401361691212,4.830020854115041,79,79,1.0,0.005,0.4823544025298089,-0.8759316291379562,-0.008832408269379642,True
BH-HF1R,SXS:BBH:0305,6,C,679,Estar,3687.191585119822,1.6953172511307457,1568,0.9229401361691212,5.228782534453269,79,79,1.0,0.005,0.4878677995584483,-0.8728939647639484,0.006413768991191016,True
BH-HF1R,SXS:BBH:0305,6,C,679,Bstar,3687.191585119822,1.6953172511307457,1568,0.9229401361691212,1.1789631880478668,79,68,0.8607594936708861,0.005,-0.5611435535509048,0.8277184982276623,-7.859794284629481e-08,True
BH-HF1R,SXS:BBH:0305,6,C,680,Rstar,3687.1938452783634,1.697577409672249,1568,0.9229663484407562,4.833169400677935,79,79,1.0,0.005,0.482314673261002,-0.8759535046946507,-0.008832529099375428,True
BH-HF1R,SXS:BBH:0305,6,C,680,Estar,3687.1938452783634,1.697577409672249,1568,0.9229663484407562,5.233803872663433,79,79,1.0,0.005,0.4878284491070292,-0.8729159547899384,0.00641405604911016,True
BH-HF1R,SXS:BBH:0305,6,C,680,Bstar,3687.1938452783634,1.697577409672249,1568,0.9229663484407562,1.1771412556751197,79,68,0.8607594936708861,0.005,-0.5611717357151847,0.8276993917083668,-7.857402554063491e-08,True
BH-HF1R,SXS:BBH:0305,6,C,681,Rstar,3687.1957080635425,1.6994401948513769,1568,0.9229879287286986,4.835758456016213,79,79,1.0,0.005,0.4822819437474095,-0.875971524316712,-0.008832628231534788,True
BH-HF1R,SXS:BBH:0305,6,C,681,Estar,3687.1957080635425,1.6994401948513769,1568,0.9229879287286986,5.234928052466275,79,79,1.0,0.005,0.4877960314872105,-0.8729340688281491,0.006414292202614936,True
BH-HF1R,SXS:BBH:0305,6,C,681,Bstar,3687.1957080635425,1.6994401948513769,1568,0.9229879287286986,1.177032325022215,79,68,0.8607594936708861,0.005,-0.5611949523895357,0.8276836505649369,-7.855433422479559e-08,True
BH-HF1R,SXS:BBH:0305,6,C,682,Rstar,3687.197491058372,1.701223189681059,1568,0.9230085650897383,4.838232802009765,79,79,1.0,0.005,0.48225062862473617,-0.8759887637408121,-0.008832722733695996,True
BH-HF1R,SXS:BBH:0305,6,C,682,Estar,3687.197491058372,1.701223189681059,1568,0.9230085650897383,5.236560812674595,79,79,1.0,0.005,0.48776501462686733,-0.8729513986852356,0.0064145178729713105,True
BH-HF1R,SXS:BBH:0305,6,C,682,Bstar,3687.197491058372,1.701223189681059,1568,0.9230085650897383,1.1767017730051215,79,68,0.8607594936708861,0.005,-0.5612171656137452,0.8276685888811222,-7.853549132077952e-08,True
BH-HF1R,SXS:BBH:0305,6,C,683,Rstar,3687.199229478331,1.7029616096397149,1568,0.9230286668657003,4.840639371077752,79,79,1.0,0.005,0.482220108086734,-0.8760055643342749,-0.008832814512207954,True
BH-HF1R,SXS:BBH:0305,6,C,683,Estar,3687.199229478331,1.7029616096397149,1568,0.9230286668657003,5.235549771016324,79,79,1.0,0.005,0.4877347846390413,-0.8729682875083149,0.006414737555665568,True
BH-HF1R,SXS:BBH:0305,6,C,683,Bstar,3687.199229478331,1.7029616096397149,1568,0.9230286668657003,1.1750723629598265,79,68,0.8607594936708861,0.005,-0.5612388150594037,0.8276539086301172,-7.851712282806656e-08,True
BH-HF1R,SXS:BBH:0305,6,C,684,Rstar,3687.2008023344843,1.704534465793131,1568,0.923046838375244,4.843384415205741,79,79,1.0,0.005,0.48219250422760784,-0.8760207581975462,-0.008832897242964034,True
BH-HF1R,SXS:BBH:0305,6,C,684,Estar,3687.2008023344843,1.704534465793131,1568,0.923046838375244,5.241749626526557,79,79,1.0,0.005,0.4877074434413282,-0.8729835612471494,0.006414936022154691,True
BH-HF1R,SXS:BBH:0305,6,C,684,Bstar,3687.2008023344843,1.704534465793131,1568,0.923046838375244,1.1735599788680227,79,68,0.8607594936708861,0.005,-0.5612583954641047,0.8276406306610693,-7.850050736521e-08,True
BH-HF1R,SXS:BBH:0305,6,C,685,Rstar,3687.203066130895,1.7067982622038471,1568,0.92307296637996,4.84189893544784,79,79,1.0,0.005,0.4821527908966935,-0.8760426154373515,-0.008833015805146683,True
BH-HF1R,SXS:BBH:0305,6,C,685,Estar,3687.203066130895,1.7067982622038471,1568,0.92307296637996,5.240267828052666,79,79,1.0,0.005,0.48766810779412095,-0.8730055335321045,0.006415221183024931,True
BH-HF1R,SXS:BBH:0305,6,C,685,Bstar,3687.203066130895,1.7067982622038471,1568,0.92307296637996,1.171379821816851,79,68,0.8607594936708861,0.005,-0.561286565342617,0.8276215267656357,-7.847660149450562e-08,True
BH-HF1R,SXS:BBH:0305,6,C,686,Rstar,3687.2049292503025,1.708661381611364,1568,0.9230944465985028,4.841426511279283,79,79,1.0,0.005,0.482120121255857,-0.8760605942491636,-0.008833112930337275,True
BH-HF1R,SXS:BBH:0305,6,C,686,Estar,3687.2049292503025,1.708661381611364,1568,0.9230944465985028,5.244684812577646,79,79,1.0,0.005,0.48763574866921267,-0.8730236070985286,0.006415455439042266,True
BH-HF1R,SXS:BBH:0305,6,C,686,Bstar,3687.2049292503025,1.708661381611364,1568,0.9230944465985028,1.1695825473888941,79,68,0.8607594936708861,0.005,-0.5613097387323265,0.827605810276995,-7.845696508099842e-08,True
BH-HF1R,SXS:BBH:0305,6,C,687,Rstar,3687.206710854898,1.7104429862069992,1568,0.9231149676083037,4.8446738306109305,79,79,1.0,0.005,0.4820888933984504,-0.8760777781360432,-0.008833205424520275,True
BH-HF1R,SXS:BBH:0305,6,C,687,Estar,3687.206710854898,1.7104429862069992,1568,0.9231149676083037,5.256594099004214,79,79,1.0,0.005,0.48760481747172124,-0.8730408816546377,0.0064156790803766486,True
BH-HF1R,SXS:BBH:0305,6,C,687,Bstar,3687.206710854898,1.7104429862069992,1568,0.9231149676083037,1.167861393502959,79,68,0.8607594936708861,0.005,-0.5613318892716793,0.827590786612974,-7.843815598801934e-08,True
BH-HF1R,SXS:BBH:0305,6,C,688,Rstar,3687.2084479193786,1.7121800506874933,1568,0.9231349570735096,4.847836019832051,79,79,1.0,0.005,0.4820584579094816,-0.8760945246107884,-0.00883329524748588,True
BH-HF1R,SXS:BBH:0305,6,C,688,Estar,3687.2084479193786,1.7121800506874933,1568,0.9231349570735096,5.26823341410771,79,79,1.0,0.005,0.48757467097203494,-0.8730577165886175,0.006415896786974716,True
BH-HF1R,SXS:BBH:0305,6,C,688,Bstar,3687.2084479193786,1.7121800506874933,1568,0.9231349570735096,1.1661809155431377,79,68,0.8607594936708861,0.005,-0.5613534776197556,0.8275761434237942,-7.841982307399422e-08,True
BH-HF1R,SXS:BBH:0305,6,C,689,Rstar,3687.2100195491466,1.7137516804555162,1568,0.9231530271010008,4.850691748726816,79,79,1.0,0.005,0.48203093096994054,-0.8761096695351386,-0.00883337621085059,True
BH-HF1R,SXS:BBH:0305,6,C,689,Estar,3687.2100195491466,1.7137516804555162,1568,0.9231530271010008,5.278261933377033,79,79,1.0,0.005,0.487547405282923,-0.8730729415956642,0.006416093467450519,True
BH-HF1R,SXS:BBH:0305,6,C,689,Bstar,3687.2100195491466,1.7137516804555162,1568,0.9231530271010008,1.1646584913327005,79,68,0.8607594936708861,0.005,-0.561373002762812,0.8275628989805294,-7.840324112999856e-08,True
BH-HF1R,SXS:BBH:0305,6,C,690,Rstar,3687.2122826939917,1.71601482530059,1568,0.9231790220337397,4.850689635974402,79,79,1.0,0.005,0.48199130880721974,-0.8761314671031265,-0.00883349228937807,True
BH-HF1R,SXS:BBH:0305,6,C,690,Estar,3687.2122826939917,1.71601482530059,1568,0.9231790220337397,5.287030641878317,79,79,1.0,0.005,0.48750815895999683,-0.8730948545627197,0.006416376199826499,True
BH-HF1R,SXS:BBH:0305,6,C,690,Bstar,3687.2122826939917,1.71601482530059,1568,0.9231790220337397,1.1624628951519504,79,68,0.8607594936708861,0.005,-0.5614011069584232,0.8275438339482998,-7.83793755998592e-08,True
BH-HF1R,SXS:BBH:0305,6,C,691,Rstar,3687.2141448102284,1.7178769415372699,1568,0.923200387545602,4.853645241432036,79,79,1.0,0.005,0.48195872234099646,-0.8761493923378484,-0.008833587349060043,True
BH-HF1R,SXS:BBH:0305,6,C,691,Estar,3687.2141448102284,1.7178769415372699,1568,0.923200387545602,5.290512148940969,79,79,1.0,0.005,0.48747588141624004,-0.8731128748186474,0.006416608401376641,True
BH-HF1R,SXS:BBH:0305,6,C,691,Bstar,3687.2141448102284,1.7178769415372699,1568,0.923200387545602,1.1606534481363238,79,68,0.8607594936708861,0.005,-0.5614242205091977,0.8275281533734267,-7.835973974529942e-08,True
BH-HF1R,SXS:BBH:0305,6,C,692,Rstar,3687.2159269939816,1.719659125290491,1568,0.9232208166455058,4.860166933422466,79,79,1.0,0.005,0.4874450015499038,-0.8731301133011502,0.00641683027162311,True
BH-HF1R,SXS:BBH:0305,6,C,692,Estar,3687.2159269939816,1.719659125290491,1568,0.9232208166455058,5.287048864919177,79,79,1.0,0.005,0.4968247614852474,-0.8678480898186256,-0.0022021292627965794,True
BH-HF1R,SXS:BBH:0305,6,C,692,Bstar,3687.2159269939816,1.719659125290491,1568,0.9232208166455058,1.15891922496784,79,68,0.8607594936708861,0.005,-0.561446332929146,0.8275131510981614,-7.834095223680472e-08,True
BH-HF1R,SXS:BBH:0305,6,C,693,Rstar,3687.217664623141,1.72139675444987,1568,0.9232407166045646,4.869513294932535,79,79,1.0,0.005,0.48741490509089225,-0.8731469130751286,0.006417046252753907,True
BH-HF1R,SXS:BBH:0305,6,C,693,Estar,3687.217664623141,1.72139675444987,1568,0.9232407166045646,5.281914529553734,79,79,1.0,0.005,0.49679489196993626,-0.86786518885478,-0.0022021095876985576,True
BH-HF1R,SXS:BBH:0305,6,C,693,Bstar,3687.217664623141,1.72139675444987,1568,0.9232407166045646,1.1572260650603565,79,68,0.8607594936708861,0.005,-0.5614678841116871,0.8274985287667519,-7.832275638144863e-08,True
BH-HF1R,SXS:BBH:0305,6,C,694,Rstar,3687.219236763809,1.7229688951179014,1568,0.9232587057394102,4.877987128791339,79,79,1.0,0.005,0.4873876846793273,-0.8731621062758501,0.006417241373472003,True
BH-HF1R,SXS:BBH:0305,6,C,694,Estar,3687.219236763809,1.7229688951179014,1568,0.9232587057394102,5.283508078030502,79,79,1.0,0.005,0.49676787662458527,-0.8678806528238655,-0.002202091715115513,True
BH-HF1R,SXS:BBH:0305,6,C,694,Bstar,3687.219236763809,1.7229688951179014,1568,0.9232587057394102,1.1556922184232847,79,68,0.8607594936708861,0.005,-0.5614873756223739,0.8274853032028382,-7.830612028199617e-08,True
BH-HF1R,SXS:BBH:0305,6,C,695,Rstar,3687.221494943384,1.7252270746930662,1568,0.9232845192120875,4.889485477252255,79,79,1.0,0.005,0.4873486021720398,-0.8731839184176319,0.006417521156134872,True
BH-HF1R,SXS:BBH:0305,6,C,695,Estar,3687.221494943384,1.7252270746930662,1568,0.9232845192120875,5.286226409398111,79,79,1.0,0.005,0.4967290882304475,-0.8679028539020996,-0.002202065925266302,True
BH-HF1R,SXS:BBH:0305,6,C,695,Bstar,3687.221494943384,1.7252270746930662,1568,0.9232845192120875,1.1534858358003643,79,68,0.8607594936708861,0.005,-0.5615153607696997,0.8274663132839113,-7.8282309550088e-08,True
BH-HF1R,SXS:BBH:0305,6,C,696,Rstar,3687.223354782093,1.727086913401763,1568,0.923305756311464,4.888250279011496,79,79,1.0,0.005,0.49513921540047906,-0.8687902647521331,-0.006374421112278322,True
BH-HF1R,SXS:BBH:0305,6,C,696,Estar,3687.223354782093,1.727086913401763,1568,0.923305756311464,5.285915337066321,79,79,1.0,0.005,0.4966971559728914,-0.867921129048088,-0.002202044580206223,True
BH-HF1R,SXS:BBH:0305,6,C,696,Bstar,3687.223354782093,1.727086913401763,1568,0.923305756311464,1.1516658345600066,79,68,0.8607594936708861,0.005,-0.5615383988081251,0.8274506792939389,-7.826274960549048e-08,True
BH-HF1R,SXS:BBH:0305,6,C,697,Rstar,3687.225139500825,1.7288716321340871,1568,0.9233261164460697,4.891507715564995,79,79,1.0,0.005,0.4974363766752128,-0.8674553506679695,-0.008846793642102491,True
BH-HF1R,SXS:BBH:0305,6,C,697,Estar,3687.225139500825,1.7288716321340871,1568,0.9233261164460697,5.279423016824123,79,79,1.0,0.005,0.49666652529717165,-0.8679386578206433,-0.002202024008561992,True
BH-HF1R,SXS:BBH:0305,6,C,697,Bstar,3687.225139500825,1.7288716321340871,1568,0.9233261164460697,1.149916959989058,79,68,0.8607594936708861,0.005,-0.5615604973515189,0.8274356819803631,-7.824398382560667e-08,True
BH-HF1R,SXS:BBH:0305,6,C,698,Rstar,3687.2268796015896,1.7306117328985238,1568,0.9233459492331288,4.8952138490474,79,79,1.0,0.005,0.49740655385278065,-0.8674724507729181,-0.008846882746371689,True
BH-HF1R,SXS:BBH:0305,6,C,698,Estar,3687.2268796015896,1.7306117328985238,1568,0.9233459492331288,5.273090484997503,79,79,1.0,0.005,0.4966366715085055,-0.8679557406296246,-0.0022020038675972593,True
BH-HF1R,SXS:BBH:0305,6,C,698,Bstar,3687.2268796015896,1.7306117328985238,1568,0.9233459492331288,1.1482095716944405,79,68,0.8607594936708861,0.005,-0.561582034985812,0.8274210645017374,-7.822566647286499e-08,True
BH-HF1R,SXS:BBH:0305,6,C,699,Rstar,3687.2284539784714,1.7321861097802866,1568,0.9233638776490543,4.901939818455508,79,79,1.0,0.005,0.4973795807469104,-0.8674879157087176,-0.00884696305930048,True
BH-HF1R,SXS:BBH:0305,6,C,699,Estar,3687.2284539784714,1.7321861097802866,1568,0.9233638776490543,5.269768845022511,79,79,1.0,0.005,0.4966096703987007,-0.8679711899170542,-0.0022019855737360344,True
BH-HF1R,SXS:BBH:0305,6,C,699,Bstar,3687.2284539784714,1.7321861097802866,1568,0.9233638776490543,1.1466629001497668,79,68,0.8607594936708861,0.005,-0.5616015142312497,0.8274078433355352,-7.820907916059431e-08,True
BH-HF1R,SXS:BBH:0305,6,C,700,Rstar,3687.23070339276,1.7344355240688856,1568,0.9233894980626065,4.911558744794244,79,79,1.0,0.005,0.4973410419920533,-0.8675100098420162,-0.008847077153715707,True
BH-HF1R,SXS:BBH:0305,6,C,700,Estar,3687.23070339276,1.7344355240688856,1568,0.9233894980626065,5.267176071431773,79,79,1.0,0.005,0.49657109166276164,-0.8679932616675443,-0.0022019592618822683,True
BH-HF1R,SXS:BBH:0305,6,C,700,Bstar,3687.23070339276,1.7344355240688856,1568,0.9233894980626065,1.1445072842896107,79,69,0.8734177215189873,0.005,-0.5715752005807917,0.8205491481686525,0.000941021108458994,True
BH-HF1R,SXS:BBH:0305,6,C,701,Rstar,3687.2325598805483,1.736292011857131,1458,0.9234105656767824,4.887784315670106,73,73,1.0,0.005,0.4940792195405234,-0.8694106689508745,0.0032883936230771096,True
BH-HF1R,SXS:BBH:0305,6,C,701,Estar,3687.2325598805483,1.736292011857131,1458,0.9234105656767824,5.022896308179678,73,73,1.0,0.005,0.49974435014195645,-0.8661729529956411,-6.742035542344812e-08,True
BH-HF1R,SXS:BBH:0305,6,C,701,Bstar,3687.2325598805483,1.736292011857131,1458,0.9234105656767824,1.1318898280104805,73,62,0.8493150684931506,0.005,-0.6080723895640495,0.7938815837704389,-8.081257238305769e-08,True
BH-HF1R,SXS:BBH:0305,6,C,702,Rstar,3687.2343488399533,1.7380809712622067,1458,0.9234308764850119,4.89801063525662,73,73,1.0,0.005,0.494048361441497,-0.8694282044781538,0.003288436538163475,True
BH-HF1R,SXS:BBH:0305,6,C,702,Estar,3687.2343488399533,1.7380809712622067,1458,0.9234308764850119,5.029523399537232,73,73,1.0,0.005,0.49971358734274235,-0.8661907010728312,-6.740650126209277e-08,True
BH-HF1R,SXS:BBH:0305,6,C,702,Bstar,3687.2343488399533,1.7380809712622067,1458,0.9234308764850119,1.129829966277101,73,62,0.8493150684931506,0.005,-0.608092563521882,0.7938661311514553,-8.07923371022855e-08,True
BH-HF1R,SXS:BBH:0305,6,C,703,Rstar,3687.236093075373,1.7398252066818714,1458,0.9234506613428783,4.9035894682897405,73,73,1.0,0.005,0.49401828610181175,-0.8694452937982738,0.0032884782288914,True
BH-HF1R,SXS:BBH:0305,6,C,703,Estar,3687.236093075373,1.7398252066818714,1458,0.9234506613428783,5.036036572293918,73,73,1.0,0.005,0.49968360475014334,-0.8662079976217594,-6.739300725581751e-08,True
BH-HF1R,SXS:BBH:0305,6,C,703,Bstar,3687.236093075373,1.7398252066818714,1458,0.9234506613428783,1.1278245740459922,73,62,0.8493150684931506,0.005,-0.6081122263287547,0.7938510692752633,-8.07726258058229e-08,True
BH-HF1R,SXS:BBH:0305,6,C,704,Rstar,3687.237671193134,1.7414033244426719,1458,0.9234685464006946,4.908634817363573,73,73,1.0,0.005,0.4939910847029109,-0.8694607489114977,0.0032885158201094973,True
BH-HF1R,SXS:BBH:0305,6,C,704,Estar,3687.237671193134,1.7414033244426719,1458,0.9234685464006946,5.040721170166814,73,73,1.0,0.005,0.4996564871202142,-0.8662236402215554,-6.738080783915296e-08,True
BH-HF1R,SXS:BBH:0305,6,C,704,Bstar,3687.237671193134,1.7414033244426719,1458,0.9234685464006946,1.1262275320919506,73,63,0.863013698630137,0.005,-0.5986966981555985,0.800963907415366,-0.0043683676004892,True
BH-HF1R,SXS:BBH:0305,6,C,705,Rstar,3687.239908926817,1.7436410581258315,1458,0.9234938820793505,4.921407352107028,73,73,1.0,0.005,0.4939525294559199,-0.8694826530521458,0.00328856891374406,True
BH-HF1R,SXS:BBH:0305,6,C,705,Estar,3687.239908926817,1.7436410581258315,1458,0.9234938820793505,5.0473643187568795,73,73,1.0,0.005,0.49961805041957374,-0.866245810203397,-6.736352963581768e-08,True
BH-HF1R,SXS:BBH:0305,6,C,705,Bstar,3687.239908926817,1.7436410581258315,1458,0.9234938820793505,1.1249413997806246,73,63,0.863013698630137,0.005,-0.5987221837119319,0.8009448566137276,-0.004368454558674852,True
BH-HF1R,SXS:BBH:0305,6,C,706,Rstar,3687.2417612521026,1.7454933834114854,1458,0.9235148320581602,4.923092333674247,73,73,1.0,0.005,0.49392062855097585,-0.8695007749958996,0.003288612676904093,True
BH-HF1R,SXS:BBH:0305,6,C,706,Estar,3687.2417612521026,1.7454933834114854,1458,0.9235148320581602,5.052863782827498,73,73,1.0,0.005,0.4995862474341856,-0.866264152192981,-6.734926845867527e-08,True
BH-HF1R,SXS:BBH:0305,6,C,706,Bstar,3687.2417612521026,1.7454933834114854,1458,0.9235148320581602,1.1238801631720536,73,63,0.863013698630137,0.005,-0.5987432712247915,0.8009290924531209,-0.004368526668766302,True
BH-HF1R,SXS:BBH:0305,6,C,707,Rstar,3687.2435557565955,1.7472878879043492,1458,0.9235351085540755,4.93864839444061,73,73,1.0,0.005,0.4938897354212031,-0.8695183229779769,0.0032886549135737737,True
BH-HF1R,SXS:BBH:0305,6,C,707,Estar,3687.2435557565955,1.7472878879043492,1458,0.9235351085540755,5.058191950801256,73,73,1.0,0.005,0.4995554489868387,-0.8662819133443533,-6.733540540946147e-08,True
BH-HF1R,SXS:BBH:0305,6,C,707,Bstar,3687.2435557565955,1.7472878879043492,1458,0.9235351085540755,1.122854965396613,73,63,0.863013698630137,0.005,-0.5987636930564593,0.8009138251027983,-0.004368596639016709,True
BH-HF1R,SXS:BBH:0305,6,C,708,Rstar,3687.245305398476,1.7490375297848004,1458,0.9235548600263002,4.9533558817203085,73,73,1.0,0.005,0.4995254317085918,-0.8662992225994092,-6.732189217082785e-08,True
BH-HF1R,SXS:BBH:0305,6,C,708,Estar,3687.245305398476,1.7490375297848004,1458,0.9235548600263002,5.0633872575437735,73,73,1.0,0.005,0.4995254317085918,-0.8662992225994092,-6.732189217082785e-08,True
BH-HF1R,SXS:BBH:0305,6,C,708,Bstar,3687.245305398476,1.7490375297848004,1458,0.9235548600263002,1.1223799856977503,73,63,0.863013698630137,0.005,-0.5987835972820845,0.8008989439325961,-0.004368664965249675,True
BH-HF1R,SXS:BBH:0305,6,C,709,Rstar,3687.246888407796,1.750620539105057,1458,0.9235727149034697,4.954912429060181,73,73,1.0,0.005,0.4994982827425708,-0.8663148766685347,-6.730966471745748e-08,True
BH-HF1R,SXS:BBH:0305,6,C,709,Estar,3687.246888407796,1.750620539105057,1458,0.9235727149034697,5.068088461086507,73,73,1.0,0.005,0.4994982827425708,-0.8663148766685347,-6.730966471745748e-08,True
BH-HF1R,SXS:BBH:0305,6,C,709,Bstar,3687.246888407796,1.750620539105057,1458,0.9235727149034697,1.1222629932006558,73,63,0.863013698630137,0.005,-0.5988015998669899,0.8008854838378808,-0.004368726873690502,True
BH-HF1R,SXS:BBH:0305,6,C,710,Rstar,3687.2488072139768,1.7525393452856406,1458,0.9235943378769153,4.955291653887548,73,73,1.0,0.005,0.4994653869379247,-0.8663338428405902,-6.729466735120524e-08,True
BH-HF1R,SXS:BBH:0305,6,C,710,Estar,3687.2488072139768,1.7525393452856406,1458,0.9235943378769153,5.073785942845618,73,73,1.0,0.005,0.4994653869379247,-0.8663338428405902,-6.729466735120524e-08,True
BH-HF1R,SXS:BBH:0305,6,C,710,Bstar,3687.2488072139768,1.7525393452856406,1458,0.9235943378769153,1.1221219407240375,73,63,0.863013698630137,0.005,-0.5988234136018153,0.8008691733929504,-0.004368802028169763,True
BH-HF1R,SXS:BBH:0305,6,C,711,Rstar,3687.250285156203,1.7540172875119424,1458,0.9236109781215939,4.955466581902309,73,73,1.0,0.005,0.4994400583336567,-0.8663484449871592,-6.728325879378818e-08,True
BH-HF1R,SXS:BBH:0305,6,C,711,Estar,3687.250285156203,1.7540172875119424,1458,0.9236109781215939,5.078174214099342,73,73,1.0,0.005,0.4994400583336567,-0.8663484449871592,-6.728325879378818e-08,True
BH-HF1R,SXS:BBH:0305,6,C,711,Bstar,3687.250285156203,1.7540172875119424,1458,0.9236109781215939,1.1220138567354554,73,63,0.863013698630137,0.005,-0.5988402097005561,0.800856614075261,-0.004368860000327607,True
BH-HF1R,SXS:BBH:0305,6,C,712,Rstar,3687.2515630166627,1.7552951479715375,1458,0.9236253549999507,4.951944751358414,73,73,1.0,0.005,0.4994181649997323,-0.866361065877441,-6.72734030777032e-08,True
BH-HF1R,SXS:BBH:0305,6,C,712,Estar,3687.2515630166627,1.7552951479715375,1458,0.9236253549999507,5.080073509887945,73,73,1.0,0.005,0.4994181649997323,-0.866361065877441,-6.72734030777032e-08,True
BH-HF1R,SXS:BBH:0305,6,C,712,Bstar,3687.2515630166627,1.7552951479715375,1458,0.9236253549999507,1.1219208059959167,73,63,0.863013698630137,0.005,-0.5988547279852675,0.800845757554784,-0.004368910183936251,True
BH-HF1R,SXS:BBH:0305,6,C,713,Rstar,3687.2528866765265,1.7566188078353662,1458,0.9236402376347181,4.939305093706598,73,73,1.0,0.005,0.49939549325559995,-0.8663741347224025,-6.726319391266328e-08,True
BH-HF1R,SXS:BBH:0305,6,C,713,Estar,3687.2528866765265,1.7566188078353662,1458,0.9236402376347181,5.085900251082394,73,73,1.0,0.005,0.49939549325559995,-0.8663741347224025,-6.726319391266328e-08,True
BH-HF1R,SXS:BBH:0305,6,C,713,Bstar,3687.2528866765265,1.7566188078353662,1458,0.9236402376347181,1.1218248095971621,73,63,0.863013698630137,0.005,-0.5988697626642157,0.8008345144507623,-0.004368962224391655,True
BH-HF1R,SXS:BBH:0305,6,C,714,Rstar,3687.2540133076027,1.75774543891157,1458,0.9236528965780457,4.941483751370142,73,73,1.0,0.005,0.4993762011842508,-0.8663852547745616,-6.725450674909619e-08,True
BH-HF1R,SXS:BBH:0305,6,C,714,Estar,3687.2540133076027,1.75774543891157,1458,0.9236528965780457,5.088351834405809,73,73,1.0,0.005,0.4993762011842508,-0.8663852547745616,-6.725450674909619e-08,True
BH-HF1R,SXS:BBH:0305,6,C,714,Bstar,3687.2540133076027,1.75774543891157,1458,0.9236528965780457,1.1214688659048029,73,63,0.863013698630137,0.005,-0.598882556287668,0.8008249468866347,-0.004369006565213172,True
BH-HF1R,SXS:BBH:0305,6,C,715,Rstar,3687.255111772902,1.7588439042110622,1458,0.9236652319718756,4.9436310044917935,73,73,1.0,0.005,0.49935739582870464,-0.866396093730327,-6.724603757196164e-08,True
BH-HF1R,SXS:BBH:0305,6,C,715,Estar,3687.255111772902,1.7588439042110622,1458,0.9236652319718756,5.08654969090916,73,73,1.0,0.005,0.49935739582870464,-0.866396093730327,-6.724603757196164e-08,True
BH-HF1R,SXS:BBH:0305,6,C,715,Bstar,3687.255111772902,1.7588439042110622,1458,0.9236652319718756,1.12091998799755,73,63,0.863013698630137,0.005,-0.5988950272856906,0.8008156202872032,-0.004369049838806746,True
BH-HF1R,SXS:BBH:0305,6,C,716,Rstar,3687.2561056224586,1.7598377537674423,1458,0.923676386773255,4.945570292490559,73,73,1.0,0.005,0.49934038524734553,-0.8664058977529112,-6.723837550597258e-08,True
BH-HF1R,SXS:BBH:0305,6,C,716,Estar,3687.2561056224586,1.7598377537674423,1458,0.923676386773255,5.0849241474565465,73,73,1.0,0.005,0.49934038524734553,-0.8664058977529112,-6.723837550597258e-08,True
BH-HF1R,SXS:BBH:0305,6,C,716,Bstar,3687.2561056224586,1.7598377537674423,1458,0.923676386773255,1.1204237128211123,73,63,0.863013698630137,0.005,-0.5989063081774083,0.8008071834632782,-0.004369089026192747,True
BH-HF1R,SXS:BBH:0305,6,C,717,Rstar,3687.2580552872864,1.7617874185953042,1458,0.9236982524023677,4.935606417934084,73,73,1.0,0.005,0.4993070253544565,-0.8664251233844039,-6.722334372716673e-08,True
BH-HF1R,SXS:BBH:0305,6,C,717,Estar,3687.2580552872864,1.7617874185953042,1458,0.9236982524023677,5.088534845607686,73,73,1.0,0.005,0.4993070253544565,-0.8664251233844039,-6.722334372716673e-08,True
BH-HF1R,SXS:BBH:0305,6,C,717,Bstar,3687.2580552872864,1.7617874185953042,1458,0.9236982524023677,1.1194510608041444,73,63,0.863013698630137,0.005,-0.5989284317593769,0.8007906368200954,-0.004369165998162313,True
BH-HF1R,SXS:BBH:0305,6,C,718,Rstar,3687.259510219351,1.763242350659766,1458,0.9237145554545619,4.926711191704561,73,73,1.0,0.005,0.4992821395907603,-0.866439464178351,-6.721212799652877e-08,True
BH-HF1R,SXS:BBH:0305,6,C,718,Estar,3687.259510219351,1.763242350659766,1458,0.9237145554545619,5.092135217302002,73,73,1.0,0.005,0.4992821395907603,-0.866439464178351,-6.721212799652877e-08,True
BH-HF1R,SXS:BBH:0305,6,C,718,Bstar,3687.259510219351,1.763242350659766,1458,0.9237145554545619,1.1187260029306265,73,63,0.863013698630137,0.005,-0.5989449357625547,0.8007782925443256,-0.004369223521838581,True
BH-HF1R,SXS:BBH:0305,6,C,719,Rstar,3687.2607964197528,1.7645285510616304,1458,0.9237289572067476,4.920938049429915,73,73,1.0,0.005,0.4992601462121322,-0.8664521373995426,-6.720221624774676e-08,True
BH-HF1R,SXS:BBH:0305,6,C,719,Estar,3687.2607964197528,1.7645285510616304,1458,0.9237289572067476,5.09531629634753,73,73,1.0,0.005,0.4992601462121322,-0.8664521373995426,-6.720221624774676e-08,True
BH-HF1R,SXS:BBH:0305,6,C,719,Bstar,3687.2607964197528,1.7645285510616304,1458,0.9237289572067476,1.1180855871278825,73,63,0.863013698630137,0.005,-0.5989595217658328,0.8007673824070054,-0.004369274433790273,True
BH-HF1R,SXS:BBH:0305,6,C,720,Rstar,3687.26218026763,1.7659123989387808,1458,0.9237444418932704,4.916474134933689,73,73,1.0,0.005,0.49923648979695834,-0.8664657680804286,-6.719155232825726e-08,True
BH-HF1R,SXS:BBH:0305,6,C,720,Estar,3687.26218026763,1.7659123989387808,1458,0.9237444418932704,5.09675874227329,73,73,1.0,0.005,0.49923648979695834,-0.8664657680804286,-6.719155232825726e-08,True
BH-HF1R,SXS:BBH:0305,6,C,720,Bstar,3687.26218026763,1.7659123989387808,1458,0.9237444418932704,1.1173971337909656,73,63,0.863013698630137,0.005,-0.598975210904923,0.8007556466757544,-0.004369329273171416,True
BH-HF1R,SXS:BBH:0305,6,C,721,Rstar,3687.263280166952,1.7670122982608518,1458,0.9237567414765651,4.917544234986961,73,73,1.0,0.005,0.49921769232145785,-0.8664765984567809,-6.718307906214508e-08,True
BH-HF1R,SXS:BBH:0305,6,C,721,Estar,3687.263280166952,1.7670122982608518,1458,0.9237567414765651,5.095568364273388,73,73,1.0,0.005,0.49921769232145785,-0.8664765984567809,-6.718307906214508e-08,True
BH-HF1R,SXS:BBH:0305,6,C,721,Bstar,3687.263280166952,1.7670122982608518,1458,0.9237567414765651,1.116850372446635,73,63,0.863013698630137,0.005,-0.5989876777091753,0.8007463209612491,-0.004369372906182776,True
BH-HF1R,SXS:BBH:0305,6,C,722,Rstar,3687.264352568791,1.7680847000997346,1458,0.9237687266750724,4.9200439489240075,73,73,1.0,0.005,0.4991993689665015,-0.8664871551404799,-6.717481776420472e-08,True
BH-HF1R,SXS:BBH:0305,6,C,722,Estar,3687.264352568791,1.7680847000997346,1458,0.9237687266750724,5.094409111131951,73,73,1.0,0.005,0.4991993689665015,-0.8664871551404799,-6.717481776420472e-08,True
BH-HF1R,SXS:BBH:0305,6,C,722,Bstar,3687.264352568791,1.7680847000997346,1458,0.9237687266750724,1.1163176471570795,73,63,0.863013698630137,0.005,-0.5989998302004796,0.8007372300749438,-0.004369415487563147,True
BH-HF1R,SXS:BBH:0305,6,C,723,Rstar,3687.265322837121,1.7690549684298276,1458,0.9237795649307652,4.922308016620549,73,73,1.0,0.005,0.4991827942991164,-0.8664967039035529,-6.716734292422063e-08,True
BH-HF1R,SXS:BBH:0305,6,C,723,Estar,3687.265322837121,1.7690549684298276,1458,0.9237795649307652,5.093361435913738,73,73,1.0,0.005,0.4991827942991164,-0.8664967039035529,-6.716734292422063e-08,True
BH-HF1R,SXS:BBH:0305,6,C,723,Bstar,3687.265322837121,1.7690549684298276,1458,0.9237795649307652,1.1158359695405993,73,63,0.863013698630137,0.005,-0.5990108230313141,0.8007290064451766,-0.004369454046881375,True
BH-HF1R,SXS:BBH:0305,6,C,724,Rstar,3687.267253656874,1.7709857881827702,1458,0.9238011163609321,4.926820298150773,73,73,1.0,0.005,0.49914982097987154,-0.8665156987705172,-6.715249926742641e-08,True
BH-HF1R,SXS:BBH:0305,6,C,724,Estar,3687.267253656874,1.7709857881827702,1458,0.9238011163609321,5.08638162909579,73,73,1.0,0.005,0.5180714253947574,-0.8553373592854692,-6.723527688498688e-08,True
BH-HF1R,SXS:BBH:0305,6,C,724,Bstar,3687.267253656874,1.7709857881827702,1458,0.9238011163609321,1.1148783192935245,73,63,0.863013698630137,0.005,-0.5990326922703005,0.800712645579761,-0.0043695308735954026,True
BH-HF1R,SXS:BBH:0305,6,C,725,Rstar,3687.2686865177125,1.772418649021347,1458,0.9238170960206255,4.935315578085357,73,73,1.0,0.005,0.49912536020359083,-0.8665297887560655,-6.714146614533062e-08,True
BH-HF1R,SXS:BBH:0305,6,C,725,Estar,3687.2686865177125,1.772418649021347,1458,0.9238170960206255,5.080207097112256,73,73,1.0,0.005,0.5180473124062271,-0.855351963877257,-6.722396266457586e-08,True
BH-HF1R,SXS:BBH:0305,6,C,725,Bstar,3687.2686865177125,1.772418649021347,1458,0.9238170960206255,1.1141684040810962,73,63,0.863013698630137,0.005,-0.599048915917598,0.8007005077049368,-0.004369587967622874,True
BH-HF1R,SXS:BBH:0305,6,C,726,Rstar,3687.270166353414,1.7738984847228494,1458,0.9238335869035217,4.937719030943883,73,73,1.0,0.005,0.49910010525456394,-0.8665443352390451,-6.713007302015445e-08,True
BH-HF1R,SXS:BBH:0305,6,C,726,Estar,3687.270166353414,1.7738984847228494,1458,0.9238335869035217,5.07652548975127,73,73,1.0,0.005,0.5180224162296247,-0.8553670418502323,-6.721227927550611e-08,True
BH-HF1R,SXS:BBH:0305,6,C,726,Bstar,3687.270166353414,1.7738984847228494,1458,0.9238335869035217,1.1134358918773035,73,63,0.863013698630137,0.005,-0.5990656665418552,0.8006879750288547,-0.0043696470057652086,True
BH-HF1R,SXS:BBH:0305,6,C,727,Rstar,3687.271616030835,1.7753481621439278,1458,0.9238497295481513,4.940534885233179,73,73,1.0,0.005,0.49907537264253043,-0.8665585799135075,-6.71189108674418e-08,True
BH-HF1R,SXS:BBH:0305,6,C,727,Estar,3687.271616030835,1.7753481621439278,1458,0.9238497295481513,5.068785909471688,73,73,1.0,0.005,0.5179980346674022,-0.855381807195304,-6.720083298870983e-08,True
BH-HF1R,SXS:BBH:0305,6,C,727,Bstar,3687.271616030835,1.7753481621439278,1458,0.9238497295481513,1.1127189743820918,73,63,0.863013698630137,0.005,-0.5990820709569199,0.8006757008533167,-0.00436970491199312,True
BH-HF1R,SXS:BBH:0305,6,C,728,Rstar,3687.272639438167,1.7763715694759412,1458,0.923861118201318,4.942553672459383,73,73,1.0,0.005,0.4990579170845088,-0.8665686328244676,-6.71110351517659e-08,True
BH-HF1R,SXS:BBH:0305,6,C,728,Estar,3687.272639438167,1.7763715694759412,1458,0.923861118201318,5.064469320642535,73,73,1.0,0.005,0.517980826690046,-0.8553922276835885,-6.719275676724303e-08,True
BH-HF1R,SXS:BBH:0305,6,C,728,Bstar,3687.272639438167,1.7763715694759412,1458,0.923861118201318,1.11221325926284,73,63,0.863013698630137,0.005,-0.5990936488564512,0.8006670376762195,-0.00436974583363148,True
BH-HF1R,SXS:BBH:0305,6,C,729,Rstar,3687.273637260316,1.7773693916246884,1458,0.9238722165327121,4.944523105008562,73,73,1.0,0.005,0.4990409015757465,-0.866578431853956,-6.710335798915299e-08,True
BH-HF1R,SXS:BBH:0305,6,C,729,Estar,3687.273637260316,1.7773693916246884,1458,0.9238722165327121,5.062411071263314,73,73,1.0,0.005,0.5179640523774226,-0.8554023851058367,-6.718488417306952e-08,True
BH-HF1R,SXS:BBH:0305,6,C,729,Bstar,3687.273637260316,1.7773693916246884,1458,0.9238722165327121,1.1117205039371831,73,63,0.863013698630137,0.005,-0.5991049349906877,0.8006585925612509,-0.004369785765994397,True
BH-HF1R,SXS:BBH:0305,6,C,730,Rstar,3687.2745400517833,1.7782721830922128,1458,0.9238822527688896,4.946305923873145,73,73,1.0,0.005,0.4990255096519041,-0.8665872954969124,-6.7096411898401e-08,True
BH-HF1R,SXS:BBH:0305,6,C,730,Estar,3687.2745400517833,1.7782721830922128,1458,0.9238822527688896,5.060672251352879,73,73,1.0,0.005,0.5179488785132588,-0.8554115730143315,-6.717776131682027e-08,True
BH-HF1R,SXS:BBH:0305,6,C,730,Bstar,3687.2745400517833,1.7782721830922128,1458,0.9238822527688896,1.1112749465897913,73,63,0.863013698630137,0.005,-0.5991151443203618,0.8006509529766039,-0.004369821924039939,True
BH-HF1R,SXS:BBH:0305,6,C,731,Rstar,3687.27641827902,1.7801504103290426,1458,0.9239031179609853,4.950492672003825,73,73,1.0,0.005,0.4989934966833847,-0.8666057294223737,-6.708196063276709e-08,True
BH-HF1R,SXS:BBH:0305,6,C,731,Estar,3687.27641827902,1.7801504103290426,1458,0.9239031179609853,5.05704660614065,73,73,1.0,0.005,0.5179173187066517,-0.8554306815772439,-6.716294235457827e-08,True
BH-HF1R,SXS:BBH:0305,6,C,731,Bstar,3687.27641827902,1.7801504103290426,1458,0.9239031179609853,1.1103487986152771,73,63,0.863013698630137,0.005,-0.5991363785305592,0.8006350628840982,-0.00436989723706892,True
BH-HF1R,SXS:BBH:0305,6,C,732,Rstar,3687.2777954475914,1.7815275789002953,1458,0.9239184041999113,4.954229305949234,73,73,1.0,0.005,0.49897003196074796,-0.8666192400386029,-6.707136948371849e-08,True
BH-HF1R,SXS:BBH:0305,6,C,732,Estar,3687.2777954475914,1.7815275789002953,1458,0.9239184041999113,5.054381181675731,73,73,1.0,0.005,0.5178941858219287,-0.85544468686867,-6.715208186187632e-08,True
BH-HF1R,SXS:BBH:0305,6,C,732,Bstar,3687.2777954475914,1.7815275789002953,1458,0.9239184041999113,1.1096704222907083,73,63,0.863013698630137,0.005,-0.5991519429359394,0.8006234150903538,-0.004369952533809501,True
BH-HF1R,SXS:BBH:0305,6,C,733,Rstar,3687.279255455716,1.7829875870247633,1458,0.923934597991929,4.9578282644022265,73,73,1.0,0.005,0.49894516326120575,-0.8666335581191419,-6.706014129811047e-08,True
BH-HF1R,SXS:BBH:0305,6,C,733,Estar,3687.279255455716,1.7829875870247633,1458,0.923934597991929,5.049156791231046,73,73,1.0,0.005,0.517869668522694,-0.8554595293900177,-6.714056819173254e-08,True
BH-HF1R,SXS:BBH:0305,6,C,733,Bstar,3687.279255455716,1.7829875870247633,1458,0.923934597991929,1.1089518885304996,73,63,0.863013698630137,0.005,-0.5991684388343825,0.8006110696878073,-0.00437001122582599,True
BH-HF1R,SXS:BBH:0305,6,C,734,Rstar,3687.2807335907955,1.7844657221044145,1458,0.9239510020713076,4.952530693427529,73,73,1.0,0.005,0.49891999126162184,-0.8666480498561686,-5.469770503973575e-08,True
BH-HF1R,SXS:BBH:0305,6,C,734,Estar,3687.2807335907955,1.7844657221044145,1458,0.9239510020713076,5.046579369769063,73,73,1.0,0.005,0.5178448516566261,-0.8554745522882161,-5.47526958858491e-08,True
BH-HF1R,SXS:BBH:0305,6,C,734,Bstar,3687.2807335907955,1.7844657221044145,1458,0.9239510020713076,1.1082251600886805,73,63,0.863013698630137,0.005,-0.5991851374416676,0.8005985721186604,-0.004370056129202307,True
BH-HF1R,SXS:BBH:0305,6,C,735,Rstar,3687.281791877273,1.7855240085818878,1458,0.9239627018976123,4.9510416197318685,73,73,1.0,0.005,0.49890197797377256,-0.8666584196636254,-6.703955459297486e-08,True
BH-HF1R,SXS:BBH:0305,6,C,735,Estar,3687.281791877273,1.7855240085818878,1458,0.9239627018976123,5.045468436168161,73,73,1.0,0.005,0.5178270927352989,-0.8554853020533454,-6.711948351388337e-08,True
BH-HF1R,SXS:BBH:0305,6,C,735,Bstar,3687.281791877273,1.7855240085818878,1458,0.9239627018976123,1.1077051899695503,73,63,0.863013698630137,0.005,-0.5991970850353897,0.8005896298318724,-0.004370113357513746,True
BH-HF1R,SXS:BBH:0305,6,C,736,Rstar,3687.2828237065887,1.7865558378975948,1458,0.9239741233105124,4.957348603940681,73,73,1.0,0.005,0.4988844165414026,-0.8666685288691056,-6.7078572371313e-08,True
BH-HF1R,SXS:BBH:0305,6,C,736,Estar,3687.2828237065887,1.7865558378975948,1458,0.9239741233105124,5.044381549114699,73,73,1.0,0.005,0.5178097788969046,-0.8554957819175583,-6.715839775602537e-08,True
BH-HF1R,SXS:BBH:0305,6,C,736,Bstar,3687.2828237065887,1.7865558378975948,1458,0.9239741233105124,1.1071986019404656,73,63,0.863013698630137,0.005,-0.5992087343028857,0.8005809106394004,-0.004370155022678367,True
BH-HF1R,SXS:BBH:0305,6,C,737,Rstar,3687.2837572664457,1.787489397754598,1458,0.9239844535048297,4.962110986127681,73,73,1.0,0.005,0.49886853105496143,-0.8666776729113658,-6.702574409225346e-08,True
BH-HF1R,SXS:BBH:0305,6,C,737,Estar,3687.2837572664457,1.787489397754598,1458,0.9239844535048297,5.0430921369020405,73,73,1.0,0.005,0.5177941172468775,-0.8555052613190186,-6.710529195823326e-08,True
BH-HF1R,SXS:BBH:0305,6,C,737,Bstar,3687.2837572664457,1.787489397754598,1458,0.9239844535048297,1.106740545495356,73,63,0.863013698630137,0.005,-0.5992192719391141,0.8005730232483435,-0.0043701926462316335,True
BH-HF1R,SXS:BBH:0305,6,C,738,Rstar,3687.285640209535,1.7893723408437836,1458,0.9240052720954763,4.963271053716725,73,73,1.0,0.005,0.4988365002290557,-0.8666961093943036,-6.701103975468425e-08,True
BH-HF1R,SXS:BBH:0305,6,C,738,Estar,3687.285640209535,1.7893723408437836,1458,0.9240052720954763,5.053647268211683,73,73,1.0,0.005,0.5177625373802387,-0.8555243742206137,-6.709021980687954e-08,True
BH-HF1R,SXS:BBH:0305,6,C,738,Bstar,3687.285640209535,1.7893723408437836,1458,0.9240052720954763,1.106263227309313,73,63,0.863013698630137,0.005,-0.5992405198673308,0.800557118574544,-0.0043702687279409385,True
BH-HF1R,SXS:BBH:0305,6,C,739,Rstar,3687.2870343153772,1.7907664466861206,1458,0.9240206729855552,4.971079589099105,73,73,1.0,0.005,0.4988127932661628,-0.8667097537665097,-6.700034513023505e-08,True
BH-HF1R,SXS:BBH:0305,6,C,739,Estar,3687.2870343153772,1.7907664466861206,1458,0.9240206729855552,5.066723408740495,73,73,1.0,0.005,0.5177391638629297,-0.8555385194148244,-6.707925325909514e-08,True
BH-HF1R,SXS:BBH:0305,6,C,739,Bstar,3687.2870343153772,1.7907664466861206,1458,0.9240206729855552,1.1060328472602685,73,63,0.863013698630137,0.005,-0.5992562463327649,0.8005453463042465,-0.004370325134192652,True
BH-HF1R,SXS:BBH:0305,6,C,740,Rstar,3687.288457609445,1.7921897407536562,1458,0.9240363847014481,4.978111841787117,73,73,1.0,0.005,0.498788597148182,-0.8667236787782735,-6.69894082324287e-08,True
BH-HF1R,SXS:BBH:0305,6,C,740,Estar,3687.288457609445,1.7921897407536562,1458,0.9240363847014481,5.0800998951607195,73,73,1.0,0.005,0.5177153077877445,-0.8555529557439658,-6.706803899409463e-08,True
BH-HF1R,SXS:BBH:0305,6,C,740,Bstar,3687.288457609445,1.7921897407536562,1458,0.9240363847014481,1.1057977508797872,73,63,0.863013698630137,0.005,-0.5992722975010862,0.8005333304754116,-0.004370382788168948,True
BH-HF1R,SXS:BBH:0305,6,C,741,Rstar,3687.2899231482793,1.7936552795881653,1458,0.92405255085533,4.9926896685971265,73,73,1.0,0.005,0.4987636904926466,-0.8667380117695028,-6.697815211575268e-08,True
BH-HF1R,SXS:BBH:0305,6,C,741,Estar,3687.2899231482793,1.7936552795881653,1458,0.92405255085533,5.0901110007928185,73,73,1.0,0.005,0.5176907508623715,-0.8555678152382483,-6.705649714930325e-08,True
BH-HF1R,SXS:BBH:0305,6,C,741,Bstar,3687.2899231482793,1.7936552795881653,1458,0.92405255085533,1.105555789646725,73,63,0.863013698630137,0.005,-0.5992888202469973,0.8005209611007887,-0.0043704422238159835,True
BH-HF1R,SXS:BBH:0305,6,C,742,Rstar,3687.2909911147694,1.7947232460783198,1458,0.9240643237253094,5.002495650916502,73,73,1.0,0.005,0.4987455453960218,-0.8667484530979103,-6.696995122789738e-08,True
BH-HF1R,SXS:BBH:0305,6,C,742,Estar,3687.2909911147694,1.7947232460783198,1458,0.9240643237253094,5.100096323131289,73,73,1.0,0.005,0.5176728603618889,-0.855578640245732,-6.704808830971805e-08,True
BH-HF1R,SXS:BBH:0305,6,C,742,Bstar,3687.2909911147694,1.7947232460783198,1458,0.9240643237253094,1.1053795389586858,73,63,0.863013698630137,0.005,-0.5993008576069255,0.8005119492720844,-0.004370485580726334,True
BH-HF1R,SXS:BBH:0305,6,C,743,Rstar,3687.292032382097,1.795764513406084,1458,0.9240757959474041,5.01206527553544,73,73,1.0,0.005,0.4987278578647479,-0.866758630640408,-6.696195644992085e-08,True
BH-HF1R,SXS:BBH:0305,6,C,743,Estar,3687.292032382097,1.795764513406084,1458,0.9240757959474041,5.110043668490092,73,73,1.0,0.005,0.5176554208520795,-0.8555891918803392,-6.703989077409362e-08,True
BH-HF1R,SXS:BBH:0305,6,C,743,Bstar,3687.292032382097,1.795764513406084,1458,0.9240757959474041,1.1052077538784038,73,63,0.863013698630137,0.005,-0.5993125915349342,0.8005031643370573,-0.004370527890219098,True
BH-HF1R,SXS:BBH:0305,6,C,744,Rstar,3687.292974481108,1.7967066124169833,1458,0.9240861705314906,5.020730998378233,73,73,1.0,0.005,0.4987118582550431,-0.8667678365259046,-6.695472368115476e-08,True
BH-HF1R,SXS:BBH:0305,6,C,744,Estar,3687.292974481108,1.7967066124169833,1458,0.9240861705314906,5.116158722881576,73,73,1.0,0.005,0.5176396454638631,-0.8555987362333126,-6.703247473135407e-08,True
BH-HF1R,SXS:BBH:0305,6,C,744,Bstar,3687.292974481108,1.7967066124169833,1458,0.9240861705314906,1.1050523790591456,73,63,0.863013698630137,0.005,-0.5993232057905835,0.800495217444788,-0.004370566201254307,True
BH-HF1R,SXS:BBH:0305,6,C,745,Rstar,3687.2948477845603,1.7985799158691407,1458,0.9241067844549739,5.037983263880128,73,73,1.0,0.005,0.49868005347382255,-0.8667861352532936,-6.6940339923659e-08,True
BH-HF1R,SXS:BBH:0305,6,C,745,Estar,3687.2948477845603,1.7985799158691407,1458,0.9241067844549739,5.128322095942168,73,73,1.0,0.005,0.5176082860299209,-0.8556177079941504,-6.701772660717954e-08,True
BH-HF1R,SXS:BBH:0305,6,C,745,Bstar,3687.2948477845603,1.7985799158691407,1458,0.9241067844549739,1.1047435700646138,73,63,0.863013698630137,0.005,-0.5993443055847536,0.8004794193778796,-0.004370642467908334,True
BH-HF1R,SXS:BBH:0305,6,C,746,Rstar,3687.29624076046,1.7999728917689026,1458,0.9241221001914535,5.050830087658319,73,73,1.0,0.005,0.4986564118590161,-0.866799736335843,-6.692964972969281e-08,True
BH-HF1R,SXS:BBH:0305,6,C,746,Estar,3687.29624076046,1.7999728917689026,1458,0.9241221001914535,5.137369250908138,73,73,1.0,0.005,0.5175849751378009,-0.8556318095487085,-6.700676538783937e-08,True
BH-HF1R,SXS:BBH:0305,6,C,746,Bstar,3687.29624076046,1.7999728917689026,1458,0.9241221001914535,1.104514062124917,73,63,0.863013698630137,0.005,-0.5993599900413672,0.8004676753783605,-0.004370699254787455,True
BH-HF1R,SXS:BBH:0305,6,C,747,Rstar,3687.297707704394,1.8014398357026948,1458,0.9241382171498309,5.06437576904706,73,73,1.0,0.005,0.4986315223808445,-0.8668140543900733,-6.691839171040467e-08,True
BH-HF1R,SXS:BBH:0305,6,C,747,Estar,3687.297707704394,1.8014398357026948,1458,0.9241382171498309,5.146899444784656,73,73,1.0,0.005,0.5175604335441815,-0.8556466546592433,-6.699522230970031e-08,True
BH-HF1R,SXS:BBH:0305,6,C,747,Bstar,3687.297707704394,1.8014398357026948,1458,0.9241382171498309,1.1042724800380506,73,63,0.863013698630137,0.005,-0.5993765025788605,0.800455310820654,-0.004370759126663716,True
BH-HF1R,SXS:BBH:0305,6,C,748,Rstar,3687.299205289172,1.8029374204807027,1458,0.9241546583101762,5.079011368940441,73,73,1.0,0.005,0.49860612101217816,-0.866828665936461,-6.690689969178479e-08,True
BH-HF1R,SXS:BBH:0305,6,C,748,Estar,3687.299205289172,1.8029374204807027,1458,0.9241546583101762,5.15793371866895,73,73,1.0,0.005,0.5175353869036404,-0.8556618042792928,-6.698343947442644e-08,True
BH-HF1R,SXS:BBH:0305,6,C,748,Bstar,3687.299205289172,1.8029374204807027,1458,0.9241546583101762,1.1040259712550424,73,63,0.863013698630137,0.005,-0.5993933549491566,0.8004426912481001,-0.004370820322671452,True
BH-HF1R,SXS:BBH:0305,6,C,749,Rstar,3687.300250531481,1.8039826627900766,1458,0.9241661258663237,5.091840504349394,73,73,1.0,0.005,0.49858839684712386,-0.866838860763297,-6.689890030275319e-08,True
BH-HF1R,SXS:BBH:0305,6,C,749,Estar,3687.300250531481,1.8039826627900766,1458,0.9241661258663237,5.166392595768635,73,73,1.0,0.005,0.5175179100687405,-0.8556723746610491,-6.697523701406852e-08,True
BH-HF1R,SXS:BBH:0305,6,C,749,Bstar,3687.300250531481,1.8039826627900766,1458,0.9241661258663237,1.1038539902891948,73,63,0.863013698630137,0.005,-0.599405114065894,0.8004338853319496,-0.004370863078601804,True
BH-HF1R,SXS:BBH:0305,6,C,750,Rstar,3687.301269642733,1.8050017740420117,1458,0.9241773007427652,5.095130501797527,73,73,1.0,0.005,0.5066539304117665,-0.8621495199780049,-6.683380241581396e-08,True
BH-HF1R,SXS:BBH:0305,6,C,750,Estar,3687.301269642733,1.8050017740420117,1458,0.9241773007427652,5.174648301364414,73,73,1.0,0.005,0.5175008737262269,-0.8556826781538744,-6.696722326713791e-08,True
BH-HF1R,SXS:BBH:0305,6,C,750,Bstar,3687.301269642733,1.8050017740420117,1458,0.9241773007427652,1.1036863661757552,73,63,0.863013698630137,0.005,-0.599416576809046,0.8004253010979541,-0.004370904800431989,True
BH-HF1R,SXS:BBH:0305,6,C,751,Rstar,3687.3021916957705,1.8059238270793685,1458,0.9241874065616518,5.095247022124028,73,73,1.0,0.005,0.5066384333039723,-0.8621586268774976,-6.68266410222536e-08,True
BH-HF1R,SXS:BBH:0305,6,C,751,Estar,3687.3021916957705,1.8059238270793685,1458,0.9241874065616518,5.182124819975154,73,73,1.0,0.005,0.5174854629731825,-0.8556919980994484,-6.695997308032883e-08,True
BH-HF1R,SXS:BBH:0305,6,C,751,Bstar,3687.3021916957705,1.8059238270793685,1458,0.9241874065616518,1.10334525984078,73,63,0.863013698630137,0.005,-0.5994269457954035,0.8004175357370498,-0.004370942578342471,True
BH-HF1R,SXS:BBH:0305,6,C,752,Rstar,3687.3040416907284,1.807773822037234,1458,0.9242076679810389,5.0954777088953405,73,73,1.0,0.005,0.506607349035152,-0.8621768924667206,-6.681227044765489e-08,True
BH-HF1R,SXS:BBH:0305,6,C,752,Estar,3687.3040416907284,1.807773822037234,1458,0.9242076679810389,5.192793939350806,73,73,1.0,0.005,0.5093280428806763,-0.8605724517641357,-6.681160589955518e-08,True
BH-HF1R,SXS:BBH:0305,6,C,752,Bstar,3687.3040416907284,1.807773822037234,1458,0.9242076679810389,1.1023899879604888,73,63,0.863013698630137,0.005,-0.5994477441794517,0.8004019591403975,-0.004371018460276215,True
BH-HF1R,SXS:BBH:0305,6,C,753,Rstar,3687.305413580301,1.8091457116097445,1458,0.9242226809250166,5.096376622728663,73,73,1.0,0.005,0.506584305828916,-0.8621904320321763,-6.680161808595391e-08,True
BH-HF1R,SXS:BBH:0305,6,C,753,Estar,3687.305413580301,1.8091457116097445,1458,0.9242226809250166,5.200298373664576,73,73,1.0,0.005,0.509305022131109,-0.8605860761318569,-6.680092359793687e-08,True
BH-HF1R,SXS:BBH:0305,6,C,753,Bstar,3687.305413580301,1.8091457116097445,1458,0.9242226809250166,1.10168254570905,73,63,0.863013698630137,0.005,-0.5994631624494997,0.8003904113437998,-0.0043710748046387774,True
BH-HF1R,SXS:BBH:0305,6,C,754,Rstar,3687.3068635675763,1.8105956988852085,1458,0.9242385368341726,5.099118147714976,73,73,1.0,0.005,0.5065599579909403,-0.8622047372638428,-6.67903588550404e-08,True
BH-HF1R,SXS:BBH:0305,6,C,754,Estar,3687.3068635675763,1.8105956988852085,1458,0.9242385368341726,5.218805654462791,73,73,1.0,0.005,0.5092806979821184,-0.8606004709868813,-6.678963272132415e-08,True
BH-HF1R,SXS:BBH:0305,6,C,754,Bstar,3687.3068635675763,1.8105956988852085,1458,0.9242385368341726,1.1009357143162362,73,63,0.863013698630137,0.005,-0.5994794537753515,0.8003782091518065,-0.004371134424085825,True
BH-HF1R,SXS:BBH:0305,6,C,755,Rstar,3687.3083580748817,1.8120902061905326,1458,0.9242548673326156,5.098609451422618,73,73,1.0,0.005,0.5065348702977859,-0.8622194762195996,-6.677875876526126e-08,True
BH-HF1R,SXS:BBH:0305,6,C,755,Estar,3687.3083580748817,1.8120902061905326,1458,0.9242548673326156,5.2346261320673975,73,73,1.0,0.005,0.5092556346557555,-0.8606153023107126,-6.677800005737367e-08,True
BH-HF1R,SXS:BBH:0305,6,C,755,Bstar,3687.3083580748817,1.8120902061905326,1458,0.9242548673326156,1.1001669006017252,73,63,0.863013698630137,0.005,-0.599496240275538,0.800365635532592,-0.004371195946699803,True
BH-HF1R,SXS:BBH:0305,6,C,756,Rstar,3687.3094258673245,1.8131579986334145,1458,0.9242665273781596,5.0956746549753955,73,73,1.0,0.005,0.5065169504816391,-0.862230003464723,-6.677047196539382e-08,True
BH-HF1R,SXS:BBH:0305,6,C,756,Estar,3687.3094258673245,1.8131579986334145,1458,0.9242665273781596,5.244990414302027,73,73,1.0,0.005,0.5092377322183723,-0.8606258955464243,-6.676968995806805e-08,True
BH-HF1R,SXS:BBH:0305,6,C,756,Bstar,3687.3094258673245,1.8131579986334145,1458,0.9242665273781596,1.0996181887832943,73,63,0.863013698630137,0.005,-0.5995082307386207,0.800356653959947,-0.004371239948386582,True
BH-HF1R,SXS:BBH:0305,6,C,757,Rstar,3687.3104669649565,1.8141990962653836,1458,0.9242778896906751,5.094356380597066,73,73,1.0,0.005,0.5064994824949809,-0.862240264794165,-6.676239261580411e-08,True
BH-HF1R,SXS:BBH:0305,6,C,757,Estar,3687.3104669649565,1.8141990962653836,1458,0.9242778896906751,5.247735332209771,73,73,1.0,0.005,0.5092202811513821,-0.8606362212131807,-6.676158782650351e-08,True
BH-HF1R,SXS:BBH:0305,6,C,757,Bstar,3687.3104669649565,1.8141990962653836,1458,0.9242778896906751,1.0990836679870144,73,63,0.863013698630137,0.005,-0.5995199189390052,0.8003478985299438,-0.0043712828862189695,True
BH-HF1R,SXS:BBH:0305,6,C,758,Rstar,3687.311408910433,1.8151410417417537,1458,0.9242881649076612,5.093161519432659,73,73,1.0,0.005,0.5064836814314044,-0.8622495465024538,-6.6755083625491e-08,True
BH-HF1R,SXS:BBH:0305,6,C,758,Estar,3687.311408910433,1.8151410417417537,1458,0.9242881649076612,5.25563146406271,73,73,1.0,0.005,0.5092044953750878,-0.8606455611282718,-6.67542582918159e-08,True
BH-HF1R,SXS:BBH:0305,6,C,758,Bstar,3687.311408910433,1.8151410417417537,1458,0.9242881649076612,1.0986004547838857,73,63,0.863013698630137,0.005,-0.5995304918198946,0.8003399783368427,-0.004371321765486502,True
BH-HF1R,SXS:BBH:0305,6,C,759,Rstar,3687.3132589536717,1.8169910849806001,1458,0.9243083313406011,5.099333834960041,73,73,1.0,0.005,0.5064526560744028,-0.8622677699851584,-6.674072447552969e-08,True
BH-HF1R,SXS:BBH:0305,6,C,759,Estar,3687.3132589536717,1.8169910849806001,1458,0.9243083313406011,5.262616933523962,73,73,1.0,0.005,0.5114177349684389,-0.8593322409637306,-6.690650188721768e-08,True
BH-HF1R,SXS:BBH:0305,6,C,759,Bstar,3687.3132589536717,1.8169910849806001,1458,0.9243083313406011,1.0976525034663454,73,63,0.863013698630137,0.005,-0.5995512518017824,0.8003244263051,-0.004371398212037213,True
BH-HF1R,SXS:BBH:0305,6,C,760,Rstar,3687.3146394084956,1.8183715398045024,1458,0.9243233667927182,5.108674386112843,73,73,1.0,0.005,0.506429513580795,-0.8622813623025345,-6.673001661864876e-08,True
BH-HF1R,SXS:BBH:0305,6,C,760,Estar,3687.3146394084956,1.8183715398045024,1458,0.9243233667927182,5.267925076278534,73,73,1.0,0.005,0.5113948802383339,-0.859345842176487,-6.689569399807752e-08,True
BH-HF1R,SXS:BBH:0305,6,C,760,Bstar,3687.3146394084956,1.8183715398045024,1458,0.9243233667927182,1.0969461217838763,73,63,0.863013698630137,0.005,-0.5995667372570376,0.8003128250585932,-0.004371455327899947,True
BH-HF1R,SXS:BBH:0305,6,C,761,Rstar,3687.316036122907,1.8197682542158873,1458,0.9243385681559873,5.1181340248400495,73,73,1.0,0.005,0.506406105242595,-0.8622951099090272,-6.671918210963567e-08,True
BH-HF1R,SXS:BBH:0305,6,C,761,Estar,3687.316036122907,1.8197682542158873,1458,0.9243385681559873,5.27329460747726,73,73,1.0,0.005,0.5113717628908532,-0.8593595988396804,-6.68847582840295e-08,True
BH-HF1R,SXS:BBH:0305,6,C,761,Bstar,3687.316036122907,1.8197682542158873,1458,0.9243385681559873,1.096232252110753,73,63,0.863013698630137,0.005,-0.5995824007145567,0.8003010899816905,-0.004371513180464795,True
BH-HF1R,SXS:BBH:0305,6,C,762,Rstar,3687.3175489369883,1.8212810682971394,1458,0.9243550212169542,5.128390290539874,73,73,1.0,0.005,0.5063807588948567,-0.8623099947356895,-6.670744981212839e-08,True
BH-HF1R,SXS:BBH:0305,6,C,762,Estar,3687.3175489369883,1.8212810682971394,1458,0.9243550212169542,5.279110243354889,73,73,1.0,0.005,0.5113467315369059,-0.8593744935396436,-6.687291642539022e-08,True
BH-HF1R,SXS:BBH:0305,6,C,762,Bstar,3687.3175489369883,1.8212810682971394,1458,0.9243550212169542,1.095459985576927,73,63,0.863013698630137,0.005,-0.5995993610890079,0.8002883827131829,-0.004371575913974915,True
BH-HF1R,SXS:BBH:0305,6,C,763,Rstar,3687.3186259528256,1.822358084134521,1458,0.9243667267808482,5.1356985235213966,73,73,1.0,0.005,0.5063627189737895,-0.8623205881999262,-6.669910029456762e-08,True
BH-HF1R,SXS:BBH:0305,6,C,763,Estar,3687.3186259528256,1.822358084134521,1458,0.9243667267808482,5.283250404413625,73,73,1.0,0.005,0.5113289157520934,-0.8593850940735381,-6.686448896694627e-08,True
BH-HF1R,SXS:BBH:0305,6,C,763,Bstar,3687.3186259528256,1.822358084134521,1458,0.9243667267808482,1.0949107830902762,73,63,0.863013698630137,0.005,-0.5996114324870053,0.8002793380839105,-0.004371620621612597,True
BH-HF1R,SXS:BBH:0305,6,C,764,Rstar,3687.319676043267,1.8234081745758886,1458,0.9243781333802885,5.142829243578749,73,73,1.0,0.005,0.5063451339435079,-0.8623309140531416,-6.669095910050108e-08,True
BH-HF1R,SXS:BBH:0305,6,C,764,Estar,3687.319676043267,1.8234081745758886,1458,0.9243781333802885,5.287286914918892,73,73,1.0,0.005,0.5113115491612467,-0.8593954268521107,-6.685627174912893e-08,True
BH-HF1R,SXS:BBH:0305,6,C,764,Bstar,3687.319676043267,1.8234081745758886,1458,0.9243781333802885,1.0943757890077657,73,63,0.863013698630137,0.005,-0.5996231995580271,0.8002705212011092,-0.0043716642482413285,True
BH-HF1R,SXS:BBH:0305,6,C,765,Rstar,3687.3206261250953,1.824358256404139,1458,0.9243884486081505,5.146552189421383,73,73,1.0,0.005,0.5063292270365016,-0.8623402541042684,-6.668359401943387e-08,True
BH-HF1R,SXS:BBH:0305,6,C,765,Estar,3687.3206261250953,1.824358256404139,1458,0.9243884486081505,5.290798689913393,73,73,1.0,0.005,0.5112958398097748,-0.8594047731966659,-6.684883794537575e-08,True
BH-HF1R,SXS:BBH:0305,6,C,765,Bstar,3687.3206261250953,1.824358256404139,1458,0.9243884486081505,1.0939556108164135,73,62,0.8493150684931506,0.005,-0.609057103494661,0.7931263737152405,-7.98237726252423e-08,True
BH-HF1R,SXS:BBH:0305,6,C,766,Rstar,3687.322469711335,1.8262018426439681,1458,0.924408450120252,5.147479905786885,73,73,1.0,0.005,0.5062983694151513,-0.86235837163418,-6.66692988999606e-08,True
BH-HF1R,SXS:BBH:0305,6,C,766,Estar,3687.322469711335,1.8262018426439681,1458,0.924408450120252,5.288996879324235,73,73,1.0,0.005,0.5112653653201648,-0.8594229030134315,-6.683440948468652e-08,True
BH-HF1R,SXS:BBH:0305,6,C,766,Bstar,3687.322469711335,1.8262018426439681,1458,0.924408450120252,1.093188375517494,73,62,0.8493150684931506,0.005,-0.6090775339250102,0.793110684373765,-7.980319905859898e-08,True
BH-HF1R,SXS:BBH:0305,6,C,767,Rstar,3687.323850028208,1.8275821595170783,1458,0.9244234134045561,5.147096727432931,73,73,1.0,0.005,0.5062752737262677,-0.8623719309053306,-6.665860311440471e-08,True
BH-HF1R,SXS:BBH:0305,6,C,767,Estar,3687.323850028208,1.8275821595170783,1458,0.9244234134045561,5.286644797810865,73,73,1.0,0.005,0.511242556300024,-0.8594364715485445,-6.68236140187062e-08,True
BH-HF1R,SXS:BBH:0305,6,C,767,Bstar,3687.323850028208,1.8275821595170783,1458,0.9244234134045561,1.0926141047600566,73,62,0.8493150684931506,0.005,-0.609092825493452,0.7930989408216333,-7.97878051349442e-08,True
BH-HF1R,SXS:BBH:0305,6,C,768,Rstar,3687.3252858730266,1.8290180043354667,1458,0.9244389672267087,5.150767326019709,73,73,1.0,0.005,0.5062512559873595,-0.8623860306215637,-6.664747611480873e-08,True
BH-HF1R,SXS:BBH:0305,6,C,768,Estar,3687.3252858730266,1.8290180043354667,1458,0.9244389672267087,5.279335694018765,73,73,1.0,0.005,0.511218836592928,-0.8594505809600507,-6.681238337548382e-08,True
BH-HF1R,SXS:BBH:0305,6,C,768,Bstar,3687.3252858730266,1.8290180043354667,1458,0.9244389672267087,1.092016886495241,73,62,0.8493150684931506,0.005,-0.6091087277397484,0.7930867277866013,-7.977179169018086e-08,True
BH-HF1R,SXS:BBH:0305,6,C,769,Rstar,3687.326734851986,1.8304669832950822,1458,0.924454651824839,5.155132089424836,73,73,1.0,0.005,0.5062270258655607,-0.8624002541067023,-6.663624941436152e-08,True
BH-HF1R,SXS:BBH:0305,6,C,769,Estar,3687.326734851986,1.8304669832950822,1458,0.924454651824839,5.271968274516514,73,73,1.0,0.005,0.5111949070539052,-0.8594648142897675,-6.680105203086828e-08,True
BH-HF1R,SXS:BBH:0305,6,C,769,Bstar,3687.326734851986,1.8304669832950822,1458,0.924454651824839,1.0916356835091294,73,62,0.8493150684931506,0.005,-0.6091247708028797,0.7930744060895755,-7.975563524260758e-08,True
BH-HF1R,SXS:BBH:0305,6,C,770,Rstar,3687.3278228227064,1.831554954015246,1458,0.9244664208667144,5.151681377720548,73,73,1.0,0.005,0.5111769441653816,-0.859475498053166,-6.679254770104238e-08,True
BH-HF1R,SXS:BBH:0305,6,C,770,Estar,3687.3278228227064,1.831554954015246,1458,0.9244664208667144,5.266442052094487,73,73,1.0,0.005,0.5111769441653816,-0.859475498053166,-6.679254770104238e-08,True
BH-HF1R,SXS:BBH:0305,6,C,770,Bstar,3687.3278228227064,1.831554954015246,1458,0.9244664208667144,1.0914826645463074,73,62,0.8493150684931506,0.005,-0.6091368137456117,0.7930651563016986,-7.974350937197449e-08,True
BH-HF1R,SXS:BBH:0305,6,C,771,Rstar,3687.3288835941585,1.832615725467349,1458,0.9244778894382975,5.158293069090263,73,73,1.0,0.005,0.5111594342598331,-0.8594859119073232,-6.67842549787074e-08,True
BH-HF1R,SXS:BBH:0305,6,C,771,Estar,3687.3288835941585,1.832615725467349,1458,0.9244778894382975,5.261058622044191,73,73,1.0,0.005,0.5111594342598331,-0.8594859119073232,-6.67842549787074e-08,True
BH-HF1R,SXS:BBH:0305,6,C,771,Bstar,3687.3288835941585,1.832615725467349,1458,0.9244778894382975,1.0913467188198296,73,62,0.8493150684931506,0.005,-0.6091485530631113,0.7930561394385087,-7.973168589274287e-08,True
BH-HF1R,SXS:BBH:0305,6,C,772,Rstar,3687.3298433397576,1.8335754710665242,1458,0.9244882606493168,5.163033798280433,73,73,1.0,0.005,0.5111435953057551,-0.8594953315625989,-6.677675382371715e-08,True
BH-HF1R,SXS:BBH:0305,6,C,772,Estar,3687.3298433397576,1.8335754710665242,1458,0.9244882606493168,5.256191854875995,73,73,1.0,0.005,0.5111435953057551,-0.8594953315625989,-6.677675382371715e-08,True
BH-HF1R,SXS:BBH:0305,6,C,772,Bstar,3687.3298433397576,1.8335754710665242,1458,0.9244882606493168,1.0912235229961456,73,62,0.8493150684931506,0.005,-0.6091591721738194,0.7930479827579795,-7.9720990974741e-08,True
BH-HF1R,SXS:BBH:0305,6,C,773,Rstar,3687.3316839430017,1.835416074310615,1458,0.9245081359785973,5.168182581833935,73,73,1.0,0.005,0.5111132280262659,-0.8595133903183626,-6.676236228081928e-08,True
BH-HF1R,SXS:BBH:0305,6,C,773,Estar,3687.3316839430017,1.835416074310615,1458,0.9245081359785973,5.248887995875694,73,73,1.0,0.005,0.5111132280262659,-0.8595133903183626,-6.676236228081928e-08,True
BH-HF1R,SXS:BBH:0305,6,C,773,Bstar,3687.3316839430017,1.835416074310615,1458,0.9245081359785973,1.0909867337677746,73,62,0.8493150684931506,0.005,-0.6091795318648422,0.7930323435755475,-7.97004745841401e-08,True
BH-HF1R,SXS:BBH:0305,6,C,774,Rstar,3687.3330658497275,1.8367979810363977,1458,0.9245230461494265,5.165024267858133,73,73,1.0,0.005,0.5110904361985951,-0.8595269431648581,-6.675156423179157e-08,True
BH-HF1R,SXS:BBH:0305,6,C,774,Estar,3687.3330658497275,1.8367979810363977,1458,0.9245230461494265,5.244883232886197,73,73,1.0,0.005,0.5110904361985951,-0.8595269431648581,-6.675156423179157e-08,True
BH-HF1R,SXS:BBH:0305,6,C,774,Bstar,3687.3330658497275,1.8367979810363977,1458,0.9245230461494265,1.0908084991824274,73,62,0.8493150684931506,0.005,-0.6091948127530136,0.7930206051010367,-7.968508039702255e-08,True
BH-HF1R,SXS:BBH:0305,6,C,775,Rstar,3687.3345220646406,1.838254195949503,1458,0.924538746500884,5.157235602303648,73,73,1.0,0.005,0.5110664258362803,-0.8595412197113791,-6.674018557143526e-08,True
BH-HF1R,SXS:BBH:0305,6,C,775,Estar,3687.3345220646406,1.838254195949503,1458,0.924538746500884,5.2406711827487635,73,73,1.0,0.005,0.5110664258362803,-0.8595412197113791,-6.674018557143526e-08,True
BH-HF1R,SXS:BBH:0305,6,C,775,Bstar,3687.3345220646406,1.838254195949503,1458,0.924538746500884,1.0906202587202571,73,62,0.8493150684931506,0.005,-0.6092109107475795,0.7930082384351996,-7.966885948196585e-08,True
BH-HF1R,SXS:BBH:0305,6,C,776,Rstar,3687.336082131448,1.839814262757045,1458,0.9245555537287456,5.148904762531102,73,73,1.0,0.005,0.5110407111799117,-0.8595565086233281,-6.672799681217063e-08,True
BH-HF1R,SXS:BBH:0305,6,C,776,Estar,3687.336082131448,1.839814262757045,1458,0.9245555537287456,5.240507102601548,73,73,1.0,0.005,0.5110407111799117,-0.8595565086233281,-6.672799681217063e-08,True
BH-HF1R,SXS:BBH:0305,6,C,776,Bstar,3687.336082131448,1.839814262757045,1458,0.9245555537287456,1.0904181120743142,73,62,0.8493150684931506,0.005,-0.6092281515547665,0.7929949932711783,-7.965148435375907e-08,True
BH-HF1R,SXS:BBH:0305,6,C,777,Rstar,3687.337103257693,1.840835389001768,1458,0.9245665473296651,5.1449359136864,73,73,1.0,0.005,0.5110238843893099,-0.8595665126001925,-6.672002055547784e-08,True
BH-HF1R,SXS:BBH:0305,6,C,777,Estar,3687.337103257693,1.840835389001768,1458,0.9245665473296651,5.2404383224792435,73,73,1.0,0.005,0.5110238843893099,-0.8595665126001925,-6.672002055547784e-08,True
BH-HF1R,SXS:BBH:0305,6,C,777,Bstar,3687.337103257693,1.840835389001768,1458,0.9245665473296651,1.0902855288998128,73,62,0.8493150684931506,0.005,-0.609239433433743,0.7929863257013487,-7.964011438934994e-08,True
BH-HF1R,SXS:BBH:0305,6,C,778,Rstar,3687.3380988557815,1.8418309870903613,1458,0.9245772621996702,5.14841118574753,73,73,1.0,0.005,0.5110074811757657,-0.85957626432004,-6.60385494463608e-08,True
BH-HF1R,SXS:BBH:0305,6,C,778,Estar,3687.3380988557815,1.8418309870903613,1458,0.9245772621996702,5.240370867284891,73,73,1.0,0.005,0.5110074811757657,-0.85957626432004,-6.60385494463608e-08,True
BH-HF1R,SXS:BBH:0305,6,C,778,Bstar,3687.3380988557815,1.8418309870903613,1458,0.9245772621996702,1.0901570681371624,73,62,0.8493150684931506,0.005,-0.6092504313166541,0.7929778760725074,-7.880287457324076e-08,True
BH-HF1R,SXS:BBH:0305,6,C,779,Rstar,3687.3389996350047,1.842731766313591,1458,0.9245869490401634,5.146836907501322,73,73,1.0,0.005,0.5109926440762056,-0.8595850846193201,-6.670426818257585e-08,True
BH-HF1R,SXS:BBH:0305,6,C,779,Estar,3687.3389996350047,1.842731766313591,1458,0.9245869490401634,5.2403126899810095,73,73,1.0,0.005,0.5109926440762056,-0.8595850846193201,-6.670426818257585e-08,True
BH-HF1R,SXS:BBH:0305,6,C,779,Bstar,3687.3389996350047,1.842731766313591,1458,0.9245869490401634,1.0900387188207923,73,62,0.8493150684931506,0.005,-0.6092603793390406,0.792970232838309,-7.961789511965393e-08,True
BH-HF1R,SXS:BBH:0305,6,C,780,Rstar,3687.3407981821974,1.8445303135063114,1458,0.9246062801206527,5.139110321347511,73,73,1.0,0.005,0.5109630267270704,-0.8596026903854517,-6.669158883940456e-08,True
BH-HF1R,SXS:BBH:0305,6,C,780,Estar,3687.3407981821974,1.8445303135063114,1458,0.9246062801206527,5.240193718966673,73,73,1.0,0.005,0.5109630267270704,-0.8596026903854517,-6.669158883940456e-08,True
BH-HF1R,SXS:BBH:0305,6,C,780,Bstar,3687.3407981821974,1.8445303135063114,1458,0.9246062801206527,1.0898039733739613,73,62,0.8493150684931506,0.005,-0.6092802372932221,0.7929549750420313,-7.959948252451283e-08,True
BH-HF1R,SXS:BBH:0305,6,C,781,Rstar,3687.3421319812783,1.8458641125871509,1458,0.924620751268816,5.137178118509302,73,73,1.0,0.005,0.5109409881321941,-0.859615790133297,-6.667899727096184e-08,True
BH-HF1R,SXS:BBH:0305,6,C,781,Estar,3687.3421319812783,1.8458641125871509,1458,0.924620751268816,5.240320196565377,73,73,1.0,0.005,0.5109409881321941,-0.859615790133297,-6.667899727096184e-08,True
BH-HF1R,SXS:BBH:0305,6,C,781,Bstar,3687.3421319812783,1.8458641125871509,1458,0.924620751268816,1.0896293882252805,73,62,0.8493150684931506,0.005,-0.6092950289845556,0.7929436093788154,-7.95820558787981e-08,True
BH-HF1R,SXS:BBH:0305,6,C,782,Rstar,3687.343540450231,1.8472725815399826,1458,0.9246357203497133,5.128995075753993,73,73,1.0,0.005,0.5109178900113491,-0.8596295188430575,-6.666976918040389e-08,True
BH-HF1R,SXS:BBH:0305,6,C,782,Estar,3687.343540450231,1.8472725815399826,1458,0.9246357203497133,5.24059787693811,73,73,1.0,0.005,0.5264569341621201,-0.8502017975002268,-6.686094292709635e-08,True
BH-HF1R,SXS:BBH:0305,6,C,782,Bstar,3687.343540450231,1.8472725815399826,1458,0.9246357203497133,1.0894447697568486,73,62,0.8493150684931506,0.005,-0.6093105011183741,0.7929317204065363,-7.956848561810518e-08,True
BH-HF1R,SXS:BBH:0305,6,C,783,Rstar,3687.344983544909,1.8487156762180348,1458,0.9246512331534028,5.120915872110658,73,73,1.0,0.005,0.5108941516426848,-0.8596436272184534,-4.656757567642953e-08,True
BH-HF1R,SXS:BBH:0305,6,C,783,Estar,3687.344983544909,1.8487156762180348,1458,0.9246512331534028,5.234325045038768,73,73,1.0,0.005,0.526433590406191,-0.8502162518395215,-4.668215021196413e-08,True
BH-HF1R,SXS:BBH:0305,6,C,783,Bstar,3687.344983544909,1.8487156762180348,1458,0.9246512331534028,1.0892542743036377,73,62,0.8493150684931506,0.005,-0.6093264158593594,0.7929194908286615,-5.448651060136531e-08,True
BH-HF1R,SXS:BBH:0305,6,C,784,Rstar,3687.346029770132,1.8497619014410702,1458,0.9246624092487606,5.115055056520418,73,73,1.0,0.005,0.5108769389070035,-0.8596538566731412,-6.664947415688881e-08,True
BH-HF1R,SXS:BBH:0305,6,C,784,Estar,3687.346029770132,1.8497619014410702,1458,0.9246624092487606,5.227505811881811,73,73,1.0,0.005,0.5264166628932629,-0.8502267327179946,-6.684023940081358e-08,True
BH-HF1R,SXS:BBH:0305,6,C,784,Bstar,3687.346029770132,1.8497619014410702,1458,0.9246624092487606,1.0891173528642426,73,62,0.8493150684931506,0.005,-0.6093379589241694,0.792910620318659,-7.953977701079904e-08,True
BH-HF1R,SXS:BBH:0305,6,C,785,Rstar,3687.3470498397246,1.8507819710334843,1458,0.9246733347516294,5.109356473030801,73,73,1.0,0.005,0.5108601639986432,-0.8596638254802135,-6.665810109307895e-08,True
BH-HF1R,SXS:BBH:0305,6,C,785,Estar,3687.3470498397246,1.8507819710334843,1458,0.9246733347516294,5.220862204792983,73,73,1.0,0.005,0.5264001662667004,-0.8502369463592991,-6.68487602647187e-08,True
BH-HF1R,SXS:BBH:0305,6,C,785,Bstar,3687.3470498397246,1.8507819710334843,1458,0.9246733347516294,1.0889828151901357,73,62,0.8493150684931506,0.005,-0.6093492066521019,0.7929019765093588,-7.954794260670161e-08,True
BH-HF1R,SXS:BBH:0305,6,C,786,Rstar,3687.3479727598324,1.851704891141253,1458,0.9246832172429846,5.104207717706716,73,73,1.0,0.005,0.5108449900121086,-0.8596728425276235,-6.663526190506832e-08,True
BH-HF1R,SXS:BBH:0305,6,C,786,Estar,3687.3479727598324,1.851704891141253,1458,0.9246832172429846,5.214859549963397,73,73,1.0,0.005,0.5263852439064295,-0.8502461849356128,-6.682571432999768e-08,True
BH-HF1R,SXS:BBH:0305,6,C,786,Bstar,3687.3479727598324,1.851704891141253,1458,0.9246832172429846,1.088860901188495,73,62,0.8493150684931506,0.005,-0.6093593809909825,0.7928941573742867,-7.95192867267823e-08,True
BH-HF1R,SXS:BBH:0305,6,C,787,Rstar,3687.349773367506,1.853505498814684,1458,0.9247024822661265,5.0941811137033035,73,73,1.0,0.005,0.51081539381863,-0.859690428839308,-6.662114061225332e-08,True
BH-HF1R,SXS:BBH:0305,6,C,787,Estar,3687.349773367506,1.853505498814684,1458,0.9247024822661265,5.203170431455195,73,73,1.0,0.005,0.5263561382238213,-0.8502642035003596,-6.681129990773738e-08,True
BH-HF1R,SXS:BBH:0305,6,C,787,Bstar,3687.349773367506,1.853505498814684,1458,0.9247024822661265,1.0886225416977553,73,62,0.8493150684931506,0.005,-0.6093792257466303,0.7928789057784493,-7.949918139115764e-08,True
BH-HF1R,SXS:BBH:0305,6,C,788,Rstar,3687.351118913326,1.85485104463487,1458,0.9247168670179854,5.093706635476696,73,73,1.0,0.005,0.5107932845980624,-0.8597035654279436,-6.661065149588507e-08,True
BH-HF1R,SXS:BBH:0305,6,C,788,Estar,3687.351118913326,1.85485104463487,1458,0.9247168670179854,5.202932188326487,73,73,1.0,0.005,0.5263343951934297,-0.8502776631409072,-6.680059208146774e-08,True
BH-HF1R,SXS:BBH:0305,6,C,788,Bstar,3687.351118913326,1.85485104463487,1458,0.9247168670179854,1.088820607463703,73,62,0.8493150684931506,0.005,-0.6093940504856146,0.7928675117778063,-7.94842326753772e-08,True
BH-HF1R,SXS:BBH:0305,6,C,789,Rstar,3687.3524061957937,1.8561383271025989,1458,0.9247306194606397,5.09898105417606,73,73,1.0,0.005,0.5107721384821652,-0.859716129050951,-6.660061399512403e-08,True
BH-HF1R,SXS:BBH:0305,6,C,789,Estar,3687.3524061957937,1.8561383271025989,1458,0.9247306194606397,5.213172269366783,73,73,1.0,0.005,0.5263135991274629,-0.8502905358602386,-6.679034543904244e-08,True
BH-HF1R,SXS:BBH:0305,6,C,789,Bstar,3687.3524061957937,1.8561383271025989,1458,0.9247306194606397,1.0889104993259615,73,62,0.8493150684931506,0.005,-0.6094082295408954,0.7928566136243206,-7.946992904978163e-08,True
BH-HF1R,SXS:BBH:0305,6,C,790,Rstar,3687.3538043270096,1.8575364583184637,1458,0.9247455461253323,5.097162018003081,73,73,1.0,0.005,0.5107491778743091,-0.8597297699281519,-6.65897140069092e-08,True
BH-HF1R,SXS:BBH:0305,6,C,790,Estar,3687.3538043270096,1.8575364583184637,1458,0.9247455461253323,5.203759086089419,73,73,1.0,0.005,0.5262910183978992,-0.8503045124857904,-6.677921841870619e-08,True
BH-HF1R,SXS:BBH:0305,6,C,790,Bstar,3687.3538043270096,1.8575364583184637,1458,0.9247455461253323,1.0887404059616719,73,62,0.8493150684931506,0.005,-0.609423625372649,0.7928447797883585,-7.945439682900871e-08,True
BH-HF1R,SXS:BBH:0305,6,C,791,Rstar,3687.3548410608905,1.858573192199401,1458,0.9247566075862701,5.0917906848409835,73,73,1.0,0.005,0.510732156561842,-0.8597398817396373,-6.658163182138785e-08,True
BH-HF1R,SXS:BBH:0305,6,C,791,Estar,3687.3548410608905,1.858573192199401,1458,0.9247566075862701,5.196791840943908,73,73,1.0,0.005,0.526274278559093,-0.8503148732834805,-6.677096791567944e-08,True
BH-HF1R,SXS:BBH:0305,6,C,791,Bstar,3687.3548410608905,1.858573192199401,1458,0.9247566075862701,1.0886135573353077,73,62,0.8493150684931506,0.005,-0.6094350387884115,0.7928360066854689,-7.944288027651704e-08,True
BH-HF1R,SXS:BBH:0305,6,C,792,Rstar,3687.3558518764244,1.8595840077332468,1458,0.9247673867854658,5.087927687500359,73,73,1.0,0.005,0.5107155642946487,-0.8597497382303725,-6.657375221629481e-08,True
BH-HF1R,SXS:BBH:0305,6,C,792,Estar,3687.3558518764244,1.8595840077332468,1458,0.9247673867854658,5.189641804793895,73,73,1.0,0.005,0.5262579605557784,-0.850324972555592,-6.676292424843643e-08,True
BH-HF1R,SXS:BBH:0305,6,C,792,Bstar,3687.3558518764244,1.8595840077332468,1458,0.9247673867854658,1.0885505851840245,73,62,0.8493150684931506,0.005,-0.6094461645730486,0.7928274544232145,-7.943165286869349e-08,True
BH-HF1R,SXS:BBH:0305,6,C,793,Rstar,3687.356766423812,1.860498555121012,1458,0.9247771348371605,5.086825940012554,73,73,1.0,0.005,0.5107005552737132,-0.8597586538343865,-6.6566631135356e-08,True
BH-HF1R,SXS:BBH:0305,6,C,793,Estar,3687.356766423812,1.860498555121012,1458,0.9247771348371605,5.182758170465043,73,73,1.0,0.005,0.5262431995307545,-0.8503341078350498,-6.675565489533816e-08,True
BH-HF1R,SXS:BBH:0305,6,C,793,Bstar,3687.356766423812,1.860498555121012,1458,0.9247771348371605,1.0887150063130602,73,62,0.8493150684931506,0.005,-0.609456228777169,0.7928197179716866,-7.942150467559343e-08,True
BH-HF1R,SXS:BBH:0305,6,C,794,Rstar,3687.358548908756,1.8622810400647722,1458,0.9247961210363744,5.076545043948165,73,73,1.0,0.005,0.5106713103122384,-0.8597760248017952,-6.655274364152001e-08,True
BH-HF1R,SXS:BBH:0305,6,C,794,Estar,3687.358548908756,1.8622810400647722,1458,0.9247961210363744,5.169369208089238,73,73,1.0,0.005,0.5262144375208647,-0.8503519070035624,-6.674147837828583e-08,True
BH-HF1R,SXS:BBH:0305,6,C,794,Bstar,3687.358548908756,1.8622810400647722,1458,0.9247961210363744,1.0890331783357494,73,62,0.8493150684931506,0.005,-0.6094758389389332,0.7928046428658684,-7.940171687391723e-08,True
BH-HF1R,SXS:BBH:0305,6,C,795,Rstar,3687.359880499098,1.8636126304068057,1458,0.9248102930909559,5.068883486566927,73,73,1.0,0.005,0.5106494701605921,-0.8597889965710784,-6.654236609328554e-08,True
BH-HF1R,SXS:BBH:0305,6,C,795,Estar,3687.359880499098,1.8636126304068057,1458,0.9248102930909559,5.164997204118685,73,73,1.0,0.005,0.5261929578078227,-0.8503651986960957,-6.673088502215245e-08,True
BH-HF1R,SXS:BBH:0305,6,C,795,Bstar,3687.359880499098,1.8636126304068057,1458,0.9248102930909559,1.0892688853641554,73,62,0.8493150684931506,0.005,-0.6094904839358157,0.7927933841750188,-7.938693178833642e-08,True
BH-HF1R,SXS:BBH:0305,6,C,796,Rstar,3687.3611870856016,1.8649192169104936,1458,0.9248241897016405,5.0613812796562545,73,73,1.0,0.005,0.5106280459781102,-0.8598017205499024,-6.653218755699806e-08,True
BH-HF1R,SXS:BBH:0305,6,C,796,Estar,3687.3611870856016,1.8649192169104936,1458,0.9248241897016405,5.160717943328926,73,73,1.0,0.005,0.5261718870081982,-0.8503782366231085,-6.672049479472772e-08,True
BH-HF1R,SXS:BBH:0305,6,C,796,Bstar,3687.3611870856016,1.8649192169104936,1458,0.9248241897016405,1.0894985178479755,73,62,0.8493150684931506,0.005,-0.6095048501000837,0.7927823394251843,-7.937243010989816e-08,True
BH-HF1R,SXS:BBH:0305,6,C,797,Rstar,3687.362622074768,1.8663542060767213,1458,0.9248394415596369,5.0531594225555745,73,73,1.0,0.005,0.5106045230863734,-0.8598156901358178,-6.652101167549761e-08,True
BH-HF1R,SXS:BBH:0305,6,C,797,Estar,3687.362622074768,1.8663542060767213,1458,0.9248394415596369,5.161353867990482,73,73,1.0,0.005,0.5261487518992078,-0.850392551046222,-6.670908658492988e-08,True
BH-HF1R,SXS:BBH:0305,6,C,797,Bstar,3687.362622074768,1.8663542060767213,1458,0.9248394415596369,1.089748833674185,73,62,0.8493150684931506,0.005,-0.6095206236806603,0.7927702121724381,-7.935650758632849e-08,True
BH-HF1R,SXS:BBH:0305,6,C,798,Rstar,3687.364044967029,1.8677770983376831,1458,0.9248545538385095,5.044891208490059,73,73,1.0,0.005,0.5105812054108233,-0.8598295369904585,-6.650992524886902e-08,True
BH-HF1R,SXS:BBH:0305,6,C,798,Estar,3687.364044967029,1.8677770983376831,1458,0.9248545538385095,5.163422257305229,73,73,1.0,0.005,0.5261258183985831,-0.8504067398688799,-6.669776983799165e-08,True
BH-HF1R,SXS:BBH:0305,6,C,798,Bstar,3687.364044967029,1.8677770983376831,1458,0.9248545538385095,1.0894244809127405,73,61,0.8356164383561644,0.005,-0.6206342552844316,0.7841001984233475,-7.90400824634892e-08,True
BH-HF1R,SXS:BBH:0305,6,C,799,Rstar,3687.364748092731,1.8684802240400131,1458,0.9248620174671367,5.0407684863234605,73,73,1.0,0.005,0.5105696854691322,-0.859836377620735,-6.650444642837848e-08,True
BH-HF1R,SXS:BBH:0305,6,C,799,Estar,3687.364748092731,1.8684802240400131,1458,0.9248620174671367,5.164441005412676,73,73,1.0,0.005,0.5261144881732843,-0.85041374949736,-6.669217722754233e-08,True
BH-HF1R,SXS:BBH:0305,6,C,799,Bstar,3687.364748092731,1.8684802240400131,1458,0.9248620174671367,1.089221104182721,73,61,0.8356164383561644,0.005,-0.620641903633922,0.7840941445092261,-7.903220381436294e-08,True
BH-HF1R,SXS:BBH:0305,6,C,800,Rstar,3687.3653842540807,1.8691163853895887,1458,0.9248687679885101,5.037265308497935,73,73,1.0,0.005,0.5105592641186939,-0.859842565719198,-6.649949262932898e-08,True
BH-HF1R,SXS:BBH:0305,6,C,800,Estar,3687.3653842540807,1.8691163853895887,1458,0.9248687679885101,5.165360616848481,73,73,1.0,0.005,0.5261042384002891,-0.8504200905065963,-6.668712055930888e-08,True
BH-HF1R,SXS:BBH:0305,6,C,800,Bstar,3687.3653842540807,1.8691163853895887,1458,0.9248687679885101,1.0890370844453432,73,61,0.8356164383561644,0.005,-0.6206488226443689,0.7840886677858268,-7.902507972558144e-08,True
BH-HF1R,SXS:BBH:0305,6,C,801,Rstar,3687.3666709523263,1.8704030836352104,1458,0.9248824151972305,5.030507041105251,73,73,1.0,0.005,0.5105381901128815,-0.8598550787407486,-6.64894781773612e-08,True
BH-HF1R,SXS:BBH:0305,6,C,801,Estar,3687.3666709523263,1.8704030836352104,1458,0.9248824151972305,5.167214468760591,73,73,1.0,0.005,0.5260835112204667,-0.8504329128284844,-6.667689803668159e-08,True
BH-HF1R,SXS:BBH:0305,6,C,801,Bstar,3687.3666709523263,1.8704030836352104,1458,0.9248824151972305,1.0886648501965266,73,61,0.8356164383561644,0.005,-0.6206628143635721,0.7840775923760888,-7.901067707114682e-08,True
BH-HF1R,SXS:BBH:0305,6,C,802,Rstar,3687.367856938895,1.871589070203754,1458,0.9248949863470994,5.024127076653774,73,73,1.0,0.005,0.5130950523594922,-0.8583317932153077,-6.638737526847364e-08,True
BH-HF1R,SXS:BBH:0305,6,C,802,Estar,3687.367856938895,1.871589070203754,1458,0.9248949863470994,5.168916038035106,73,73,1.0,0.005,0.5260644111555061,-0.8504447279603808,-6.666747331481437e-08,True
BH-HF1R,SXS:BBH:0305,6,C,802,Bstar,3687.367856938895,1.871589070203754,1458,0.9248949863470994,1.0883217062327606,73,61,0.8356164383561644,0.005,-0.6206757077462389,0.7840673860158318,-7.899739957473997e-08,True
BH-HF1R,SXS:BBH:0305,6,C,803,Rstar,3687.3691689429324,1.8729010742413266,1458,0.9249088841452726,5.016086558088066,73,73,1.0,0.005,0.5130735624284384,-0.8583446391380254,-6.637713889746515e-08,True
BH-HF1R,SXS:BBH:0305,6,C,803,Estar,3687.3691689429324,1.8729010742413266,1458,0.9249088841452726,5.17420090681497,73,73,1.0,0.005,0.5260432868793312,-0.8504577945607796,-6.665704916669436e-08,True
BH-HF1R,SXS:BBH:0305,6,C,803,Bstar,3687.3691689429324,1.8729010742413266,1458,0.9249088841452726,1.0879420506132673,73,61,0.8356164383561644,0.005,-0.6206899676004632,0.7840560975594345,-7.898271432661432e-08,True
BH-HF1R,SXS:BBH:0305,6,C,804,Rstar,3687.3706366448823,1.8743687761912042,1458,0.9249244205638169,5.009511238631492,73,73,1.0,0.005,0.5130495291954305,-0.85835900449191,-6.636569023329021e-08,True
BH-HF1R,SXS:BBH:0305,6,C,804,Estar,3687.3706366448823,1.8743687761912042,1458,0.9249244205638169,5.18142822163528,73,73,1.0,0.005,0.5260196623804309,-0.8504724068358557,-6.664539054491228e-08,True
BH-HF1R,SXS:BBH:0305,6,C,804,Bstar,3687.3706366448823,1.8743687761912042,1458,0.9249244205638169,1.088089613696287,73,61,0.8356164383561644,0.005,-0.6207059152689165,0.7840434724874447,-7.896629024795754e-08,True
BH-HF1R,SXS:BBH:0305,6,C,805,Rstar,3687.3717542186905,1.8754863499993917,1458,0.924936242908574,5.0022022922876435,73,73,1.0,0.005,0.5130312341167347,-0.8583699393738435,-6.635697082269683e-08,True
BH-HF1R,SXS:BBH:0305,6,C,805,Estar,3687.3717542186905,1.8754863499993917,1458,0.924936242908574,5.186936493670299,73,73,1.0,0.005,0.5260016783083374,-0.8504835297739798,-6.663651145659044e-08,True
BH-HF1R,SXS:BBH:0305,6,C,805,Bstar,3687.3717542186905,1.8754863499993917,1458,0.924936242908574,1.0884068867803456,73,61,0.8356164383561644,0.005,-0.6207180554138843,0.7840338613116145,-7.895378279589993e-08,True
BH-HF1R,SXS:BBH:0305,6,C,806,Rstar,3687.372843853154,1.876575984462761,1458,0.9249477630917274,4.995088866933828,73,73,1.0,0.005,0.5130134004740591,-0.8583805979482751,-6.634847278709782e-08,True
BH-HF1R,SXS:BBH:0305,6,C,806,Estar,3687.372843853154,1.876575984462761,1458,0.9249477630917274,5.19193423722642,73,73,1.0,0.005,0.5457310660559932,-0.8379603830381153,-6.675111182929705e-08,True
BH-HF1R,SXS:BBH:0305,6,C,806,Bstar,3687.372843853154,1.876575984462761,1458,0.9249477630917274,1.0886830403367036,73,61,0.8356164383561644,0.005,-0.6207298894672958,0.7840244921696723,-7.894159248019838e-08,True
BH-HF1R,SXS:BBH:0305,6,C,807,Rstar,3687.373829712906,1.8775618442150517,1458,0.924958180642092,4.988663777050326,73,73,1.0,0.005,0.512997268742733,-0.8583902389138006,-6.63407845726272e-08,True
BH-HF1R,SXS:BBH:0305,6,C,807,Estar,3687.373829712906,1.8775618442150517,1458,0.924958180642092,5.19285032182406,73,73,1.0,0.005,0.5457155005613963,-0.8379705200345775,-6.674306732212452e-08,True
BH-HF1R,SXS:BBH:0305,6,C,807,Bstar,3687.373829712906,1.8775618442150517,1458,0.924958180642092,1.0888914339299738,73,61,0.8356164383561644,0.005,-0.6207405942556019,0.7840160168282253,-7.893056437351862e-08,True
BH-HF1R,SXS:BBH:0305,6,C,808,Rstar,3687.3756276756976,1.8793598070064945,1458,0.9249771664709485,4.978662747070591,73,73,1.0,0.005,0.5129678569817546,-0.858407815495375,-6.632677073968244e-08,True
BH-HF1R,SXS:BBH:0305,6,C,808,Estar,3687.3756276756976,1.8793598070064945,1458,0.9249771664709485,5.188327345568363,73,73,1.0,0.005,0.5456871205708579,-0.8379890013855084,-6.672840373612741e-08,True
BH-HF1R,SXS:BBH:0305,6,C,808,Bstar,3687.3756276756976,1.8793598070064945,1458,0.9249771664709485,1.0889959103360567,73,61,0.8356164383561644,0.005,-0.6207601117009972,0.784000563597348,-7.891046162626069e-08,True
BH-HF1R,SXS:BBH:0305,6,C,809,Rstar,3687.37700193569,1.8807340669986843,1458,0.9249916666328515,4.974270955636926,73,73,1.0,0.005,0.5129453837141067,-0.8584212446849062,-6.631605624739245e-08,True
BH-HF1R,SXS:BBH:0305,6,C,809,Estar,3687.37700193569,1.8807340669986843,1458,0.9249916666328515,5.183103986653661,73,73,1.0,0.005,0.5456654351421436,-0.8380031222442615,-6.671719286696076e-08,True
BH-HF1R,SXS:BBH:0305,6,C,809,Bstar,3687.37700193569,1.8807340669986843,1458,0.9249916666328515,1.0890048154242435,73,61,0.8356164383561644,0.005,-0.6207750249990152,0.7839887552366206,-7.88950936891602e-08,True
BH-HF1R,SXS:BBH:0305,6,C,810,Rstar,3687.378290463058,1.8820225943668447,1458,0.9250052527657796,4.970379025324154,73,73,1.0,0.005,0.5129243182197275,-0.8584338319164868,-6.630601621619795e-08,True
BH-HF1R,SXS:BBH:0305,6,C,810,Estar,3687.378290463058,1.8820225943668447,1458,0.9250052527657796,5.1806653105356295,73,73,1.0,0.005,0.5456451077195621,-0.8380163580871813,-6.670668765945595e-08,True
BH-HF1R,SXS:BBH:0305,6,C,810,Bstar,3687.378290463058,1.8820225943668447,1458,0.9250052527657796,1.088427356356899,73,61,0.8356164383561644,0.005,-0.6207890042448242,0.7839776860400515,-7.88806925066611e-08,True
BH-HF1R,SXS:BBH:0305,6,C,811,Rstar,3687.3796259928818,1.8833581241906359,1458,0.9250193252754676,4.9636208391318295,73,73,1.0,0.005,0.5129024902569289,-0.8584468740045808,-6.629560955649503e-08,True
BH-HF1R,SXS:BBH:0305,6,C,811,Estar,3687.3796259928818,1.8833581241906359,1458,0.9250193252754676,5.178840762174674,73,73,1.0,0.005,0.5456240441197133,-0.8380300725382381,-6.669579891079217e-08,True
BH-HF1R,SXS:BBH:0305,6,C,811,Bstar,3687.3796259928818,1.8833581241906359,1458,0.9250193252754676,1.0887010022795,73,61,0.8356164383561644,0.005,-0.6208034896216488,0.7839662156455323,-7.886576621257467e-08,True
BH-HF1R,SXS:BBH:0305,6,C,812,Rstar,3687.38092813446,1.884660265769071,1458,0.925033036771372,4.96241516498045,73,73,1.0,0.005,0.512881213811533,-0.8584595858391962,-6.62854365532557e-08,True
BH-HF1R,SXS:BBH:0305,6,C,812,Estar,3687.38092813446,1.884660265769071,1458,0.925033036771372,5.177053235230832,73,73,1.0,0.005,0.5456035123095511,-0.8380434400169702,-6.668515595341188e-08,True
BH-HF1R,SXS:BBH:0305,6,C,812,Bstar,3687.38092813446,1.884660265769071,1458,0.925033036771372,1.089175769401623,73,61,0.8356164383561644,0.005,-0.6208176091499142,0.7839550345328349,-7.885118266834404e-08,True
BH-HF1R,SXS:BBH:0305,6,C,813,Rstar,3687.3821062625548,1.8858383938636507,1458,0.9250454348146474,4.958859413404307,73,73,1.0,0.005,0.5128619686644178,-0.8584710834370912,-6.627626038196994e-08,True
BH-HF1R,SXS:BBH:0305,6,C,813,Estar,3687.3821062625548,1.8858383938636507,1458,0.9250454348146474,5.175427822341944,73,73,1.0,0.005,0.5455849403534584,-0.8380555308924992,-6.66755549399048e-08,True
BH-HF1R,SXS:BBH:0305,6,C,813,Bstar,3687.3821062625548,1.8858383938636507,1458,0.9250454348146474,1.0894706579615163,73,61,0.8356164383561644,0.005,-0.6208303807871464,0.7839449204451042,-7.883802169072693e-08,True
BH-HF1R,SXS:BBH:0305,6,C,814,Rstar,3687.3837093068882,1.8874414381971292,1458,0.9250623826868376,4.958360989682026,73,73,1.0,0.005,0.5128357333805976,-0.8584867561983587,-6.636451799503731e-08,True
BH-HF1R,SXS:BBH:0305,6,C,814,Estar,3687.3837093068882,1.8874414381971292,1458,0.9250623826868376,5.173198226210295,73,73,1.0,0.005,0.5455596237573898,-0.8380720117780399,-6.676358599491023e-08,True
BH-HF1R,SXS:BBH:0305,6,C,814,Bstar,3687.3837093068882,1.8874414381971292,1458,0.9250623826868376,1.088731958874277,73,61,0.8356164383561644,0.005,-0.6208477899927363,0.7839311332388382,-7.894207049050468e-08,True
BH-HF1R,SXS:BBH:0305,6,C,815,Rstar,3687.384997037727,1.8887291690357415,1458,0.9250758243406197,4.961693898987339,73,73,1.0,0.005,0.5128147667047331,-0.8584992807507563,-6.625375581385842e-08,True
BH-HF1R,SXS:BBH:0305,6,C,815,Estar,3687.384997037727,1.8887291690357415,1458,0.9250758243406197,5.171406907517705,73,73,1.0,0.005,0.5455393880900914,-0.8380851842398147,-6.665200851019174e-08,True
BH-HF1R,SXS:BBH:0305,6,C,815,Bstar,3687.384997037727,1.8887291690357415,1458,0.9250758243406197,1.0881437172912563,73,61,0.8356164383561644,0.005,-0.6208617058703776,0.7839201121183961,-7.880574447607963e-08,True
BH-HF1R,SXS:BBH:0305,6,C,816,Rstar,3687.3862148219923,1.8899469533012052,1458,0.9250886117684772,4.964853303702701,73,73,1.0,0.005,0.5127948904693953,-0.8585111532813517,-6.62442735613327e-08,True
BH-HF1R,SXS:BBH:0305,6,C,816,Estar,3687.3862148219923,1.8899469533012052,1458,0.9250886117684772,5.169614483969679,73,73,1.0,0.005,0.5455202059189377,-0.8380976702832166,-6.664208758366957e-08,True
BH-HF1R,SXS:BBH:0305,6,C,816,Bstar,3687.3862148219923,1.8899469533012052,1458,0.9250886117684772,1.0875838539760252,73,61,0.8356164383561644,0.005,-0.6208748967404965,0.7839096648195325,-7.87921462956387e-08,True
BH-HF1R,SXS:BBH:0305,6,C,817,Rstar,3687.387470196182,1.8912023274911007,1458,0.9251017882367858,4.967707076167078,73,73,1.0,0.005,0.5127744062357642,-0.8585233883299599,-6.623450640701464e-08,True
BH-HF1R,SXS:BBH:0305,6,C,817,Estar,3687.387470196182,1.8912023274911007,1458,0.9251017882367858,5.167380666327037,73,73,1.0,0.005,0.5455004366102033,-0.8381105378517045,-6.663186850821743e-08,True
BH-HF1R,SXS:BBH:0305,6,C,817,Bstar,3687.387470196182,1.8912023274911007,1458,0.9251017882367858,1.087006156832077,73,61,0.8356164383561644,0.005,-0.6208884912302146,0.7838988974720282,-7.87781381932101e-08,True
BH-HF1R,SXS:BBH:0305,6,C,818,Rstar,3687.388431676519,1.8921638078277283,1458,0.925111873347659,4.968235441856435,73,73,1.0,0.005,0.5127587210450109,-0.8585327565051204,-6.622702247793424e-08,True
BH-HF1R,SXS:BBH:0305,6,C,818,Estar,3687.388431676519,1.8921638078277283,1458,0.925111873347659,5.169594546017499,73,73,1.0,0.005,0.5454852985944104,-0.8381203905271382,-6.662403840304782e-08,True
BH-HF1R,SXS:BBH:0305,6,C,818,Bstar,3687.388431676519,1.8921638078277283,1458,0.925111873347659,1.0865633340240857,73,61,0.8356164383561644,0.005,-0.6208989008956479,0.7838906523658579,-7.876740599617128e-08,True
BH-HF1R,SXS:BBH:0305,6,C,819,Rstar,3687.3893691198473,1.8931012511561676,1458,0.9251217017527255,4.968749579836072,73,73,1.0,0.005,0.5127434310216313,-0.8585418882874389,-6.621972803524466e-08,True
BH-HF1R,SXS:BBH:0305,6,C,819,Estar,3687.3893691198473,1.8931012511561676,1458,0.9251217017527255,5.170468742379787,73,73,1.0,0.005,0.5454705417466293,-0.8381299947422441,-6.661640667127259e-08,True
BH-HF1R,SXS:BBH:0305,6,C,819,Bstar,3687.3893691198473,1.8931012511561676,1458,0.9251217017527255,1.0861312699869403,73,61,0.8356164383561644,0.005,-0.620909048377217,0.7838826147091749,-7.875694551611035e-08,True
BH-HF1R,SXS:BBH:0305,6,C,820,Rstar,3687.390217282859,1.8939494141677642,1458,0.9251305899690948,4.968628307609885,73,73,1.0,0.005,0.5127295997310396,-0.8585501485409245,-6.621312860256164e-08,True
BH-HF1R,SXS:BBH:0305,6,C,820,Estar,3687.390217282859,1.8939494141677642,1458,0.9251305899690948,5.171489727010372,73,73,1.0,0.005,0.5454571925822784,-0.8381386824745979,-6.660950215159516e-08,True
BH-HF1R,SXS:BBH:0305,6,C,820,Bstar,3687.390217282859,1.8939494141677642,1458,0.9251305899690948,1.085740090274686,73,61,0.8356164383561644,0.005,-0.62091822780897,0.7838753436449968,-7.87474817346864e-08,True
BH-HF1R,SXS:BBH:0305,6,C,821,Rstar,3687.3919251593393,1.8956572906481597,1458,0.925148476162745,4.9550937120329595,73,73,1.0,0.005,0.5127017562037582,-0.8585667761948267,-6.619985036873006e-08,True
BH-HF1R,SXS:BBH:0305,6,C,821,Estar,3687.3919251593393,1.8956572906481597,1458,0.925148476162745,5.170143270611432,73,73,1.0,0.005,0.5454303190907965,-0.8381561710185682,-6.659560968096423e-08,True
BH-HF1R,SXS:BBH:0305,6,C,821,Bstar,3687.3919251593393,1.8956572906481597,1458,0.925148476162745,1.0844173270494901,73,61,0.8356164383561644,0.005,-0.6209367069398699,0.7838607057217909,-7.872843919694521e-08,True
BH-HF1R,SXS:BBH:0305,6,C,822,Rstar,3687.3931873118845,1.896919443193383,1458,0.9251616843126174,4.948542219051916,73,73,1.0,0.005,0.5126811856557953,-0.8585790597694329,-6.619003374127531e-08,True
BH-HF1R,SXS:BBH:0305,6,C,822,Estar,3687.3931873118845,1.896919443193383,1458,0.9251616843126174,5.169137499620201,73,73,1.0,0.005,0.5454104647463779,-0.8381690909029845,-6.65853393799927e-08,True
BH-HF1R,SXS:BBH:0305,6,C,822,Bstar,3687.3931873118845,1.896919443193383,1458,0.9251616843126174,1.0834162810747376,73,61,0.8356164383561644,0.005,-0.6209503593096066,0.783849890778371,-7.871436279070075e-08,True
BH-HF1R,SXS:BBH:0305,6,C,823,Rstar,3687.3944646862965,1.898196817605367,1458,0.9251750434564117,4.942427711015751,73,73,1.0,0.005,0.5126603725388016,-0.858591487512177,-6.618010208223585e-08,True
BH-HF1R,SXS:BBH:0305,6,C,823,Estar,3687.3944646862965,1.898196817605367,1458,0.9251750434564117,5.168110337952755,73,73,1.0,0.005,0.5453903758893615,-0.8381821627112191,-6.657494876522687e-08,True
BH-HF1R,SXS:BBH:0305,6,C,823,Bstar,3687.3944646862965,1.898196817605367,1458,0.9251750434564117,1.0824032271711799,73,61,0.8356164383561644,0.005,-0.6209641728010324,0.7838389478059402,-7.870012129739041e-08,True
BH-HF1R,SXS:BBH:0305,6,C,824,Rstar,3687.3957601710185,1.8994923023274168,1458,0.9251885828054682,4.936247095024549,73,73,1.0,0.005,0.5126392699427381,-0.8586040874073289,-6.61700313902421e-08,True
BH-HF1R,SXS:BBH:0305,6,C,824,Estar,3687.3957601710185,1.8994923023274168,1458,0.9251885828054682,5.167059090860557,73,73,1.0,0.005,0.5453700072272452,-0.8381954158887712,-6.656441263106006e-08,True
BH-HF1R,SXS:BBH:0305,6,C,824,Bstar,3687.3957601710185,1.8994923023274168,1458,0.9251885828054682,1.0813758775052484,73,61,0.8356164383561644,0.005,-0.6209781785510369,0.7838278521227926,-7.868568073896789e-08,True
BH-HF1R,SXS:BBH:0305,6,C,825,Rstar,3687.3970232686224,1.9007553999313131,1458,0.9252020850946304,4.934711413331066,73,73,1.0,0.005,0.5126187074245103,-0.858616364157133,-9.879221510911071e-08,True
BH-HF1R,SXS:BBH:0305,6,C,825,Estar,3687.3970232686224,1.9007553999313131,1458,0.9252020850946304,5.168252895855228,73,73,1.0,0.005,0.5453501546005888,-0.8382083326220899,-9.929096273211827e-08,True
BH-HF1R,SXS:BBH:0305,6,C,825,Bstar,3687.3970232686224,1.9007553999313131,1458,0.9252020850946304,1.080617271198006,73,61,0.8356164383561644,0.005,-0.6209918387903149,0.783817029768944,-1.1888967780836763e-07,True
BH-HF1R,SXS:BBH:0305,6,C,826,Rstar,3687.3981660712166,1.9018982025254445,1458,0.9252137043263722,4.934797028626857,73,73,1.0,0.005,0.5126000945387046,-0.8586274763125782,-6.615135959573362e-08,True
BH-HF1R,SXS:BBH:0305,6,C,826,Estar,3687.3981660712166,1.9018982025254445,1458,0.9252137043263722,5.171874289926625,73,73,1.0,0.005,0.5453321932511027,-0.8382200182553132,-6.654487746640533e-08,True
BH-HF1R,SXS:BBH:0305,6,C,826,Bstar,3687.3981660712166,1.9018982025254445,1458,0.9252137043263722,1.0804679359343035,73,61,0.8356164383561644,0.005,-0.6210041795441288,0.7838072524471289,-7.865890121823534e-08,True
BH-HF1R,SXS:BBH:0305,6,C,827,Rstar,3687.400024587411,1.9037567187197055,1458,0.9252330880258918,4.9448285057102055,73,73,1.0,0.005,0.5125698454820552,-0.858645534258752,-6.613687082846233e-08,True
BH-HF1R,SXS:BBH:0305,6,C,827,Estar,3687.400024587411,1.9037567187197055,1458,0.9252330880258918,5.1789942355480205,73,73,1.0,0.005,0.545302994462421,-0.8382390137844411,-6.652972141843753e-08,True
BH-HF1R,SXS:BBH:0305,6,C,827,Bstar,3687.400024587411,1.9037567187197055,1458,0.9252330880258918,1.08094124081635,73,61,0.8356164383561644,0.005,-0.6210242563792084,0.7837913453136907,-7.863813981692386e-08,True
BH-HF1R,SXS:BBH:0305,6,C,828,Rstar,3687.401483223072,1.9052153543807435,1458,0.9252482907655525,4.956718624564514,73,73,1.0,0.005,0.5125461132902216,-0.8586597007843578,-6.612557747109979e-08,True
BH-HF1R,SXS:BBH:0305,6,C,828,Estar,3687.401483223072,1.9052153543807435,1458,0.9252482907655525,5.184668101414886,73,73,1.0,0.005,0.5452800856938207,-0.8382539162722324,-6.651790525979501e-08,True
BH-HF1R,SXS:BBH:0305,6,C,828,Bstar,3687.401483223072,1.9052153543807435,1458,0.9252482907655525,1.0813096122482142,73,61,0.8356164383561644,0.005,-0.6210400080387024,0.7837788644862034,-7.862193804795391e-08,True
BH-HF1R,SXS:BBH:0305,6,C,829,Rstar,3687.4027120478545,1.9064441791633726,1458,0.9252610883500516,4.965509569790038,73,73,1.0,0.005,0.5136151146670914,-0.8579717275656576,-0.00916671607018844,True
BH-HF1R,SXS:BBH:0305,6,C,829,Estar,3687.4027120478545,1.9064441791633726,1458,0.9252610883500516,5.187694616484962,73,73,1.0,0.005,0.5452607911182404,-0.8382664669835638,-6.650792059723656e-08,True
BH-HF1R,SXS:BBH:0305,6,C,829,Bstar,3687.4027120478545,1.9064441791633726,1458,0.9252610883500516,1.0815758039093357,73,61,0.8356164383561644,0.005,-0.6210532745051681,0.7837683524016531,-7.860825447597466e-08,True
BH-HF1R,SXS:BBH:0305,6,C,830,Rstar,3687.4039030319564,1.9076351632652404,1458,0.9252734845119488,4.971216366004601,73,73,1.0,0.005,0.5135958607939445,-0.8579832530838902,-0.00916674440095485,True
BH-HF1R,SXS:BBH:0305,6,C,830,Estar,3687.4039030319564,1.9076351632652404,1458,0.9252734845119488,5.188833489808309,73,73,1.0,0.005,0.545242095090799,-0.8382786277491463,-6.649824645561261e-08,True
BH-HF1R,SXS:BBH:0305,6,C,830,Bstar,3687.4039030319564,1.9076351632652404,1458,0.9252734845119488,1.081584396671983,73,61,0.8356164383561644,0.005,-0.6210661293015587,0.7837581661675835,-7.859499623077701e-08,True
BH-HF1R,SXS:BBH:0305,6,C,831,Rstar,3687.4050569083915,1.908789039700423,1458,0.925285487221342,4.977027686841589,73,73,1.0,0.005,0.5200487891727048,-0.8540856735345025,-0.009323043661744822,True
BH-HF1R,SXS:BBH:0305,6,C,831,Estar,3687.4050569083915,1.908789039700423,1458,0.925285487221342,5.189965836034057,73,73,1.0,0.005,0.5452239856615262,-0.8382904063982572,-6.648887565139558e-08,True
BH-HF1R,SXS:BBH:0305,6,C,831,Bstar,3687.4050569083915,1.908789039700423,1458,0.925285487221342,1.0815908615337295,73,61,0.8356164383561644,0.005,-0.6210785806547515,0.7837482992975954,-7.858215398705285e-08,True
BH-HF1R,SXS:BBH:0305,6,C,832,Rstar,3687.406114859574,1.90984699088267,1458,0.9252964859151208,4.982925948266033,73,73,1.0,0.005,0.5295039792120368,-0.8483011497238081,-0.003270378553648733,True
BH-HF1R,SXS:BBH:0305,6,C,832,Estar,3687.406114859574,1.90984699088267,1458,0.9252964859151208,5.191007289239162,73,73,1.0,0.005,0.5452073852608715,-0.8383012030630751,-6.648028525455725e-08,True
BH-HF1R,SXS:BBH:0305,6,C,832,Bstar,3687.406114859574,1.90984699088267,1458,0.9252964859151208,1.081595180196485,73,61,0.8356164383561644,0.005,-0.6210899943564593,0.783739254414558,-7.857038133835102e-08,True
BH-HF1R,SXS:BBH:0305,6,C,833,Rstar,3687.4076792202695,1.9114113515784084,1458,0.9253127388216273,4.989345288705883,73,73,1.0,0.005,0.5324557068802276,-0.8464076192502403,-0.009222921761424032,True
BH-HF1R,SXS:BBH:0305,6,C,833,Estar,3687.4076792202695,1.9114113515784084,1458,0.9253127388216273,5.198073953599745,73,73,1.0,0.005,0.5451828449778467,-0.8383171628577436,-6.646759061886043e-08,True
BH-HF1R,SXS:BBH:0305,6,C,833,Bstar,3687.4076792202695,1.9114113515784084,1458,0.9253127388216273,1.081598746320782,73,61,0.8356164383561644,0.005,-0.6211068669919483,0.783725883058254,-7.855298341887289e-08,True
BH-HF1R,SXS:BBH:0305,6,C,834,Rstar,3687.4091636714606,1.9128958027695262,1458,0.9253281496697123,4.996486366978632,73,73,1.0,0.005,0.5324320366509396,-0.8464225087693227,-0.009222960282818958,True
BH-HF1R,SXS:BBH:0305,6,C,834,Estar,3687.4091636714606,1.9128958027695262,1458,0.9253281496697123,5.210184586662094,73,73,1.0,0.005,0.5451595650970653,-0.8383323020039095,-6.645554542388346e-08,True
BH-HF1R,SXS:BBH:0305,6,C,834,Bstar,3687.4091636714606,1.9128958027695262,1458,0.9253281496697123,1.0815990186483873,73,61,0.8356164383561644,0.005,-0.6211228728434609,0.7837131980710034,-7.853647593154774e-08,True
BH-HF1R,SXS:BBH:0305,6,C,835,Rstar,3687.4104333250357,1.9141654563445627,1458,0.9253413212497261,5.002600605933209,73,73,1.0,0.005,0.532411797001371,-0.8464352395861285,-0.009222993036109395,True
BH-HF1R,SXS:BBH:0305,6,C,835,Estar,3687.4104333250357,1.9141654563445627,1458,0.9253413212497261,5.2208405374942854,73,73,1.0,0.005,0.5451396590506133,-0.8383452463813322,-6.644524305961475e-08,True
BH-HF1R,SXS:BBH:0305,6,C,835,Bstar,3687.4104333250357,1.9141654563445627,1458,0.9253413212497261,1.0815735003116054,73,61,0.8356164383561644,0.005,-0.6211365588963915,0.7837023511527468,-7.852235762056973e-08,True
BH-HF1R,SXS:BBH:0305,6,C,836,Rstar,3687.4117039380494,1.915436069358293,1458,0.9253544946897305,5.008667324173049,73,73,1.0,0.005,0.5323915472244626,-0.8464479760989925,-0.00922302563490233,True
BH-HF1R,SXS:BBH:0305,6,C,836,Estar,3687.4117039380494,1.915436069358293,1458,0.9253544946897305,5.216821494937968,73,73,1.0,0.005,0.5439617331165902,-0.8390441253776151,-0.01051611021758691,True
BH-HF1R,SXS:BBH:0305,6,C,836,Bstar,3687.4117039380494,1.915436069358293,1458,0.9253544946897305,1.0815361484821884,73,61,0.8356164383561644,0.005,-0.6211502517643321,0.7836914984438076,-7.850810535215472e-08,True
BH-HF1R,SXS:BBH:0305,6,C,837,Rstar,3687.4129299560236,1.9166620873324973,1458,0.9253671976044433,5.003565397955181,73,73,1.0,0.005,0.532372013001965,-0.8464602619103189,-0.009223056920032039,True
BH-HF1R,SXS:BBH:0305,6,C,837,Estar,3687.4129299560236,1.9166620873324973,1458,0.9253671976044433,5.210264032826384,73,73,1.0,0.005,0.5439426130329824,-0.8390565195550496,-0.010516212199160017,True
BH-HF1R,SXS:BBH:0305,6,C,837,Bstar,3687.4129299560236,1.9166620873324973,1458,0.9253671976044433,1.0815861087344798,73,61,0.8356164383561644,0.005,-0.6211634607438007,0.7836810288866118,-7.849448512300324e-08,True
BH-HF1R,SXS:BBH:0305,6,C,838,Rstar,3687.4140636479315,1.9177957792403504,1458,0.925378936868684,5.003059592768841,73,73,1.0,0.005,0.5323539540598411,-0.8464716193039226,-0.00922308570097611,True
BH-HF1R,SXS:BBH:0305,6,C,838,Estar,3687.4140636479315,1.9177957792403504,1458,0.925378936868684,5.204203625507466,73,73,1.0,0.005,0.5439249368280507,-0.8390679772211417,-0.010516306320313062,True
BH-HF1R,SXS:BBH:0305,6,C,838,Bstar,3687.4140636479315,1.9177957792403504,1458,0.925378936868684,1.0815784013495762,73,61,0.8356164383561644,0.005,-0.6211756721154785,0.7836713497199431,-7.848188783063541e-08,True
BH-HF1R,SXS:BBH:0305,6,C,839,Rstar,3687.415587065344,1.9193191966528502,1458,0.9253947012814248,5.008884622637008,73,73,1.0,0.005,0.5323296934996904,-0.8464868760940168,-0.00922312415173453,True
BH-HF1R,SXS:BBH:0305,6,C,839,Estar,3687.415587065344,1.9193191966528502,1458,0.9253947012814248,5.196064779618336,73,73,1.0,0.005,0.5439011902523373,-0.8390833688550009,-0.010516432524064387,True
BH-HF1R,SXS:BBH:0305,6,C,839,Bstar,3687.415587065344,1.9193191966528502,1458,0.9253947012814248,1.0817109862633596,73,61,0.8356164383561644,0.005,-0.6211920769482083,0.7836583461794848,-7.846496534684224e-08,True
BH-HF1R,SXS:BBH:0305,6,C,840,Rstar,3687.416845932838,1.9205780641468664,1458,0.9254077189334173,5.01384307176655,73,73,1.0,0.005,0.5323096514807973,-0.8464994792312314,-0.009223155731422265,True
BH-HF1R,SXS:BBH:0305,6,C,840,Estar,3687.416845932838,1.9205780641468664,1458,0.9254077189334173,5.189343574750952,73,73,1.0,0.005,0.543881572680689,-0.8390960835070288,-0.010516536575588686,True
BH-HF1R,SXS:BBH:0305,6,C,840,Bstar,3687.416845932838,1.9205780641468664,1458,0.9254077189334173,1.081955376193092,73,61,0.8356164383561644,0.005,-0.6212056291935314,0.7836476033640775,-7.84509848332994e-08,True
BH-HF1R,SXS:BBH:0305,6,C,841,Rstar,3687.418059397316,1.921791528624908,1458,0.9254202595006924,5.013876274881673,73,73,1.0,0.005,0.5322903370992846,-0.8465116241792703,-0.009223186006140726,True
BH-HF1R,SXS:BBH:0305,6,C,841,Estar,3687.418059397316,1.921791528624908,1458,0.9254202595006924,5.187620044988218,73,73,1.0,0.005,0.5438626671970583,-0.839108336022477,-0.0105166366720387,True
BH-HF1R,SXS:BBH:0305,6,C,841,Bstar,3687.418059397316,1.921791528624908,1458,0.9254202595006924,1.0821889554419024,73,61,0.8356164383561644,0.005,-0.6212186893837139,0.7836372502378729,-7.843750826975426e-08,True
BH-HF1R,SXS:BBH:0305,6,C,842,Rstar,3687.419296972548,1.9230291038570613,1458,0.9254330412410533,5.019870340689041,73,73,1.0,0.005,0.5322706437602117,-0.8465240067857033,-0.009223216714816329,True
BH-HF1R,SXS:BBH:0305,6,C,842,Estar,3687.419296972548,1.9230291038570613,1458,0.9254330412410533,5.180918831763155,73,73,1.0,0.005,0.5438433906376374,-0.8391208284090931,-0.010516738553154052,True
BH-HF1R,SXS:BBH:0305,6,C,842,Bstar,3687.419296972548,1.9230291038570613,1458,0.9254330412410533,1.082425154152578,73,61,0.8356164383561644,0.005,-0.6212320057869003,0.7836266936405233,-7.842376904590058e-08,True
BH-HF1R,SXS:BBH:0305,6,C,843,Rstar,3687.4202098769633,1.9239420082722063,1458,0.925442464421279,5.018024727571583,73,73,1.0,0.005,0.5322561199497099,-0.846533138532482,-0.009223239258825032,True
BH-HF1R,SXS:BBH:0305,6,C,843,Estar,3687.4202098769633,1.9239420082722063,1458,0.925442464421279,5.175978347550481,73,73,1.0,0.005,0.5438291741102457,-0.8391300411848049,-0.010516813574262903,True
BH-HF1R,SXS:BBH:0305,6,C,843,Bstar,3687.4202098769633,1.9239420082722063,1458,0.925442464421279,1.0825980773655117,73,61,0.8356164383561644,0.005,-0.6212418265940893,0.7836189079457139,-7.841363216626004e-08,True
BH-HF1R,SXS:BBH:0305,6,C,844,Rstar,3687.421099958768,1.9248320900769613,1458,0.9254516481618225,5.015272057633905,73,73,1.0,0.005,0.53224196182427,-0.8465420400235307,-0.009223261150549125,True
BH-HF1R,SXS:BBH:0305,6,C,844,Estar,3687.421099958768,1.9248320900769613,1458,0.9254516481618225,5.17116360297469,73,73,1.0,0.005,0.5438153154566254,-0.8391390217185748,-0.010516886611738998,True
BH-HF1R,SXS:BBH:0305,6,C,844,Bstar,3687.421099958768,1.9248320900769613,1458,0.9254516481618225,1.0827656077285575,73,61,0.8356164383561644,0.005,-0.6212514001110553,0.783611318103591,-7.840374935194601e-08,True
BH-HF1R,SXS:BBH:0305,6,C,845,Rstar,3687.421905270877,1.9256374021856573,1458,0.9254599536041223,5.012782681937479,73,73,1.0,0.005,0.5322291542401868,-0.8465500921189166,-0.009223280882052357,True
BH-HF1R,SXS:BBH:0305,6,C,845,Estar,3687.421905270877,1.9256374021856573,1458,0.9254599536041223,5.166809295115177,73,73,1.0,0.005,0.5438027787143569,-0.8391471453627909,-0.010516952601550464,True
BH-HF1R,SXS:BBH:0305,6,C,845,Bstar,3687.421905270877,1.9256374021856573,1458,0.9254599536041223,1.0829162707794517,73,61,0.8356164383561644,0.005,-0.6212600603961785,0.7836044521035663,-7.839480909651517e-08,True
BH-HF1R,SXS:BBH:0305,6,C,846,Rstar,3687.423573244419,1.927305375727883,1458,0.9254771455124196,5.011454373056356,73,73,1.0,0.005,0.532202633571546,-0.8465667647383753,-0.009223321522703394,True
BH-HF1R,SXS:BBH:0305,6,C,846,Estar,3687.423573244419,1.927305375727883,1458,0.9254771455124196,5.157796329503841,73,73,1.0,0.005,0.5437768186866904,-0.8391639662770789,-0.01051708900332996,True
BH-HF1R,SXS:BBH:0305,6,C,846,Bstar,3687.423573244419,1.927305375727883,1458,0.9254771455124196,1.0832255707090694,73,61,0.8356164383561644,0.005,-0.6212779932023375,0.7835902342184148,-7.837629942609282e-08,True
BH-HF1R,SXS:BBH:0305,6,C,847,Rstar,3687.4247944748113,1.9285266061201582,1458,0.925489723506063,5.017347433158557,73,73,1.0,0.005,0.5321832216832897,-0.846578967582812,-0.00922335108377427,True
BH-HF1R,SXS:BBH:0305,6,C,847,Estar,3687.4247944748113,1.9285266061201582,1458,0.925489723506063,5.15120228535051,73,73,1.0,0.005,0.543757816997694,-0.8391762777850209,-0.010517188634792998,True
BH-HF1R,SXS:BBH:0305,6,C,847,Bstar,3687.4247944748113,1.9285266061201582,1458,0.925489723506063,1.0834026772485266,73,61,0.8356164383561644,0.005,-0.6212911191359105,0.7835798270009519,-7.8362747514913e-08,True
BH-HF1R,SXS:BBH:0305,6,C,848,Rstar,3687.4260915678396,1.9298236991485282,1458,0.9255030744348638,5.023611542584968,73,73,1.0,0.005,0.5321626091261061,-0.8465919245226832,-0.009223382301229007,True
BH-HF1R,SXS:BBH:0305,6,C,848,Estar,3687.4260915678396,1.9298236991485282,1458,0.9255030744348638,5.147315025313585,73,73,1.0,0.005,0.5437376398601921,-0.8391893502191382,-0.010517294236103817,True
BH-HF1R,SXS:BBH:0305,6,C,848,Bstar,3687.4260915678396,1.9298236991485282,1458,0.9255030744348638,1.0836659265708217,73,61,0.8356164383561644,0.005,-0.6213050568984474,0.7835687757130262,-7.834835569397193e-08,True
BH-HF1R,SXS:BBH:0305,6,C,849,Rstar,3687.4273160549988,1.9310481863076348,1458,0.9255156702990097,5.029529713191026,73,73,1.0,0.005,0.5321431553055768,-0.8466041524466199,-0.009223411601198264,True
BH-HF1R,SXS:BBH:0305,6,C,849,Estar,3687.4273160549988,1.9310481863076348,1458,0.9255156702990097,5.151350987900621,73,73,1.0,0.005,0.5437185968392501,-0.8392016872483724,-0.010517393719074923,True
BH-HF1R,SXS:BBH:0305,6,C,849,Bstar,3687.4273160549988,1.9310481863076348,1458,0.9255156702990097,1.0839060653590278,73,61,0.8356164383561644,0.005,-0.6213182111108809,0.7835583453336252,-7.83347720298491e-08,True
BH-HF1R,SXS:BBH:0305,6,C,850,Rstar,3687.428509929979,1.9322420612879796,1458,0.9255279436021162,5.034610517384865,73,73,1.0,0.005,0.5321241923941457,-0.8466160712053972,-0.009223440009893256,True
BH-HF1R,SXS:BBH:0305,6,C,850,Estar,3687.428509929979,1.9322420612879796,1458,0.9255279436021162,5.155285160338951,73,73,1.0,0.005,0.5437000342274316,-0.8392137124560218,-0.010517490521558408,True
BH-HF1R,SXS:BBH:0305,6,C,850,Bstar,3687.428509929979,1.9322420612879796,1458,0.9255279436021162,1.0841191783072832,73,61,0.8356164383561644,0.005,-0.6213310333462247,0.7835481778428858,-7.832153139227938e-08,True
BH-HF1R,SXS:BBH:0305,6,C,851,Rstar,3687.4295901025803,1.9333222338891574,1458,0.9255390415939926,5.031612016415292,73,73,1.0,0.005,0.5321070393645958,-0.8466268518901217,-0.009223465577883417,True
BH-HF1R,SXS:BBH:0305,6,C,851,Estar,3687.4295901025803,1.9333222338891574,1458,0.9255390415939926,5.153794322323448,73,73,1.0,0.005,0.5436832431778845,-0.8392245895121576,-0.010517577940173628,True
BH-HF1R,SXS:BBH:0305,6,C,851,Bstar,3687.4295901025803,1.9333222338891574,1458,0.9255390415939926,1.0843103461247474,73,61,0.8356164383561644,0.005,-0.6213426317556593,0.7835389804999779,-7.830955241616367e-08,True
BH-HF1R,SXS:BBH:0305,6,C,852,Rstar,3687.4314081909874,1.93514032229632,1458,0.9255577077152692,5.026568501043018,73,73,1.0,0.005,0.5320781767030037,-0.8466449909912772,-0.009223508323154316,True
BH-HF1R,SXS:BBH:0305,6,C,852,Estar,3687.4314081909874,1.93514032229632,1458,0.9255577077152692,5.1555190817673555,73,73,1.0,0.005,0.5436549893612124,-0.8392428909494861,-0.010517724725872894,True
BH-HF1R,SXS:BBH:0305,6,C,852,Bstar,3687.4314081909874,1.93514032229632,1458,0.9255577077152692,1.0846285708551924,73,61,0.8356164383561644,0.005,-0.621362147828728,0.7835235039522833,-7.828939832703874e-08,True
BH-HF1R,SXS:BBH:0305,6,C,853,Rstar,3687.432829118594,1.936561249902752,1458,0.9255722845694656,5.024140290583732,73,73,1.0,0.005,0.5320556264083981,-0.8466591620538766,-0.009223541477896946,True
BH-HF1R,SXS:BBH:0305,6,C,853,Estar,3687.432829118594,1.936561249902752,1458,0.9255722845694656,5.149274502627154,73,73,1.0,0.005,0.5436329145423735,-0.8392571889987157,-0.010517839138261929,True
BH-HF1R,SXS:BBH:0305,6,C,853,Bstar,3687.432829118594,1.936561249902752,1458,0.9255722845694656,1.0848741864610947,73,61,0.8356164383561644,0.005,-0.6213773956084433,0.7835114116762193,-7.82736490986696e-08,True
BH-HF1R,SXS:BBH:0305,6,C,854,Rstar,3687.434106792124,1.9378389234329916,1458,0.9255853826607131,5.023229394389748,73,73,1.0,0.005,0.532035355021285,-0.846671900291678,-0.009223571100928134,True
BH-HF1R,SXS:BBH:0305,6,C,854,Estar,3687.434106792124,1.9378389234329916,1458,0.9255853826607131,5.143295668070771,73,73,1.0,0.005,0.5436130704207802,-0.8392700415052882,-0.010517941785521954,True
BH-HF1R,SXS:BBH:0305,6,C,854,Bstar,3687.434106792124,1.9378389234329916,1458,0.9255853826607131,1.0850655706527395,73,61,0.8356164383561644,0.005,-0.6213911024197893,0.7835005410550223,-7.825951950450367e-08,True
BH-HF1R,SXS:BBH:0305,6,C,855,Rstar,3687.43521564188,1.9389477731888292,1458,0.9255967434509017,5.0203368485038915,73,73,1.0,0.005,0.5320177663931682,-0.8466829521766657,-0.009223596664552816,True
BH-HF1R,SXS:BBH:0305,6,C,855,Estar,3687.43521564188,1.9389477731888292,1458,0.9255967434509017,5.143000867210395,73,73,1.0,0.005,0.5435958523909196,-0.8392811926248178,-0.010518030692714864,True
BH-HF1R,SXS:BBH:0305,6,C,855,Bstar,3687.43521564188,1.9389477731888292,1458,0.9255967434509017,1.0852288721117358,73,61,0.8356164383561644,0.005,-0.6214029952073128,0.7834911087864203,-7.82472365992749e-08,True
BH-HF1R,SXS:BBH:0305,6,C,856,Rstar,3687.4362967703923,1.9400289017012255,1458,0.925607814033354,5.017516295628722,73,73,1.0,0.005,0.5320006212291191,-0.8466937249200595,-0.009223621459387703,True
BH-HF1R,SXS:BBH:0305,6,C,856,Estar,3687.4362967703923,1.9400289017012255,1458,0.925607814033354,5.142200403234304,73,73,1.0,0.005,0.5435790683720858,-0.8392920621797262,-0.010518117219246286,True
BH-HF1R,SXS:BBH:0305,6,C,856,Bstar,3687.4362967703923,1.9400289017012255,1458,0.925607814033354,1.085386421285023,73,61,0.8356164383561644,0.005,-0.6214145881085175,0.7834819140770996,-7.823526116766777e-08,True
BH-HF1R,SXS:BBH:0305,6,C,857,Rstar,3687.4372749342842,1.9410070655931122,1458,0.9256178250704553,5.014964099644856,73,73,1.0,0.005,0.5319851121331998,-0.8467034692641816,-0.009223643782467664,True
BH-HF1R,SXS:BBH:0305,6,C,857,Estar,3687.4372749342842,1.9410070655931122,1458,0.9256178250704553,5.144540803274692,73,73,1.0,0.005,0.5435638858664793,-0.839301894164356,-0.010518195370750463,True
BH-HF1R,SXS:BBH:0305,6,C,857,Bstar,3687.4372749342842,1.9410070655931122,1458,0.9256178250704553,1.0855275446250603,73,61,0.8356164383561644,0.005,-0.6214250747361256,0.7834735965488527,-7.822442751849617e-08,True
BH-HF1R,SXS:BBH:0305,6,C,858,Rstar,3687.439041465974,1.9427735972826667,1458,0.9256358924128857,5.017206452061608,73,73,1.0,0.005,0.5319571109399163,-0.8467210613756031,-0.009223683831841637,True
BH-HF1R,SXS:BBH:0305,6,C,858,Estar,3687.439041465974,1.9427735972826667,1458,0.9256358924128857,5.149615146803167,73,73,1.0,0.005,0.5435364740988784,-0.8393196446694352,-0.010518336186503115,True
BH-HF1R,SXS:BBH:0305,6,C,858,Bstar,3687.439041465974,1.9427735972826667,1458,0.9256358924128857,1.085778986038501,73,61,0.8356164383561644,0.005,-0.621444007950431,0.7834585789832789,-7.820486853788478e-08,True
BH-HF1R,SXS:BBH:0305,6,C,859,Rstar,3687.440390182744,1.9441223140529473,1458,0.9256496758855487,5.0228672745756855,73,73,1.0,0.005,0.5388100467051784,-0.842389475919624,0.007981505461040468,True
BH-HF1R,SXS:BBH:0305,6,C,859,Estar,3687.440390182744,1.9441223140529473,1458,0.9256496758855487,5.149086622646753,73,73,1.0,0.005,0.5435155520327154,-0.8393331919128778,-0.010518443416832508,True
BH-HF1R,SXS:BBH:0305,6,C,859,Bstar,3687.440390182744,1.9441223140529473,1458,0.9256496758855487,1.085967989627801,73,61,0.8356164383561644,0.005,-0.6214584585589589,0.783447116457465,-7.818994098716083e-08,True
BH-HF1R,SXS:BBH:0305,6,C,860,Rstar,3687.4416837827002,1.9454159140091178,1458,0.9256628870964333,5.027726232070977,73,73,1.0,0.005,0.5434954901048038,-0.8393461815157054,-0.010518546037531964,True
BH-HF1R,SXS:BBH:0305,6,C,860,Estar,3687.4416837827002,1.9454159140091178,1458,0.9256628870964333,5.148576685543848,73,73,1.0,0.005,0.5434954901048038,-0.8393461815157054,-0.010518546037531964,True
BH-HF1R,SXS:BBH:0305,6,C,860,Bstar,3687.4416837827002,1.9454159140091178,1458,0.9256628870964333,1.086146851446783,73,61,0.8356164383561644,0.005,-0.6214723149242519,0.7834361248900163,-7.817562420978118e-08,True
BH-HF1R,SXS:BBH:0305,6,C,861,Rstar,3687.442830376851,1.9465625081597864,1458,0.925674590015945,5.030669130175309,73,73,1.0,0.005,0.5434777122741961,-0.839357691655271,-0.010518636810034229,True
BH-HF1R,SXS:BBH:0305,6,C,861,Estar,3687.442830376851,1.9465625081597864,1458,0.925674590015945,5.148122241426863,73,73,1.0,0.005,0.5434777122741961,-0.839357691655271,-0.010518636810034229,True
BH-HF1R,SXS:BBH:0305,6,C,861,Bstar,3687.442830376851,1.9465625081597864,1458,0.925674590015945,1.0863034081313925,73,61,0.8356164383561644,0.005,-0.6214845935816113,0.7834263845063512,-7.816293763172909e-08,True
BH-HF1R,SXS:BBH:0305,6,C,862,Rstar,3687.443948306148,1.947680437456711,1458,0.9256859937528911,5.033540881134232,73,73,1.0,0.005,0.5434603826936513,-0.8393689110658048,-0.010518725144959397,True
BH-HF1R,SXS:BBH:0305,6,C,862,Estar,3687.443948306148,1.947680437456711,1458,0.9256859937528911,5.14793617312131,73,73,1.0,0.005,0.547278091669346,-0.8368827581181238,-0.010674246735046052,True
BH-HF1R,SXS:BBH:0305,6,C,862,Bstar,3687.443948306148,1.947680437456711,1458,0.9256859937528911,1.0864542579374763,73,61,0.8356164383561644,0.005,-0.6214965625279565,0.783416889507705,-7.815056921205224e-08,True
BH-HF1R,SXS:BBH:0305,6,C,863,Rstar,3687.444959765988,1.948691897297067,1458,0.9256963058750558,5.036422723467177,73,73,1.0,0.005,0.5413322401928964,-0.8407582849022454,-0.009214775959033588,True
BH-HF1R,SXS:BBH:0305,6,C,863,Estar,3687.444959765988,1.948691897297067,1458,0.9256963058750558,5.150161320657599,73,73,1.0,0.005,0.5472625019734452,-0.8368929506594718,-0.010674411939212886,True
BH-HF1R,SXS:BBH:0305,6,C,863,Bstar,3687.444959765988,1.948691897297067,1458,0.9256963058750558,1.08658921513426,73,61,0.8356164383561644,0.005,-0.6215073892342002,0.7834083003946807,-7.813938143461388e-08,True
BH-HF1R,SXS:BBH:0305,6,C,864,Rstar,3687.4467429684196,1.9504750997284646,1458,0.9257144735839418,5.042225131601596,73,73,1.0,0.005,0.5413045831937314,-0.840776091103662,-0.009214816433731772,True
BH-HF1R,SXS:BBH:0305,6,C,864,Estar,3687.4467429684196,1.9504750997284646,1458,0.9257144735839418,5.154086927460222,73,73,1.0,0.005,0.5472350247870859,-0.8369109142353158,-0.010674702810162074,True
BH-HF1R,SXS:BBH:0305,6,C,864,Bstar,3687.4467429684196,1.9504750997284646,1458,0.9257144735839418,1.0868236117481314,73,61,0.8356164383561644,0.005,-0.6215264712641798,0.7833931615210146,-7.811965901253895e-08,True
BH-HF1R,SXS:BBH:0305,6,C,865,Rstar,3687.448115867127,1.9518479984358237,1458,0.9257284501198141,5.046696414847755,73,73,1.0,0.005,0.5412832964802555,-0.8407897950972069,-0.009214847359820264,True
BH-HF1R,SXS:BBH:0305,6,C,865,Estar,3687.448115867127,1.9518479984358237,1458,0.9257284501198141,5.155175811645339,73,73,1.0,0.005,0.5472138763823963,-0.8369247394123801,-0.010674926419936266,True
BH-HF1R,SXS:BBH:0305,6,C,865,Bstar,3687.448115867127,1.9518479984358237,1458,0.9257284501198141,1.0863434331626034,73,61,0.8356164383561644,0.005,-0.6215411579138357,0.7833815092399886,-7.810448243772701e-08,True
BH-HF1R,SXS:BBH:0305,6,C,866,Rstar,3687.449435166031,1.95316729733986,1458,0.9257418717099078,5.050996381366901,73,73,1.0,0.005,0.5412628461919385,-0.8408029598997525,-0.009214876885606356,True
BH-HF1R,SXS:BBH:0305,6,C,866,Estar,3687.449435166031,1.95316729733986,1458,0.9257418717099078,5.154786616363049,73,73,1.0,0.005,0.547193558896575,-0.8369380206838258,-0.010675141026726098,True
BH-HF1R,SXS:BBH:0305,6,C,866,Bstar,3687.449435166031,1.95316729733986,1458,0.9257418717099078,1.0853425906868406,73,61,0.8356164383561644,0.005,-0.6215552673258885,0.7833703145125154,-7.808989868439598e-08,True
BH-HF1R,SXS:BBH:0305,6,C,867,Rstar,3687.4505584671124,1.9542905984212666,1458,0.925753292544467,5.050323410107138,73,73,1.0,0.005,0.5412454382216818,-0.8408141656677981,-0.009214901875995362,True
BH-HF1R,SXS:BBH:0305,6,C,867,Estar,3687.4505584671124,1.9542905984212666,1458,0.925753292544467,5.154451299339342,73,73,1.0,0.005,0.5471762639170482,-0.8369493256303484,-0.010675323540107015,True
BH-HF1R,SXS:BBH:0305,6,C,867,Bstar,3687.4505584671124,1.9542905984212666,1458,0.925753292544467,1.0844901451356799,73,61,0.8356164383561644,0.005,-0.6215672776129771,0.7833607849521103,-7.807748446449026e-08,True
BH-HF1R,SXS:BBH:0305,6,C,868,Rstar,3687.4516536856668,1.9553858169756495,1458,0.9257644215564683,5.042549074405312,73,73,1.0,0.005,0.5426943228050931,-0.8399059262137426,-0.006395866333529866,True
BH-HF1R,SXS:BBH:0305,6,C,868,Estar,3687.4516536856668,1.9553858169756495,1458,0.9257644215564683,5.15412086352132,73,73,1.0,0.005,0.5471594049088974,-0.8369603451129841,-0.010675501304186916,True
BH-HF1R,SXS:BBH:0305,6,C,868,Bstar,3687.4516536856668,1.9553858169756495,1458,0.9257644215564683,1.0846998330979696,73,62,0.8493150684931506,0.005,-0.6310880717087608,0.7756991651440845,0.004318673602869419,True
BH-HF1R,SXS:BBH:0305,6,C,869,Rstar,3687.452644597692,1.9563767290010219,1458,0.9257744853808197,5.043041265920611,73,73,1.0,0.005,0.542678953151167,-0.8399158569879245,-0.006395857017938633,True
BH-HF1R,SXS:BBH:0305,6,C,869,Estar,3687.452644597692,1.9563767290010219,1458,0.9257744853808197,5.157131943654752,73,73,1.0,0.005,0.5471441545901087,-0.8369703126988257,-0.010675661979711952,True
BH-HF1R,SXS:BBH:0305,6,C,869,Bstar,3687.452644597692,1.9563767290010219,1458,0.9257744853808197,1.0849679157882457,73,62,0.8493150684931506,0.005,-0.6310984772135577,0.7756906998992708,0.004318581770458695,True
BH-HF1R,SXS:BBH:0305,6,C,870,Rstar,3687.4544164971426,1.958148628451454,1458,0.9257924687555991,5.045830383929095,73,73,1.0,0.005,0.5462109012122086,-0.8375812984214481,-0.01054608607909894,True
BH-HF1R,SXS:BBH:0305,6,C,870,Estar,3687.4544164971426,1.958148628451454,1458,0.9257924687555991,5.159747582431912,73,73,1.0,0.005,0.5471168920301208,-0.8369881304833664,-0.010675948916152133,True
BH-HF1R,SXS:BBH:0305,6,C,870,Bstar,3687.4544164971426,1.958148628451454,1458,0.9257924687555991,1.085102914509108,73,62,0.8493150684931506,0.005,-0.6311170786996663,0.7756755663562427,0.004318417710370805,True
BH-HF1R,SXS:BBH:0305,6,C,871,Rstar,3687.4557753921677,1.9595075234765318,1458,0.9258062498093845,5.048941542154937,73,73,1.0,0.005,0.546189831432848,-0.8375950369168956,-0.010546192276901865,True
BH-HF1R,SXS:BBH:0305,6,C,871,Estar,3687.4557753921677,1.9595075234765318,1458,0.9258062498093845,5.16175171470818,73,73,1.0,0.005,0.5470959903179908,-0.8370017902018061,-0.010676168645577085,True
BH-HF1R,SXS:BBH:0305,6,C,871,Bstar,3687.4557753921677,1.9595075234765318,1458,0.9258062498093845,1.0852140891132283,73,61,0.8356164383561644,0.005,-0.6216230207502371,0.7833165516401044,-7.801984976544299e-08,True
BH-HF1R,SXS:BBH:0305,6,C,872,Rstar,3687.4571151955142,1.9608473268231137,1458,0.9258198278682078,5.052015662852394,73,73,1.0,0.005,0.5461690630917446,-0.8376085781237664,-0.010546296741893694,True
BH-HF1R,SXS:BBH:0305,6,C,872,Estar,3687.4571151955142,1.9608473268231137,1458,0.9258198278682078,5.163726110218398,73,73,1.0,0.005,0.5470753876172116,-0.8370152537836878,-0.010676385011149878,True
BH-HF1R,SXS:BBH:0305,6,C,872,Bstar,3687.4571151955142,1.9608473268231137,1458,0.9258198278682078,1.085454917389468,73,61,0.8356164383561644,0.005,-0.6216373270592416,0.7833051982507429,-7.800505532203347e-08,True
BH-HF1R,SXS:BBH:0305,6,C,873,Rstar,3687.4582401773728,1.961972308681652,1458,0.9258312219696712,5.047906757191646,73,73,1.0,0.005,0.5461516288945122,-0.8376199448644045,-0.010546384272487011,True
BH-HF1R,SXS:BBH:0305,6,C,873,Estar,3687.4582401773728,1.961972308681652,1458,0.9258312219696712,5.165382725947531,73,73,1.0,0.005,0.5470580924513346,-0.8370265553803302,-0.010676566472708565,True
BH-HF1R,SXS:BBH:0305,6,C,873,Bstar,3687.4582401773728,1.961972308681652,1458,0.9258312219696712,1.086066247661014,73,61,0.8356164383561644,0.005,-0.6216493364903277,0.7832956673192628,-7.799263698688945e-08,True
BH-HF1R,SXS:BBH:0305,6,C,874,Rstar,3687.459337034685,1.9630691659940567,1458,0.9258423249310269,5.043789580792093,73,73,1.0,0.005,0.5461346342059764,-0.8376310245584184,-0.01054646945278396,True
BH-HF1R,SXS:BBH:0305,6,C,874,Estar,3687.459337034685,1.9630691659940567,1458,0.9258423249310269,5.166554302004428,73,73,1.0,0.005,0.5470412332741446,-0.8370375715894116,-0.010676743211473149,True
BH-HF1R,SXS:BBH:0305,6,C,874,Bstar,3687.459337034685,1.9630691659940567,1458,0.9258423249310269,1.0867971965279455,73,61,0.8356164383561644,0.005,-0.6216610430386057,0.7832863764729646,-7.798053441174877e-08,True
BH-HF1R,SXS:BBH:0305,6,C,875,Rstar,3687.460329429396,1.9640615607049767,1458,0.9258523651924493,5.045838601781972,73,73,1.0,0.005,0.5461192611763519,-0.8376410465895229,-0.010546546382793601,True
BH-HF1R,SXS:BBH:0305,6,C,875,Estar,3687.460329429396,1.9640615607049767,1458,0.9258523651924493,5.16706708329258,73,73,1.0,0.005,0.5470259828123554,-0.8370475362076941,-0.010676902959470163,True
BH-HF1R,SXS:BBH:0305,6,C,875,Bstar,3687.460329429396,1.9640615607049767,1458,0.9258523651924493,1.0874572962372708,73,61,0.8356164383561644,0.005,-0.6216716324197873,0.7832779720153701,-7.79695649377401e-08,True
BH-HF1R,SXS:BBH:0305,6,C,876,Rstar,3687.462100989604,1.9658331209129756,1458,0.9258702762494212,5.049500281564855,73,73,1.0,0.005,0.5460918256085022,-0.8376589314709687,-0.010546683388069699,True
BH-HF1R,SXS:BBH:0305,6,C,876,Estar,3687.462100989604,1.9658331209129756,1458,0.9258702762494212,5.165704705674398,73,73,1.0,0.005,0.5469987659557523,-0.8370653186606632,-0.01067718775738586,True
BH-HF1R,SXS:BBH:0305,6,C,876,Bstar,3687.462100989604,1.9658331209129756,1458,0.9258702762494212,1.0884266133155425,73,61,0.8356164383561644,0.005,-0.6216905305581037,0.7832629725796932,-7.795001283183004e-08,True
BH-HF1R,SXS:BBH:0305,6,C,877,Rstar,3687.4634606027353,1.967192734044147,1458,0.9258840117795445,5.052313895360389,73,73,1.0,0.005,0.5460707761458692,-0.837672652470529,-0.010546788252177277,True
BH-HF1R,SXS:BBH:0305,6,C,877,Estar,3687.4634606027353,1.967192734044147,1458,0.9258840117795445,5.164660455781611,73,73,1.0,0.005,0.5469778842692896,-0.8370789611030102,-0.01067740600505185,True
BH-HF1R,SXS:BBH:0305,6,C,877,Bstar,3687.4634606027353,1.967192734044147,1458,0.9258840117795445,1.0888010927173153,73,61,0.8356164383561644,0.005,-0.6217050295988223,0.7832514642000495,-7.793496383115659e-08,True
BH-HF1R,SXS:BBH:0305,6,C,878,Rstar,3687.4648276178327,1.9685597491416047,1458,0.9258978124896035,5.055145796325142,73,73,1.0,0.005,0.5460496176768073,-0.8376864437686566,-0.010546893439961206,True
BH-HF1R,SXS:BBH:0305,6,C,878,Estar,3687.4648276178327,1.9685597491416047,1458,0.9258978124896035,5.163611668879507,73,73,1.0,0.005,0.5469568944222323,-0.8370926734627412,-0.010677625156732871,True
BH-HF1R,SXS:BBH:0305,6,C,878,Bstar,3687.4648276178327,1.9685597491416047,1458,0.9258978124896035,1.0889451495077602,73,61,0.8356164383561644,0.005,-0.6217196035235123,0.7832398959415695,-7.791988397681017e-08,True
BH-HF1R,SXS:BBH:0305,6,C,879,Rstar,3687.465942942976,1.9696750742850782,1458,0.9259090654047629,5.057509512136058,73,73,1.0,0.005,0.5460323590091617,-0.8376976925760471,-0.010546979077274735,True
BH-HF1R,SXS:BBH:0305,6,C,879,Estar,3687.465942942976,1.9696750742850782,1458,0.9259090654047629,5.162756839221972,73,73,1.0,0.005,0.5469397732801798,-0.8371038579001705,-0.010677803747800049,True
BH-HF1R,SXS:BBH:0305,6,C,879,Bstar,3687.465942942976,1.9696750742850782,1458,0.9259090654047629,1.0890607016003295,73,61,0.8356164383561644,0.005,-0.6217314911212977,0.7832304596656605,-7.79075862563638e-08,True
BH-HF1R,SXS:BBH:0305,6,C,880,Rstar,3687.467030384991,1.9707625163000557,1458,0.9259200308454534,5.057729859477092,73,73,1.0,0.005,0.5460155353997153,-0.8377086573365328,-0.010547062414994585,True
BH-HF1R,SXS:BBH:0305,6,C,880,Estar,3687.467030384991,1.9707625163000557,1458,0.9259200308454534,5.1619241131969025,73,73,1.0,0.005,0.5469230837148027,-0.8371147599297875,-0.010677977691728072,True
BH-HF1R,SXS:BBH:0305,6,C,880,Bstar,3687.467030384991,1.9707625163000557,1458,0.9259200308454534,1.0891716486517842,73,61,0.8356164383561644,0.005,-0.6217430789255016,0.7832212610803102,-7.789558808992888e-08,True
BH-HF1R,SXS:BBH:0305,6,C,881,Rstar,3687.4680142610996,1.9717463924084768,1458,0.9259299468186033,5.057745045645582,73,73,1.0,0.005,0.5460003171041823,-0.8377185754230798,-0.010547137680814061,True
BH-HF1R,SXS:BBH:0305,6,C,881,Estar,3687.4680142610996,1.9717463924084768,1458,0.9259299468186033,5.1611713190258754,73,73,1.0,0.005,0.5469079866602781,-0.8371246212852366,-0.010678134914405894,True
BH-HF1R,SXS:BBH:0305,6,C,881,Bstar,3687.4680142610996,1.9717463924084768,1458,0.9259299468186033,1.0892705689715962,73,61,0.8356164383561644,0.005,-0.6217535609075584,0.7832129400736207,-7.788474036446651e-08,True
BH-HF1R,SXS:BBH:0305,6,C,882,Rstar,3687.469780984228,1.9735131155366616,1458,0.9259477406599268,5.053604141918618,73,73,1.0,0.005,0.5459729973061449,-0.8377363793312886,-0.010547272512244287,True
BH-HF1R,SXS:BBH:0305,6,C,882,Estar,3687.469780984228,1.9735131155366616,1458,0.9259477406599268,5.1598210305988195,73,73,1.0,0.005,0.5468808844836105,-0.8371423233833466,-0.010678416865629075,True
BH-HF1R,SXS:BBH:0305,6,C,882,Bstar,3687.469780984228,1.9735131155366616,1458,0.9259477406599268,1.0896001154653279,73,62,0.8493150684931506,0.005,-0.631278101200501,0.7755445328467253,0.004317003155493211,True
BH-HF1R,SXS:BBH:0305,6,C,883,Rstar,3687.4711343816916,1.9748665130005065,1458,0.925961361155359,5.051262817219249,73,73,1.0,0.005,0.5480820231919744,-0.8363733957830863,-0.009254116924959933,True
BH-HF1R,SXS:BBH:0305,6,C,883,Estar,3687.4711343816916,1.9748665130005065,1458,0.925961361155359,5.158787932881725,73,73,1.0,0.005,0.5468601291621425,-0.8371558791169003,-0.010678632532993866,True
BH-HF1R,SXS:BBH:0305,6,C,883,Bstar,3687.4711343816916,1.9748665130005065,1458,0.925961361155359,1.089965634873671,73,62,0.8493150684931506,0.005,-0.631292261411183,0.7755330071866477,0.004316879241952045,True
BH-HF1R,SXS:BBH:0305,6,C,884,Rstar,3687.4725102215557,1.976242352864574,1458,0.9259754533718447,5.0450588905021,73,73,1.0,0.005,0.5480607701131134,-0.83638732240132,-0.009254144442989528,True
BH-HF1R,SXS:BBH:0305,6,C,884,Estar,3687.4725102215557,1.976242352864574,1458,0.9259754533718447,5.157744296647928,73,73,1.0,0.005,0.5468390232656476,-0.8371696630901809,-0.01067884990743358,True
BH-HF1R,SXS:BBH:0305,6,C,884,Bstar,3687.4725102215557,1.976242352864574,1458,0.9259754533718447,1.0903359961931482,73,62,0.8493150684931506,0.005,-0.6313066734066931,0.7755212761422159,0.00431675374833983,True
BH-HF1R,SXS:BBH:0305,6,C,885,Rstar,3687.4736263264926,1.9773584578015289,1458,0.9259864156513794,5.045708526048068,73,73,1.0,0.005,0.5539822103532684,-0.832459439919635,-0.010723409009940493,True
BH-HF1R,SXS:BBH:0305,6,C,885,Estar,3687.4736263264926,1.9773584578015289,1458,0.9259864156513794,5.156888634679489,73,73,1.0,0.005,0.5468219276333707,-0.8371808274208227,-0.010679028903017366,True
BH-HF1R,SXS:BBH:0305,6,C,885,Bstar,3687.4736263264926,1.9773584578015289,1458,0.9259864156513794,1.08980826017275,73,63,0.863013698630137,0.005,-0.6405018523135646,0.7679566245452191,-7.87384603295571e-08,True
BH-HF1R,SXS:BBH:0305,6,C,886,Rstar,3687.474714528806,1.9784466601149688,1458,0.9259973456353955,5.046212672669002,73,73,1.0,0.005,0.55778699316183,-0.8299165917058504,-0.01058872375829,True
BH-HF1R,SXS:BBH:0305,6,C,886,Estar,3687.474714528806,1.9784466601149688,1458,0.9259973456353955,5.156063059485492,73,73,1.0,0.005,0.5468052511326916,-0.8371917175801538,-0.01067920169797337,True
BH-HF1R,SXS:BBH:0305,6,C,886,Bstar,3687.474714528806,1.9784466601149688,1458,0.9259973456353955,1.0899072799844896,73,63,0.863013698630137,0.005,-0.6405130319668133,0.767947300197529,-7.872616307944781e-08,True
BH-HF1R,SXS:BBH:0305,6,C,887,Rstar,3687.4756990928036,1.9794312241124317,1458,0.9260072318595493,5.046044612032026,73,73,1.0,0.005,0.5577719901633338,-0.8299266740427182,-0.01058880076428253,True
BH-HF1R,SXS:BBH:0305,6,C,887,Estar,3687.4756990928036,1.9794312241124317,1458,0.9260072318595493,5.155311670051113,73,73,1.0,0.005,0.5467901661761964,-0.837201568015897,-0.010679357880085687,True
BH-HF1R,SXS:BBH:0305,6,C,887,Bstar,3687.4756990928036,1.9794312241124317,1458,0.9260072318595493,1.0899954088785153,73,63,0.863013698630137,0.005,-0.6405231446615098,0.7679388655048814,-7.871503994140773e-08,True
BH-HF1R,SXS:BBH:0305,6,C,888,Rstar,3687.477465506848,1.9811976381570275,1458,0.9260249545807869,5.036104622794098,73,73,1.0,0.005,0.5577450799268503,-0.8299447573162778,-0.010588938597229836,True
BH-HF1R,SXS:BBH:0305,6,C,888,Estar,3687.477465506848,1.9811976381570275,1458,0.9260249545807869,5.153969807022981,73,73,1.0,0.005,0.5467631091059424,-0.8372192352418522,-0.010679637720992088,True
BH-HF1R,SXS:BBH:0305,6,C,888,Bstar,3687.477465506848,1.9811976381570275,1458,0.9260249545807869,1.0901500192958435,73,63,0.863013698630137,0.005,-0.6405412832457119,0.7679237360948876,-7.869507449013928e-08,True
BH-HF1R,SXS:BBH:0305,6,C,889,Rstar,3687.478818986038,1.982551117346702,1458,0.9260385238233779,5.029280271234012,73,73,1.0,0.005,0.5577244666143188,-0.8299586082983248,-0.010589043926694209,True
BH-HF1R,SXS:BBH:0305,6,C,889,Estar,3687.478818986038,1.982551117346702,1458,0.9260385238233779,5.152942893337599,73,73,1.0,0.005,0.5467423834655669,-0.8372327674472743,-0.010679851823377941,True
BH-HF1R,SXS:BBH:0305,6,C,889,Bstar,3687.478818986038,1.982551117346702,1458,0.9260385238233779,1.0902654480439258,73,63,0.863013698630137,0.005,-0.6405551773389327,0.7679121465273762,-7.867978720481836e-08,True
BH-HF1R,SXS:BBH:0305,6,C,890,Rstar,3687.480189211139,1.9839213424479567,1458,0.9260522738248417,5.022587342835191,73,73,1.0,0.005,0.5577035877575998,-0.8299726369536099,-0.010589150606743071,True
BH-HF1R,SXS:BBH:0305,6,C,890,Estar,3687.480189211139,1.9839213424479567,1458,0.9260522738248417,5.151902866448951,73,73,1.0,0.005,0.5467213907976032,-0.8372464732550178,-0.010680068650026155,True
BH-HF1R,SXS:BBH:0305,6,C,890,Bstar,3687.480189211139,1.9839213424479567,1458,0.9260522738248417,1.0903792792129425,73,63,0.863013698630137,0.005,-0.6405692500187694,0.7679004075597208,-7.870758261210441e-08,True
BH-HF1R,SXS:BBH:0305,6,C,891,Rstar,3687.481307360818,1.9850394921268162,1458,0.926063446788169,5.017140630746973,73,73,1.0,0.005,0.5576865827785574,-0.8299840621661724,-0.010589236937315156,True
BH-HF1R,SXS:BBH:0305,6,C,891,Estar,3687.481307360818,1.9850394921268162,1458,0.926063446788169,5.151057733273067,73,73,1.0,0.005,0.5467042935226745,-0.8372576352691116,-0.010680244727939549,True
BH-HF1R,SXS:BBH:0305,6,C,891,Bstar,3687.481307360818,1.9850394921268162,1458,0.926063446788169,1.0904707758626024,73,63,0.863013698630137,0.005,-0.6405807121132758,0.7678908459334843,-7.865168758379919e-08,True
BH-HF1R,SXS:BBH:0305,6,C,892,Rstar,3687.482397556755,1.9861296880640111,1458,0.9260743553189176,5.0118325031978275,73,73,1.0,0.005,0.5576699908100018,-0.8299952093992398,-0.010589321238149601,True
BH-HF1R,SXS:BBH:0305,6,C,892,Estar,3687.482397556755,1.9861296880640111,1458,0.9260743553189176,5.150232939831606,73,73,1.0,0.005,0.5466876114219212,-0.8372685257548286,-0.010680416571006747,True
BH-HF1R,SXS:BBH:0305,6,C,892,Bstar,3687.482397556755,1.9861296880640111,1458,0.9260743553189176,1.0905194107612972,73,63,0.863013698630137,0.005,-0.6405918954671921,0.7678815165517033,-7.863935354611755e-08,True
BH-HF1R,SXS:BBH:0305,6,C,893,Rstar,3687.4833839245075,1.9871160558163865,1458,0.9260842216915278,5.00703529443238,73,73,1.0,0.005,0.5576549822079919,-0.8300052924420822,-0.010589397373690922,True
BH-HF1R,SXS:BBH:0305,6,C,893,Estar,3687.4833839245075,1.9871160558163865,1458,0.9260842216915278,5.144551005391228,73,73,1.0,0.005,0.5466725213585929,-0.8372783765125501,-0.010680571892329776,True
BH-HF1R,SXS:BBH:0305,6,C,893,Bstar,3687.4833839245075,1.9871160558163865,1458,0.9260842216915278,1.090430408293868,73,63,0.863013698630137,0.005,-0.6406020115353448,0.7678730772835206,-7.862824338566552e-08,True
BH-HF1R,SXS:BBH:0305,6,C,894,Rstar,3687.485150801524,1.9888829328328939,1458,0.9261018813754547,4.998454481644744,73,73,1.0,0.005,0.5576281041556107,-0.830023348609857,-0.010589533431607389,True
BH-HF1R,SXS:BBH:0305,6,C,894,Estar,3687.485150801524,1.9888829328328939,1458,0.9261018813754547,5.1328003764739165,73,73,1.0,0.005,0.546645497591857,-0.8372960165981361,-0.010680849752944154,True
BH-HF1R,SXS:BBH:0305,6,C,894,Bstar,3687.485150801524,1.9888829328328939,1458,0.9261018813754547,1.0902695222244998,73,63,0.863013698630137,0.005,-0.6406201276985715,0.7678579634199671,-7.86082917772631e-08,True
BH-HF1R,SXS:BBH:0305,6,C,895,Rstar,3687.486504989577,1.9902371208859222,1458,0.9261154059287895,5.0028913298829165,73,73,1.0,0.005,0.5576075101274388,-0.8300371824373883,-0.01058963742909515,True
BH-HF1R,SXS:BBH:0305,6,C,895,Estar,3687.486504989577,1.9902371208859222,1458,0.9261154059287895,5.135462612038005,73,73,1.0,0.005,0.546624792063636,-0.8373095315398654,-0.010681062394615746,True
BH-HF1R,SXS:BBH:0305,6,C,895,Bstar,3687.486504989577,1.9902371208859222,1458,0.9261154059287895,1.0901449583492517,73,63,0.863013698630137,0.005,-0.6406340082315775,0.7678463827466643,-7.859301038375062e-08,True
BH-HF1R,SXS:BBH:0305,6,C,896,Rstar,3687.4878714631213,1.9916035944302166,1458,0.926129043791852,5.008459719713686,73,73,1.0,0.005,0.557586734624813,-0.8300511374199835,-0.010589742122929133,True
BH-HF1R,SXS:BBH:0305,6,C,896,Estar,3687.4878714631213,1.9916035944302166,1458,0.926129043791852,5.141573975276585,73,73,1.0,0.005,0.5466039042073012,-0.8373231647540325,-0.010681276685247923,True
BH-HF1R,SXS:BBH:0305,6,C,896,Bstar,3687.4878714631213,1.9916035944302166,1458,0.926129043791852,1.0900181605214585,73,63,0.863013698630137,0.005,-0.6406480109771233,0.767834699678941,-7.857758687480324e-08,True
BH-HF1R,SXS:BBH:0305,6,C,897,Rstar,3687.488990515703,1.9927226470117603,1458,0.9261402055261436,5.008130042456312,73,73,1.0,0.005,0.5575697248769605,-0.8300625623713159,-0.010589827675450443,True
BH-HF1R,SXS:BBH:0305,6,C,897,Estar,3687.488990515703,1.9927226470117603,1458,0.9261402055261436,5.142450600245792,73,73,1.0,0.005,0.5540058449086667,-0.832488016726911,-0.0064207330678548195,True
BH-HF1R,SXS:BBH:0305,6,C,897,Bstar,3687.488990515703,1.9927226470117603,1458,0.9261402055261436,1.089913497242252,73,63,0.863013698630137,0.005,-0.6406594755169057,0.7678251340184152,-7.856496411443146e-08,True
BH-HF1R,SXS:BBH:0305,6,C,898,Rstar,3687.49008159197,1.9938137232788904,1458,0.9261510821180908,5.004028053598487,73,73,1.0,0.005,0.5575531438437678,-0.8300736988824813,-0.010589910929125763,True
BH-HF1R,SXS:BBH:0305,6,C,898,Estar,3687.49008159197,1.9938137232788904,1458,0.9261510821180908,5.1424369674218875,73,73,1.0,0.005,0.5539892649287296,-0.8324990502589354,-0.006420721275399496,True
BH-HF1R,SXS:BBH:0305,6,C,898,Bstar,3687.49008159197,1.9938137232788904,1458,0.9261510821180908,1.0898107358891844,73,63,0.863013698630137,0.005,-0.6406706510361855,0.7678158092282706,-7.855265713893184e-08,True
BH-HF1R,SXS:BBH:0305,6,C,899,Rstar,3687.4910687562115,1.9948008875203413,1458,0.9261609177469486,4.997215848850595,73,73,1.0,0.005,0.5575381449197782,-0.8300837723708607,-0.010589986117721663,True
BH-HF1R,SXS:BBH:0305,6,C,899,Estar,3687.4910687562115,1.9948008875203413,1458,0.9261609177469486,5.142418241913482,73,73,1.0,0.005,0.5539742669783351,-0.8325090305829288,-0.006420710528308734,True
BH-HF1R,SXS:BBH:0305,6,C,899,Bstar,3687.4910687562115,1.9948008875203413,1458,0.9261609177469486,1.0897171541496962,73,63,0.863013698630137,0.005,-0.6406807601657155,0.7678073739900357,-7.854152544412939e-08,True
BH-HF1R,SXS:BBH:0305,6,C,900,Rstar,3687.492835478769,1.9965676100778182,1458,0.9261786026940915,4.98217119025204,73,73,1.0,0.005,0.557511308287482,-0.8301017952616063,-0.010590119689517119,True
BH-HF1R,SXS:BBH:0305,6,C,900,Estar,3687.492835478769,1.9965676100778182,1458,0.9261786026940915,5.140086739439331,73,73,1.0,0.005,0.5539474324116826,-0.8325268865658072,-0.006420690737605439,True
BH-HF1R,SXS:BBH:0305,6,C,900,Bstar,3687.492835478769,1.9965676100778182,1458,0.9261786026940915,1.089548747703931,73,63,0.863013698630137,0.005,-0.6406988511914234,0.76779227795152,-7.867879262683388e-08,True
BH-HF1R,SXS:BBH:0305,6,C,901,Rstar,3687.4941895807124,1.9979217120212525,1458,0.9261919807794637,4.975867879279979,73,73,1.0,0.005,0.5574907458426208,-0.8301156036825859,-0.010590222969059952,True
BH-HF1R,SXS:BBH:0305,6,C,901,Estar,3687.4941895807124,1.9979217120212525,1458,0.9261919807794637,5.136155499872241,73,73,1.0,0.005,0.5539268711078519,-0.8325405674100852,-0.006420676067097399,True
BH-HF1R,SXS:BBH:0305,6,C,901,Bstar,3687.4941895807124,1.9979217120212525,1458,0.9261919807794637,1.089417518160686,73,63,0.863013698630137,0.005,-0.6407127063213501,0.7677807160630991,-7.85063268404439e-08,True
BH-HF1R,SXS:BBH:0305,6,C,902,Rstar,3687.4955470609843,1.9992791922932156,1458,0.9262054762545294,4.972411828717065,73,73,1.0,0.005,0.5574701370856843,-0.8301294424736123,-0.010590325590735104,True
BH-HF1R,SXS:BBH:0305,6,C,902,Estar,3687.4955470609843,1.9992791922932156,1458,0.9262054762545294,5.13086750733409,73,73,1.0,0.005,0.553906263807044,-0.8325542781282219,-0.0064206608473436275,True
BH-HF1R,SXS:BBH:0305,6,C,902,Bstar,3687.4955470609843,1.9992791922932156,1458,0.9262054762545294,1.0892853841979764,73,63,0.863013698630137,0.005,-0.6407265960973946,0.7677691248373042,-7.849101571178099e-08,True
BH-HF1R,SXS:BBH:0305,6,C,903,Rstar,3687.49666934541,2.0004014767187073,1458,0.9262166286621006,4.969650715487369,73,73,1.0,0.005,0.5574531032408625,-0.8301408801510228,-0.010590410247828308,True
BH-HF1R,SXS:BBH:0305,6,C,903,Estar,3687.49666934541,2.0004014767187073,1458,0.9262166286621006,5.126487863216302,73,73,1.0,0.005,0.5538892311935064,-0.8325656099341842,-0.006420648159366749,True
BH-HF1R,SXS:BBH:0305,6,C,903,Bstar,3687.49666934541,2.0004014767187073,1458,0.9262166286621006,1.0891753346872532,73,63,0.863013698630137,0.005,-0.6407380763882321,0.7677595440411678,-7.847837338032421e-08,True
BH-HF1R,SXS:BBH:0305,6,C,904,Rstar,3687.497763572725,2.001495704033914,1458,0.9262274952725431,4.967513012916969,73,73,1.0,0.005,0.5574364986339639,-0.8301520291227373,-0.010590492628238279,True
BH-HF1R,SXS:BBH:0305,6,C,904,Estar,3687.497763572725,2.001495704033914,1458,0.9262274952725431,5.122212231588013,73,73,1.0,0.005,0.5538726278115939,-0.8325766556890275,-0.006420635697031841,True
BH-HF1R,SXS:BBH:0305,6,C,904,Bstar,3687.497763572725,2.001495704033914,1458,0.9262274952725431,1.0890673175715193,73,63,0.863013698630137,0.005,-0.6407492673181755,0.7677502044488267,-7.846604403920885e-08,True
BH-HF1R,SXS:BBH:0305,6,C,905,Rstar,3687.498753587915,2.0024857192238414,1458,0.92623732172316,4.969204735621085,73,73,1.0,0.005,0.5574214783824665,-0.830162113883766,-0.010590567026487117,True
BH-HF1R,SXS:BBH:0305,6,C,905,Estar,3687.498753587915,2.0024857192238414,1458,0.92623732172316,5.11833917723991,73,73,1.0,0.005,0.5538576086891,-0.8325866470705792,-0.006420624343686509,True
BH-HF1R,SXS:BBH:0305,6,C,905,Bstar,3687.498753587915,2.0024857192238414,1458,0.92623732172316,1.0889689803568372,73,63,0.863013698630137,0.005,-0.6407593903882278,0.7677417558198203,-7.845488907042648e-08,True
BH-HF1R,SXS:BBH:0305,6,C,906,Rstar,3687.500520951587,2.004253082895957,1458,0.9262548520002003,4.969335790005578,73,73,1.0,0.005,0.5573946714744018,-0.8301801113587537,-0.01059069951943163,True
BH-HF1R,SXS:BBH:0305,6,C,906,Estar,3687.500520951587,2.004253082895957,1458,0.9262548520002003,5.114402744795394,73,73,1.0,0.005,0.5538308038451569,-0.8326044778632224,-0.006420603891998472,True
BH-HF1R,SXS:BBH:0305,6,C,906,Bstar,3687.500520951587,2.004253082895957,1458,0.9262548520002003,1.0887920003769755,73,63,0.863013698630137,0.005,-0.6407774570669136,0.7677266769592246,-7.843497022686508e-08,True
BH-HF1R,SXS:BBH:0305,6,C,907,Rstar,3687.501876198061,2.0056083293698066,1458,0.9262682842634485,4.9634979896442495,73,73,1.0,0.005,0.557374121583178,-0.8301939071849375,-0.010590800837903086,True
BH-HF1R,SXS:BBH:0305,6,C,907,Estar,3687.501876198061,2.0056083293698066,1458,0.9262682842634485,5.111293733336511,73,73,1.0,0.005,0.5538102555790028,-0.8326181458895886,-0.006420588049656066,True
BH-HF1R,SXS:BBH:0305,6,C,907,Bstar,3687.501876198061,2.0056083293698066,1458,0.9262682842634485,1.088669197082443,73,63,0.863013698630137,0.005,-0.6407913066677674,0.7677151172791957,-7.841970600574987e-08,True
BH-HF1R,SXS:BBH:0305,6,C,908,Rstar,3687.503222170317,2.006954301625683,1458,0.9262816154667941,4.957702905398709,73,73,1.0,0.005,0.557353717555637,-0.8302076043606149,-0.010590901223216112,True
BH-HF1R,SXS:BBH:0305,6,C,908,Estar,3687.503222170317,2.006954301625683,1458,0.9262816154667941,5.109067828673434,73,73,1.0,0.005,0.5537898532016998,-0.8326317161529081,-0.0064205721787671775,True
BH-HF1R,SXS:BBH:0305,6,C,908,Bstar,3687.503222170317,2.006954301625683,1458,0.9262816154667941,1.088641372470355,73,63,0.863013698630137,0.005,-0.6408050578567042,0.7677036393200568,-7.840454666167125e-08,True
BH-HF1R,SXS:BBH:0305,6,C,909,Rstar,3687.5043478575726,2.008079988881491,1458,0.9262927581544309,4.9528584071870565,73,73,1.0,0.005,0.5573366569381999,-0.8302190565566249,-0.010590984995690033,True
BH-HF1R,SXS:BBH:0305,6,C,909,Estar,3687.5043478575726,2.008079988881491,1458,0.9262927581544309,5.107199774759039,73,73,1.0,0.005,0.5537727939921401,-0.8326430622174352,-0.0064205588005309495,True
BH-HF1R,SXS:BBH:0305,6,C,909,Bstar,3687.5043478575726,2.008079988881491,1458,0.9262927581544309,1.0886171069633293,73,63,0.863013698630137,0.005,-0.6408165556895233,0.7676940418905243,-7.839187216915287e-08,True
BH-HF1R,SXS:BBH:0305,6,C,910,Rstar,3687.5054454026467,2.009177533955608,1458,0.9263036161636129,4.94831063726634,73,73,1.0,0.005,0.5573200263502626,-0.8302302196011998,-0.010591066513162387,True
BH-HF1R,SXS:BBH:0305,6,C,910,Estar,3687.5054454026467,2.009177533955608,1458,0.9263036161636129,5.105372792955127,73,73,1.0,0.005,0.553756164801173,-0.8326541217925124,-0.006420545664971856,True
BH-HF1R,SXS:BBH:0305,6,C,910,Bstar,3687.5054454026467,2.009177533955608,1458,0.9263036161636129,1.0885925749039573,73,63,0.863013698630137,0.005,-0.6408277636352481,0.7676846861532672,-7.837951523316617e-08,True
BH-HF1R,SXS:BBH:0305,6,C,911,Rstar,3687.506438419619,2.0101705509277963,1458,0.9263134349678972,4.945215214097678,73,73,1.0,0.005,0.5573049826280039,-0.8302403170701478,-0.010591140130357857,True
BH-HF1R,SXS:BBH:0305,6,C,911,Estar,3687.506438419619,2.0101705509277963,1458,0.9263134349678972,5.103715034711319,73,73,1.0,0.005,0.5537411223634907,-0.8326641256536748,-0.006420533702339805,True
BH-HF1R,SXS:BBH:0305,6,C,911,Bstar,3687.506438419619,2.0101705509277963,1458,0.9263134349678972,1.0883554715065684,73,63,0.863013698630137,0.005,-0.6408379020735367,0.7676762229390603,-7.836833759391009e-08,True
BH-HF1R,SXS:BBH:0305,6,C,912,Rstar,3687.5082061792777,2.011938310586629,1458,0.926330902508262,4.941483154270663,73,73,1.0,0.005,0.5572782090092617,-0.8302582867668115,-0.010591270861832194,True
BH-HF1R,SXS:BBH:0305,6,C,912,Estar,3687.5082061792777,2.011938310586629,1458,0.926330902508262,5.100752697638947,73,73,1.0,0.005,0.5537143510799825,-0.832681928728411,-0.006420512223135789,True
BH-HF1R,SXS:BBH:0305,6,C,912,Bstar,3687.5082061792777,2.011938310586629,1458,0.926330902508262,1.0879286483377442,73,63,0.863013698630137,0.005,-0.6408559455108241,0.7676611603457748,-7.834843599342707e-08,True
BH-HF1R,SXS:BBH:0305,6,C,913,Rstar,3687.509562443893,2.0132945752020532,1458,0.9263442937592437,4.93861505544514,73,73,1.0,0.005,0.5572576738321097,-0.8302720685522557,-0.010591370883154202,True
BH-HF1R,SXS:BBH:0305,6,C,913,Estar,3687.509562443893,2.0132945752020532,1458,0.9263442937592437,5.098470196982486,73,73,1.0,0.005,0.5536938177365464,-0.8326955826932053,-0.006420495584576278,True
BH-HF1R,SXS:BBH:0305,6,C,913,Bstar,3687.509562443893,2.0132945752020532,1458,0.9263442937592437,1.0875999602010296,73,63,0.863013698630137,0.005,-0.640869784572863,0.7676496070614026,-7.833317612429578e-08,True
BH-HF1R,SXS:BBH:0305,6,C,914,Rstar,3687.5109134492386,2.0146455805474943,1458,0.9263576239115798,4.935753944852339,73,73,1.0,0.005,0.5572372235615174,-0.8302857926249471,-0.010591470276360189,True
BH-HF1R,SXS:BBH:0305,6,C,914,Estar,3687.5109134492386,2.0146455805474943,1458,0.9263576239115798,5.096188057741428,73,73,1.0,0.005,0.5536733693288185,-0.8327091794540945,-0.006420478873306039,True
BH-HF1R,SXS:BBH:0305,6,C,914,Bstar,3687.5109134492386,2.0146455805474943,1458,0.9263576239115798,1.0872714950460525,73,63,0.863013698630137,0.005,-0.6408835663025246,0.7676381012191561,-7.83179695739532e-08,True
BH-HF1R,SXS:BBH:0305,6,C,915,Rstar,3687.512036879968,2.015769011276916,1458,0.9263687019801673,4.933371662328757,73,73,1.0,0.005,0.5572202221349819,-0.8302972016418627,-0.01059155274420754,True
BH-HF1R,SXS:BBH:0305,6,C,915,Estar,3687.512036879968,2.015769011276916,1458,0.9263687019801673,5.094283959525342,73,73,1.0,0.005,0.5536563694789233,-0.8327204826148072,-0.006420464872626692,True
BH-HF1R,SXS:BBH:0305,6,C,915,Bstar,3687.512036879968,2.015769011276916,1458,0.9263687019801673,1.087136182236673,73,63,0.863013698630137,0.005,-0.6408950237231873,0.7676285355345052,-7.830533099881729e-08,True
BH-HF1R,SXS:BBH:0305,6,C,916,Rstar,3687.5131322249294,2.0168643562383295,1458,0.9263794970418846,4.931046198333361,73,73,1.0,0.005,0.5572036492459,-0.8303083225992844,-0.010591632990932253,True
BH-HF1R,SXS:BBH:0305,6,C,916,Estar,3687.5131322249294,2.0168643562383295,1458,0.9263794970418846,5.092421905714357,73,73,1.0,0.005,0.5536397981511165,-0.8327315003711983,-0.006420451130886685,True
BH-HF1R,SXS:BBH:0305,6,C,916,Bstar,3687.5131322249294,2.0168643562383295,1458,0.9263794970418846,1.0871107389845012,73,63,0.863013698630137,0.005,-0.640906192273386,0.7676192107455516,-7.829301047259991e-08,True
BH-HF1R,SXS:BBH:0305,6,C,917,Rstar,3687.514123251323,2.017855382631751,1458,0.926389258936701,4.9313551730400755,73,73,1.0,0.005,0.5571886577159124,-0.8303183820006634,-0.010591705459467266,True
BH-HF1R,SXS:BBH:0305,6,C,917,Estar,3687.514123251323,2.017855382631751,1458,0.926389258936701,5.090732483635204,73,73,1.0,0.005,0.5536248080541636,-0.8327414664077394,-0.006420438620391834,True
BH-HF1R,SXS:BBH:0305,6,C,917,Bstar,3687.514123251323,2.017855382631751,1458,0.926389258936701,1.0868749177770491,73,63,0.863013698630137,0.005,-0.6409162950743013,0.7676107755289948,-7.828186427627307e-08,True
BH-HF1R,SXS:BBH:0305,6,C,918,Rstar,3687.5158883538447,2.0196204851536095,1458,0.9264066340003196,4.933133090738779,73,73,1.0,0.005,0.557161963580815,-0.8303362929480865,-0.01059183421319932,True
BH-HF1R,SXS:BBH:0305,6,C,918,Estar,3687.5158883538447,2.0196204851536095,1458,0.9264066340003196,5.08580815418557,73,73,1.0,0.005,0.5535981165194238,-0.8327592110823697,-0.006420416155953356,True
BH-HF1R,SXS:BBH:0305,6,C,918,Bstar,3687.5158883538447,2.0196204851536095,1458,0.9264066340003196,1.0862830308541431,73,63,0.863013698630137,0.005,-0.6409342841156959,0.7675957552286843,-7.826200363868536e-08,True
BH-HF1R,SXS:BBH:0305,6,C,919,Rstar,3687.517242030963,2.0209741622720685,1458,0.9264199489841499,4.935237596872739,73,73,1.0,0.005,0.5587984672481887,-0.8292189492373219,-0.011840913259828579,True
BH-HF1R,SXS:BBH:0305,6,C,919,Estar,3687.517242030963,2.0209741622720685,1458,0.9264199489841499,5.081632129575415,73,73,1.0,0.005,0.5535776526408873,-0.8327728147437595,-0.006420398769636326,True
BH-HF1R,SXS:BBH:0305,6,C,919,Bstar,3687.517242030963,2.0209741622720685,1458,0.9264199489841499,1.085828609701057,73,63,0.863013698630137,0.005,-0.6409480758600874,0.7675842390586491,-7.824678557587386e-08,True
BH-HF1R,SXS:BBH:0305,6,C,920,Rstar,3687.5186043294075,2.0223364607163603,1458,0.9264333395729494,4.9342840996298785,73,73,1.0,0.005,0.5587778900424122,-0.8292328131841005,-0.011841078436209962,True
BH-HF1R,SXS:BBH:0305,6,C,920,Estar,3687.5186043294075,2.0223364607163603,1458,0.9264333395729494,5.07742838503565,73,73,1.0,0.005,0.5535570638025611,-0.8327865007433651,-0.006420381134201103,True
BH-HF1R,SXS:BBH:0305,6,C,920,Bstar,3687.5186043294075,2.0223364607163603,1458,0.9264333395729494,1.0853817899472717,73,63,0.863013698630137,0.005,-0.6409619517307972,0.7675726522183036,-7.823145084908032e-08,True
BH-HF1R,SXS:BBH:0305,6,C,921,Rstar,3687.5197256431743,2.0234577744831768,1458,0.9264443547701591,4.932188186413852,73,73,1.0,0.005,0.5587609568831102,-0.8292442213905916,-0.011841214185306176,True
BH-HF1R,SXS:BBH:0305,6,C,921,Estar,3687.5197256431743,2.0234577744831768,1458,0.9264443547701591,5.073967438817886,73,73,1.0,0.005,0.553540121111289,-0.832797762493345,-0.006420366514264566,True
BH-HF1R,SXS:BBH:0305,6,C,921,Bstar,3687.5197256431743,2.0234577744831768,1458,0.9264443547701591,1.0850173704535164,73,63,0.863013698630137,0.005,-0.6409733702078934,0.7675631170687716,-7.821884874808261e-08,True
BH-HF1R,SXS:BBH:0305,6,C,922,Rstar,3687.520818924097,2.0245510554059365,1458,0.9264550885853062,4.930146043143397,73,73,1.0,0.005,0.5587444505287839,-0.8292553415683693,-0.011841346359877727,True
BH-HF1R,SXS:BBH:0305,6,C,922,Estar,3687.520818924097,2.0245510554059365,1458,0.9264550885853062,5.070592299167324,73,73,1.0,0.005,0.5535236055005137,-0.8328087398867355,-0.006420352169417419,True
BH-HF1R,SXS:BBH:0305,6,C,922,Bstar,3687.520818924097,2.0245510554059365,1458,0.9264550885853062,1.0847509493073646,73,63,0.863013698630137,0.005,-0.6409845007946504,0.7675538220483478,-7.820656366821951e-08,True
BH-HF1R,SXS:BBH:0305,6,C,923,Rstar,3687.521808083027,2.025540214335706,1458,0.9264647951146517,4.929862131444181,73,73,1.0,0.005,0.5587295191756809,-0.8292654002727932,-0.011841465792571644,True
BH-HF1R,SXS:BBH:0305,6,C,923,Estar,3687.521808083027,2.025540214335706,1458,0.9264647951146517,5.067538000713538,73,73,1.0,0.005,0.5535086658041677,-0.8328186694145093,-0.006420339113824981,True
BH-HF1R,SXS:BBH:0305,6,C,923,Bstar,3687.521808083027,2.025540214335706,1458,0.9264647951146517,1.084559145919464,73,63,0.863013698630137,0.005,-0.6409945692527392,0.7675454137629181,-7.819544924198794e-08,True
BH-HF1R,SXS:BBH:0305,6,C,924,Rstar,3687.523570040021,2.0273021713296657,1458,0.9264820734415663,4.925028692756734,73,73,1.0,0.005,0.5587029294452172,-0.8292833118346179,-0.011841678172477705,True
BH-HF1R,SXS:BBH:0305,6,C,924,Estar,3687.523570040021,2.0273021713296657,1458,0.9264820734415663,5.068074226642895,73,73,1.0,0.005,0.5598608633459913,-0.8285720456262397,0.00491720451374537,True
BH-HF1R,SXS:BBH:0305,6,C,924,Bstar,3687.523570040021,2.0273021713296657,1458,0.9264820734415663,1.0842159023913964,73,63,0.863013698630137,0.005,-0.6410124989764842,0.7675304398888142,-7.817565098973028e-08,True
BH-HF1R,SXS:BBH:0305,6,C,925,Rstar,3687.524921039201,2.028653170510097,1458,0.9264953117225123,4.922849386800247,73,73,1.0,0.005,0.5586825475634642,-0.8292970407862045,-0.01184184070327327,True
BH-HF1R,SXS:BBH:0305,6,C,925,Estar,3687.524921039201,2.028653170510097,1458,0.9264953117225123,5.068760359190338,73,73,1.0,0.005,0.5598406558449806,-0.8285856988402083,0.004917289959497212,True
BH-HF1R,SXS:BBH:0305,6,C,925,Bstar,3687.524921039201,2.028653170510097,1458,0.9264953117225123,1.0839513389186641,73,63,0.863013698630137,0.005,-0.6410262425379583,0.767518961575322,-7.816047946142313e-08,True
BH-HF1R,SXS:BBH:0305,6,C,926,Rstar,3687.526280543551,2.0300126748597904,1458,0.9265086242323002,4.9206488783711455,73,73,1.0,0.005,0.5586620426625099,-0.829310851870289,-0.011842003982756099,True
BH-HF1R,SXS:BBH:0305,6,C,926,Estar,3687.526280543551,2.0300126748597904,1458,0.9265086242323002,5.066228544692041,73,73,1.0,0.005,0.5598203263477491,-0.8285994337573832,0.00491737580864439,True
BH-HF1R,SXS:BBH:0305,6,C,926,Bstar,3687.526280543551,2.0300126748597904,1458,0.9265086242323002,1.0836839027517076,73,63,0.863013698630137,0.005,-0.6410400689213909,0.7675074136692441,-7.814521303287889e-08,True
BH-HF1R,SXS:BBH:0305,6,C,927,Rstar,3687.5274048734636,2.0311370047725177,1458,0.9265196272344072,4.918921263769285,73,73,1.0,0.005,0.5586450888514739,-0.829322270562266,-0.011842138809206409,True
BH-HF1R,SXS:BBH:0305,6,C,927,Estar,3687.5274048734636,2.0311370047725177,1458,0.9265196272344072,5.0641327517454515,73,73,1.0,0.005,0.5598035175410727,-0.8286107894944071,0.0049174467050833335,True
BH-HF1R,SXS:BBH:0305,6,C,927,Bstar,3687.5274048734636,2.0311370047725177,1458,0.9265196272344072,1.083461816959465,73,63,0.863013698630137,0.005,-0.6410515007184489,0.7674978654215387,-7.813259114927904e-08,True
BH-HF1R,SXS:BBH:0305,6,C,928,Rstar,3687.528501095129,2.032233226437711,1458,0.9265303491613698,4.91824784471459,73,73,1.0,0.005,0.558628562378682,-0.8293334009516233,-0.011842270083941193,True
BH-HF1R,SXS:BBH:0305,6,C,928,Estar,3687.528501095129,2.032233226437711,1458,0.9265303491613698,5.062087644666497,73,73,1.0,0.005,0.5597871323981283,-0.8286218585340505,0.0049175157403443855,True
BH-HF1R,SXS:BBH:0305,6,C,928,Bstar,3687.528501095129,2.032233226437711,1458,0.9265303491613698,1.083244488042833,73,63,0.863013698630137,0.005,-0.6410626442785722,0.7674885576414534,-7.812030568739095e-08,True
BH-HF1R,SXS:BBH:0305,6,C,929,Rstar,3687.5294929147303,2.033225046039206,1458,0.92654004492217,4.917633227613938,73,73,1.0,0.005,0.5586136128424034,-0.8293434688818506,-0.01184238870229563,True
BH-HF1R,SXS:BBH:0305,6,C,929,Estar,3687.5294929147303,2.033225046039206,1458,0.92654004492217,5.060234849252301,73,73,1.0,0.005,0.5597723106895175,-0.8286318709841543,0.004917578125312977,True
BH-HF1R,SXS:BBH:0305,6,C,929,Bstar,3687.5294929147303,2.033225046039206,1458,0.92654004492217,1.0830471817106049,73,63,0.863013698630137,0.005,-0.6410727244590468,0.7674801378241972,-7.810917257423859e-08,True
BH-HF1R,SXS:BBH:0305,6,C,930,Rstar,3687.531253752093,2.034985883401987,1458,0.9265572468521109,4.916529590955571,73,73,1.0,0.005,0.5585870790372034,-0.8293613374056034,-0.011842598932409264,True
BH-HF1R,SXS:BBH:0305,6,C,930,Estar,3687.531253752093,2.034985883401987,1458,0.9265572468521109,5.054414700702439,73,73,1.0,0.005,0.5597460037254903,-0.8286496410734454,0.004917688704397012,True
BH-HF1R,SXS:BBH:0305,6,C,930,Bstar,3687.531253752093,2.034985883401987,1458,0.9265572468521109,1.0831549801427702,73,63,0.863013698630137,0.005,-0.6410906155106794,0.7674651931547983,-7.808940550510408e-08,True
BH-HF1R,SXS:BBH:0305,6,C,931,Rstar,3687.5326049536293,2.036337084938168,1458,0.9265704369703077,4.915671920918417,73,73,1.0,0.005,0.5585667240525997,-0.8293750441254454,-0.01184275994278723,True
BH-HF1R,SXS:BBH:0305,6,C,931,Estar,3687.5326049536293,2.036337084938168,1458,0.9265704369703077,5.046204280470546,73,73,1.0,0.005,0.5597258227245339,-0.8286632723127513,0.00491777340539502,True
BH-HF1R,SXS:BBH:0305,6,C,931,Bstar,3687.5326049536293,2.036337084938168,1458,0.9265704369703077,1.0833434019003425,73,63,0.863013698630137,0.005,-0.6411043401940641,0.7674537282366459,-7.807424729558996e-08,True
BH-HF1R,SXS:BBH:0305,6,C,932,Rstar,3687.533952772666,2.0376849039748777,1458,0.9265835851121875,4.914804940966565,73,73,1.0,0.005,0.5585464252506781,-0.8293887122929309,-0.011842920280179853,True
BH-HF1R,SXS:BBH:0305,6,C,932,Estar,3687.533952772666,2.0376849039748777,1458,0.9265835851121875,5.038033265134114,73,73,1.0,0.005,0.5597056973968079,-0.8286768652355304,0.00491785776200949,True
BH-HF1R,SXS:BBH:0305,6,C,932,Bstar,3687.533952772666,2.0376849039748777,1458,0.9265835851121875,1.0835310161519487,73,63,0.863013698630137,0.005,-0.6411180268635553,0.7674422946584162,-7.805912756421143e-08,True
BH-HF1R,SXS:BBH:0305,6,C,933,Rstar,3687.535081513485,2.038813644793663,1458,0.9265945895202746,4.9140735074256545,73,73,1.0,0.005,0.5585294299199522,-0.8294001555202366,-0.011843054348456807,True
BH-HF1R,SXS:BBH:0305,6,C,933,Estar,3687.535081513485,2.038813644793663,1458,0.9265945895202746,5.0336244020101955,73,73,1.0,0.005,0.5596888472861122,-0.8286882454848309,0.004917928305253487,True
BH-HF1R,SXS:BBH:0305,6,C,933,Bstar,3687.535081513485,2.038813644793663,1458,0.9265945895202746,1.083634934985521,73,64,0.8767123287671232,0.005,-0.6513836739836888,0.7587485151665903,-7.866330827794634e-08,True
BH-HF1R,SXS:BBH:0305,6,C,934,Rstar,3687.5361820357834,2.03991416709232,1352,0.9266053131573931,5.07934848940488,68,68,1.0,0.005,0.5614511804465611,-0.8275098621618711,-6.554741759419324e-08,True
BH-HF1R,SXS:BBH:0305,6,C,934,Estar,3687.5361820357834,2.03991416709232,1352,0.9266053131573931,5.058448639803942,68,68,1.0,0.005,0.5614511804465611,-0.8275098621618711,-6.554741759419324e-08,True
BH-HF1R,SXS:BBH:0305,6,C,934,Bstar,3687.5361820357834,2.03991416709232,1352,0.9266053131573931,1.0929921729343022,68,60,0.8823529411764706,0.005,-0.6504447832199869,0.7595535425379162,-7.874551271404494e-08,True
BH-HF1R,SXS:BBH:0305,6,C,935,Rstar,3687.5371777464343,2.040909877743161,1352,0.9266150101343615,5.082917306967049,68,68,1.0,0.005,0.5614362739247748,-0.827519975783945,-6.553925608641967e-08,True
BH-HF1R,SXS:BBH:0305,6,C,935,Estar,3687.5371777464343,2.040909877743161,1352,0.9266150101343615,5.056729118860249,68,68,1.0,0.005,0.5614362739247748,-0.827519975783945,-6.553925608641967e-08,True
BH-HF1R,SXS:BBH:0305,6,C,935,Bstar,3687.5371777464343,2.040909877743161,1352,0.9266150101343615,1.0929856151814354,68,60,0.8823529411764706,0.005,-0.6504547021931666,0.7595450482985145,-7.873418712899221e-08,True
BH-HF1R,SXS:BBH:0305,6,C,936,Rstar,3687.5389379083576,2.0426700396665183,1352,0.9266321407008925,5.078111771918777,68,68,1.0,0.005,0.561409929937236,-0.8275378484201574,-6.552458519482943e-08,True
BH-HF1R,SXS:BBH:0305,6,C,936,Estar,3687.5389379083576,2.0426700396665183,1352,0.9266321407008925,5.059278380772497,68,68,1.0,0.005,0.561409929937236,-0.8275378484201574,-6.552458519482943e-08,True
BH-HF1R,SXS:BBH:0305,6,C,936,Bstar,3687.5389379083576,2.0426700396665183,1352,0.9266321407008925,1.0928235685229875,68,60,0.8823529411764706,0.005,-0.6504722316815738,0.7595300361481346,-7.871387780871948e-08,True
BH-HF1R,SXS:BBH:0305,6,C,937,Rstar,3687.540289947722,2.0440220790310377,1352,0.926645288841467,5.081313395981967,68,68,1.0,0.005,0.5613897001927363,-0.8275515721195299,-6.551353967105387e-08,True
BH-HF1R,SXS:BBH:0305,6,C,937,Estar,3687.540289947722,2.0440220790310377,1352,0.926645288841467,5.055061167368064,68,68,1.0,0.005,0.5613897001927363,-0.8275515721195299,-6.551353967105387e-08,True
BH-HF1R,SXS:BBH:0305,6,C,937,Bstar,3687.540289947722,2.0440220790310377,1352,0.926645288841467,1.0926538484729313,68,60,0.8823529411764706,0.005,-0.650485692611983,0.7595185078107726,-7.869854419007868e-08,True
BH-HF1R,SXS:BBH:0305,6,C,938,Rstar,3687.5416288879846,2.045361019293523,1352,0.9266583009271915,5.085849172803676,68,68,1.0,0.005,0.5614220599472849,-0.8275296191705425,-6.518420436816071e-08,True
BH-HF1R,SXS:BBH:0305,6,C,938,Estar,3687.5416288879846,2.045361019293523,1352,0.9266583009271915,5.0495400620570186,68,68,1.0,0.005,0.561369671559503,-0.8275651586752376,-6.550259780716612e-08,True
BH-HF1R,SXS:BBH:0305,6,C,938,Bstar,3687.5416288879846,2.045361019293523,1352,0.9266583009271915,1.0924856248511958,68,60,0.8823529411764706,0.005,-0.6504990196411221,0.7595070937429964,-7.86833557577558e-08,True
BH-HF1R,SXS:BBH:0305,6,C,939,Rstar,3687.5427606795383,2.0464928108472122,1352,0.9266692934349969,5.089659036809145,68,68,1.0,0.005,0.5614049188181027,-0.8275412479912014,-6.517502514159508e-08,True
BH-HF1R,SXS:BBH:0305,6,C,939,Estar,3687.5427606795383,2.0464928108472122,1352,0.9266692934349969,5.042531124082681,68,68,1.0,0.005,0.5613527455900326,-0.8275766399666727,-6.549335097575206e-08,True
BH-HF1R,SXS:BBH:0305,6,C,939,Bstar,3687.5427606795383,2.0464928108472122,1352,0.9266692934349969,1.0923433131338687,68,60,0.8823529411764706,0.005,-0.6505102820971557,0.7594974475835141,-7.867052031190364e-08,True
BH-HF1R,SXS:BBH:0305,6,C,940,Rstar,3687.5438641763035,2.047596307612366,1352,0.9266800050455258,5.093373646052577,68,68,1.0,0.005,0.5613882097497938,-0.827552583195725,-6.516607337689909e-08,True
BH-HF1R,SXS:BBH:0305,6,C,940,Estar,3687.5438641763035,2.047596307612366,1352,0.9266800050455258,5.0353477579242005,68,68,1.0,0.005,0.561336246241873,-0.827587831384125,-6.548433329675709e-08,True
BH-HF1R,SXS:BBH:0305,6,C,940,Bstar,3687.5438641763035,2.047596307612366,1352,0.9266800050455258,1.0922044591028959,68,60,0.8823529411764706,0.005,-0.6505212606253351,0.7594880443261887,-7.865800349899223e-08,True
BH-HF1R,SXS:BBH:0305,6,C,941,Rstar,3687.5448625781382,2.0485947094471157,1352,0.9266896914337941,5.096734472623328,68,68,1.0,0.005,0.5613730950506469,-0.8275628363775485,-6.515797591077257e-08,True
BH-HF1R,SXS:BBH:0305,6,C,941,Estar,3687.5448625781382,2.0485947094471157,1352,0.9266896914337941,5.037508980010146,68,68,1.0,0.005,0.5613213212375694,-0.8275979545190436,-6.547617615432432e-08,True
BH-HF1R,SXS:BBH:0305,6,C,941,Bstar,3687.5448625781382,2.0485947094471157,1352,0.9266896914337941,1.0920399190247565,68,62,0.9117647058823529,0.005,-0.6621081116678429,0.7494083322619499,-7.882031606815621e-08,True
BH-HF1R,SXS:BBH:0305,6,C,942,Rstar,3687.5466211850894,2.0503533163982866,1352,0.9267067421936538,5.102654275981557,68,68,1.0,0.005,0.561346478757311,-0.8275808907815377,-6.514370786950407e-08,True
BH-HF1R,SXS:BBH:0305,6,C,942,Estar,3687.5466211850894,2.0503533163982866,1352,0.9267067421936538,5.02738518473106,68,68,1.0,0.005,0.5612950389552739,-0.8276157799632589,-6.546180307784022e-08,True
BH-HF1R,SXS:BBH:0305,6,C,942,Bstar,3687.5466211850894,2.0503533163982866,1352,0.9267067421936538,1.0924602215396195,68,62,0.9117647058823529,0.005,-0.6621252804357839,0.749393163171261,-7.880013792672987e-08,True
BH-HF1R,SXS:BBH:0305,6,C,943,Rstar,3687.5479731100195,2.0517052413283636,1352,0.9267198395608875,5.1018304528385965,68,68,1.0,0.005,0.5613260235998552,-0.8275947651052238,-6.513274324268005e-08,True
BH-HF1R,SXS:BBH:0305,6,C,943,Estar,3687.5479731100195,2.0517052413283636,1352,0.9267198395608875,5.01877111400421,68,68,1.0,0.005,0.5612748404641851,-0.8276294783669195,-6.545075776510179e-08,True
BH-HF1R,SXS:BBH:0305,6,C,943,Bstar,3687.5479731100195,2.0517052413283636,1352,0.9267198395608875,1.0928755406796533,68,60,0.8823529411764706,0.005,-0.6505621190183783,0.7594530461445994,-7.861140321433345e-08,True
BH-HF1R,SXS:BBH:0305,6,C,944,Rstar,3687.549304036336,2.0530361676446773,1352,0.926732724935494,5.098436832172491,68,68,1.0,0.005,0.5613058913209127,-0.827608419706102,-6.512194953907088e-08,True
BH-HF1R,SXS:BBH:0305,6,C,944,Estar,3687.549304036336,2.0530361676446773,1352,0.926732724935494,5.019416394910708,68,68,1.0,0.005,0.5612549607762813,-0.8276429598589059,-6.543988452810819e-08,True
BH-HF1R,SXS:BBH:0305,6,C,944,Bstar,3687.549304036336,2.0530361676446773,1352,0.926732724935494,1.0932580099964908,68,60,0.8823529411764706,0.005,-0.6505753464655446,0.7594417150586545,-7.859631275939993e-08,True
BH-HF1R,SXS:BBH:0305,6,C,945,Rstar,3687.5504214440916,2.0541535754005054,1352,0.9267435368304204,5.09474522165549,68,68,1.0,0.005,0.5612889928321136,-0.8276198804557,-6.511288703301426e-08,True
BH-HF1R,SXS:BBH:0305,6,C,945,Estar,3687.5504214440916,2.0541535754005054,1352,0.9267435368304204,5.012181202687372,68,68,1.0,0.005,0.5612382742869226,-0.8276542753320572,-6.543075534761749e-08,True
BH-HF1R,SXS:BBH:0305,6,C,945,Bstar,3687.5504214440916,2.0541535754005054,1352,0.9267435368304204,1.0935783868377187,68,60,0.8823529411764706,0.005,-0.6505864491727129,0.75943220378967,-7.858364311485551e-08,True
BH-HF1R,SXS:BBH:0305,6,C,946,Rstar,3687.5515109166536,2.055243047962449,1352,0.926754072530769,5.090791660066442,68,68,1.0,0.005,0.5612725202513584,-0.8276310518647088,-6.510405321396139e-08,True
BH-HF1R,SXS:BBH:0305,6,C,946,Estar,3687.5515109166536,2.055243047962449,1352,0.926754072530769,5.010931818772533,68,68,1.0,0.005,0.5612220083463577,-0.8276653051491748,-6.54218564367396e-08,True
BH-HF1R,SXS:BBH:0305,6,C,946,Bstar,3687.5515109166536,2.055243047962449,1352,0.926754072530769,1.0938901098829783,68,60,0.8823529411764706,0.005,-0.6505972720017491,0.7594229320107971,-7.857129307493785e-08,True
BH-HF1R,SXS:BBH:0305,6,C,947,Rstar,3687.5524966299236,2.0562287612324326,1352,0.9267635999223053,5.087209281769818,68,68,1.0,0.005,0.561257619445641,-0.8276411569117426,-6.509606055622807e-08,True
BH-HF1R,SXS:BBH:0305,6,C,947,Estar,3687.5524966299236,2.0562287612324326,1352,0.9267635999223053,5.007172252466857,68,68,1.0,0.005,0.557493880535096,-0.8301810484261345,-6.571289861068355e-08,True
BH-HF1R,SXS:BBH:0305,6,C,947,Bstar,3687.5524966299236,2.0562287612324326,1352,0.9267635999223053,1.0941715967779615,68,60,0.8823529411764706,0.005,-0.6506070621013778,0.7594145447275866,-7.85601195585499e-08,True
BH-HF1R,SXS:BBH:0305,6,C,948,Rstar,3687.554245625011,2.057977756319815,1352,0.9267804939425043,5.080836764395355,68,68,1.0,0.005,0.5612311872551353,-0.8276590810546255,-6.508188312078159e-08,True
BH-HF1R,SXS:BBH:0305,6,C,948,Estar,3687.554245625011,2.057977756319815,1352,0.9267804939425043,5.003983089713807,68,68,1.0,0.005,0.5574680400234773,-0.8301984005961337,-6.569858132807267e-08,True
BH-HF1R,SXS:BBH:0305,6,C,948,Bstar,3687.554245625011,2.057977756319815,1352,0.9267804939425043,1.0946697732471236,68,60,0.8823529411764706,0.005,-0.6506244284359597,0.7593996662643292,-7.854029984294973e-08,True
BH-HF1R,SXS:BBH:0305,6,C,949,Rstar,3687.555586727006,2.059318858314782,1352,0.9267934378423273,5.075942540569901,68,68,1.0,0.005,0.5612109254350878,-0.8276728201241648,-6.507101075471228e-08,True
BH-HF1R,SXS:BBH:0305,6,C,949,Estar,3687.555586727006,2.059318858314782,1352,0.9267934378423273,5.005314304766234,68,68,1.0,0.005,0.5574482317512628,-0.8302117012650364,-6.568760160914195e-08,True
BH-HF1R,SXS:BBH:0305,6,C,949,Bstar,3687.555586727006,2.059318858314782,1352,0.9267934378423273,1.0948949617603816,68,60,0.8823529411764706,0.005,-0.6506377406649214,0.7593882606561945,-7.852510133708398e-08,True
BH-HF1R,SXS:BBH:0305,6,C,950,Rstar,3687.556911415465,2.0606435467739175,1352,0.9268062872727497,5.071099114052351,68,68,1.0,0.005,0.5611909167037387,-0.8276863868695759,-6.506027287952889e-08,True
BH-HF1R,SXS:BBH:0305,6,C,950,Estar,3687.556911415465,2.0606435467739175,1352,0.9268062872727497,5.006623947492238,68,68,1.0,0.005,0.55742867089452,-0.8302248351288731,-6.56767577834208e-08,True
BH-HF1R,SXS:BBH:0305,6,C,950,Bstar,3687.556911415465,2.0606435467739175,1352,0.9268062872727497,1.0950930769740523,68,60,0.8823529411764706,0.005,-0.6506508865413345,0.7593769971779296,-7.851009126741565e-08,True
BH-HF1R,SXS:BBH:0305,6,C,951,Rstar,3687.5580381586506,2.0617702899594406,1352,0.9268170764007596,5.066972353063318,68,68,1.0,0.005,0.5611739018727006,-0.8276979230715541,-6.50511404260957e-08,True
BH-HF1R,SXS:BBH:0305,6,C,951,Estar,3687.5580381586506,2.0617702899594406,1352,0.9268170764007596,5.007733764702578,68,68,1.0,0.005,0.5574120369158312,-0.8302360032553031,-6.566753534620783e-08,True
BH-HF1R,SXS:BBH:0305,6,C,951,Bstar,3687.5580381586506,2.0617702899594406,1352,0.9268170764007596,1.0952606547831407,68,60,0.8823529411764706,0.005,-0.6506620653481476,0.7593674187880836,-7.849732563628147e-08,True
BH-HF1R,SXS:BBH:0305,6,C,952,Rstar,3687.5591367332563,2.062868864565189,1352,0.926827660387274,5.062942502453497,68,68,1.0,0.005,0.5611573159174181,-0.827709168000666,-6.504223790918618e-08,True
BH-HF1R,SXS:BBH:0305,6,C,952,Estar,3687.5591367332563,2.062868864565189,1352,0.926827660387274,5.008812158608345,68,68,1.0,0.005,0.5573958222076956,-0.8302468894162763,-6.565854497911014e-08,True
BH-HF1R,SXS:BBH:0305,6,C,952,Bstar,3687.5591367332563,2.062868864565189,1352,0.926827660387274,1.0954232170837448,68,60,0.8823529411764706,0.005,-0.6506729623325238,0.7593580815988014,-7.848488140464897e-08,True
BH-HF1R,SXS:BBH:0305,6,C,953,Rstar,3687.5601306817093,2.063862813018204,1352,0.9268372313966726,5.064198087736126,68,68,1.0,0.005,0.5611423125817965,-0.8277193395290152,-6.50341830891111e-08,True
BH-HF1R,SXS:BBH:0305,6,C,953,Estar,3687.5601306817093,2.063862813018204,1352,0.9268372313966726,5.009784825495135,68,68,1.0,0.005,0.5573811546901847,-0.830256736435322,-6.565041067503689e-08,True
BH-HF1R,SXS:BBH:0305,6,C,953,Bstar,3687.5601306817093,2.063862813018204,1352,0.9268372313966726,1.0955695953901605,68,60,0.8823529411764706,0.005,-0.6506828194922369,0.7593496351600011,-7.847362246256399e-08,True
BH-HF1R,SXS:BBH:0305,6,C,954,Rstar,3687.561880540653,2.065612671961844,1352,0.9268540704421878,5.068716531467768,68,68,1.0,0.005,0.5611159060274439,-0.8277372409182737,-6.50200088267511e-08,True
BH-HF1R,SXS:BBH:0305,6,C,954,Estar,3687.561880540653,2.065612671961844,1352,0.9268540704421878,5.007196537865736,68,68,1.0,0.005,0.5573553391781887,-0.8302740667331251,-6.563609658786483e-08,True
BH-HF1R,SXS:BBH:0305,6,C,954,Bstar,3687.561880540653,2.065612671961844,1352,0.9268540704421878,1.0958256797046713,68,60,0.8823529411764706,0.005,-0.6507001684427673,0.7593347685892883,-7.845380948200394e-08,True
BH-HF1R,SXS:BBH:0305,6,C,955,Rstar,3687.563225296291,2.0669574275998457,1352,0.9268670009832359,5.0721907514261355,68,68,1.0,0.005,0.5610956187524464,-0.8277509931234182,-6.500911322095098e-08,True
BH-HF1R,SXS:BBH:0305,6,C,955,Estar,3687.563225296291,2.0669574275998457,1352,0.9268670009832359,5.004376385205519,68,68,1.0,0.005,0.5573355059715256,-0.830287380238589,-6.562509351568484e-08,True
BH-HF1R,SXS:BBH:0305,6,C,955,Bstar,3687.563225296291,2.0669574275998457,1352,0.9268670009832359,1.0960210771672272,68,60,0.8823529411764706,0.005,-0.6507134969766614,0.7593233467057353,-7.843858065438387e-08,True
BH-HF1R,SXS:BBH:0305,6,C,956,Rstar,3687.5645369972985,2.068269128607426,1352,0.9268796054077882,5.077536646744808,68,68,1.0,0.005,0.5610758351873493,-0.827764403178111,-6.499848958589314e-08,True
BH-HF1R,SXS:BBH:0305,6,C,956,Estar,3687.5645369972985,2.068269128607426,1352,0.9268796054077882,5.006626509160574,68,68,1.0,0.005,0.5573161651919663,-0.8303003625289566,-6.561436509317238e-08,True
BH-HF1R,SXS:BBH:0305,6,C,956,Bstar,3687.5645369972985,2.068269128607426,1352,0.9268796054077882,1.0962105006151124,68,60,0.8823529411764706,0.005,-0.6507264945054794,0.7593122080861101,-7.842373169417625e-08,True
BH-HF1R,SXS:BBH:0305,6,C,957,Rstar,3687.565666704967,2.069398836275923,1352,0.926890454757791,5.083144383706538,68,68,1.0,0.005,0.561058800552588,-0.8277759493501167,-6.498933551501891e-08,True
BH-HF1R,SXS:BBH:0305,6,C,957,Estar,3687.565666704967,2.069398836275923,1352,0.926890454757791,5.005656148107304,68,68,1.0,0.005,0.5572995118099232,-0.8303115404090305,-6.560512056987899e-08,True
BH-HF1R,SXS:BBH:0305,6,C,957,Bstar,3687.565666704967,2.069398836275923,1352,0.926890454757791,1.0963726066097514,68,60,0.8823529411764706,0.005,-0.6507376859663369,0.7593026169210606,-7.84109379484224e-08,True
BH-HF1R,SXS:BBH:0305,6,C,958,Rstar,3687.566768169944,2.070500301253105,1352,0.9269010269005269,5.083976133503605,68,68,1.0,0.005,0.5610421953100275,-0.8277872039852396,-6.498041684425152e-08,True
BH-HF1R,SXS:BBH:0305,6,C,958,Estar,3687.566768169944,2.070500301253105,1352,0.9269010269005269,5.003536634672633,68,68,1.0,0.005,0.5572832782037063,-0.8303224360659698,-6.559611391890522e-08,True
BH-HF1R,SXS:BBH:0305,6,C,958,Bstar,3687.566768169944,2.070500301253105,1352,0.9269010269005269,1.096529943839939,68,60,0.8823529411764706,0.005,-0.6507485952718312,0.7592932672898742,-7.839847237847972e-08,True
BH-HF1R,SXS:BBH:0305,6,C,959,Rstar,3687.5677647334946,2.071496864803521,1352,0.9269105871868104,5.082476938493504,68,68,1.0,0.005,0.5610271745404762,-0.8277973842838148,-6.497234739737273e-08,True
BH-HF1R,SXS:BBH:0305,6,C,959,Estar,3687.5677647334946,2.071496864803521,1352,0.9269105871868104,5.002009722711496,68,68,1.0,0.005,0.5572685936034634,-0.8303322916659412,-6.55879649482816e-08,True
BH-HF1R,SXS:BBH:0305,6,C,959,Bstar,3687.5677647334946,2.071496864803521,1352,0.9269105871868104,1.0966715963251648,68,60,0.8823529411764706,0.005,-0.6507584635664035,0.7592848096048594,-7.838719425710415e-08,True
BH-HF1R,SXS:BBH:0305,6,C,960,Rstar,3687.5695125033044,2.0732446346132747,1352,0.9269273431994683,5.079845552786256,68,68,1.0,0.005,0.5610008381716964,-0.8278152327486188,-6.495820032481137e-08,True
BH-HF1R,SXS:BBH:0305,6,C,960,Estar,3687.5695125033044,2.0732446346132747,1352,0.9269273431994683,5.006777723474205,68,68,1.0,0.005,0.557242846636402,-0.8303495708871987,-6.557367830694383e-08,True
BH-HF1R,SXS:BBH:0305,6,C,960,Bstar,3687.5695125033044,2.0732446346132747,1352,0.9269273431994683,1.096918423260498,68,60,0.8823529411764706,0.005,-0.650775765841191,0.7592699800425441,-7.836742132401593e-08,True
BH-HF1R,SXS:BBH:0305,6,C,961,Rstar,3687.5708568299824,2.0745889612912833,1352,0.9269402212768367,5.079915369989362,68,68,1.0,0.005,0.5609805871013278,-0.8278289563040455,-6.494731878035894e-08,True
BH-HF1R,SXS:BBH:0305,6,C,961,Estar,3687.5708568299824,2.0745889612912833,1352,0.9269402212768367,5.00448554727414,68,68,1.0,0.005,0.5715711596566254,-0.820552502554697,-6.522472229817122e-08,True
BH-HF1R,SXS:BBH:0305,6,C,961,Bstar,3687.5708568299824,2.0745889612912833,1352,0.9269402212768367,1.0971068847615795,68,60,0.8823529411764706,0.005,-0.6507890701514178,0.7592585766202753,-7.83522134236703e-08,True
BH-HF1R,SXS:BBH:0305,6,C,962,Rstar,3687.5721621675425,2.075894298851381,1352,0.9269527176721738,5.079483891294746,68,68,1.0,0.005,0.5609609283732597,-0.827842277755012,-6.493675627902947e-08,True
BH-HF1R,SXS:BBH:0305,6,C,962,Estar,3687.5721621675425,2.075894298851381,1352,0.9269527176721738,5.0018802909143805,68,68,1.0,0.005,0.5715519946020796,-0.8205658519987169,-6.521392776699264e-08,True
BH-HF1R,SXS:BBH:0305,6,C,962,Bstar,3687.5721621675425,2.075894298851381,1352,0.9269527176721738,1.0972888371880307,68,60,0.8823529411764706,0.005,-0.6508019852360635,0.7592475064251397,-7.833745123544368e-08,True
BH-HF1R,SXS:BBH:0305,6,C,963,Rstar,3687.5732949837507,2.0770271150595363,1352,0.9269635562384306,5.078907287001366,68,68,1.0,0.005,0.5609438719096793,-0.8278538352674178,-6.492758938931248e-08,True
BH-HF1R,SXS:BBH:0305,6,C,963,Estar,3687.5732949837507,2.0770271150595363,1352,0.9269635562384306,4.999611635862979,68,68,1.0,0.005,0.5715353663399136,-0.8205774338980426,-6.520455981877497e-08,True
BH-HF1R,SXS:BBH:0305,6,C,963,Bstar,3687.5732949837507,2.0770271150595363,1352,0.9269635562384306,1.0974457261246875,68,60,0.8823529411764706,0.005,-0.6508131906644395,0.7592379013571211,-7.832464032018359e-08,True
BH-HF1R,SXS:BBH:0305,6,C,964,Rstar,3687.5743994795534,2.0781316108623287,1352,0.9269741178649082,5.0783420746212835,68,68,1.0,0.005,0.5609272454046205,-0.8278651009450636,-6.49186731522525e-08,True
BH-HF1R,SXS:BBH:0305,6,C,964,Estar,3687.5743994795534,2.0781316108623287,1352,0.9269741178649082,4.999189830518704,68,68,1.0,0.005,0.5715191571321854,-0.8205887234363584,-6.519544747340047e-08,True
BH-HF1R,SXS:BBH:0305,6,C,964,Bstar,3687.5743994795534,2.0781316108623287,1352,0.9269741178649082,1.0975535492237023,68,60,0.8823529411764706,0.005,-0.6508241135723611,0.7592285381838225,-7.83121755190938e-08,True
BH-HF1R,SXS:BBH:0305,6,C,965,Rstar,3687.57539878528,2.079130916588838,1352,0.926983668630691,5.077828128017678,68,68,1.0,0.005,0.5609122054152857,-0.8278752912221479,-6.491058976979692e-08,True
BH-HF1R,SXS:BBH:0305,6,C,965,Estar,3687.57539878528,2.079130916588838,1352,0.926983668630691,4.99890599238919,68,68,1.0,0.005,0.571504494527517,-0.820598935372721,-6.518718669842574e-08,True
BH-HF1R,SXS:BBH:0305,6,C,965,Bstar,3687.57539878528,2.079130916588838,1352,0.926983668630691,1.0973548094372434,68,60,0.8823529411764706,0.005,-0.6508339941602219,0.7592200682578445,-7.830087867293951e-08,True
BH-HF1R,SXS:BBH:0305,6,C,966,Rstar,3687.5771439979617,2.080876129270564,1352,0.9270003376060072,5.08212664986791,68,68,1.0,0.005,0.5608859461992647,-0.8278930820801386,-6.489647738116286e-08,True
BH-HF1R,SXS:BBH:0305,6,C,966,Estar,3687.5771439979617,2.080876129270564,1352,0.9270003376060072,5.004043615418313,68,68,1.0,0.005,0.5714788939955763,-0.8206167642191993,-6.517276465636023e-08,True
BH-HF1R,SXS:BBH:0305,6,C,966,Bstar,3687.5771439979617,2.080876129270564,1352,0.9270003376060072,1.0968275698940027,68,60,0.8823529411764706,0.005,-0.6508512451607664,0.7592052796659635,-7.828115587838195e-08,True
BH-HF1R,SXS:BBH:0305,6,C,967,Rstar,3687.5784882448966,2.0822203762054414,1352,0.9270131668228107,5.090816757638797,68,68,1.0,0.005,0.5608657260755097,-0.8279067805700031,-6.488560885610525e-08,True
BH-HF1R,SXS:BBH:0305,6,C,967,Estar,3687.5784882448966,2.0822203762054414,1352,0.9270131668228107,5.008062468158028,68,68,1.0,0.005,0.5714591808866231,-0.820630492109808,-6.51616576500202e-08,True
BH-HF1R,SXS:BBH:0305,6,C,967,Bstar,3687.5784882448966,2.0822203762054414,1352,0.9270131668228107,1.0963576779896793,68,60,0.8823529411764706,0.005,-0.6508645286843665,0.759193891769732,-7.82659670510118e-08,True
BH-HF1R,SXS:BBH:0305,6,C,968,Rstar,3687.579786677382,2.083518808690769,1352,0.9270255507127614,5.097190160322835,68,68,1.0,0.005,0.5608462000603615,-0.827920008139584,-6.487511810867341e-08,True
BH-HF1R,SXS:BBH:0305,6,C,968,Estar,3687.579786677382,2.083518808690769,1352,0.9270255507127614,5.011943038012009,68,68,1.0,0.005,0.5714401443284395,-0.8206437481939943,-6.51509367676551e-08,True
BH-HF1R,SXS:BBH:0305,6,C,968,Bstar,3687.579786677382,2.083518808690769,1352,0.9270255507127614,1.095904647229701,68,60,0.8823529411764706,0.005,-0.6508773561383235,0.7591828944769368,-7.825130542737541e-08,True
BH-HF1R,SXS:BBH:0305,6,C,969,Rstar,3687.5809228332714,2.084654964580295,1352,0.9270363806900084,5.099258778522289,68,68,1.0,0.005,0.5608291184402417,-0.8279315792440443,-6.486593410802418e-08,True
BH-HF1R,SXS:BBH:0305,6,C,969,Estar,3687.5809228332714,2.084654964580295,1352,0.9270363806900084,5.014452616327515,68,68,1.0,0.005,0.5714234907678777,-0.820655344342952,-6.514155139445489e-08,True
BH-HF1R,SXS:BBH:0305,6,C,969,Bstar,3687.5809228332714,2.084654964580295,1352,0.9270363806900084,1.0955089078770461,68,60,0.8823529411764706,0.005,-0.6508885777035388,0.7591732736438094,-7.823847122407042e-08,True
BH-HF1R,SXS:BBH:0305,6,C,970,Rstar,3687.5820305852635,2.0857627165723898,1352,0.9270469339226878,5.107353335188111,68,68,1.0,0.005,0.5608124674312137,-0.8279428581573185,-6.485691514197326e-08,True
BH-HF1R,SXS:BBH:0305,6,C,970,Estar,3687.5820305852635,2.0857627165723898,1352,0.9270469339226878,5.016876980382456,68,68,1.0,0.005,0.5714072569166356,-0.8206666477583952,-6.513233588608677e-08,True
BH-HF1R,SXS:BBH:0305,6,C,970,Bstar,3687.5820305852635,2.0857627165723898,1352,0.9270469339226878,1.0951236724214386,68,60,0.8823529411764706,0.005,-0.6508995163266865,0.7591638951146713,-7.822588098649121e-08,True
BH-HF1R,SXS:BBH:0305,6,C,971,Rstar,3687.5830328370657,2.0867649683746095,1352,0.9270564770873013,5.114006443507667,68,68,1.0,0.005,0.5607974052904794,-0.827953060396217,-6.484881887291339e-08,True
BH-HF1R,SXS:BBH:0305,6,C,971,Estar,3687.5830328370657,2.0867649683746095,1352,0.9270564770873013,5.019068173988388,68,68,1.0,0.005,0.5713925720332468,-0.8206768722373178,-6.512406226166655e-08,True
BH-HF1R,SXS:BBH:0305,6,C,971,Bstar,3687.5830328370657,2.0867649683746095,1352,0.9270564770873013,1.0947486777373918,68,60,0.8823529411764706,0.005,-0.6838039275433319,0.7296658061580709,-7.77720548580417e-08,True
BH-HF1R,SXS:BBH:0305,6,C,972,Rstar,3687.583792404344,2.0875245356528467,1352,0.9270637066001645,5.115711478201486,68,68,1.0,0.005,0.5607859923636085,-0.8279607905986605,-6.48429382769384e-08,True
BH-HF1R,SXS:BBH:0305,6,C,972,Estar,3687.583792404344,2.0875245356528467,1352,0.9270637066001645,5.0207270745247055,68,68,1.0,0.005,0.5713814449041107,-0.8206846193388094,-6.511804842333206e-08,True
BH-HF1R,SXS:BBH:0305,6,C,972,Bstar,3687.583792404344,2.0875245356528467,1352,0.9270637066001645,1.0944414389444175,68,60,0.8823529411764706,0.005,-0.6838111050189797,0.7296590797439005,-7.776354372209809e-08,True
BH-HF1R,SXS:BBH:0305,6,C,973,Rstar,3687.5842973148287,2.088029446137625,1352,0.927068510391904,5.116843584042184,68,68,1.0,0.005,0.5607784065084622,-0.8279659285223189,-6.483851030724946e-08,True
BH-HF1R,SXS:BBH:0305,6,C,973,Estar,3687.5842973148287,2.088029446137625,1352,0.927068510391904,5.021829901972594,68,68,1.0,0.005,0.5713740489805297,-0.8206897685188912,-6.511352913694757e-08,True
BH-HF1R,SXS:BBH:0305,6,C,973,Bstar,3687.5842973148287,2.088029446137625,1352,0.927068510391904,1.0942373649721235,68,60,0.8823529411764706,0.005,-0.6838158757421062,0.7296546087588636,-7.775726235184142e-08,True
BH-HF1R,SXS:BBH:0305,6,C,974,Rstar,3687.5848528712963,2.088585002605214,1352,0.9270737949077155,5.1178355974633805,68,68,1.0,0.005,0.5551003045884971,-0.831783416428672,-6.509323715152482e-08,True
BH-HF1R,SXS:BBH:0305,6,C,974,Estar,3687.5848528712963,2.088585002605214,1352,0.9270737949077155,5.02304223827719,68,68,1.0,0.005,0.5713659121234943,-0.8206954334363529,-6.510888243430763e-08,True
BH-HF1R,SXS:BBH:0305,6,C,974,Bstar,3687.5848528712963,2.088585002605214,1352,0.9270737949077155,1.094012920345777,68,60,0.8823529411764706,0.005,-0.6838211244009123,0.7296496897985127,-7.775074117084154e-08,True
BH-HF1R,SXS:BBH:0305,6,C,975,Rstar,3687.585517402873,2.0892495341818176,1352,0.9270801143897391,5.118776884502496,68,68,1.0,0.005,0.555090395966086,-0.8317900289773915,-6.508785312273915e-08,True
BH-HF1R,SXS:BBH:0305,6,C,975,Estar,3687.585517402873,2.0892495341818176,1352,0.9270801143897391,5.024491234542435,68,68,1.0,0.005,0.5713561803467013,-0.8207022085870266,-6.510338328425381e-08,True
BH-HF1R,SXS:BBH:0305,6,C,975,Bstar,3687.585517402873,2.0892495341818176,1352,0.9270801143897391,1.0937446590320905,68,60,0.8823529411764706,0.005,-0.6838274018694481,0.7296438065607589,-7.774301175212031e-08,True
BH-HF1R,SXS:BBH:0305,6,C,976,Rstar,3687.586221508707,2.089953640015665,1352,0.9270868077597586,5.119546273804018,68,68,1.0,0.005,0.5550798986009001,-0.8317970342392489,-6.508216215820265e-08,True
BH-HF1R,SXS:BBH:0305,6,C,976,Estar,3687.586221508707,2.089953640015665,1352,0.9270868077597586,5.026025412272072,68,68,1.0,0.005,0.5713458702806515,-0.8207093861491049,-6.509757056313606e-08,True
BH-HF1R,SXS:BBH:0305,6,C,976,Bstar,3687.586221508707,2.089953640015665,1352,0.9270868077597586,1.0934606809212961,68,60,0.8823529411764706,0.005,-0.6838340523872042,0.7296375735909494,-7.773483869912656e-08,True
BH-HF1R,SXS:BBH:0305,6,C,977,Rstar,3687.586925962475,2.0906580937839863,1352,0.9270935021840364,5.119866259637691,68,68,1.0,0.005,0.5550693975225033,-0.831804041787488,-6.507647462039715e-08,True
BH-HF1R,SXS:BBH:0305,6,C,977,Estar,3687.586925962475,2.0906580937839863,1352,0.9270935021840364,5.02755925575309,68,68,1.0,0.005,0.5713355565133201,-0.8207165660955131,-6.50917610718861e-08,True
BH-HF1R,SXS:BBH:0305,6,C,977,Bstar,3687.586925962475,2.0906580937839863,1352,0.9270935021840364,1.093176830255108,68,60,0.8823529411764706,0.005,-0.6838407053048586,0.7296313382579912,-7.772666908286768e-08,True
BH-HF1R,SXS:BBH:0305,6,C,978,Rstar,3687.587503869279,2.0912360005877417,1352,0.9270989923867667,5.11870185386648,68,68,1.0,0.005,0.5550607839478372,-0.8318097896293408,-6.507181185067341e-08,True
BH-HF1R,SXS:BBH:0305,6,C,978,Estar,3687.587503869279,2.0912360005877417,1352,0.9270989923867667,5.028816726127192,68,68,1.0,0.005,0.5713270965412691,-0.8207224553755789,-6.508699840654761e-08,True
BH-HF1R,SXS:BBH:0305,6,C,978,Bstar,3687.587503869279,2.0912360005877417,1352,0.9270989923867667,1.0929441700825917,68,60,0.8823529411764706,0.005,-0.6838461624361554,0.7296262235702176,-7.771997115467998e-08,True
BH-HF1R,SXS:BBH:0305,6,C,979,Rstar,3687.5880382277974,2.091770359106249,1352,0.9271040673678241,5.117624830254084,68,68,1.0,0.005,0.5550528202689211,-0.8318151036808076,-6.5067496045399e-08,True
BH-HF1R,SXS:BBH:0305,6,C,979,Estar,3687.5880382277974,2.091770359106249,1352,0.9271040673678241,5.029978789190869,68,68,1.0,0.005,0.5713192748420449,-0.8207279002166039,-6.508259023506969e-08,True
BH-HF1R,SXS:BBH:0305,6,C,979,Bstar,3687.5880382277974,2.091770359106249,1352,0.9271040673678241,1.0927292004937426,68,60,0.8823529411764706,0.005,-0.6838512078640937,0.7296214946825609,-7.771377268615925e-08,True
BH-HF1R,SXS:BBH:0305,6,C,980,Rstar,3687.5885979830773,2.0923301143861863,1352,0.9271094327653597,5.116487914204346,68,68,1.0,0.005,0.555044467359328,-0.8318206773420551,-6.527278909451386e-08,True
BH-HF1R,SXS:BBH:0305,6,C,980,Estar,3687.5885979830773,2.0923301143861863,1352,0.9271094327653597,5.03119575936876,68,68,1.0,0.005,0.5713110700051948,-0.8207336116484539,-6.528794200945123e-08,True
BH-HF1R,SXS:BBH:0305,6,C,980,Bstar,3687.5885979830773,2.0923301143861863,1352,0.9271094327653597,1.092503795602273,68,60,0.8823529411764706,0.005,-0.6838565050463138,0.7296165297646666,-7.795637273124994e-08,True
BH-HF1R,SXS:BBH:0305,6,C,981,Rstar,3687.5891527408967,2.092884872205559,1352,0.9271146484044113,5.115377415006527,68,68,1.0,0.005,0.5550362131070324,-0.8318261850529837,-6.505851587106681e-08,True
BH-HF1R,SXS:BBH:0305,6,C,981,Estar,3687.5891527408967,2.092884872205559,1352,0.9271146484044113,5.032400560554698,68,68,1.0,0.005,0.5713029636576927,-0.8207392544017452,-6.507341739373714e-08,True
BH-HF1R,SXS:BBH:0305,6,C,981,Bstar,3687.5891527408967,2.092884872205559,1352,0.9271146484044113,1.0922813268197284,68,60,0.8823529411764706,0.005,-0.683861729511028,0.729611632932329,-7.770087036721844e-08,True
BH-HF1R,SXS:BBH:0305,6,C,982,Rstar,3687.5896826926805,2.0934148239894057,1352,0.9271196761898196,5.114308144048265,68,68,1.0,0.005,0.5550283174792824,-0.8318314533582586,-6.505421706706714e-08,True
BH-HF1R,SXS:BBH:0305,6,C,982,Estar,3687.5896826926805,2.0934148239894057,1352,0.9271196761898196,5.03355115840692,68,68,1.0,0.005,0.5712952086993227,-0.8207446524450789,-6.50690270354173e-08,True
BH-HF1R,SXS:BBH:0305,6,C,982,Bstar,3687.5896826926805,2.0934148239894057,1352,0.9271196761898196,1.092068595435408,68,60,0.8823529411764706,0.005,-0.6838667319229428,0.7296069441617368,-7.769470149995057e-08,True
BH-HF1R,SXS:BBH:0305,6,C,983,Rstar,3687.59019939567,2.0939315269788494,1352,0.9271245790669957,5.113265430299742,68,68,1.0,0.005,0.555020620316728,-0.831836589134687,-6.505006759849571e-08,True
BH-HF1R,SXS:BBH:0305,6,C,983,Estar,3687.59019939567,2.0939315269788494,1352,0.9271245790669957,5.034672419877834,68,68,1.0,0.005,0.5712876486416998,-0.820749914717896,-6.506478823323921e-08,True
BH-HF1R,SXS:BBH:0305,6,C,983,Bstar,3687.59019939567,2.0939315269788494,1352,0.9271245790669957,1.0918613244178634,68,60,0.8823529411764706,0.005,-0.6838716086086549,0.7296023731725416,-7.768873646117626e-08,True
BH-HF1R,SXS:BBH:0305,6,C,984,Rstar,3687.590666888851,2.0943990201599263,1352,0.9271290135983778,5.112321726041227,68,68,1.0,0.005,0.5550136568118169,-0.8318412353041718,-6.504629789371629e-08,True
BH-HF1R,SXS:BBH:0305,6,C,984,Estar,3687.590666888851,2.0943990201599263,1352,0.9271290135983778,5.0356863856173835,68,68,1.0,0.005,0.5712808091475043,-0.8207546753444469,-6.506093775832256e-08,True
BH-HF1R,SXS:BBH:0305,6,C,984,Bstar,3687.590666888851,2.0943990201599263,1352,0.9271290135983778,1.091682942412835,68,60,0.8823529411764706,0.005,-0.683876020501668,0.7295982377876169,-7.768332141711414e-08,True
BH-HF1R,SXS:BBH:0305,6,C,985,Rstar,3687.591491442669,2.095223573977819,1352,0.9271368322426722,5.110655796673831,68,68,1.0,0.005,0.5550013762372302,-0.8318494289081265,-6.503964313657674e-08,True
BH-HF1R,SXS:BBH:0305,6,C,985,Estar,3687.591491442669,2.095223573977819,1352,0.9271368322426722,5.037473673067205,68,68,1.0,0.005,0.5712687472141793,-0.8207630708409936,-6.505414056534765e-08,True
BH-HF1R,SXS:BBH:0305,6,C,985,Bstar,3687.591491442669,2.095223573977819,1352,0.9271368322426722,1.0914429673589618,68,60,0.8823529411764706,0.005,-0.6838838012100183,0.7295909446001438,-7.76737635551148e-08,True
BH-HF1R,SXS:BBH:0305,6,C,986,Rstar,3687.5922608747865,2.095993006095341,1352,0.9271441252710545,5.109101236759436,68,68,1.0,0.005,0.5549899184004251,-0.8318570733448658,-6.503344164807803e-08,True
BH-HF1R,SXS:BBH:0305,6,C,986,Estar,3687.5922608747865,2.095993006095341,1352,0.9271441252710545,5.037135362929806,68,68,1.0,0.005,0.5712574933032355,-0.8207709036904876,-6.504780618917459e-08,True
BH-HF1R,SXS:BBH:0305,6,C,986,Bstar,3687.5922608747865,2.095993006095341,1352,0.9271441252710545,1.0912590885751194,68,60,0.8823529411764706,0.005,-0.6838910607117448,0.729584139821144,-7.766485488531606e-08,True
BH-HF1R,SXS:BBH:0305,6,C,987,Rstar,3687.5928682827293,2.096600414038221,1352,0.9271498804253772,5.107873525659474,68,68,1.0,0.005,0.5549808744896435,-0.8318631070979807,-6.502854886679961e-08,True
BH-HF1R,SXS:BBH:0305,6,C,987,Estar,3687.5928682827293,2.096600414038221,1352,0.9271498804253772,5.035480579538749,68,68,1.0,0.005,0.5712486103090829,-0.8207770861932839,-6.504280859557612e-08,True
BH-HF1R,SXS:BBH:0305,6,C,987,Bstar,3687.5928682827293,2.096600414038221,1352,0.9271498804253772,1.0911179305981438,68,60,0.8823529411764706,0.005,-0.6838967908341118,0.7295787685279752,-7.765782573613445e-08,True
BH-HF1R,SXS:BBH:0305,6,C,988,Rstar,3687.59345210216,2.0971842334688517,1352,0.9271554106797488,5.10669309955767,68,68,1.0,0.005,0.5549721828627219,-0.8318689056868165,-6.50238395775844e-08,True
BH-HF1R,SXS:BBH:0305,6,C,988,Estar,3687.59345210216,2.0971842334688517,1352,0.9271554106797488,5.033890071208128,68,68,1.0,0.005,0.571240073292829,-0.8207830277633664,-6.503799846574403e-08,True
BH-HF1R,SXS:BBH:0305,6,C,988,Bstar,3687.59345210216,2.0971842334688517,1352,0.9271554106797488,1.0909822871275274,68,60,0.8823529411764706,0.005,-0.6839022977839925,0.7295736063522097,-7.765106203665647e-08,True
BH-HF1R,SXS:BBH:0305,6,C,989,Rstar,3687.5939882224498,2.097720353758632,1352,0.9271604876431465,5.105608761061124,68,68,1.0,0.005,0.554964202195422,-0.8318742298458313,-6.501951212990633e-08,True
BH-HF1R,SXS:BBH:0305,6,C,989,Estar,3687.5939882224498,2.097720353758632,1352,0.9271604876431465,5.032429512222123,68,68,1.0,0.005,0.5712322345555905,-0.8207884832309861,-6.503357852356671e-08,True
BH-HF1R,SXS:BBH:0305,6,C,989,Bstar,3687.5939882224498,2.097720353758632,1352,0.9271604876431465,1.0908577601396645,68,60,0.8823529411764706,0.005,-0.683907354311991,0.7295688663299489,-7.764484762137497e-08,True
BH-HF1R,SXS:BBH:0305,6,C,990,Rstar,3687.594500952465,2.098233083773721,1352,0.9271653418267842,5.104571414629428,68,68,1.0,0.005,0.5549565704937294,-0.831879321095214,-6.501537688164292e-08,True
BH-HF1R,SXS:BBH:0305,6,C,990,Estar,3687.594500952465,2.098233083773721,1352,0.9271653418267842,5.031032679465332,68,68,1.0,0.005,0.5712247385481735,-0.8207937000675424,-6.502935473616219e-08,True
BH-HF1R,SXS:BBH:0305,6,C,990,Bstar,3687.594500952465,2.098233083773721,1352,0.9271653418267842,1.0907386979722664,68,60,0.8823529411764706,0.005,-0.6839121897644698,0.7295643334837317,-7.763890839542008e-08,True
BH-HF1R,SXS:BBH:0305,6,C,991,Rstar,3687.595125374548,2.098857505856813,1352,0.9271712519472513,5.1029956142898,68,68,1.0,0.005,0.5549472773811148,-0.8318855205659512,-6.50103406308429e-08,True
BH-HF1R,SXS:BBH:0305,6,C,991,Estar,3687.595125374548,2.098857505856813,1352,0.9271712519472513,5.029331274361899,68,68,1.0,0.005,0.571215610631308,-0.8208000524921387,-6.502421069125715e-08,True
BH-HF1R,SXS:BBH:0305,6,C,991,Bstar,3687.595125374548,2.098857505856813,1352,0.9271712519472513,1.090593742098522,68,60,0.8823529411764706,0.005,-0.6839180779229447,0.7295588137293517,-7.763167527099807e-08,True
BH-HF1R,SXS:BBH:0305,6,C,992,Rstar,3687.595686748142,2.0994188794506954,1352,0.9271765637014778,5.101054459117445,68,68,1.0,0.005,0.5549389235487663,-0.8318910933112171,-6.500581343882509e-08,True
BH-HF1R,SXS:BBH:0305,6,C,992,Estar,3687.595686748142,2.0994188794506954,1352,0.9271765637014778,5.027801973053947,68,68,1.0,0.005,0.5712074052609905,-0.8208057627569403,-6.50195866855943e-08,True
BH-HF1R,SXS:BBH:0305,6,C,992,Bstar,3687.595686748142,2.0994188794506954,1352,0.9271765637014778,1.0906138803357643,68,60,0.8823529411764706,0.005,-0.6839233709857482,0.7295538517611188,-7.762517321614981e-08,True
BH-HF1R,SXS:BBH:0305,6,C,993,Rstar,3687.5963075554437,2.1000396867525524,1352,0.9271824361493741,5.09890774585857,68,68,1.0,0.005,0.5549296863551837,-0.8318972551954558,-6.50008068954423e-08,True
BH-HF1R,SXS:BBH:0305,6,C,993,Estar,3687.5963075554437,2.1000396867525524,1352,0.9271824361493741,5.027543304945245,68,68,1.0,0.005,0.5711983321878618,-0.8208120767299912,-6.501447314372738e-08,True
BH-HF1R,SXS:BBH:0305,6,C,993,Bstar,3687.5963075554437,2.1000396867525524,1352,0.9271824361493741,1.0906588405777615,68,60,0.8823529411764706,0.005,-0.6839292237914381,0.7295483649793444,-7.761798313884647e-08,True
BH-HF1R,SXS:BBH:0305,6,C,994,Rstar,3687.596866493536,2.100598624844679,1352,0.927187721764072,5.096771499139089,68,68,1.0,0.005,0.5693925836394111,-0.822065742928406,-6.46526138139847e-08,True
BH-HF1R,SXS:BBH:0305,6,C,994,Estar,3687.596866493536,2.100598624844679,1352,0.927187721764072,5.029068747555681,68,68,1.0,0.005,0.5711901642190187,-0.8208177607115031,-6.500987018000274e-08,True
BH-HF1R,SXS:BBH:0305,6,C,994,Bstar,3687.596866493536,2.100598624844679,1352,0.927187721764072,1.0906993025996314,68,60,0.8823529411764706,0.005,-0.6839344927497327,0.7295434254567439,-7.761151082541803e-08,True
BH-HF1R,SXS:BBH:0305,6,C,995,Rstar,3687.597368550021,2.101100681330081,1352,0.9271924681856394,5.094851025794198,68,68,1.0,0.005,0.5693851351182055,-0.8220709019947237,-6.464850439118697e-08,True
BH-HF1R,SXS:BBH:0305,6,C,995,Estar,3687.597368550021,2.101100681330081,1352,0.9271924681856394,5.03043932651367,68,68,1.0,0.005,0.5711828281993999,-0.8208228656477173,-6.500572286284334e-08,True
BH-HF1R,SXS:BBH:0305,6,C,995,Bstar,3687.597368550021,2.101100681330081,1352,0.9271924681856394,1.0907390565237804,68,60,0.8823529411764706,0.005,-0.6839392250476118,0.7295389889795241,-7.760568181777423e-08,True
BH-HF1R,SXS:BBH:0305,6,C,996,Rstar,3687.5978580550945,2.1015901864034277,1352,0.9271970948667914,5.092978593611061,68,68,1.0,0.005,0.5693778735032966,-0.8220759315080693,-6.464451265984401e-08,True
BH-HF1R,SXS:BBH:0305,6,C,996,Estar,3687.5978580550945,2.1015901864034277,1352,0.9271970948667914,5.031775983754069,68,68,1.0,0.005,0.5711756762566929,-0.8208278423961418,-6.5001694251427e-08,True
BH-HF1R,SXS:BBH:0305,6,C,996,Bstar,3687.5978580550945,2.1015901864034277,1352,0.9271970948667914,1.0908348707325708,68,60,0.8823529411764706,0.005,-0.6839438386085801,0.7295346637613284,-7.760001684093718e-08,True
BH-HF1R,SXS:BBH:0305,6,C,997,Rstar,3687.598300940637,2.102033071945698,1352,0.9272012799585042,5.091284511546014,68,68,1.0,0.005,0.5693713040494732,-0.8220804815375428,-6.46409022233191e-08,True
BH-HF1R,SXS:BBH:0305,6,C,997,Estar,3687.598300940637,2.102033071945698,1352,0.9272012799585042,5.034814384215148,68,68,1.0,0.005,0.5711692060159462,-0.8208323446959855,-6.49980504913818e-08,True
BH-HF1R,SXS:BBH:0305,6,C,997,Bstar,3687.598300940637,2.102033071945698,1352,0.9272012799585042,1.090921550990864,68,60,0.8823529411764706,0.005,-0.6839480124255017,0.7295307507564022,-7.759489288698239e-08,True
BH-HF1R,SXS:BBH:0305,6,C,998,Rstar,3687.5992092063143,2.1029413376231787,1352,0.9272098601980748,5.087810417727293,68,68,1.0,0.005,0.5693578332495529,-0.8220898112234273,-6.463349147168402e-08,True
BH-HF1R,SXS:BBH:0305,6,C,998,Estar,3687.5992092063143,2.1029413376231787,1352,0.9272098601980748,5.041112903932815,68,68,1.0,0.005,0.5711559386381311,-0.8208415765288644,-6.499057141926835e-08,True
BH-HF1R,SXS:BBH:0305,6,C,998,Bstar,3687.5992092063143,2.1029413376231787,1352,0.9272098601980748,1.0910992874531382,68,60,0.8823529411764706,0.005,-0.6839565709525858,0.7295227268912013,-7.75843768841123e-08,True
BH-HF1R,SXS:BBH:0305,6,C,999,Rstar,3687.599894457964,2.1036265892730626,1352,0.9272163309535805,5.08568493308272,68,68,1.0,0.005,0.5693476715546437,-0.8220968488537719,-6.462790254734004e-08,True
BH-HF1R,SXS:BBH:0305,6,C,999,Estar,3687.599894457964,2.1036265892730626,1352,0.9272163309535805,5.045869064808347,68,68,1.0,0.005,0.5711459303804904,-0.820848540359182,-6.498493097254792e-08,True
BH-HF1R,SXS:BBH:0305,6,C,999,Bstar,3687.599894457964,2.1036265892730626,1352,0.9272163309535805,1.091233360098866,68,60,0.8823529411764706,0.005,-0.6839630271015057,0.729516673941137,-7.757644599288383e-08,True
BH-HF1R,SXS:BBH:0305,6,C,1000,Rstar,3687.6004390432727,2.104171174581552,1352,0.9272214718374471,5.086460251802828,68,68,1.0,0.005,0.569339596775908,-0.8221024410272983,-6.462346119356978e-08,True
BH-HF1R,SXS:BBH:0305,6,C,1000,Estar,3687.6004390432727,2.104171174581552,1352,0.9272214718374471,5.049651455251625,68,68,1.0,0.005,0.5711379775187697,-0.8208540738985005,-6.49804485090385e-08,True
BH-HF1R,SXS:BBH:0305,6,C,1000,Bstar,3687.6004390432727,2.104171174581552,1352,0.9272214718374471,1.0913146601280177,68,60,0.8823529411764706,0.005,-0.6839681573579065,0.7295118640025151,-7.757014339342911e-08,True
BH-HF1R,SXS:BBH:0305,6,C,1001,Rstar,3687.600977993825,2.1047101251338063,1352,0.9272265581655864,5.086649255802907,68,68,1.0,0.005,0.5693316063434636,-0.8221079746714341,-6.461906612492924e-08,True
BH-HF1R,SXS:BBH:0305,6,C,1001,Estar,3687.600977993825,2.1047101251338063,1352,0.9272265581655864,5.053396944711205,68,68,1.0,0.005,0.5711301077221298,-0.820859549529214,-6.497601300450512e-08,True
BH-HF1R,SXS:BBH:0305,6,C,1001,Bstar,3687.600977993825,2.1047101251338063,1352,0.9272265581655864,1.0913425369735008,68,60,0.8823529411764706,0.005,-0.6839732340443098,0.7295071042224072,-7.756390667161217e-08,True
BH-HF1R,SXS:BBH:0305,6,C,1002,Rstar,3687.601562128301,2.1052942596097637,1352,0.9272320694964294,5.086854020748315,68,68,1.0,0.005,0.5693229469626273,-0.822113971455166,-6.461430204872271e-08,True
BH-HF1R,SXS:BBH:0305,6,C,1002,Estar,3687.601562128301,2.1052942596097637,1352,0.9272320694964294,5.0571059806497765,68,68,1.0,0.005,0.5683563492625306,-0.8227825109061105,-6.525265560819855e-08,True
BH-HF1R,SXS:BBH:0305,6,C,1002,Bstar,3687.601562128301,2.1052942596097637,1352,0.9272320694964294,1.0913726504047596,68,60,0.8823529411764706,0.005,-0.6839787357584144,0.7295019458715071,-7.755714645784821e-08,True
BH-HF1R,SXS:BBH:0305,6,C,1003,Rstar,3687.6021164117324,2.1058485430412475,1352,0.9272372977008385,5.087048229197672,68,68,1.0,0.005,0.5693147309807246,-0.8221196610520521,-6.460978188186409e-08,True
BH-HF1R,SXS:BBH:0305,6,C,1003,Estar,3687.6021164117324,2.1058485430412475,1352,0.9272372977008385,5.060566315057689,68,68,1.0,0.005,0.5683483367812546,-0.8227880456581618,-6.524807535119363e-08,True
BH-HF1R,SXS:BBH:0305,6,C,1003,Bstar,3687.6021164117324,2.1058485430412475,1352,0.9272372977008385,1.0914011274141062,68,60,0.8823529411764706,0.005,-0.683983955776186,0.729497051564127,-7.755073246574641e-08,True
BH-HF1R,SXS:BBH:0305,6,C,1004,Rstar,3687.602741620877,2.106473752186048,1352,0.9272431932628378,5.087267191698167,68,68,1.0,0.005,0.5693054647393235,-0.8221260778116326,-6.460468332069513e-08,True
BH-HF1R,SXS:BBH:0305,6,C,1004,Estar,3687.602741620877,2.106473752186048,1352,0.9272431932628378,5.0644718665547375,68,68,1.0,0.005,0.5683393000458837,-0.8227942877921255,-6.524290896802105e-08,True
BH-HF1R,SXS:BBH:0305,6,C,1004,Bstar,3687.602741620877,2.106473752186048,1352,0.9272431932628378,1.0914331354180051,68,60,0.8823529411764706,0.005,-0.6839898430920794,0.7294915315114127,-7.754349773790487e-08,True
BH-HF1R,SXS:BBH:0305,6,C,1005,Rstar,3687.6032815495482,2.107013680857108,1352,0.9272482831013696,5.087456190366745,68,68,1.0,0.005,0.5692974633023357,-0.8221316185852006,-6.460028039018577e-08,True
BH-HF1R,SXS:BBH:0305,6,C,1005,Estar,3687.6032815495482,2.107013680857108,1352,0.9272482831013696,5.067846764009551,68,68,1.0,0.005,0.5683314967814872,-0.8227996777868294,-6.523844738406505e-08,True
BH-HF1R,SXS:BBH:0305,6,C,1005,Bstar,3687.6032815495482,2.107013680857108,1352,0.9272482831013696,1.091460679830233,68,60,0.8823529411764706,0.005,-0.6839949268300437,0.7294867648359066,-7.75372501381387e-08,True
BH-HF1R,SXS:BBH:0305,6,C,1006,Rstar,3687.603846373176,2.107578504484991,1352,0.9272536062143124,5.087653821995485,68,68,1.0,0.005,0.5692890938232,-0.8221374140944783,-6.459567438685534e-08,True
BH-HF1R,SXS:BBH:0305,6,C,1006,Estar,3687.603846373176,2.107578504484991,1352,0.9272536062143124,5.071379331010641,68,68,1.0,0.005,0.5683233345832515,-0.8228053155930443,-6.523378014960384e-08,True
BH-HF1R,SXS:BBH:0305,6,C,1006,Bstar,3687.603846373176,2.107578504484991,1352,0.9272536062143124,1.0914893987812548,68,60,0.8823529411764706,0.005,-0.6840002444187717,0.7294817788231963,-7.75307146238553e-08,True
BH-HF1R,SXS:BBH:0305,6,C,1007,Rstar,3687.60443973445,2.108171865758777,1352,0.9272591967600204,5.087861349834284,68,68,1.0,0.005,0.5692803024554062,-0.8221435016080082,-6.459083580343855e-08,True
BH-HF1R,SXS:BBH:0305,6,C,1007,Estar,3687.60443973445,2.108171865758777,1352,0.9272591967600204,5.0750926491381145,68,68,1.0,0.005,0.5683147609371495,-0.8228112374663743,-6.522887712521254e-08,True
BH-HF1R,SXS:BBH:0305,6,C,1007,Bstar,3687.60443973445,2.108171865758777,1352,0.9272591967600204,1.091519463566509,68,60,0.8823529411764706,0.005,-0.684005830072089,0.7294765413825084,-7.752384902502822e-08,True
BH-HF1R,SXS:BBH:0305,6,C,1008,Rstar,3687.60496307474,2.1086952060491058,1352,0.927264126153924,5.088045625646144,68,68,1.0,0.005,0.5692725493359436,-0.8221488700792281,-6.458656854610279e-08,True
BH-HF1R,SXS:BBH:0305,6,C,1008,Estar,3687.60496307474,2.1086952060491058,1352,0.927264126153924,5.0778134002013005,68,68,1.0,0.005,0.5683071998203811,-0.822816459869583,-6.522455312125636e-08,True
BH-HF1R,SXS:BBH:0305,6,C,1008,Bstar,3687.60496307474,2.1086952060491058,1352,0.927264126153924,1.091545890248058,68,60,0.8823529411764706,0.005,-0.6840107560827677,0.7294719223952861,-7.751779433321753e-08,True
BH-HF1R,SXS:BBH:0305,6,C,1009,Rstar,3687.605473331523,2.109205462832051,1352,0.9272689310964668,5.0882156843942665,68,68,1.0,0.005,0.5692649907879446,-0.8221541037197329,-6.458240835221728e-08,True
BH-HF1R,SXS:BBH:0305,6,C,1009,Estar,3687.605473331523,2.109205462832051,1352,0.9272689310964668,5.080254702324976,68,68,1.0,0.005,0.5682998284506853,-0.8228215511172016,-6.522033760899245e-08,True
BH-HF1R,SXS:BBH:0305,6,C,1009,Bstar,3687.605473331523,2.109205462832051,1352,0.9272689310964668,1.0915715755187174,68,60,0.8823529411764706,0.005,-0.6840155584829861,0.7294674192540765,-7.751189152411212e-08,True
BH-HF1R,SXS:BBH:0305,6,C,1010,Rstar,3687.605934992422,2.1096671237310147,1352,0.9272732773870812,5.08827470100689,68,68,1.0,0.005,0.5692581527302305,-0.8221588383944805,-6.457864433059943e-08,True
BH-HF1R,SXS:BBH:0305,6,C,1010,Estar,3687.605934992422,2.1096671237310147,1352,0.9272732773870812,5.082464060943615,68,68,1.0,0.005,0.5682931597241799,-0.8228261569801385,-6.521652351206935e-08,True
BH-HF1R,SXS:BBH:0305,6,C,1010,Bstar,3687.605934992422,2.1096671237310147,1352,0.9272732773870812,1.0915947457814186,68,60,0.8823529411764706,0.005,-0.6840199031231579,0.7294633452966501,-7.750655091206768e-08,True
BH-HF1R,SXS:BBH:0305,6,C,1011,Rstar,3687.6068244023404,2.1105565336492873,1352,0.9272816482481652,5.088388053654938,68,68,1.0,0.005,0.5692449806485563,-0.8221679585135999,-6.457139016452232e-08,True
BH-HF1R,SXS:BBH:0305,6,C,1011,Estar,3687.6068244023404,2.1105565336492873,1352,0.9272816482481652,5.086722004598072,68,68,1.0,0.005,0.5682803138093959,-0.822835028992258,-6.520917279959721e-08,True
BH-HF1R,SXS:BBH:0305,6,C,1011,Bstar,3687.6068244023404,2.1105565336492873,1352,0.9272816482481652,1.0916392015232188,68,60,0.8823529411764706,0.005,-0.6840282721881492,0.7294554975098133,-7.749625877927008e-08,True
BH-HF1R,SXS:BBH:0305,6,C,1012,Rstar,3687.607481877316,2.1112140086247564,1352,0.927287833686655,5.088471516131082,68,68,1.0,0.005,0.5692352449075438,-0.8221746991698569,-6.456603284779348e-08,True
BH-HF1R,SXS:BBH:0305,6,C,1012,Estar,3687.607481877316,2.1112140086247564,1352,0.927287833686655,5.08987084435516,68,68,1.0,0.005,0.5682708191335425,-0.8228415862857738,-6.520374417294392e-08,True
BH-HF1R,SXS:BBH:0305,6,C,1012,Bstar,3687.607481877316,2.1112140086247564,1352,0.927287833686655,1.0916719089282303,68,60,0.8823529411764706,0.005,-0.6840344579491128,0.7294496969210814,-7.748865705608991e-08,True
BH-HF1R,SXS:BBH:0305,6,C,1013,Rstar,3687.6080337653416,2.1117658966504678,1352,0.9272930242627689,5.088541372925992,68,68,1.0,0.005,0.569227073634627,-0.8221803565163516,-6.456153360190109e-08,True
BH-HF1R,SXS:BBH:0305,6,C,1013,Estar,3687.6080337653416,2.1117658966504678,1352,0.9272930242627689,5.0925148277873715,68,68,1.0,0.005,0.5682628501806196,-0.8228470897466883,-6.519918507909354e-08,True
BH-HF1R,SXS:BBH:0305,6,C,1013,Bstar,3687.6080337653416,2.1117658966504678,1352,0.9272930242627689,1.0916992625217363,68,60,0.8823529411764706,0.005,-0.6840396497113004,0.7294448283611557,-7.748227347673463e-08,True
BH-HF1R,SXS:BBH:0305,6,C,1014,Rstar,3687.6086225365007,2.112354667809541,1352,0.9272985602035619,5.088615697061588,68,68,1.0,0.005,0.5692183571975403,-0.8221863911725426,-6.45567397765121e-08,True
BH-HF1R,SXS:BBH:0305,6,C,1014,Estar,3687.6086225365007,2.112354667809541,1352,0.9272985602035619,5.095336348838098,68,68,1.0,0.005,0.5682543495541617,-0.822852960262508,-6.519432747804297e-08,True
BH-HF1R,SXS:BBH:0305,6,C,1014,Bstar,3687.6086225365007,2.112354667809541,1352,0.9272985602035619,1.0917283407936063,68,60,0.8823529411764706,0.005,-0.6840451878729459,0.7294396348895913,-7.747547124394309e-08,True
BH-HF1R,SXS:BBH:0305,6,C,1015,Rstar,3687.609153625031,2.1128857563398924,1352,0.9273035523744937,5.088835520699319,68,68,1.0,0.005,0.5692104955470058,-0.8221918339165916,-6.455241199440183e-08,True
BH-HF1R,SXS:BBH:0305,6,C,1015,Estar,3687.609153625031,2.1128857563398924,1352,0.9273035523744937,5.097882177582618,68,68,1.0,0.005,0.5682466825439281,-0.8228582549733678,-6.518994210759222e-08,True
BH-HF1R,SXS:BBH:0305,6,C,1015,Bstar,3687.609153625031,2.1128857563398924,1352,0.9273035523744937,1.0917544793839633,68,60,0.8823529411764706,0.005,-0.6840501829433548,0.7294349506399845,-7.746933075857447e-08,True
BH-HF1R,SXS:BBH:0305,6,C,1016,Rstar,3687.6096902899344,2.1134224212432855,1352,0.9273085956681223,5.090330882933956,68,68,1.0,0.005,0.5692025521614273,-0.822197333134153,-6.454803835662534e-08,True
BH-HF1R,SXS:BBH:0305,6,C,1016,Estar,3687.6096902899344,2.1134224212432855,1352,0.9273085956681223,5.10045544783299,68,68,1.0,0.005,0.5682389358157236,-0.8228636046289868,-6.518551030988965e-08,True
BH-HF1R,SXS:BBH:0305,6,C,1016,Bstar,3687.6096902899344,2.1134224212432855,1352,0.9273085956681223,1.0917808053163862,68,60,0.8823529411764706,0.005,-0.6840552299586379,0.7294302176125068,-7.746312547403966e-08,True
BH-HF1R,SXS:BBH:0305,6,C,1017,Rstar,3687.6102909618617,2.1140230931705446,1352,0.9273142389935424,5.092339331772334,68,68,1.0,0.005,0.569193662363586,-0.8222034874197043,-6.45431434420354e-08,True
BH-HF1R,SXS:BBH:0305,6,C,1017,Estar,3687.6102909618617,2.1140230931705446,1352,0.9273142389935424,5.103336474566552,68,68,1.0,0.005,0.5682302660979834,-0.8228695915454712,-6.518055023728494e-08,True
BH-HF1R,SXS:BBH:0305,6,C,1017,Bstar,3687.6102909618617,2.1140230931705446,1352,0.9273142389935424,1.0918101676719918,68,60,0.8823529411764706,0.005,-0.6840608783133878,0.7294249205786093,-7.745618061989346e-08,True
BH-HF1R,SXS:BBH:0305,6,C,1018,Rstar,3687.610851272253,2.1145834035619373,1352,0.9273195015719914,5.094213715739101,68,68,1.0,0.005,0.5691853708065937,-0.8222092274231397,-6.453857777300626e-08,True
BH-HF1R,SXS:BBH:0305,6,C,1018,Estar,3687.610851272253,2.1145834035619373,1352,0.9273195015719914,5.106022715827168,68,68,1.0,0.005,0.5682221798034892,-0.8228751754545565,-6.51759238677595e-08,True
BH-HF1R,SXS:BBH:0305,6,C,1018,Bstar,3687.610851272253,2.1145834035619373,1352,0.9273195015719914,1.0918374580071615,68,60,0.8823529411764706,0.005,-0.6840661465769267,0.7294199799206139,-7.744970311503743e-08,True
BH-HF1R,SXS:BBH:0305,6,C,1019,Rstar,3687.611483749667,2.1152158809759385,1352,0.9273254402871213,5.096330563006233,68,68,1.0,0.005,0.5691760123872213,-0.8222157058357482,-6.453342397466813e-08,True
BH-HF1R,SXS:BBH:0305,6,C,1019,Estar,3687.611483749667,2.1152158809759385,1352,0.9273254402871213,5.109058125635353,68,68,1.0,0.005,0.5682130530487284,-0.8228814777020071,-6.517070145954654e-08,True
BH-HF1R,SXS:BBH:0305,6,C,1019,Bstar,3687.611483749667,2.1152158809759385,1352,0.9273254402871213,1.09186814893721,68,60,0.8823529411764706,0.005,-0.6840720927161437,0.729414403454545,-7.744239115978411e-08,True
BH-HF1R,SXS:BBH:0305,6,C,1020,Rstar,3687.6120416165745,2.115773747883395,1352,0.9273306768301436,5.098198603017654,68,68,1.0,0.005,0.569167758851019,-0.8222214192567014,-6.452887952387228e-08,True
BH-HF1R,SXS:BBH:0305,6,C,1020,Estar,3687.6120416165745,2.115773747883395,1352,0.9273306768301436,5.111736274316158,68,68,1.0,0.005,0.5682050038187364,-0.8228870357681821,-6.51660965506985e-08,True
BH-HF1R,SXS:BBH:0305,6,C,1020,Bstar,3687.6120416165745,2.115773747883395,1352,0.9273306768301436,1.0918951184361245,68,60,0.8823529411764706,0.005,-0.6840773368529293,0.7294094852716121,-7.743594351236256e-08,True
BH-HF1R,SXS:BBH:0305,6,C,1021,Rstar,3687.612522781923,2.116254913231842,1352,0.9273351921728505,5.099810002504621,68,68,1.0,0.005,0.5691606407882666,-0.822226346560049,-6.452495963977884e-08,True
BH-HF1R,SXS:BBH:0305,6,C,1021,Estar,3687.612522781923,2.116254913231842,1352,0.9273351921728505,5.1140468132469845,68,68,1.0,0.005,0.5681980619493949,-0.8228918290984225,-6.516212444940331e-08,True
BH-HF1R,SXS:BBH:0305,6,C,1021,Bstar,3687.612522781923,2.116254913231842,1352,0.9273351921728505,1.0919183037571034,68,60,0.8823529411764706,0.005,-0.6840818595441305,0.7294052436352775,-7.743038223635734e-08,True
BH-HF1R,SXS:BBH:0305,6,C,1022,Rstar,3687.6129919181376,2.116724049446475,1352,0.9273395936662142,5.099581132179226,68,68,1.0,0.005,0.5691537013172011,-0.8222311501499601,-6.452113872554342e-08,True
BH-HF1R,SXS:BBH:0305,6,C,1022,Estar,3687.6129919181376,2.116724049446475,1352,0.9273395936662142,5.116300136628036,68,68,1.0,0.005,0.5681912942458455,-0.8228965020846952,-6.515825272061248e-08,True
BH-HF1R,SXS:BBH:0305,6,C,1022,Bstar,3687.6129919181376,2.116724049446475,1352,0.9273395936662142,1.0919407079864767,68,60,0.8823529411764706,0.005,-0.6840862687704239,0.729401108362027,-7.742496113286896e-08,True
BH-HF1R,SXS:BBH:0305,6,C,1023,Rstar,3687.613416374713,2.117148506021749,1352,0.9273435752453852,5.1001714176418025,68,68,1.0,0.005,0.5691474233089101,-0.8222354957923088,-6.451768180408661e-08,True
BH-HF1R,SXS:BBH:0305,6,C,1023,Estar,3687.613416374713,2.117148506021749,1352,0.9273435752453852,5.118339319708344,68,68,1.0,0.005,0.5681851716276846,-0.8229007295794643,-6.515474981443898e-08,True
BH-HF1R,SXS:BBH:0305,6,C,1023,Bstar,3687.613416374713,2.117148506021749,1352,0.9273435752453852,1.0919610446674872,68,60,0.8823529411764706,0.005,-0.6840902577170714,0.7293973672125399,-7.742005671873965e-08,True
BH-HF1R,SXS:BBH:0305,6,C,1024,Rstar,3687.614321929423,2.1180540607319926,1352,0.9273520669349982,5.101429200454048,68,68,1.0,0.005,0.56913403119401,-0.8222447655879918,-6.45102976056246e-08,True
BH-HF1R,SXS:BBH:0305,6,C,1024,Estar,3687.614321929423,2.1180540607319926,1352,0.9273520669349982,5.122691297114031,68,68,1.0,0.005,0.5681721109742269,-0.822909747366676,-6.514726746038179e-08,True
BH-HF1R,SXS:BBH:0305,6,C,1024,Bstar,3687.614321929423,2.1180540607319926,1352,0.9273520669349982,1.0920042427137708,68,60,0.8823529411764706,0.005,-0.6840987668980106,0.7293893864929866,-7.740958252650142e-08,True
BH-HF1R,SXS:BBH:0305,6,C,1025,Rstar,3687.614964842819,2.1186969741279427,1352,0.9273580932806836,5.102320831355881,68,68,1.0,0.005,0.5691245246212382,-0.8222513456812616,-6.450506132832383e-08,True
BH-HF1R,SXS:BBH:0305,6,C,1025,Estar,3687.614964842819,2.1186969741279427,1352,0.9273580932806836,5.125782251726304,68,68,1.0,0.005,0.5681628396826999,-0.822916148586043,-6.514196155874053e-08,True
BH-HF1R,SXS:BBH:0305,6,C,1025,Bstar,3687.614964842819,2.1186969741279427,1352,0.9273580932806836,1.0920347642627903,68,60,0.8823529411764706,0.005,-0.6841048072724336,0.7293837211418557,-7.740215388010363e-08,True
BH-HF1R,SXS:BBH:0305,6,C,1026,Rstar,3687.6155064804825,2.1192386117913884,1352,0.927363168895692,5.103071143188037,68,68,1.0,0.005,0.569116516509971,-0.8222568884695048,-6.45006506474884e-08,True
BH-HF1R,SXS:BBH:0305,6,C,1026,Estar,3687.6155064804825,2.1192386117913884,1352,0.927363168895692,5.128387079791031,68,68,1.0,0.005,0.5681550297592618,-0.8229215407067968,-6.513749209847489e-08,True
BH-HF1R,SXS:BBH:0305,6,C,1026,Bstar,3687.6155064804825,2.1192386117913884,1352,0.927363168895692,1.0920603818054464,68,60,0.8823529411764706,0.005,-0.6841098955506839,0.7293789487019942,-7.739589636323364e-08,True
BH-HF1R,SXS:BBH:0305,6,C,1027,Rstar,3687.616056576254,2.1197887075627477,1352,0.927368322398732,5.103832379879277,68,68,1.0,0.005,0.5691083841727326,-0.8222625171222979,-6.44961709238713e-08,True
BH-HF1R,SXS:BBH:0305,6,C,1027,Estar,3687.616056576254,2.1197887075627477,1352,0.927368322398732,5.131033315204174,68,68,1.0,0.005,0.5681470986773656,-0.8229270163656602,-6.513295268973002e-08,True
BH-HF1R,SXS:BBH:0305,6,C,1027,Bstar,3687.616056576254,2.1197887075627477,1352,0.927368322398732,1.0920863076586103,68,60,0.8823529411764706,0.005,-0.684115062778413,0.7293741021449021,-7.738954098107862e-08,True
BH-HF1R,SXS:BBH:0305,6,C,1028,Rstar,3687.616658182868,2.1203903141768023,1352,0.9273739569744935,5.10466397350841,68,68,1.0,0.005,0.5690994913184465,-0.8222686720172923,-6.449127232065852e-08,True
BH-HF1R,SXS:BBH:0305,6,C,1028,Estar,3687.616658182868,2.1203903141768023,1352,0.9273739569744935,5.13392818450524,68,68,1.0,0.005,0.568138425891192,-0.8229330039716929,-6.512798905736593e-08,True
BH-HF1R,SXS:BBH:0305,6,C,1028,Bstar,3687.616658182868,2.1203903141768023,1352,0.9273739569744935,1.0921145572169482,68,60,0.8823529411764706,0.005,-0.684120713247059,0.7293688022573556,-7.738259157548693e-08,True
BH-HF1R,SXS:BBH:0305,6,C,1029,Rstar,3687.6172147901025,2.1209469214113597,1352,0.9273792963844822,5.105420480463968,68,68,1.0,0.005,0.5690913057666539,-0.8222743372505316,-6.349234860490979e-08,True
BH-HF1R,SXS:BBH:0305,6,C,1029,Estar,3687.6172147901025,2.1209469214113597,1352,0.9273792963844822,5.136599504566516,68,68,1.0,0.005,0.5681304426297309,-0.8229385154173682,-6.411420391927317e-08,True
BH-HF1R,SXS:BBH:0305,6,C,1029,Bstar,3687.6172147901025,2.1209469214113597,1352,0.9273792963844822,1.0921403989480554,68,60,0.8823529411764706,0.005,-0.6841259036477739,0.7293639338204975,-7.61042194334273e-08,True
BH-HF1R,SXS:BBH:0305,6,C,1030,Rstar,3687.61783397679,2.1215661080987047,1352,0.9273849646334694,5.106286475785977,68,68,1.0,0.005,0.5690821138228219,-0.8222806988656273,-6.448169568909178e-08,True
BH-HF1R,SXS:BBH:0305,6,C,1030,Estar,3687.61783397679,2.1215661080987047,1352,0.9273849646334694,5.140907991417654,68,68,1.0,0.005,0.5681214784056675,-0.8229447039589929,-6.511828504392284e-08,True
BH-HF1R,SXS:BBH:0305,6,C,1030,Bstar,3687.61783397679,2.1215661080987047,1352,0.9273849646334694,1.0921694543973963,68,60,0.8823529411764706,0.005,-0.684131754859631,0.7293584454797765,-7.73690065641333e-08,True
BH-HF1R,SXS:BBH:0305,6,C,1031,Rstar,3687.6183718192724,2.122103950581277,1352,0.9273899961821975,5.106904563321583,68,68,1.0,0.005,0.5682187685304635,-0.8228775310395341,-6.480594690070406e-08,True
BH-HF1R,SXS:BBH:0305,6,C,1031,Estar,3687.6183718192724,2.122103950581277,1352,0.9273899961821975,5.145373665500251,68,68,1.0,0.005,0.5681137272013478,-0.8229500549640837,-6.511386725842123e-08,True
BH-HF1R,SXS:BBH:0305,6,C,1031,Bstar,3687.6183718192724,2.122103950581277,1352,0.9273899961821975,1.0921944233366319,68,60,0.8823529411764706,0.005,-0.6841368049375608,0.7293537085185897,-7.736281715012696e-08,True
BH-HF1R,SXS:BBH:0305,6,C,1032,Rstar,3687.618927452377,2.1226595836860724,1352,0.9273951952098418,5.109062976840264,68,68,1.0,0.005,0.5682106628165909,-0.8228831281910732,-6.480137969662823e-08,True
BH-HF1R,SXS:BBH:0305,6,C,1032,Estar,3687.618927452377,2.1226595836860724,1352,0.9273951952098418,5.150115719909852,68,68,1.0,0.005,0.5681057207730316,-0.8229555820486002,-6.510926799573688e-08,True
BH-HF1R,SXS:BBH:0305,6,C,1032,Bstar,3687.618927452377,2.1226595836860724,1352,0.9273951952098418,1.0922201352500578,68,60,0.8823529411764706,0.005,-0.6841420212909498,0.7293488155223998,-7.735638187264816e-08,True
BH-HF1R,SXS:BBH:0305,6,C,1033,Rstar,3687.6195282053395,2.1232603366484,1352,0.9274008143802862,5.110301362809456,68,68,1.0,0.005,0.5682018997553113,-0.8228891791210108,-6.479646003725708e-08,True
BH-HF1R,SXS:BBH:0305,6,C,1033,Estar,3687.6195282053395,2.1232603366484,1352,0.9274008143802862,5.155067131652794,68,68,1.0,0.005,0.5680970650447158,-0.8229615572355587,-6.510431386560689e-08,True
BH-HF1R,SXS:BBH:0305,6,C,1033,Bstar,3687.6195282053395,2.1232603366484,1352,0.9274008143802862,1.0922478289470376,68,60,0.8823529411764706,0.005,-0.6841476606927881,0.7293435256232687,-7.734944591097857e-08,True
BH-HF1R,SXS:BBH:0305,6,C,1034,Rstar,3687.619955152779,2.1236872840877368,1352,0.9274048063293642,5.110791649683193,68,68,1.0,0.005,0.568195672482894,-0.8228934789945219,-6.479296397350561e-08,True
BH-HF1R,SXS:BBH:0305,6,C,1034,Estar,3687.619955152779,2.1236872840877368,1352,0.9274048063293642,5.1585886860108,68,68,1.0,0.005,0.5680909140435472,-0.8229658032878175,-6.510079331752289e-08,True
BH-HF1R,SXS:BBH:0305,6,C,1034,Bstar,3687.619955152779,2.1236872840877368,1352,0.9274048063293642,1.092267443857736,68,60,0.8823529411764706,0.005,-0.6841516682196287,0.7293397664136333,-7.73445170037963e-08,True
BH-HF1R,SXS:BBH:0305,6,C,1035,Rstar,3687.620371426532,2.1241035578409537,1352,0.9274086978159318,5.110340981572366,68,68,1.0,0.005,0.5681896014136167,-0.8228976709442256,-6.47895549307698e-08,True
BH-HF1R,SXS:BBH:0305,6,C,1035,Estar,3687.620371426532,2.1241035578409537,1352,0.9274086978159318,5.161557486353509,68,68,1.0,0.005,0.5680849173297734,-0.8229699427697347,-6.509736034507209e-08,True
BH-HF1R,SXS:BBH:0305,6,C,1035,Bstar,3687.620371426532,2.1241035578409537,1352,0.9274086978159318,1.0922865172800442,68,60,0.8823529411764706,0.005,-0.6841555752227096,0.7293361014591814,-7.733971101282105e-08,True
BH-HF1R,SXS:BBH:0305,6,C,1036,Rstar,3687.620748055166,2.1244801864750116,1352,0.9274122180061307,5.109231728143151,68,68,1.0,0.005,0.5681841089469802,-0.8229014633235998,-6.478647071311539e-08,True
BH-HF1R,SXS:BBH:0305,6,C,1036,Estar,3687.620748055166,2.1244801864750116,1352,0.9274122180061307,5.163588734095145,68,68,1.0,0.005,0.56807949213014,-0.8229736876845808,-6.509425452280834e-08,True
BH-HF1R,SXS:BBH:0305,6,C,1036,Bstar,3687.620748055166,2.1244801864750116,1352,0.9274122180061307,1.092303728222114,68,60,0.8823529411764706,0.005,-0.6841591098798143,0.7293327857490395,-7.733536282395325e-08,True
BH-HF1R,SXS:BBH:0305,6,C,1037,Rstar,3687.6216130680777,2.1253451993866292,1352,0.9274203006508528,5.1066846309714595,68,68,1.0,0.005,0.5681714957724122,-0.8229101721280007,-6.477938664558399e-08,True
BH-HF1R,SXS:BBH:0305,6,C,1037,Estar,3687.6216130680777,2.1253451993866292,1352,0.9274203006508528,5.168257893578747,68,68,1.0,0.005,0.5680670334232584,-0.8229822874993693,-6.508712073532312e-08,True
BH-HF1R,SXS:BBH:0305,6,C,1037,Bstar,3687.6216130680777,2.1253451993866292,1352,0.9274203006508528,1.0923430934800495,68,60,0.8823529411764706,0.005,-0.6841672270638172,0.7293251712451733,-7.732537605453501e-08,True
BH-HF1R,SXS:BBH:0305,6,C,1038,Rstar,3687.6222243102957,2.1259564416045578,1352,0.927426009887567,5.104885190887501,68,68,1.0,0.005,0.5681625841838777,-0.8229163249890561,-6.477438293612625e-08,True
BH-HF1R,SXS:BBH:0305,6,C,1038,Estar,3687.6222243102957,2.1259564416045578,1352,0.927426009887567,5.171562005652726,68,68,1.0,0.005,0.568058230964672,-0.8229883633644421,-6.508208201504809e-08,True
BH-HF1R,SXS:BBH:0305,6,C,1038,Bstar,3687.6222243102957,2.1259564416045578,1352,0.927426009887567,1.092370778876551,68,60,0.8823529411764706,0.005,-0.6841729621126755,0.7293197912534402,-7.731832179422073e-08,True
BH-HF1R,SXS:BBH:0305,6,C,1039,Rstar,3687.622775525998,2.1265076573067745,1352,0.9274311570548173,5.103262813401292,68,68,1.0,0.005,0.5681545486657004,-0.822921872859429,-6.476987029785558e-08,True
BH-HF1R,SXS:BBH:0305,6,C,1039,Estar,3687.622775525998,2.1265076573067745,1352,0.9274311570548173,5.172726492050109,68,68,1.0,0.005,0.5680502938437019,-0.8229938418141899,-6.507753770603426e-08,True
BH-HF1R,SXS:BBH:0305,6,C,1039,Bstar,3687.622775525998,2.1265076573067745,1352,0.9274311570548173,1.0923956507339052,68,60,0.8823529411764706,0.005,-0.6841781333741411,0.7293149400723051,-7.731196003529435e-08,True
BH-HF1R,SXS:BBH:0305,6,C,1040,Rstar,3687.6233624851857,2.12709461649456,1352,0.9274366364809643,5.101622624398179,68,68,1.0,0.005,0.5681459929951439,-0.8229277797252672,-6.476506527653166e-08,True
BH-HF1R,SXS:BBH:0305,6,C,1040,Estar,3687.6233624851857,2.12709461649456,1352,0.9274366364809643,5.17242902282609,68,68,1.0,0.005,0.5680418429351187,-0.8229996747720316,-6.50726989731157e-08,True
BH-HF1R,SXS:BBH:0305,6,C,1040,Bstar,3687.6233624851857,2.12709461649456,1352,0.9274366364809643,1.0924220348283276,68,60,0.8823529411764706,0.005,-0.684183639395869,0.7293097747754498,-7.730518610929793e-08,True
BH-HF1R,SXS:BBH:0305,6,C,1041,Rstar,3687.6239912789947,2.127723410303588,1352,0.9274425047466963,5.099912143019698,68,68,1.0,0.005,0.568136828599756,-0.8229341067112284,-6.475991743471329e-08,True
BH-HF1R,SXS:BBH:0305,6,C,1041,Estar,3687.6239912789947,2.127723410303588,1352,0.9274425047466963,5.172110979227755,68,68,1.0,0.005,0.5680327907500287,-0.823005922598817,-6.506751501511774e-08,True
BH-HF1R,SXS:BBH:0305,6,C,1041,Bstar,3687.6239912789947,2.127723410303588,1352,0.9274425047466963,1.092450184903996,68,60,0.8823529411764706,0.005,-0.684189537176861,0.7293042418755747,-7.729792916312155e-08,True
BH-HF1R,SXS:BBH:0305,6,C,1042,Rstar,3687.624556938298,2.1282890696070353,1352,0.9274477821694446,5.098373566450635,68,68,1.0,0.005,0.5681285852763918,-0.822939797671641,-6.475528674197037e-08,True
BH-HF1R,SXS:BBH:0305,6,C,1042,Estar,3687.624556938298,2.1282890696070353,1352,0.9274477821694446,5.171825416321253,68,68,1.0,0.005,0.568024648354603,-0.8230115423623324,-6.506285191439971e-08,True
BH-HF1R,SXS:BBH:0305,6,C,1042,Bstar,3687.624556938298,2.1282890696070353,1352,0.9274477821694446,1.0924695778195725,68,62,0.9117647058823529,0.005,-0.6779304314481542,0.7351260640982019,-7.690835285717886e-08,True
BH-HF1R,SXS:BBH:0305,6,C,1043,Rstar,3687.6251691890484,2.128901320357272,1352,0.9274534926902199,5.097207601846296,68,68,1.0,0.005,0.5681196639922065,-0.8229459565399043,-6.475027930290012e-08,True
BH-HF1R,SXS:BBH:0305,6,C,1043,Estar,3687.6251691890484,2.128901320357272,1352,0.9274534926902199,5.171775370263312,68,68,1.0,0.005,0.5680158362939515,-0.8230176241850953,-6.505780927279656e-08,True
BH-HF1R,SXS:BBH:0305,6,C,1043,Bstar,3687.6251691890484,2.128901320357272,1352,0.9274534926902199,1.092477612795846,68,62,0.9117647058823529,0.005,-0.6779362786110334,0.7351206718240328,-7.690135290117649e-08,True
BH-HF1R,SXS:BBH:0305,6,C,1044,Rstar,3687.625701517527,2.1294336488358567,1352,0.9274584563210228,5.098606068301074,68,68,1.0,0.005,0.568111908106414,-0.8229513107515445,-6.474592314660583e-08,True
BH-HF1R,SXS:BBH:0305,6,C,1044,Estar,3687.625701517527,2.1294336488358567,1352,0.9274584563210228,5.173658327592387,68,68,1.0,0.005,0.5680081753595011,-0.8230229114215266,-6.505342268481059e-08,True
BH-HF1R,SXS:BBH:0305,6,C,1044,Bstar,3687.625701517527,2.1294336488358567,1352,0.9274584563210228,1.0924844921503607,68,62,0.9117647058823529,0.005,-0.6779413619524214,0.735115983878796,-7.689526394037151e-08,True
BH-HF1R,SXS:BBH:0305,6,C,1045,Rstar,3687.626242254218,2.129974385527021,1352,0.9274634970613382,5.099920055797447,68,68,1.0,0.005,0.5624653938228752,-0.8268208274781628,-6.501125020718462e-08,True
BH-HF1R,SXS:BBH:0305,6,C,1045,Estar,3687.626242254218,2.129974385527021,1352,0.9274634970613382,5.175570296843837,68,68,1.0,0.005,0.5680003942174456,-0.8230282815121375,-6.50489662048439e-08,True
BH-HF1R,SXS:BBH:0305,6,C,1045,Bstar,3687.626242254218,2.129974385527021,1352,0.9274634970613382,1.0924913774878764,68,62,0.9117647058823529,0.005,-0.6779465250523982,0.7351112223122241,-7.688907834096597e-08,True
BH-HF1R,SXS:BBH:0305,6,C,1046,Rstar,3687.6268340734505,2.1305662047593614,1352,0.9274690125612198,5.100926310726489,68,68,1.0,0.005,0.5624568393225675,-0.826826646824631,-6.500640331960967e-08,True
BH-HF1R,SXS:BBH:0305,6,C,1046,Estar,3687.6268340734505,2.1305662047593614,1352,0.9274690125612198,5.177662042970685,68,68,1.0,0.005,0.5679918789337817,-0.8230341581400301,-6.504409004458208e-08,True
BH-HF1R,SXS:BBH:0305,6,C,1046,Bstar,3687.6268340734505,2.1305662047593614,1352,0.9274690125612198,1.092498795486291,68,62,0.9117647058823529,0.005,-0.6779521752796281,0.7351060114253009,-7.68823099577761e-08,True
BH-HF1R,SXS:BBH:0305,6,C,1047,Rstar,3687.6273972248173,2.1311293561261664,1352,0.927474259370553,5.10188262789429,68,68,1.0,0.005,0.5624487000954184,-0.8268321835541779,-6.500178059312001e-08,True
BH-HF1R,SXS:BBH:0305,6,C,1047,Estar,3687.6273972248173,2.1311293561261664,1352,0.927474259370553,5.1804340632500185,68,68,1.0,0.005,0.5679837770087961,-0.8230397493771597,-6.503943926981912e-08,True
BH-HF1R,SXS:BBH:0305,6,C,1047,Bstar,3687.6273972248173,2.1311293561261664,1352,0.927474259370553,1.092505740168218,68,62,0.9117647058823529,0.005,-0.6779575512238717,0.7351010534195455,-7.687585716394209e-08,True
BH-HF1R,SXS:BBH:0305,6,C,1048,Rstar,3687.62793316631,2.131665297618838,1352,0.9274792512880398,5.102791653941666,68,68,1.0,0.005,0.562440954938685,-0.8268374521075204,-6.499739234539017e-08,True
BH-HF1R,SXS:BBH:0305,6,C,1048,Estar,3687.62793316631,2.131665297618838,1352,0.9274792512880398,5.18436256759314,68,68,1.0,0.005,0.5679760673384735,-0.8230450698052432,-6.50350245473971e-08,True
BH-HF1R,SXS:BBH:0305,6,C,1048,Bstar,3687.62793316631,2.131665297618838,1352,0.9274792512880398,1.092512245604579,68,62,0.9117647058823529,0.005,-0.6779626668889672,0.7350963353906709,-7.686972935349959e-08,True
BH-HF1R,SXS:BBH:0305,6,C,1049,Rstar,3687.628587576834,2.132319708142859,1352,0.9274853450462524,5.103900191313376,68,68,1.0,0.005,0.5624314988392701,-0.8268438843659714,-6.499201788803748e-08,True
BH-HF1R,SXS:BBH:0305,6,C,1049,Estar,3687.628587576834,2.132319708142859,1352,0.9274853450462524,5.189162577607687,68,68,1.0,0.005,0.567966654551936,-0.823051565405885,-6.502961778065129e-08,True
BH-HF1R,SXS:BBH:0305,6,C,1049,Bstar,3687.628587576834,2.132319708142859,1352,0.9274853450462524,1.0925200519774083,68,62,0.9117647058823529,0.005,-0.6779689126304291,0.7350905750359664,-7.686222805374036e-08,True
BH-HF1R,SXS:BBH:0305,6,C,1050,Rstar,3687.6292465508973,2.132978682206158,1352,0.9274914791339683,5.105014869173525,68,68,1.0,0.005,0.562421977934637,-0.8268503605466266,-6.498662321466582e-08,True
BH-HF1R,SXS:BBH:0305,6,C,1050,Estar,3687.6292465508973,2.132978682206158,1352,0.9274914791339683,5.19399676217471,68,68,1.0,0.005,0.5679571772424532,-0.8230581053721422,-6.502419051333846e-08,True
BH-HF1R,SXS:BBH:0305,6,C,1050,Bstar,3687.6292465508973,2.132978682206158,1352,0.9274914791339683,1.0925277602166767,68,62,0.9117647058823529,0.005,-0.6779752011868753,0.7350847750944173,-7.68546948893054e-08,True
BH-HF1R,SXS:BBH:0305,6,C,1051,Rstar,3687.629858302077,2.1335904333859617,1352,0.9274971720792328,5.1060482154869105,68,68,1.0,0.005,0.5624131404599119,-0.8268563717103564,-6.498161527933569e-08,True
BH-HF1R,SXS:BBH:0305,6,C,1051,Estar,3687.629858302077,2.1335904333859617,1352,0.9274971720792328,5.1965703226846065,68,68,1.0,0.005,0.5679483802212743,-0.8230641757506074,-6.501915229665981e-08,True
BH-HF1R,SXS:BBH:0305,6,C,1051,Bstar,3687.629858302077,2.1335904333859617,1352,0.9274971720792328,1.0925347827013128,68,62,0.9117647058823529,0.005,-0.6779810383312586,0.7350793914015428,-7.684770188687251e-08,True
BH-HF1R,SXS:BBH:0305,6,C,1052,Rstar,3687.6303693266395,2.134101457948418,1352,0.9275019262066286,5.106910363964023,68,68,1.0,0.005,0.562405758842774,-0.8268613925081273,-6.49774326305606e-08,True
BH-HF1R,SXS:BBH:0305,6,C,1052,Estar,3687.6303693266395,2.134101457948418,1352,0.9275019262066286,5.198596011087717,68,68,1.0,0.005,0.5679410323837789,-0.8230692460144791,-6.5014944288502e-08,True
BH-HF1R,SXS:BBH:0305,6,C,1052,Bstar,3687.6303693266395,2.134101457948418,1352,0.9275019262066286,1.0925405439785192,68,62,0.9117647058823529,0.005,-0.6779859138918274,0.7350748945272568,-7.684186121655463e-08,True
BH-HF1R,SXS:BBH:0305,6,C,1053,Rstar,3687.630934821711,2.1346669530198596,1352,0.9275071857773025,5.107863282723502,68,68,1.0,0.005,0.5623975912808238,-0.8268669477742615,-6.497280378172411e-08,True
BH-HF1R,SXS:BBH:0305,6,C,1053,Estar,3687.630934821711,2.1346669530198596,1352,0.9275071857773025,5.200836548824668,68,68,1.0,0.005,0.567932902188237,-0.8230748560198168,-6.501028748835472e-08,True
BH-HF1R,SXS:BBH:0305,6,C,1053,Bstar,3687.630934821711,2.1346669530198596,1352,0.9275071857773025,1.0925468153779885,68,62,0.9117647058823529,0.005,-0.6779913085696592,0.7350699187859583,-7.683539776388047e-08,True
BH-HF1R,SXS:BBH:0305,6,C,1054,Rstar,3687.6314632103913,2.1351953417001823,1352,0.9275120989250945,5.108752603614584,68,68,1.0,0.005,0.5623899604515005,-0.8268721378685797,-6.49684791953539e-08,True
BH-HF1R,SXS:BBH:0305,6,C,1054,Estar,3687.6314632103913,2.1351953417001823,1352,0.9275120989250945,5.202929044582947,68,68,1.0,0.005,0.5679253062602992,-0.823080097262193,-6.500593686792676e-08,True
BH-HF1R,SXS:BBH:0305,6,C,1054,Bstar,3687.6314632103913,2.1351953417001823,1352,0.9275120989250945,1.0925525748898242,68,62,0.9117647058823529,0.005,-0.6779963487383235,0.7350652699573664,-7.68293590520741e-08,True
BH-HF1R,SXS:BBH:0305,6,C,1055,Rstar,3687.632016684861,2.13574881616978,1352,0.9275172439970056,5.109683034905183,68,68,1.0,0.005,0.5623819681759056,-0.8268775736894735,-6.496394980547425e-08,True
BH-HF1R,SXS:BBH:0305,6,C,1055,Estar,3687.632016684861,2.13574881616978,1352,0.9275172439970056,5.205119822801086,68,68,1.0,0.005,0.567917350529473,-0.8230855866600869,-6.500138007425296e-08,True
BH-HF1R,SXS:BBH:0305,6,C,1055,Bstar,3687.632016684861,2.13574881616978,1352,0.9275172439970056,1.0925585026582303,68,62,0.9117647058823529,0.005,-0.6780016276445958,0.7350604008591899,-7.682303424969333e-08,True
BH-HF1R,SXS:BBH:0305,6,C,1056,Rstar,3687.632625765063,2.136357896371919,1352,0.927522904433647,5.114208797081114,68,68,1.0,0.005,0.5623731739356922,-0.8268835548234658,-6.495896563813404e-08,True
BH-HF1R,SXS:BBH:0305,6,C,1056,Estar,3687.632625765063,2.136357896371919,1352,0.927522904433647,5.207529444185099,68,68,1.0,0.005,0.5679085964894869,-0.8230916267544804,-6.499636567065038e-08,True
BH-HF1R,SXS:BBH:0305,6,C,1056,Bstar,3687.632625765063,2.136357896371919,1352,0.927522904433647,1.0925649025747999,68,62,0.9117647058823529,0.005,-0.678007436251398,0.7350550431007195,-7.681607466106134e-08,True
BH-HF1R,SXS:BBH:0305,6,C,1057,Rstar,3687.6332017544128,2.136933885721646,1352,0.9275282557382879,5.118767564844491,68,68,1.0,0.005,0.5623648584102712,-0.8268892102483811,-6.495425260154231e-08,True
BH-HF1R,SXS:BBH:0305,6,C,1057,Estar,3687.6332017544128,2.136933885721646,1352,0.9275282557382879,5.2098070362243565,68,68,1.0,0.005,0.5679003189647697,-0.8230973379374452,-6.499162415303641e-08,True
BH-HF1R,SXS:BBH:0305,6,C,1057,Bstar,3687.6332017544128,2.136933885721646,1352,0.9275282557382879,1.0925708360127582,68,62,0.9117647058823529,0.005,-0.6780129286704574,0.735049976910212,-7.680949366541254e-08,True
BH-HF1R,SXS:BBH:0305,6,C,1058,Rstar,3687.6338222191944,2.137554350503251,1352,0.9275340185963921,5.12072278392128,68,68,1.0,0.005,0.5623559018319353,-0.826895301519356,-6.494917616868522e-08,True
BH-HF1R,SXS:BBH:0305,6,C,1058,Estar,3687.6338222191944,2.137554350503251,1352,0.9275340185963921,5.212259057647302,68,68,1.0,0.005,0.5678914033045612,-0.823103489272626,-6.498651705323906e-08,True
BH-HF1R,SXS:BBH:0305,6,C,1058,Bstar,3687.6338222191944,2.137554350503251,1352,0.9275340185963921,1.0925770977726146,68,62,0.9117647058823529,0.005,-0.678018844508307,0.7350445200745426,-7.680240518780228e-08,True
BH-HF1R,SXS:BBH:0305,6,C,1059,Rstar,3687.634225521302,2.1379576526110213,1352,0.927537763318525,5.121702261029315,68,68,1.0,0.005,0.5623500805821551,-0.826899260411593,-6.494588043309019e-08,True
BH-HF1R,SXS:BBH:0305,6,C,1059,Estar,3687.634225521302,2.1379576526110213,1352,0.927537763318525,5.213852122285057,68,68,1.0,0.005,0.5678856086422263,-0.8231074872074995,-6.49832012915757e-08,True
BH-HF1R,SXS:BBH:0305,6,C,1059,Bstar,3687.634225521302,2.1379576526110213,1352,0.927537763318525,1.0925810963112914,68,62,0.9117647058823529,0.005,-0.6780226894605623,0.7350409733998914,-7.679780239661741e-08,True
BH-HF1R,SXS:BBH:0305,6,C,1060,Rstar,3687.6346187408576,2.138350872166484,1352,0.9275414138878563,5.125019183464466,68,68,1.0,0.005,0.5623444053393,-0.826903119950327,-6.494266300331595e-08,True
BH-HF1R,SXS:BBH:0305,6,C,1060,Estar,3687.6346187408576,2.138350872166484,1352,0.9275414138878563,5.2154048003248565,68,68,1.0,0.005,0.5678799593151878,-0.8231113848126367,-6.497996448018928e-08,True
BH-HF1R,SXS:BBH:0305,6,C,1060,Bstar,3687.6346187408576,2.138350872166484,1352,0.9275414138878563,1.092584939948361,68,62,0.9117647058823529,0.005,-0.6780264379694426,0.7350375156510472,-7.679331000054046e-08,True
BH-HF1R,SXS:BBH:0305,6,C,1061,Rstar,3687.6349745109314,2.1387066422403223,1352,0.9275447161845183,5.128021620549131,68,68,1.0,0.005,0.5623392709588436,-0.8269066116179458,-6.493975202415807e-08,True
BH-HF1R,SXS:BBH:0305,6,C,1061,Estar,3687.6349745109314,2.1387066422403223,1352,0.9275447161845183,5.216809135033945,68,68,1.0,0.005,0.5678748483761537,-0.8231149109217716,-6.497703594176789e-08,True
BH-HF1R,SXS:BBH:0305,6,C,1061,Bstar,3687.6349745109314,2.1387066422403223,1352,0.9275447161845183,1.0925883701033219,68,62,0.9117647058823529,0.005,-0.6780298292429916,0.7350343873974291,-7.678924545942195e-08,True
BH-HF1R,SXS:BBH:0305,6,C,1062,Rstar,3687.6357287860797,2.139460917388533,1352,0.9275517156394748,5.1322011817255655,68,68,1.0,0.005,0.562328386631615,-0.8269140134187356,-6.493358035780878e-08,True
BH-HF1R,SXS:BBH:0305,6,C,1062,Estar,3687.6357287860797,2.139460917388533,1352,0.9275517156394748,5.219784990678448,68,68,1.0,0.005,0.5678640137284566,-0.82312238574358,-6.497082689482191e-08,True
BH-HF1R,SXS:BBH:0305,6,C,1062,Bstar,3687.6357287860797,2.139460917388533,1352,0.9275517156394748,1.0925954967017735,68,62,0.9117647058823529,0.005,-0.6780370183783292,0.7350277557402982,-7.678062835931173e-08,True
BH-HF1R,SXS:BBH:0305,6,C,1063,Rstar,3687.6362767523133,2.1400088836221585,1352,0.927556799066672,5.133106438193848,68,68,1.0,0.005,0.5623204804028294,-0.8269193898558233,-6.492909929621145e-08,True
BH-HF1R,SXS:BBH:0305,6,C,1063,Estar,3687.6362767523133,2.1400088836221585,1352,0.927556799066672,5.221945593905635,68,68,1.0,0.005,0.5678561435749746,-0.8231278152292957,-6.496631869269346e-08,True
BH-HF1R,SXS:BBH:0305,6,C,1063,Bstar,3687.6362767523133,2.1400088836221585,1352,0.927556799066672,1.0926005407172268,68,62,0.9117647058823529,0.005,-0.6780422404639196,0.7350229385173381,-7.677437128461643e-08,True
BH-HF1R,SXS:BBH:0305,6,C,1064,Rstar,3687.636827755746,2.1405598870546783,1352,0.9275619091544467,5.134015531721764,68,68,1.0,0.005,0.5623125311430358,-0.8269247954436413,-6.492459272040513e-08,True
BH-HF1R,SXS:BBH:0305,6,C,1064,Estar,3687.636827755746,2.1405598870546783,1352,0.9275619091544467,5.224117074883213,68,68,1.0,0.005,0.5678482305766733,-0.8231332741609568,-6.496178488625144e-08,True
BH-HF1R,SXS:BBH:0305,6,C,1064,Bstar,3687.636827755746,2.1405598870546783,1352,0.9275619091544467,1.0926055193004804,68,62,0.9117647058823529,0.005,-0.6780474909797178,0.7350180949990984,-7.676807877757071e-08,True
BH-HF1R,SXS:BBH:0305,6,C,1065,Rstar,3687.6374689728796,2.14120110418844,1352,0.9275678542850416,5.135071960422743,68,68,1.0,0.005,0.5623032814703104,-0.8269310851864965,-6.491934870205348e-08,True
BH-HF1R,SXS:BBH:0305,6,C,1065,Estar,3687.6374689728796,2.14120110418844,1352,0.9275678542850416,5.226642702092734,68,68,1.0,0.005,0.5678390230851169,-0.823139625981969,-6.495650907981518e-08,True
BH-HF1R,SXS:BBH:0305,6,C,1065,Bstar,3687.6374689728796,2.14120110418844,1352,0.9275678542850416,1.0926112573754148,68,62,0.9117647058823529,0.005,-0.6780536004231458,0.7350124590462417,-7.676075672480473e-08,True
BH-HF1R,SXS:BBH:0305,6,C,1066,Rstar,3687.638169978616,2.141902109925013,1352,0.9275743514886395,5.136225050576401,68,68,1.0,0.005,0.562293170589253,-0.8269379603747073,-6.491361561914233e-08,True
BH-HF1R,SXS:BBH:0305,6,C,1066,Estar,3687.638169978616,2.141902109925013,1352,0.9275743514886395,5.229402107646906,68,68,1.0,0.005,0.5678289582969611,-0.8231465690382144,-6.495074153724475e-08,True
BH-HF1R,SXS:BBH:0305,6,C,1066,Bstar,3687.638169978616,2.141902109925013,1352,0.9275743514886395,1.092617292356193,68,62,0.9117647058823529,0.005,-0.6780602787075773,0.7350062982308362,-7.675275199801983e-08,True
BH-HF1R,SXS:BBH:0305,6,C,1067,Rstar,3687.6387930672604,2.142525198569274,1352,0.9275801246684757,5.137248326853827,68,68,1.0,0.005,0.5622841846981831,-0.826944070441463,-6.490852039308285e-08,True
BH-HF1R,SXS:BBH:0305,6,C,1067,Estar,3687.6387930672604,2.142525198569274,1352,0.9275801246684757,5.232379104636165,68,68,1.0,0.005,0.5678200133570237,-0.8231527394300678,-6.494561547198843e-08,True
BH-HF1R,SXS:BBH:0305,6,C,1067,Bstar,3687.6387930672604,2.142525198569274,1352,0.9275801246684757,1.092622516785805,68,62,0.9117647058823529,0.005,-0.6780662139294625,0.7350008228072663,-7.674563780882779e-08,True
BH-HF1R,SXS:BBH:0305,6,C,1068,Rstar,3687.6394240174477,2.1431561487565887,1352,0.9275859689562413,5.138282950729008,68,68,1.0,0.005,0.5622750865357093,-0.8269502567030598,-6.490336156712826e-08,True
BH-HF1R,SXS:BBH:0305,6,C,1068,Estar,3687.6394240174477,2.1431561487565887,1352,0.9275859689562413,5.236522006524194,68,68,1.0,0.005,0.5678109566445005,-0.8231589867786495,-6.494042535709721e-08,True
BH-HF1R,SXS:BBH:0305,6,C,1068,Bstar,3687.6394240174477,2.1431561487565887,1352,0.9275859689562413,1.0926276714656047,68,62,0.9117647058823529,0.005,-0.6780722233092858,0.734995278880345,-7.673843487482567e-08,True
BH-HF1R,SXS:BBH:0305,6,C,1069,Rstar,3687.6399581155615,2.143690246870392,1352,0.9275909148216581,5.139157514481402,68,68,1.0,0.005,0.562267385850676,-0.8269554926407121,-6.48989955317776e-08,True
BH-HF1R,SXS:BBH:0305,6,C,1069,Estar,3687.6399581155615,2.143690246870392,1352,0.9275909148216581,5.2400296505303166,68,68,1.0,0.005,0.567803291032808,-0.8231642744266228,-6.493603301593549e-08,True
BH-HF1R,SXS:BBH:0305,6,C,1069,Bstar,3687.6399581155615,2.143690246870392,1352,0.9275909148216581,1.09263193019864,68,62,0.9117647058823529,0.005,-0.6780773096462472,0.7349905864314872,-7.673233873879651e-08,True
BH-HF1R,SXS:BBH:0305,6,C,1070,Rstar,3687.640486527375,2.1442186586837124,1352,0.9275958066848248,5.14002166463465,68,68,1.0,0.005,0.5622597678973008,-0.8269606722233345,-6.489467541201951e-08,True
BH-HF1R,SXS:BBH:0305,6,C,1070,Estar,3687.640486527375,2.1442186586837124,1352,0.9275958066848248,5.24340680940399,68,68,1.0,0.005,0.5677957077666335,-0.8231695051699763,-6.493168679258907e-08,True
BH-HF1R,SXS:BBH:0305,6,C,1070,Bstar,3687.640486527375,2.1442186586837124,1352,0.9275958066848248,1.0926360460809792,68,62,0.9117647058823529,0.005,-0.6780823413448333,0.7349859443256742,-7.672630700406208e-08,True
BH-HF1R,SXS:BBH:0305,6,C,1071,Rstar,3687.6409725126346,2.1447046439434416,1352,0.9276003046058963,5.141194442439505,68,68,1.0,0.005,0.5622527622553323,-0.8269654353939132,-6.489069710947195e-08,True
BH-HF1R,SXS:BBH:0305,6,C,1071,Estar,3687.6409725126346,2.1447046439434416,1352,0.9276003046058963,5.246225350032923,68,68,1.0,0.005,0.5622527622553323,-0.8269654353939132,-6.489069710947195e-08,True
BH-HF1R,SXS:BBH:0305,6,C,1071,Bstar,3687.6409725126346,2.1447046439434416,1352,0.9276003046058963,1.0926397473272764,68,62,0.9117647058823529,0.005,-0.6780869686129997,0.7349816752798854,-7.67207535006973e-08,True
BH-HF1R,SXS:BBH:0305,6,C,1072,Rstar,3687.641446348263,2.1451784795717685,1352,0.9276046891267894,5.1431908912257915,68,68,1.0,0.005,0.5622459324051554,-0.8269700789592409,-6.488683528217823e-08,True
BH-HF1R,SXS:BBH:0305,6,C,1072,Estar,3687.641446348263,2.1451784795717685,1352,0.9276046891267894,5.24877275955026,68,68,1.0,0.005,0.5622459324051554,-0.8269700789592409,-6.488683528217823e-08,True
BH-HF1R,SXS:BBH:0305,6,C,1072,Bstar,3687.641446348263,2.1451784795717685,1352,0.9276046891267894,1.0926432782658542,68,62,0.9117647058823529,0.005,-0.6780914797677586,0.7349775133066084,-7.671535932058512e-08,True
BH-HF1R,SXS:BBH:0305,6,C,1073,Rstar,3687.641875056688,2.1456071879970295,1352,0.9276086551708325,5.144997116670292,68,68,1.0,0.005,0.5622397535506566,-0.8269742798462918,-6.488333147806723e-08,True
BH-HF1R,SXS:BBH:0305,6,C,1073,Estar,3687.641875056688,2.1456071879970295,1352,0.9276086551708325,5.25107778873497,68,68,1.0,0.005,0.5622397535506566,-0.8269742798462918,-6.488333147806723e-08,True
BH-HF1R,SXS:BBH:0305,6,C,1073,Bstar,3687.641875056688,2.1456071879970295,1352,0.9276086551708325,1.0926464069443718,68,62,0.9117647058823529,0.005,-0.6780955609375366,0.7349737479915874,-7.67104673361349e-08,True
BH-HF1R,SXS:BBH:0305,6,C,1074,Rstar,3687.6426695456885,2.146401676997357,1352,0.9276160031360012,5.144506893744485,68,68,1.0,0.005,0.5622283041815201,-0.8269820638787566,-6.487683744463047e-08,True
BH-HF1R,SXS:BBH:0305,6,C,1074,Estar,3687.6426695456885,2.146401676997357,1352,0.9276160031360012,5.255350083531648,68,68,1.0,0.005,0.5622283041815201,-0.8269820638787566,-6.487683744463047e-08,True
BH-HF1R,SXS:BBH:0305,6,C,1074,Bstar,3687.6426695456885,2.146401676997357,1352,0.9276160031360012,1.092652038259893,68,62,0.9117647058823529,0.005,-0.6781031233160023,0.7349667707788407,-7.670140053738417e-08,True
BH-HF1R,SXS:BBH:0305,6,C,1075,Rstar,3687.6432736762395,2.1470058075483394,1352,0.9276215885155124,5.143648036044795,68,68,1.0,0.005,0.5622195992203847,-0.8269879819274678,-6.487190015254887e-08,True
BH-HF1R,SXS:BBH:0305,6,C,1075,Estar,3687.6432736762395,2.1470058075483394,1352,0.9276215885155124,5.2585992303074995,68,68,1.0,0.005,0.5622195992203847,-0.8269879819274678,-6.487190015254887e-08,True
BH-HF1R,SXS:BBH:0305,6,C,1075,Bstar,3687.6432736762395,2.1470058075483394,1352,0.9276215885155124,1.0926561773277408,68,62,0.9117647058823529,0.005,-0.6781088729972986,0.734961465903028,-7.669450719194445e-08,True
BH-HF1R,SXS:BBH:0305,6,C,1076,Rstar,3687.6438315306627,2.147563661971617,1352,0.927626744669042,5.142854876062477,68,68,1.0,0.005,0.5622115619825917,-0.8269934459069734,-6.486734259796207e-08,True
BH-HF1R,SXS:BBH:0305,6,C,1076,Estar,3687.6438315306627,2.147563661971617,1352,0.927626744669042,5.2615998740110355,68,68,1.0,0.005,0.5622115619825917,-0.8269934459069734,-6.486734259796207e-08,True
BH-HF1R,SXS:BBH:0305,6,C,1076,Bstar,3687.6438315306627,2.147563661971617,1352,0.927626744669042,1.0926598902205023,68,62,0.9117647058823529,0.005,-0.6781141816405183,0.7349565678718739,-7.668814372482162e-08,True
BH-HF1R,SXS:BBH:0305,6,C,1077,Rstar,3687.644427667905,2.148159799213772,1352,0.9276322531119443,5.14204126062373,68,68,1.0,0.005,0.5622029741220743,-0.8269992840917639,-6.486247028156368e-08,True
BH-HF1R,SXS:BBH:0305,6,C,1077,Estar,3687.644427667905,2.148159799213772,1352,0.9276322531119443,5.264806837239162,68,68,1.0,0.005,0.5622029741220743,-0.8269992840917639,-6.486247028156368e-08,True
BH-HF1R,SXS:BBH:0305,6,C,1077,Bstar,3687.644427667905,2.148159799213772,1352,0.9276322531119443,1.0926637403317645,68,62,0.9117647058823529,0.005,-0.6781198539790187,0.7349513341980326,-7.668134155028283e-08,True
BH-HF1R,SXS:BBH:0305,6,C,1078,Rstar,3687.645094364036,2.14882649534502,1352,0.9276384115156232,5.143171297387021,68,68,1.0,0.005,0.5621933709283405,-0.827005812364233,-6.485702182394461e-08,True
BH-HF1R,SXS:BBH:0305,6,C,1078,Estar,3687.645094364036,2.14882649534502,1352,0.9276384115156232,5.265373082729074,68,68,1.0,0.005,0.5621933709283405,-0.827005812364233,-6.485702182394461e-08,True
BH-HF1R,SXS:BBH:0305,6,C,1078,Bstar,3687.645094364036,2.14882649534502,1352,0.9276384115156232,1.0926679021749632,68,62,0.9117647058823529,0.005,-0.6781261969588458,0.734945481650256,-7.667373485537121e-08,True
BH-HF1R,SXS:BBH:0305,6,C,1079,Rstar,3687.64566981264,2.14940194394876,1352,0.9276437255980188,5.142914502908305,68,68,1.0,0.005,0.5621850831292708,-0.8270114462974081,-6.485232092522223e-08,True
BH-HF1R,SXS:BBH:0305,6,C,1079,Estar,3687.64566981264,2.14940194394876,1352,0.9276437255980188,5.265309059292804,68,68,1.0,0.005,0.5621850831292708,-0.8270114462974081,-6.485232092522223e-08,True
BH-HF1R,SXS:BBH:0305,6,C,1079,Bstar,3687.64566981264,2.14940194394876,1352,0.9276437255980188,1.0926713756134785,68,62,0.9117647058823529,0.005,-0.6781316711036003,0.734940430678727,-7.66671716880247e-08,True
BH-HF1R,SXS:BBH:0305,6,C,1080,Rstar,3687.646267085958,2.149999217266668,1352,0.927649282363811,5.14447883346058,68,68,1.0,0.005,0.5621764735703112,-0.8270172988299853,-6.382991476165221e-08,True
BH-HF1R,SXS:BBH:0305,6,C,1080,Estar,3687.646267085958,2.149999217266668,1352,0.927649282363811,5.265867145664126,68,68,1.0,0.005,0.5621764735703112,-0.8270172988299853,-6.382991476165221e-08,True
BH-HF1R,SXS:BBH:0305,6,C,1080,Bstar,3687.646267085958,2.149999217266668,1352,0.927649282363811,1.092674830010017,68,62,0.9117647058823529,0.005,-0.6781373556846585,0.7349351854585637,-7.540220727839052e-08,True
BH-HF1R,SXS:BBH:0305,6,C,1081,Rstar,3687.646794213187,2.150526344496029,1352,0.9276541048788244,5.145892641502017,68,68,1.0,0.005,0.5621688917212283,-0.8270224526461913,-6.484310290853194e-08,True
BH-HF1R,SXS:BBH:0305,6,C,1081,Estar,3687.646794213187,2.150526344496029,1352,0.9276541048788244,5.26722778331333,68,68,1.0,0.005,0.5621688917212283,-0.8270224526461913,-6.484310290853194e-08,True
BH-HF1R,SXS:BBH:0305,6,C,1081,Bstar,3687.646794213187,2.150526344496029,1352,0.9276541048788244,1.0926778372385453,68,62,0.9117647058823529,0.005,-0.678142365650197,0.7349305626454438,-7.665430959253898e-08,True
BH-HF1R,SXS:BBH:0305,6,C,1082,Rstar,3687.6473301708256,2.1510623021345054,1352,0.9276590487672465,5.147313125830961,68,68,1.0,0.005,0.5621611749654626,-0.8270276980618281,-6.483885740459851e-08,True
BH-HF1R,SXS:BBH:0305,6,C,1082,Estar,3687.6473301708256,2.1510623021345054,1352,0.9276590487672465,5.268606205336452,68,68,1.0,0.005,0.5621611749654626,-0.8270276980618281,-6.483885740459851e-08,True
BH-HF1R,SXS:BBH:0305,6,C,1082,Bstar,3687.6473301708256,2.1510623021345054,1352,0.9276590487672465,1.0926807624373263,68,62,0.9117647058823529,0.005,-0.6781474626326575,0.7349258594748741,-7.664835193069786e-08,True
BH-HF1R,SXS:BBH:0305,6,C,1083,Rstar,3687.6477877732655,2.151519904574343,1352,0.9276632708015026,5.148526434495707,68,68,1.0,0.005,0.5621545872934686,-0.8270321759066607,-6.483502446942334e-08,True
BH-HF1R,SXS:BBH:0305,6,C,1083,Estar,3687.6477877732655,2.151519904574343,1352,0.9276632708015026,5.269783281162046,68,68,1.0,0.005,0.5621545872934686,-0.8270321759066607,-6.483502446942334e-08,True
BH-HF1R,SXS:BBH:0305,6,C,1083,Bstar,3687.6477877732655,2.151519904574343,1352,0.9276632708015026,1.0926831917382425,68,62,0.9117647058823529,0.005,-0.6781518138272616,0.7349218444180232,-7.664302268198543e-08,True
BH-HF1R,SXS:BBH:0305,6,C,1084,Rstar,3687.6482339356444,2.151966066953264,1352,0.9276673859750519,5.149703443043172,68,68,1.0,0.005,0.5621481647695279,-0.8270365414213858,-6.483137268685153e-08,True
BH-HF1R,SXS:BBH:0305,6,C,1084,Estar,3687.6482339356444,2.151966066953264,1352,0.9276673859750519,5.270931018949139,68,68,1.0,0.005,0.5621481647695279,-0.8270365414213858,-6.483137268685153e-08,True
BH-HF1R,SXS:BBH:0305,6,C,1084,Bstar,3687.6482339356444,2.151966066953264,1352,0.9276673859750519,1.092685486958435,68,62,0.9117647058823529,0.005,-0.6781560559590445,0.7349179299527719,-7.663792613670681e-08,True
BH-HF1R,SXS:BBH:0305,6,C,1085,Rstar,3687.648637606368,2.1523697376769633,1352,0.9276711082602578,5.1507744997502884,68,68,1.0,0.005,0.5621423543836986,-0.8270404907910784,-6.482807643063778e-08,True
BH-HF1R,SXS:BBH:0305,6,C,1085,Estar,3687.648637606368,2.1523697376769633,1352,0.9276711082602578,5.271969546536659,68,68,1.0,0.005,0.5621423543836986,-0.8270404907910784,-6.482807643063778e-08,True
BH-HF1R,SXS:BBH:0305,6,C,1085,Bstar,3687.648637606368,2.1523697376769633,1352,0.9276711082602578,1.092687508107934,68,62,0.9117647058823529,0.005,-0.6781598937596504,0.7349143885486893,-7.663332419739792e-08,True
BH-HF1R,SXS:BBH:0305,6,C,1086,Rstar,3687.6494215121547,2.153153643463611,1352,0.9276783344694376,5.1525518336641145,68,68,1.0,0.005,0.5621310721861348,-0.8270481592282654,-6.482167444269755e-08,True
BH-HF1R,SXS:BBH:0305,6,C,1086,Estar,3687.6494215121547,2.153153643463611,1352,0.9276783344694376,5.27320737093055,68,68,1.0,0.005,0.5621310721861348,-0.8270481592282654,-6.482167444269755e-08,True
BH-HF1R,SXS:BBH:0305,6,C,1086,Bstar,3687.6494215121547,2.153153643463611,1352,0.9276783344694376,1.0926665886592435,68,62,0.9117647058823529,0.005,-0.6781673457480738,0.7349075119775321,-7.66243865247875e-08,True
BH-HF1R,SXS:BBH:0305,6,C,1087,Rstar,3687.6500065829405,2.153738714249357,1352,0.9276837259238282,5.15187055277819,68,68,1.0,0.005,0.5621226527886918,-0.8270538816919971,-6.481689739154036e-08,True
BH-HF1R,SXS:BBH:0305,6,C,1087,Estar,3687.6500065829405,2.153738714249357,1352,0.9276837259238282,5.27097483852383,68,68,1.0,0.005,0.5621226527886918,-0.8270538816919971,-6.481689739154036e-08,True
BH-HF1R,SXS:BBH:0305,6,C,1087,Bstar,3687.6500065829405,2.153738714249357,1352,0.9276837259238282,1.0925907049043737,68,62,0.9117647058823529,0.005,-0.6781729068288157,0.7349023802134189,-7.661771725879736e-08,True
BH-HF1R,SXS:BBH:0305,6,C,1088,Rstar,3687.650560962153,2.1542930934620017,1352,0.9276888332577221,5.151223726950054,68,68,1.0,0.005,0.5621146759652552,-0.8270593032331309,-6.481237023393168e-08,True
BH-HF1R,SXS:BBH:0305,6,C,1088,Estar,3687.650560962153,2.1542930934620017,1352,0.9276888332577221,5.268860124124812,68,68,1.0,0.005,0.5621146759652552,-0.8270593032331309,-6.481237023393168e-08,True
BH-HF1R,SXS:BBH:0305,6,C,1088,Bstar,3687.650560962153,2.1542930934620017,1352,0.9276888332577221,1.0925187202492008,68,62,0.9117647058823529,0.005,-0.6781781755824647,0.7348975181368038,-7.661139726132862e-08,True
BH-HF1R,SXS:BBH:0305,6,C,1089,Rstar,3687.651163556892,2.154895688200668,1352,0.9276943832351761,5.1505192554065315,68,68,1.0,0.005,0.5621060063305198,-0.8270651955239984,-6.480744977173131e-08,True
BH-HF1R,SXS:BBH:0305,6,C,1089,Estar,3687.651163556892,2.154895688200668,1352,0.9276943832351761,5.266562255233669,68,68,1.0,0.005,0.5621060063305198,-0.8270651955239984,-6.480744977173131e-08,True
BH-HF1R,SXS:BBH:0305,6,C,1089,Bstar,3687.651163556892,2.154895688200668,1352,0.9276943832351761,1.0924077785307147,68,62,0.9117647058823529,0.005,-0.6781839019480737,0.7348922336904097,-7.660452816882975e-08,True
BH-HF1R,SXS:BBH:0305,6,C,1090,Rstar,3687.651848346841,2.155580478149659,1352,0.9277006881302103,5.149716932192257,68,68,1.0,0.005,0.5620961553188616,-0.8270718905728509,-6.480185952995936e-08,True
BH-HF1R,SXS:BBH:0305,6,C,1090,Estar,3687.651848346841,2.155580478149659,1352,0.9277006881302103,5.265674551560048,68,68,1.0,0.005,0.5620961553188616,-0.8270718905728509,-6.480185952995936e-08,True
BH-HF1R,SXS:BBH:0305,6,C,1090,Bstar,3687.651848346841,2.155580478149659,1352,0.9277006881302103,1.0922375110074054,68,62,0.9117647058823529,0.005,-0.6781904086294439,0.7348862290470695,-7.659672385784617e-08,True
BH-HF1R,SXS:BBH:0305,6,C,1091,Rstar,3687.652443822408,2.1561759537166836,1352,0.9277061691551924,5.149017699494169,68,68,1.0,0.005,0.5620875902539311,-0.8270777115135705,-6.47970282845067e-08,True
BH-HF1R,SXS:BBH:0305,6,C,1091,Estar,3687.652443822408,2.1561759537166836,1352,0.9277061691551924,5.266947384989967,68,68,1.0,0.005,0.5620875902539311,-0.8270777115135705,-6.47970282845067e-08,True
BH-HF1R,SXS:BBH:0305,6,C,1091,Bstar,3687.652443822408,2.1561759537166836,1352,0.9277061691551924,1.0920891557436696,68,62,0.9117647058823529,0.005,-0.6781960659232783,0.7348810081681133,-7.658997259857838e-08,True
BH-HF1R,SXS:BBH:0305,6,C,1092,Rstar,3687.6530440608494,2.156776192158304,1352,0.9277116923374278,5.148311445246128,68,68,1.0,0.005,0.5620789576388581,-0.8270835782311305,-6.479212844534874e-08,True
BH-HF1R,SXS:BBH:0305,6,C,1092,Estar,3687.6530440608494,2.156776192158304,1352,0.9277116923374278,5.268025836951823,68,68,1.0,0.005,0.5764003141391091,-0.8171674723459886,-6.472837957341601e-08,True
BH-HF1R,SXS:BBH:0305,6,C,1092,Bstar,3687.6530440608494,2.156776192158304,1352,0.9277116923374278,1.0919393363640308,68,62,0.9117647058823529,0.005,-0.6782017678407969,0.7348757460262327,-7.65831323422844e-08,True
BH-HF1R,SXS:BBH:0305,6,C,1093,Rstar,3687.6535630447875,2.1572951760963406,1352,0.9277164664508722,5.147697901405129,68,68,1.0,0.005,0.5620714944123644,-0.8270886501270871,-6.478789163326561e-08,True
BH-HF1R,SXS:BBH:0305,6,C,1093,Estar,3687.6535630447875,2.1572951760963406,1352,0.9277164664508722,5.2671260436898875,68,68,1.0,0.005,0.5763929511150503,-0.8171726659065873,-6.472406379653758e-08,True
BH-HF1R,SXS:BBH:0305,6,C,1093,Bstar,3687.6535630447875,2.1572951760963406,1352,0.9277164664508722,1.0918095731609063,68,62,0.9117647058823529,0.005,-0.6782066973686314,0.7348711966353886,-7.657721792469015e-08,True
BH-HF1R,SXS:BBH:0305,6,C,1094,Rstar,3687.6540873193167,2.1578194506255386,1352,0.9277212880587468,5.147078754250832,68,68,1.0,0.005,0.5620639558743299,-0.827093773103688,-6.478361212557313e-08,True
BH-HF1R,SXS:BBH:0305,6,C,1094,Estar,3687.6540873193167,2.1578194506255386,1352,0.9277212880587468,5.265792249589142,68,68,1.0,0.005,0.5763855137652526,-0.8171779117925064,-6.471970463782043e-08,True
BH-HF1R,SXS:BBH:0305,6,C,1094,Bstar,3687.6540873193167,2.1578194506255386,1352,0.9277212880587468,1.0916782762403112,68,62,0.9117647058823529,0.005,-0.6782116766400261,0.7348666012747611,-7.657124379539946e-08,True
BH-HF1R,SXS:BBH:0305,6,C,1095,Rstar,3687.6545468121726,2.1582789434814913,1352,0.9277255397260449,5.1465352072740105,68,68,1.0,0.005,0.5620573494528077,-0.827098262557769,-6.477986244798451e-08,True
BH-HF1R,SXS:BBH:0305,6,C,1095,Estar,3687.6545468121726,2.1582789434814913,1352,0.9277255397260449,5.264623191672407,68,68,1.0,0.005,0.576378995999336,-0.8171825089726243,-6.471588524393668e-08,True
BH-HF1R,SXS:BBH:0305,6,C,1095,Bstar,3687.6545468121726,2.1582789434814913,1352,0.9277255397260449,1.0915630280522854,68,62,0.9117647058823529,0.005,-0.6782160402410622,0.734862574063837,-7.656600925758951e-08,True
BH-HF1R,SXS:BBH:0305,6,C,1096,Rstar,3687.6549948177076,2.1587269490164545,1352,0.9277296311486017,5.146004432915582,68,68,1.0,0.005,0.5620509087490503,-0.8271026393225708,-6.477620515119874e-08,True
BH-HF1R,SXS:BBH:0305,6,C,1096,Estar,3687.6549948177076,2.1587269490164545,1352,0.9277296311486017,5.263483292093436,68,68,1.0,0.005,0.5763726417082208,-0.8171869907740106,-6.471215997350658e-08,True
BH-HF1R,SXS:BBH:0305,6,C,1096,Bstar,3687.6549948177076,2.1587269490164545,1352,0.9277296311486017,1.0914505044554583,68,62,0.9117647058823529,0.005,-0.6782202943857976,0.7348586478250333,-7.656090397393104e-08,True
BH-HF1R,SXS:BBH:0305,6,C,1097,Rstar,3687.6554001560485,2.1591322873573517,1352,0.9277333565660112,5.145523486126224,68,68,1.0,0.005,0.5620450819576548,-0.8271065988415331,-6.477289738353873e-08,True
BH-HF1R,SXS:BBH:0305,6,C,1097,Estar,3687.6554001560485,2.1591322873573517,1352,0.9277333565660112,5.2624519081722445,68,68,1.0,0.005,0.5763668930775299,-0.8171910453279276,-6.470879047763167e-08,True
BH-HF1R,SXS:BBH:0305,6,C,1097,Bstar,3687.6554001560485,2.1591322873573517,1352,0.9277333565660112,1.0913485649483787,68,62,0.9117647058823529,0.005,-0.6782241430291356,0.7348550957926255,-7.655628642080306e-08,True
BH-HF1R,SXS:BBH:0305,6,C,1098,Rstar,3687.6561947622663,2.159926893575175,1352,0.9277406574958564,5.14457885617712,68,68,1.0,0.005,0.5620336606833838,-0.8271143598432025,-6.476641431123816e-08,True
BH-HF1R,SXS:BBH:0305,6,C,1098,Estar,3687.6561947622663,2.159926893575175,1352,0.9277406574958564,5.260429845644773,68,68,1.0,0.005,0.5763556249625481,-0.8171989926413433,-6.470218691594012e-08,True
BH-HF1R,SXS:BBH:0305,6,C,1098,Bstar,3687.6561947622663,2.159926893575175,1352,0.9277406574958564,1.09114835928006,68,62,0.9117647058823529,0.005,-0.678231686889584,0.7348481332213502,-7.654723617307485e-08,True
BH-HF1R,SXS:BBH:0305,6,C,1099,Rstar,3687.656785343146,2.1605174744549913,1352,0.9277460818931653,5.143875107605861,68,68,1.0,0.005,0.5620251730935971,-0.8271201271938122,-6.476160709622184e-08,True
BH-HF1R,SXS:BBH:0305,6,C,1099,Estar,3687.656785343146,2.1605174744549913,1352,0.9277460818931653,5.258926859273127,68,68,1.0,0.005,0.5763472511539133,-0.8172048984724234,-6.469728994498313e-08,True
BH-HF1R,SXS:BBH:0305,6,C,1099,Bstar,3687.656785343146,2.1605174744549913,1352,0.9277460818931653,1.0909992428187085,68,62,0.9117647058823529,0.005,-0.6782372930197007,0.7348429589764759,-7.654052298303574e-08,True
BH-HF1R,SXS:BBH:0305,6,C,1100,Rstar,3687.6573327878264,2.1610649191352422,1352,0.9277511472880801,5.143221522766249,68,68,1.0,0.005,0.5620173063345673,-0.8271254725738006,-6.475714189592333e-08,True
BH-HF1R,SXS:BBH:0305,6,C,1100,Estar,3687.6573327878264,2.1610649191352422,1352,0.9277511472880801,5.257530756660775,68,68,1.0,0.005,0.5763394898248717,-0.8172103722227235,-6.469274175656732e-08,True
BH-HF1R,SXS:BBH:0305,6,C,1100,Bstar,3687.6573327878264,2.1610649191352422,1352,0.9277511472880801,1.09086077871404,68,62,0.9117647058823529,0.005,-0.6782424890816425,0.7348381631382057,-7.653428969307655e-08,True
BH-HF1R,SXS:BBH:0305,6,C,1101,Rstar,3687.657926012958,2.1616581442667666,1352,0.9277565545766902,5.141134376634454,68,68,1.0,0.005,0.5620087826344136,-0.8271312642149251,-6.475230342374534e-08,True
BH-HF1R,SXS:BBH:0305,6,C,1101,Estar,3687.657926012958,2.1616581442667666,1352,0.9277565545766902,5.2560208208842045,68,68,1.0,0.005,0.5763310803272447,-0.8172163029754282,-6.468781321471569e-08,True
BH-HF1R,SXS:BBH:0305,6,C,1101,Bstar,3687.657926012958,2.1616581442667666,1352,0.9277565545766902,1.0907104755249486,68,62,0.9117647058823529,0.005,-0.6782481190628529,0.7348329667262461,-7.652753514240101e-08,True
BH-HF1R,SXS:BBH:0305,6,C,1102,Rstar,3687.658596760796,2.1623288921050516,1352,0.9277627099989669,5.13755048847923,68,68,1.0,0.005,0.5619991461924942,-0.82713781178163,-6.474683383618871e-08,True
BH-HF1R,SXS:BBH:0305,6,C,1102,Estar,3687.658596760796,2.1623288921050516,1352,0.9277627099989669,5.254313423737581,68,68,1.0,0.005,0.5763215729568643,-0.8172230078408962,-6.46822418363155e-08,True
BH-HF1R,SXS:BBH:0305,6,C,1102,Bstar,3687.658596760796,2.1623288921050516,1352,0.9277627099989669,1.090540204979257,68,62,0.9117647058823529,0.005,-0.678254484025427,0.7348270918382066,-7.651989960820158e-08,True
BH-HF1R,SXS:BBH:0305,6,C,1103,Rstar,3687.659182872636,2.1629150039448177,1352,0.9277680872359456,5.134421819376386,68,68,1.0,0.005,0.5619907267747154,-0.8271435322960718,-6.474205459958377e-08,True
BH-HF1R,SXS:BBH:0305,6,C,1103,Estar,3687.659182872636,2.1629150039448177,1352,0.9277680872359456,5.252821369400384,68,68,1.0,0.005,0.5763132662762911,-0.8172288658105199,-6.467737367370115e-08,True
BH-HF1R,SXS:BBH:0305,6,C,1103,Bstar,3687.659182872636,2.1629150039448177,1352,0.9277680872359456,1.0903911363760406,68,62,0.9117647058823529,0.005,-0.6782600451230923,0.7348219588373873,-7.65132278625258e-08,True
BH-HF1R,SXS:BBH:0305,6,C,1104,Rstar,3687.659784270488,2.1635164017970965,1352,0.9277736030583923,5.1312144543321985,68,68,1.0,0.005,0.5619820887307053,-0.8271494012243915,-6.47371506814692e-08,True
BH-HF1R,SXS:BBH:0305,6,C,1104,Estar,3687.659784270488,2.1635164017970965,1352,0.9277736030583923,5.250448796173458,68,68,1.0,0.005,0.576304743863342,-0.8172348757857825,-6.46723786364132e-08,True
BH-HF1R,SXS:BBH:0305,6,C,1104,Bstar,3687.659784270488,2.1635164017970965,1352,0.9277736030583923,1.0902379061525198,68,62,0.9117647058823529,0.005,-0.6782657506305677,0.7348166924625125,-7.65063822462271e-08,True
BH-HF1R,SXS:BBH:0305,6,C,1105,Rstar,3687.6603065871623,2.164038718471147,1352,0.9277783892023547,5.128431217269487,68,68,1.0,0.005,0.5619745873475358,-0.8271544977666281,-6.47328926673701e-08,True
BH-HF1R,SXS:BBH:0305,6,C,1105,Estar,3687.6603065871623,2.164038718471147,1352,0.9277783892023547,5.246805578134193,68,68,1.0,0.005,0.5762973428683192,-0.8172400948331591,-6.46680413400227e-08,True
BH-HF1R,SXS:BBH:0305,6,C,1105,Bstar,3687.6603065871623,2.164038718471147,1352,0.9277783892023547,1.0901045993926242,68,62,0.9117647058823529,0.005,-0.6782707053642807,0.7348121190104551,-7.650043814127781e-08,True
BH-HF1R,SXS:BBH:0305,6,C,1106,Rstar,3687.660836367104,2.164568498412791,1352,0.927783248516804,5.125610471452439,68,68,1.0,0.005,0.5619669795621824,-0.8271596664984056,-6.47285726902249e-08,True
BH-HF1R,SXS:BBH:0305,6,C,1106,Estar,3687.660836367104,2.164568498412791,1352,0.927783248516804,5.242567692983869,68,68,1.0,0.005,0.5762898368692677,-0.8172453878249717,-6.466364107111768e-08,True
BH-HF1R,SXS:BBH:0305,6,C,1106,Bstar,3687.660836367104,2.164568498412791,1352,0.927783248516804,1.0899691746558082,68,62,0.9117647058823529,0.005,-0.678275730376759,0.7348074806245976,-7.649440786884929e-08,True
BH-HF1R,SXS:BBH:0305,6,C,1107,Rstar,3687.6613005856225,2.165032716931364,1352,0.9277875028373334,5.123140664507232,68,68,1.0,0.005,0.5619603138907272,-0.827164195073645,-6.472478776319801e-08,True
BH-HF1R,SXS:BBH:0305,6,C,1107,Estar,3687.6613005856225,2.165032716931364,1352,0.9277875028373334,5.238857291764633,68,68,1.0,0.005,0.5762832603579278,-0.8172500252867738,-6.4659785709264e-08,True
BH-HF1R,SXS:BBH:0305,6,C,1107,Bstar,3687.6613005856225,2.165032716931364,1352,0.9277875028373334,1.089850331871489,68,62,0.9117647058823529,0.005,-0.6782801331148096,0.7348034165827961,-7.648912445124474e-08,True
BH-HF1R,SXS:BBH:0305,6,C,1108,Rstar,3687.661753198678,2.16548532998695,1352,0.9277916498957365,5.120734280461014,68,68,1.0,0.005,0.5619538154412851,-0.8271686099647266,-6.47210981351735e-08,True
BH-HF1R,SXS:BBH:0305,6,C,1108,Estar,3687.661753198678,2.16548532998695,1352,0.9277916498957365,5.235242379856569,68,68,1.0,0.005,0.5762768488126286,-0.8172545463456184,-6.465602745826364e-08,True
BH-HF1R,SXS:BBH:0305,6,C,1108,Bstar,3687.661753198678,2.16548532998695,1352,0.9277916498957365,1.0897343015300707,68,62,0.9117647058823529,0.005,-0.6782844254006953,0.7347994544492005,-7.648397395810625e-08,True
BH-HF1R,SXS:BBH:0305,6,C,1109,Rstar,3687.6621627057284,2.1658948370372855,1352,0.9277954013430512,5.118558491303297,68,68,1.0,0.005,0.5619479364040018,-0.8271726039777186,-6.471775982625941e-08,True
BH-HF1R,SXS:BBH:0305,6,C,1109,Estar,3687.6621627057284,2.1658948370372855,1352,0.9277954013430512,5.231974078109534,68,68,1.0,0.005,0.5762710483802265,-0.8172586364173526,-6.465262714050556e-08,True
BH-HF1R,SXS:BBH:0305,6,C,1109,Bstar,3687.6621627057284,2.1658948370372855,1352,0.9277954013430512,1.0896291876732578,68,62,0.9117647058823529,0.005,-0.6782883085539173,0.7347958699387607,-7.647931398763832e-08,True
BH-HF1R,SXS:BBH:0305,6,C,1110,Rstar,3687.6629690215805,2.1667011528893454,1352,0.9278027856201908,5.114278388344677,68,68,1.0,0.005,0.561936361959035,-0.8271804670736854,-6.471118968768967e-08,True
BH-HF1R,SXS:BBH:0305,6,C,1110,Estar,3687.6629690215805,2.1667011528893454,1352,0.9278027856201908,5.225545219443274,68,68,1.0,0.005,0.5762596286426793,-0.8172666886620286,-6.464593475732553e-08,True
BH-HF1R,SXS:BBH:0305,6,C,1110,Bstar,3687.6629690215805,2.1667011528893454,1352,0.9278027856201908,1.089421843434856,68,62,0.9117647058823529,0.005,-0.6782959535864536,0.7347888127538672,-7.647014232148843e-08,True
BH-HF1R,SXS:BBH:0305,6,C,1111,Rstar,3687.663570001001,2.167302132309942,1352,0.9278082874325916,5.111306170800092,68,68,1.0,0.005,0.5619277362272631,-0.8271863268082345,-6.470629184404228e-08,True
BH-HF1R,SXS:BBH:0305,6,C,1111,Estar,3687.663570001001,2.167302132309942,1352,0.9278082874325916,5.220759078451948,68,68,1.0,0.005,0.5762511181663357,-0.8172726893834417,-6.46409460151399e-08,True
BH-HF1R,SXS:BBH:0305,6,C,1111,Bstar,3687.663570001001,2.167302132309942,1352,0.9278082874325916,1.0892669779646662,68,62,0.9117647058823529,0.005,-0.6783016509607256,0.7347835533706155,-7.646330537948984e-08,True
BH-HF1R,SXS:BBH:0305,6,C,1112,Rstar,3687.6641166627082,2.167848794017118,1352,0.9278132906715864,5.110237988250664,68,68,1.0,0.005,0.5619198910064432,-0.8271916562026619,-6.470183679014209e-08,True
BH-HF1R,SXS:BBH:0305,6,C,1112,Estar,3687.6641166627082,2.167848794017118,1352,0.9278132906715864,5.216409630268725,68,68,1.0,0.005,0.5762433777431996,-0.8172781470265212,-6.463640817688714e-08,True
BH-HF1R,SXS:BBH:0305,6,C,1112,Bstar,3687.6641166627082,2.167848794017118,1352,0.9278132906715864,1.0891258702724096,68,62,0.9117647058823529,0.005,-0.6783068327959161,0.7347787698228408,-7.645708667367798e-08,True
BH-HF1R,SXS:BBH:0305,6,C,1113,Rstar,3687.664705177337,2.1684373086459345,1352,0.9278186754907204,5.109085808849953,68,68,1.0,0.005,0.5619114460589292,-0.827197392880296,-6.469704140661297e-08,True
BH-HF1R,SXS:BBH:0305,6,C,1113,Estar,3687.664705177337,2.1684373086459345,1352,0.9278186754907204,5.211731542942093,68,68,1.0,0.005,0.576235045573308,-0.8172840217776948,-6.463152361092786e-08,True
BH-HF1R,SXS:BBH:0305,6,C,1113,Bstar,3687.664705177337,2.1684373086459345,1352,0.9278186754907204,1.0889737044113446,68,62,0.9117647058823529,0.005,-0.678312410759052,0.7347736205187537,-7.645039279907239e-08,True
BH-HF1R,SXS:BBH:0305,6,C,1114,Rstar,3687.66535933367,2.1690914649789192,1352,0.9278246589946829,5.107808683686429,68,68,1.0,0.005,0.5619020602685556,-0.8272037685274096,-6.469171183461733e-08,True
BH-HF1R,SXS:BBH:0305,6,C,1114,Estar,3687.66535933367,2.1690914649789192,1352,0.9278246589946829,5.206535369790988,68,68,1.0,0.005,0.5762257850869376,-0.8172905509064314,-6.462609496296025e-08,True
BH-HF1R,SXS:BBH:0305,6,C,1114,Bstar,3687.66535933367,2.1690914649789192,1352,0.9278246589946829,1.0888042563040812,68,62,0.9117647058823529,0.005,-0.6783186101616111,0.7347678974400109,-7.644295320094891e-08,True
BH-HF1R,SXS:BBH:0305,6,C,1115,Rstar,3687.665937490867,2.169669622175661,1352,0.9278299459237617,5.106680434289083,68,68,1.0,0.005,0.5618937659586947,-0.8272094026162611,-6.468700215471252e-08,True
BH-HF1R,SXS:BBH:0305,6,C,1115,Estar,3687.665937490867,2.169669622175661,1352,0.9278299459237617,5.201948952390481,68,68,1.0,0.005,0.5762176014771556,-0.8172963206499277,-6.462129786306785e-08,True
BH-HF1R,SXS:BBH:0305,6,C,1115,Bstar,3687.665937490867,2.169669622175661,1352,0.9278299459237617,1.0886542231580085,68,62,0.9117647058823529,0.005,-0.678324088621766,0.7347628398302711,-7.643637894943192e-08,True
BH-HF1R,SXS:BBH:0305,6,C,1116,Rstar,3687.6665417675126,2.170273898821506,1352,0.927835470069638,5.105501720109372,68,68,1.0,0.005,0.5618850978963752,-0.8272152904546535,-6.468208022617078e-08,True
BH-HF1R,SXS:BBH:0305,6,C,1116,Estar,3687.6665417675126,2.170273898821506,1352,0.927835470069638,5.197159972150656,68,68,1.0,0.005,0.5762090490697039,-0.8173023502781472,-6.461628444081672e-08,True
BH-HF1R,SXS:BBH:0305,6,C,1116,Bstar,3687.6665417675126,2.170273898821506,1352,0.927835470069638,1.0884971399395116,68,62,0.9117647058823529,0.005,-0.6783298139526956,0.7347575542332964,-7.642950839294591e-08,True
BH-HF1R,SXS:BBH:0305,6,C,1117,Rstar,3687.667069504506,2.170801635814769,1352,0.9278402930788003,5.104472722324806,68,68,1.0,0.005,0.5618775285686214,-0.8272204318617946,-6.467778041567396e-08,True
BH-HF1R,SXS:BBH:0305,6,C,1117,Estar,3687.667069504506,2.170801635814769,1352,0.9278402930788003,5.192981453871724,68,68,1.0,0.005,0.5762015807090616,-0.8173076155208481,-6.461190480680777e-08,True
BH-HF1R,SXS:BBH:0305,6,C,1117,Bstar,3687.667069504506,2.170801635814769,1352,0.9278402930788003,1.0883597257264224,68,62,0.9117647058823529,0.005,-0.6783348135605535,0.7347529385526561,-7.642350672002653e-08,True
BH-HF1R,SXS:BBH:0305,6,C,1118,Rstar,3687.667602698038,2.1713348293469608,1352,0.9278451647399363,5.103433484981832,68,68,1.0,0.005,0.5618698817712334,-0.8272256257868079,-6.467343826253041e-08,True
BH-HF1R,SXS:BBH:0305,6,C,1118,Estar,3687.667602698038,2.1713348293469608,1352,0.9278451647399363,5.188763404092827,68,68,1.0,0.005,0.576194035886025,-0.8173129345662956,-6.460748205315353e-08,True
BH-HF1R,SXS:BBH:0305,6,C,1118,Bstar,3687.667602698038,2.1713348293469608,1352,0.9278451647399363,1.088220675823931,68,62,0.9117647058823529,0.005,-0.6783398643364427,0.7347482755692665,-7.641744559180048e-08,True
BH-HF1R,SXS:BBH:0305,6,C,1119,Rstar,3687.6680655931177,2.1717977244265967,1352,0.9278493930573423,5.1026322689645465,68,68,1.0,0.005,0.5618632437915287,-0.8272301344100426,-6.466966727291523e-08,True
BH-HF1R,SXS:BBH:0305,6,C,1119,Estar,3687.6680655931177,2.1717977244265967,1352,0.9278493930573423,5.1851044660663055,68,68,1.0,0.005,0.5761874864061333,-0.8173175518175159,-6.460364103482468e-08,True
BH-HF1R,SXS:BBH:0305,6,C,1119,Bstar,3687.6680655931177,2.1717977244265967,1352,0.9278493930573423,1.0880997833914767,68,62,0.9117647058823529,0.005,-0.6783442487796807,0.7347442277061622,-7.641218199528792e-08,True
BH-HF1R,SXS:BBH:0305,6,C,1120,Rstar,3687.6685169158204,2.1722490471292986,1352,0.9278535147752037,5.101955300999401,68,68,1.0,0.005,0.5618567723394708,-0.8272345298500708,-6.466599154675499e-08,True
BH-HF1R,SXS:BBH:0305,6,C,1120,Estar,3687.6685169158204,2.1722490471292986,1352,0.9278535147752037,5.181539673871883,68,68,1.0,0.005,0.5761811012146276,-0.817322053173102,-6.459989693872395e-08,True
BH-HF1R,SXS:BBH:0305,6,C,1120,Bstar,3687.6685169158204,2.1722490471292986,1352,0.9278535147752037,1.0879817566642362,68,62,0.9117647058823529,0.005,-0.678348523228988,0.7347402813464396,-7.64070512284538e-08,True
BH-HF1R,SXS:BBH:0305,6,C,1121,Rstar,3687.6689252554083,2.172657386717219,1352,0.9278572432883475,5.101343088961222,68,68,1.0,0.005,0.5618509177260207,-0.8272385062667382,-6.466266452359159e-08,True
BH-HF1R,SXS:BBH:0305,6,C,1121,Estar,3687.6689252554083,2.172657386717219,1352,0.9278572432883475,5.1783166693358424,68,68,1.0,0.005,0.5761753246239316,-0.8173261254202651,-6.459650826377999e-08,True
BH-HF1R,SXS:BBH:0305,6,C,1121,Bstar,3687.6689252554083,2.172657386717219,1352,0.9278572432883475,1.0878748385006445,68,62,0.9117647058823529,0.005,-0.6783523902456047,0.7347367111068217,-7.640240763088817e-08,True
BH-HF1R,SXS:BBH:0305,6,C,1122,Rstar,3687.6697430686872,2.173475199996119,1352,0.9278647083840528,5.100117848088205,68,68,1.0,0.005,0.5618391936029371,-0.8272464690354363,-6.465600739225259e-08,True
BH-HF1R,SXS:BBH:0305,6,C,1122,Estar,3687.6697430686872,2.173475199996119,1352,0.9278647083840528,5.179091403243996,68,68,1.0,0.005,0.5761637566968093,-0.8173342801259565,-6.458972736389712e-08,True
BH-HF1R,SXS:BBH:0305,6,C,1122,Bstar,3687.6697430686872,2.173475199996119,1352,0.9278647083840528,1.0876603222575298,68,62,0.9117647058823529,0.005,-0.6783601341314871,0.7347295614177403,-7.639311498764503e-08,True
BH-HF1R,SXS:BBH:0305,6,C,1123,Rstar,3687.670348202486,2.174080333794791,1352,0.9278702300953076,5.09921193682712,68,68,1.0,0.005,0.5618305196226586,-0.8272523600573946,-6.465108087983443e-08,True
BH-HF1R,SXS:BBH:0305,6,C,1123,Estar,3687.670348202486,2.174080333794791,1352,0.9278702300953076,5.179923164376494,68,68,1.0,0.005,0.5761551982372966,-0.8173403131769149,-6.458470952087103e-08,True
BH-HF1R,SXS:BBH:0305,6,C,1123,Bstar,3687.670348202486,2.174080333794791,1352,0.9278702300953076,1.0875012677890357,68,62,0.9117647058823529,0.005,-0.6783658633662032,0.7347242716961377,-7.638623834966224e-08,True
BH-HF1R,SXS:BBH:0305,6,C,1124,Rstar,3687.6708924653767,2.1746245966855895,1352,0.9278751950673726,5.098400370732355,68,68,1.0,0.005,0.5618227190628922,-0.8272576577734256,-6.464665010863961e-08,True
BH-HF1R,SXS:BBH:0305,6,C,1124,Estar,3687.6708924653767,2.1746245966855895,1352,0.9278751950673726,5.180665983716964,68,68,1.0,0.005,0.5761475015374585,-0.817345738639494,-6.458019654004064e-08,True
BH-HF1R,SXS:BBH:0305,6,C,1124,Bstar,3687.6708924653767,2.1746245966855895,1352,0.9278751950673726,1.0873579756121594,68,62,0.9117647058823529,0.005,-0.6783710156943421,0.7347195145535613,-7.638005382686918e-08,True
BH-HF1R,SXS:BBH:0305,6,C,1125,Rstar,3687.6714763598475,2.1752084911563543,1352,0.927880520130888,5.097527363775526,68,68,1.0,0.005,0.5618143513887409,-0.8272633405232243,-6.464189465797485e-08,True
BH-HF1R,SXS:BBH:0305,6,C,1125,Estar,3687.6714763598475,2.1752084911563543,1352,0.927880520130888,5.181466991841394,68,68,1.0,0.005,0.5761392452432247,-0.8173515584438333,-6.457535266691019e-08,True
BH-HF1R,SXS:BBH:0305,6,C,1125,Bstar,3687.6714763598475,2.1752084911563543,1352,0.927880520130888,1.0872039996640688,68,62,0.9117647058823529,0.005,-0.6783765426084043,0.7347144114815376,-7.637341648992409e-08,True
BH-HF1R,SXS:BBH:0305,6,C,1126,Rstar,3687.67212462638,2.175856757688962,1352,0.9278864303811396,5.096558771526556,68,68,1.0,0.005,0.5618050622831235,-0.8272696489011618,-6.463661798430705e-08,True
BH-HF1R,SXS:BBH:0305,6,C,1126,Estar,3687.67212462638,2.175856757688962,1352,0.9278864303811396,5.182355373778547,68,68,1.0,0.005,0.5761300797451343,-0.817358018993428,-6.45699781688242e-08,True
BH-HF1R,SXS:BBH:0305,6,C,1126,Bstar,3687.67212462638,2.175856757688962,1352,0.9278864303811396,1.0870327462252507,68,62,0.9117647058823529,0.005,-0.6783826781385067,0.734708746376155,-7.636605135574982e-08,True
BH-HF1R,SXS:BBH:0305,6,C,1127,Rstar,3687.672705177459,2.1764373087680724,1352,0.9278917218621932,5.095691949174672,68,68,1.0,0.005,0.5617967445348567,-0.8272752974856875,-6.463189348188221e-08,True
BH-HF1R,SXS:BBH:0305,6,C,1127,Estar,3687.672705177459,2.1764373087680724,1352,0.9278917218621932,5.183150145396489,68,68,1.0,0.005,0.5761218726465904,-0.8173638038585889,-6.456516602197535e-08,True
BH-HF1R,SXS:BBH:0305,6,C,1127,Bstar,3687.672705177459,2.1764373087680724,1352,0.9278917218621932,1.0868791122431956,68,62,0.9117647058823529,0.005,-0.6783881720691699,0.7347036735968077,-7.635945675216624e-08,True
BH-HF1R,SXS:BBH:0305,6,C,1128,Rstar,3687.67331426869,2.177046399998744,1352,0.9278972718270868,5.094783114626244,68,68,1.0,0.005,0.5617880188574002,-0.8272812229636747,-6.462693737455209e-08,True
BH-HF1R,SXS:BBH:0305,6,C,1128,Estar,3687.67331426869,2.177046399998744,1352,0.9278972718270868,5.184136492974058,68,68,1.0,0.005,0.5761132630115777,-0.8173698723235086,-6.45601179078389e-08,True
BH-HF1R,SXS:BBH:0305,6,C,1128,Bstar,3687.67331426869,2.177046399998744,1352,0.9278972718270868,1.0867176515449266,68,62,0.9117647058823529,0.005,-0.6783939354432609,0.7346983519471098,-7.635253892306628e-08,True
BH-HF1R,SXS:BBH:0305,6,C,1129,Rstar,3687.6738429382585,2.1775750695674105,1352,0.9279020875635342,5.093994770212722,68,68,1.0,0.005,0.5617804460924073,-0.8272863654069318,-6.462263490321195e-08,True
BH-HF1R,SXS:BBH:0305,6,C,1129,Estar,3687.6738429382585,2.1775750695674105,1352,0.9279020875635342,5.183599619847495,68,68,1.0,0.005,0.5761057909286035,-0.8173751388796481,-6.455573552624577e-08,True
BH-HF1R,SXS:BBH:0305,6,C,1129,Bstar,3687.6738429382585,2.1775750695674105,1352,0.9279020875635342,1.086577282403097,68,62,0.9117647058823529,0.005,-0.678398937310485,0.7346937333719399,-7.63465335061757e-08,True
BH-HF1R,SXS:BBH:0305,6,C,1130,Rstar,3687.6743758007688,2.178107932077637,1352,0.9279072644450856,5.093190540029143,68,68,1.0,0.005,0.5617726639755162,-0.8272916499094184,-6.46334535226014e-08,True
BH-HF1R,SXS:BBH:0305,6,C,1130,Estar,3687.6743758007688,2.178107932077637,1352,0.9279072644450856,5.183062702585104,68,68,1.0,0.005,0.5760981076684052,-0.8173805541734392,-6.456646582456641e-08,True
BH-HF1R,SXS:BBH:0305,6,C,1130,Bstar,3687.6743758007688,2.178107932077637,1352,0.9279072644450856,1.086435540030147,68,62,0.9117647058823529,0.005,-0.6784041115884692,0.7346889555314234,-7.63586037288876e-08,True
BH-HF1R,SXS:BBH:0305,6,C,1131,Rstar,3687.674835002281,2.178567133589695,1352,0.9279111215793767,5.092516691265607,68,68,1.0,0.005,0.5617662377130697,-0.8272960136285552,-6.461456334555292e-08,True
BH-HF1R,SXS:BBH:0305,6,C,1131,Estar,3687.674835002281,2.178567133589695,1352,0.9279111215793767,5.18306429049648,68,68,1.0,0.005,0.5760917713838414,-0.8173850200143281,-6.45475142451769e-08,True
BH-HF1R,SXS:BBH:0305,6,C,1131,Bstar,3687.674835002281,2.178567133589695,1352,0.9279111215793767,1.086313306776741,68,62,0.9117647058823529,0.005,-0.6784083220468935,0.7346850676157182,-7.633526735088305e-08,True
BH-HF1R,SXS:BBH:0305,6,C,1132,Rstar,3687.675282723755,2.179014855063997,1352,0.9279151957790862,5.092063862295778,68,68,1.0,0.005,0.5617598261424134,-0.8273003672986258,-6.46109196405387e-08,True
BH-HF1R,SXS:BBH:0305,6,C,1132,Estar,3687.675282723755,2.179014855063997,1352,0.9279151957790862,5.184368961698983,68,68,1.0,0.005,0.5760854449953806,-0.8173894788070557,-6.454380300554162e-08,True
BH-HF1R,SXS:BBH:0305,6,C,1132,Bstar,3687.675282723755,2.179014855063997,1352,0.9279151957790862,1.0861939298854613,68,62,0.9117647058823529,0.005,-0.6784125569395967,0.7346811570924306,-7.633018181226226e-08,True
BH-HF1R,SXS:BBH:0305,6,C,1133,Rstar,3687.6756878050887,2.1794199363976077,1352,0.9279188829094546,5.091999555651768,68,68,1.0,0.005,0.561754025931796,-0.8273043057723167,-6.460762394565186e-08,True
BH-HF1R,SXS:BBH:0305,6,C,1133,Estar,3687.6756878050887,2.1794199363976077,1352,0.9279188829094546,5.1855496525793745,68,68,1.0,0.005,0.5760797218296804,-0.8173935123896163,-6.454044615082487e-08,True
BH-HF1R,SXS:BBH:0305,6,C,1133,Bstar,3687.6756878050887,2.1794199363976077,1352,0.9279188829094546,1.0860857944757032,68,62,0.9117647058823529,0.005,-0.6784163880077962,0.7346776194239547,-7.632558177730971e-08,True
BH-HF1R,SXS:BBH:0305,6,C,1134,Rstar,3687.6765132786763,2.1802454099852184,1352,0.9279264146764892,5.0878650613909615,68,68,1.0,0.005,0.5617421956208355,-0.8273123386358251,-6.763453944157302e-08,True
BH-HF1R,SXS:BBH:0305,6,C,1134,Estar,3687.6765132786763,2.1802454099852184,1352,0.9279264146764892,5.18795821102344,68,68,1.0,0.005,0.5760680489149228,-0.8174017390606344,-6.756187966673095e-08,True
BH-HF1R,SXS:BBH:0305,6,C,1134,Bstar,3687.6765132786763,2.1802454099852184,1352,0.9279264146764892,1.0858649393406035,68,62,0.9117647058823529,0.005,-0.6784242009287581,0.7346704047354634,-8.000282975622947e-08,True
BH-HF1R,SXS:BBH:0305,6,C,1135,Rstar,3687.6771221760414,2.1808543073502733,1352,0.9279319319945087,5.086087564942094,68,68,1.0,0.005,0.5617334911079689,-0.8273182489028327,-6.459640678992983e-08,True
BH-HF1R,SXS:BBH:0305,6,C,1135,Estar,3687.6771221760414,2.1808543073502733,1352,0.9279319319945087,5.189733299650947,68,68,1.0,0.005,0.5760594596474071,-0.8174077923232278,-6.452901234124747e-08,True
BH-HF1R,SXS:BBH:0305,6,C,1135,Bstar,3687.6771221760414,2.1808543073502733,1352,0.9279319319945087,1.0857018955504918,68,62,0.9117647058823529,0.005,-0.6784299513915863,0.7346650944851021,-7.630982227873963e-08,True
BH-HF1R,SXS:BBH:0305,6,C,1136,Rstar,3687.6776645398286,2.1813966711374633,1352,0.9279368620740011,5.085511432548732,68,68,1.0,0.005,0.5617257277634643,-0.8273235200141491,-6.459015139251253e-08,True
BH-HF1R,SXS:BBH:0305,6,C,1136,Estar,3687.6776645398286,2.1813966711374633,1352,0.9279368620740011,5.1905878641637315,68,68,1.0,0.005,0.5760517993274806,-0.8174131907986117,-6.452267635552848e-08,True
BH-HF1R,SXS:BBH:0305,6,C,1136,Bstar,3687.6776645398286,2.1813966711374633,1352,0.9279368620740011,1.0855563328417228,68,62,0.9117647058823529,0.005,-0.6784350791343771,0.7346603592136476,-7.630151422940493e-08,True
BH-HF1R,SXS:BBH:0305,6,C,1137,Rstar,3687.6782469300915,2.1819790614003978,1352,0.9279421567574215,5.084892883862407,68,68,1.0,0.005,0.5617173927186107,-0.8273291791768267,-6.458675217553301e-08,True
BH-HF1R,SXS:BBH:0305,6,C,1137,Estar,3687.6782469300915,2.1819790614003978,1352,0.9279421567574215,5.188912821422865,68,68,1.0,0.005,0.5760435748646264,-0.8174189867241752,-6.451918850756744e-08,True
BH-HF1R,SXS:BBH:0305,6,C,1137,Bstar,3687.6782469300915,2.1819790614003978,1352,0.9279421567574215,1.0853997823939092,68,62,0.9117647058823529,0.005,-0.6784405844715939,0.7346552751745788,-7.629646326774552e-08,True
BH-HF1R,SXS:BBH:0305,6,C,1138,Rstar,3687.678891400479,2.1826235317880673,1352,0.927948013582666,5.084208394750892,68,68,1.0,0.005,0.5617081701703991,-0.8273354407758788,-6.458155716249096e-08,True
BH-HF1R,SXS:BBH:0305,6,C,1138,Estar,3687.678891400479,2.1826235317880673,1352,0.927948013582666,5.1866981692727885,68,68,1.0,0.005,0.5760344746357036,-0.8174253996733676,-6.451389625746376e-08,True
BH-HF1R,SXS:BBH:0305,6,C,1138,Bstar,3687.678891400479,2.1826235317880673,1352,0.927948013582666,1.0852262474099625,68,62,0.9117647058823529,0.005,-0.6784466760182245,0.7346496496969264,-7.62892019810783e-08,True
BH-HF1R,SXS:BBH:0305,6,C,1139,Rstar,3687.679474891213,2.183207022521856,1352,0.9279533145087022,5.083588672150658,68,68,1.0,0.005,0.5616998212732733,-0.8273411090847406,-6.457680664417932e-08,True
BH-HF1R,SXS:BBH:0305,6,C,1139,Estar,3687.679474891213,2.183207022521856,1352,0.9279533145087022,5.184360387524214,68,68,1.0,0.005,0.5760262364381931,-0.8174312050165731,-6.450905791637324e-08,True
BH-HF1R,SXS:BBH:0305,6,C,1139,Bstar,3687.679474891213,2.183207022521856,1352,0.9279533145087022,1.085068864570131,68,62,0.9117647058823529,0.005,-0.6784521905041723,0.734644557047886,-7.628257300653622e-08,True
BH-HF1R,SXS:BBH:0305,6,C,1140,Rstar,3687.6800887318313,2.1838208631402267,1352,0.9279588892826567,5.082936723140968,68,68,1.0,0.005,0.561691039050127,-0.8273470714583961,-6.457181604423894e-08,True
BH-HF1R,SXS:BBH:0305,6,C,1140,Estar,3687.6800887318313,2.1838208631402267,1352,0.9279588892826567,5.181903200762616,68,68,1.0,0.005,0.5760175706254609,-0.817437311560182,-6.450397469574489e-08,True
BH-HF1R,SXS:BBH:0305,6,C,1140,Bstar,3687.6800887318313,2.1838208631402267,1352,0.9279588892826567,1.0849226085813573,68,62,0.9117647058823529,0.005,-0.6784579912121489,0.7346391999889265,-7.62756075343256e-08,True
BH-HF1R,SXS:BBH:0305,6,C,1141,Rstar,3687.6806132539523,2.1843453852611674,1352,0.927963651733612,5.082379649695191,68,68,1.0,0.005,0.5616835355966617,-0.8273521655496101,-6.456755237786569e-08,True
BH-HF1R,SXS:BBH:0305,6,C,1141,Estar,3687.6806132539523,2.1843453852611674,1352,0.927963651733612,5.179805361731563,68,68,1.0,0.005,0.5760101666051637,-0.817442528846822,-6.449963195128329e-08,True
BH-HF1R,SXS:BBH:0305,6,C,1141,Bstar,3687.6806132539523,2.1843453852611674,1352,0.927963651733612,1.0848586783413448,68,62,0.9117647058823529,0.005,-0.678462947275664,0.7346346229072066,-7.626965660800728e-08,True
BH-HF1R,SXS:BBH:0305,6,C,1142,Rstar,3687.681146436026,2.1848785673350903,1352,0.9279684915579708,5.08181339140188,68,68,1.0,0.005,0.5616759090200215,-0.8273573431272175,-6.456321873687933e-08,True
BH-HF1R,SXS:BBH:0305,6,C,1142,Estar,3687.681146436026,2.1848785673350903,1352,0.9279684915579708,5.177459242899621,68,68,1.0,0.005,0.5927639870451863,-0.8053762199508314,-6.4704369050128e-08,True
BH-HF1R,SXS:BBH:0305,6,C,1142,Bstar,3687.681146436026,2.1848785673350903,1352,0.9279684915579708,1.0847935415283898,68,62,0.9117647058823529,0.005,-0.678467984664796,0.7346299706552166,-7.626360803611256e-08,True
BH-HF1R,SXS:BBH:0305,6,C,1143,Rstar,3687.681602807586,2.185334938894812,1352,0.9279726330906378,5.081328713757937,68,68,1.0,0.005,0.5616693817452472,-0.8273617743223987,-6.4559509123233e-08,True
BH-HF1R,SXS:BBH:0305,6,C,1143,Estar,3687.681602807586,2.185334938894812,1352,0.9279726330906378,5.1754251151630095,68,68,1.0,0.005,0.5927576890363448,-0.8053808553028112,-6.470051132289769e-08,True
BH-HF1R,SXS:BBH:0305,6,C,1143,Bstar,3687.681602807586,2.185334938894812,1352,0.9279726330906378,1.0847375373855013,68,62,0.9117647058823529,0.005,-0.6784722959595312,0.7346259889327333,-7.625843054678766e-08,True
BH-HF1R,SXS:BBH:0305,6,C,1144,Rstar,3687.682047769857,2.1857799011659154,1352,0.9279766702239844,5.080856161546264,68,68,1.0,0.005,0.5616630182149114,-0.8273660942833663,-6.455589333222019e-08,True
BH-HF1R,SXS:BBH:0305,6,C,1144,Estar,3687.682047769857,2.1857799011659154,1352,0.9279766702239844,5.173442149515754,68,68,1.0,0.005,0.5927515489808526,-0.805385374327592,-6.46967511289777e-08,True
BH-HF1R,SXS:BBH:0305,6,C,1144,Bstar,3687.682047769857,2.1857799011659154,1352,0.9279766702239844,1.0846827699953583,68,62,0.9117647058823529,0.005,-0.6784764990985254,0.7346221070530093,-7.625338385263738e-08,True
BH-HF1R,SXS:BBH:0305,6,C,1145,Rstar,3687.6824503547687,2.1861824860775414,1352,0.9279803222388212,5.080299588122049,68,68,1.0,0.005,0.5724659023766477,-0.8199285277486608,-6.465097115897377e-08,True
BH-HF1R,SXS:BBH:0305,6,C,1145,Estar,3687.6824503547687,2.1861824860775414,1352,0.9279803222388212,5.172101628259283,68,68,1.0,0.005,0.5927459941396109,-0.8053894625778513,-6.469334841443207e-08,True
BH-HF1R,SXS:BBH:0305,6,C,1145,Bstar,3687.6824503547687,2.1861824860775414,1352,0.9279803222388212,1.0846330817177112,68,62,0.9117647058823529,0.005,-0.6784803016041595,0.7346185951465719,-7.624881712698139e-08,True
BH-HF1R,SXS:BBH:0305,6,C,1146,Rstar,3687.683282414923,2.187014546231694,1352,0.9279878679051861,5.079071235412961,68,68,1.0,0.005,0.5724541995353476,-0.8199366984312509,-6.46441070226231e-08,True
BH-HF1R,SXS:BBH:0305,6,C,1146,Estar,3687.683282414923,2.187014546231694,1352,0.9279878679051861,5.174485306311969,68,68,1.0,0.005,0.592734514675303,-0.8053979110431244,-6.468631873185349e-08,True
BH-HF1R,SXS:BBH:0305,6,C,1146,Bstar,3687.683282414923,2.187014546231694,1352,0.9279878679051861,1.0845299613720127,68,62,0.9117647058823529,0.005,-0.6784881596843323,0.7346113374895342,-7.623938222145517e-08,True
BH-HF1R,SXS:BBH:0305,6,C,1147,Rstar,3687.683892295887,2.187624427195715,1352,0.9279933966469731,5.078170870243375,68,68,1.0,0.005,0.572445622776435,-0.8199426863897838,-6.463907763161347e-08,True
BH-HF1R,SXS:BBH:0305,6,C,1147,Estar,3687.683892295887,2.187624427195715,1352,0.9279933966469731,5.176233615053563,68,68,1.0,0.005,0.5927261015679096,-0.8054041026218478,-6.468116793244277e-08,True
BH-HF1R,SXS:BBH:0305,6,C,1147,Bstar,3687.683892295887,2.187624427195715,1352,0.9279933966469731,1.084454024423773,68,62,0.9117647058823529,0.005,-0.6784939186742818,0.7346060184357404,-7.623246901138252e-08,True
BH-HF1R,SXS:BBH:0305,6,C,1148,Rstar,3687.684437996966,2.1881701282750328,1352,0.9279983989470406,5.077316015805809,68,68,1.0,0.005,0.5724379222136661,-0.8199480625086547,-6.46345946627594e-08,True
BH-HF1R,SXS:BBH:0305,6,C,1148,Estar,3687.684437996966,2.1881701282750328,1352,0.9279983989470406,5.17779915563798,68,68,1.0,0.005,0.5927185467162618,-0.8054096624566645,-6.467657638562607e-08,True
BH-HF1R,SXS:BBH:0305,6,C,1148,Bstar,3687.684437996966,2.1881701282750328,1352,0.9279983989470406,1.084385891880574,68,62,0.9117647058823529,0.005,-0.6784990949541164,0.7346012375067437,-7.622630457975668e-08,True
BH-HF1R,SXS:BBH:0305,6,C,1149,Rstar,3687.685024363131,2.1887564944399855,1352,0.9280036553119478,5.07602168916114,68,68,1.0,0.005,0.5724297051898695,-0.819953799074213,-6.4629740569005e-08,True
BH-HF1R,SXS:BBH:0305,6,C,1149,Estar,3687.685024363131,2.1887564944399855,1352,0.9280036553119478,5.179481356240405,68,68,1.0,0.005,0.5927104875744841,-0.8054155932928125,-6.467160558924525e-08,True
BH-HF1R,SXS:BBH:0305,6,C,1149,Bstar,3687.685024363131,2.1887564944399855,1352,0.9280036553119478,1.0843122673215415,68,62,0.9117647058823529,0.005,-0.6785046067144238,0.7345961466461005,-7.621963516601419e-08,True
BH-HF1R,SXS:BBH:0305,6,C,1150,Rstar,3687.685666194066,2.1893983253748956,1352,0.928009467546559,5.074721753958028,68,68,1.0,0.005,0.5724206819657017,-0.8199600983327888,-6.46244464907645e-08,True
BH-HF1R,SXS:BBH:0305,6,C,1150,Estar,3687.685666194066,2.1893983253748956,1352,0.928009467546559,5.181324101052331,68,68,1.0,0.005,0.5927016363725804,-0.805422106873943,-6.46661838979444e-08,True
BH-HF1R,SXS:BBH:0305,6,C,1150,Bstar,3687.685666194066,2.1893983253748956,1352,0.928009467546559,1.0842314318065847,68,62,0.9117647058823529,0.005,-0.678510665434956,0.7345905505048423,-7.621235867470532e-08,True
BH-HF1R,SXS:BBH:0305,6,C,1151,Rstar,3687.686245585544,2.189977716852809,1352,0.9280147146484555,5.075120532845342,68,68,1.0,0.005,0.572412537775541,-0.8199657837967147,-6.461967002286829e-08,True
BH-HF1R,SXS:BBH:0305,6,C,1151,Estar,3687.686245585544,2.189977716852809,1352,0.9280147146484555,5.182986191229825,68,68,1.0,0.005,0.5926936474036891,-0.8054279858108402,-6.466129227849996e-08,True
BH-HF1R,SXS:BBH:0305,6,C,1151,Bstar,3687.686245585544,2.189977716852809,1352,0.9280147146484555,1.0841581784074272,68,62,0.9117647058823529,0.005,-0.6785161338875307,0.7345854994854667,-7.62057932627957e-08,True
BH-HF1R,SXS:BBH:0305,6,C,1152,Rstar,3687.686860069334,2.1905922006430956,1352,0.9280202773892993,5.0751883096674915,68,68,1.0,0.005,0.5724039011519777,-0.8199718128972437,-6.461458522009829e-08,True
BH-HF1R,SXS:BBH:0305,6,C,1152,Estar,3687.686860069334,2.1905922006430956,1352,0.9280202773892993,5.184752348227123,68,68,1.0,0.005,0.5926851753371483,-0.8054342201170556,-6.465608531216152e-08,True
BH-HF1R,SXS:BBH:0305,6,C,1152,Bstar,3687.686860069334,2.1905922006430956,1352,0.9280202773892993,1.084080188447715,68,62,0.9117647058823529,0.005,-0.6785219329783314,0.7345801429846459,-7.619880811763509e-08,True
BH-HF1R,SXS:BBH:0305,6,C,1153,Rstar,3687.687382509144,2.1911146404527244,1352,0.9280250054702849,5.07519491099946,68,68,1.0,0.005,0.5723965590282101,-0.8199769382200092,-6.461029756529272e-08,True
BH-HF1R,SXS:BBH:0305,6,C,1153,Estar,3687.687382509144,2.1911146404527244,1352,0.9280250054702849,5.186254718017901,68,68,1.0,0.005,0.5926779730681075,-0.8054395199143604,-6.465169377851014e-08,True
BH-HF1R,SXS:BBH:0305,6,C,1153,Bstar,3687.687382509144,2.1911146404527244,1352,0.9280250054702849,1.0840136413414865,68,62,0.9117647058823529,0.005,-0.6785268628503275,0.7345755892966271,-7.619291065221457e-08,True
BH-HF1R,SXS:BBH:0305,6,C,1154,Rstar,3687.687919289164,2.191651420472681,1352,0.9280298620280817,5.075200601530717,68,68,1.0,0.005,0.5723890161028922,-0.8199822036146632,-6.46058724784824e-08,True
BH-HF1R,SXS:BBH:0305,6,C,1154,Estar,3687.687919289164,2.191651420472681,1352,0.9280298620280817,5.187799630713312,68,68,1.0,0.005,0.5926705737849481,-0.8054449645813276,-6.464716202859946e-08,True
BH-HF1R,SXS:BBH:0305,6,C,1154,Bstar,3687.687919289164,2.191651420472681,1352,0.9280298620280817,1.08394503596866,68,62,0.9117647058823529,0.005,-0.6785319275389471,0.7345709110155909,-7.618682849684783e-08,True
BH-HF1R,SXS:BBH:0305,6,C,1155,Rstar,3687.6883720545134,2.192104185822245,1352,0.9280339574175732,5.075204527623388,68,68,1.0,0.005,0.5723826543496788,-0.819986644403195,-6.460214044383858e-08,True
BH-HF1R,SXS:BBH:0305,6,C,1155,Estar,3687.6883720545134,2.192104185822245,1352,0.9280339574175732,5.18910282692673,68,68,1.0,0.005,0.5926643331512668,-0.8054495565895856,-6.464334000768261e-08,True
BH-HF1R,SXS:BBH:0305,6,C,1155,Bstar,3687.6883720545134,2.192104185822245,1352,0.9280339574175732,1.0838869878456865,68,62,0.9117647058823529,0.005,-0.6785361991195452,0.7345669652825364,-7.618169882879919e-08,True
BH-HF1R,SXS:BBH:0305,6,C,1156,Rstar,3687.6888135007293,2.192545632038218,1352,0.9280379495900184,5.075207581982109,68,68,1.0,0.005,0.5723764521733476,-0.8199909737292522,-6.459850132450925e-08,True
BH-HF1R,SXS:BBH:0305,6,C,1156,Estar,3687.6888135007293,2.192545632038218,1352,0.9280379495900184,5.190373952143734,68,68,1.0,0.005,0.5926582490308463,-0.8054540333598729,-6.463961326502437e-08,True
BH-HF1R,SXS:BBH:0305,6,C,1156,Bstar,3687.6888135007293,2.192545632038218,1352,0.9280379495900184,1.0838302305573038,68,62,0.9117647058823529,0.005,-0.6785403635412707,0.7345631184896738,-7.617669703621853e-08,True
BH-HF1R,SXS:BBH:0305,6,C,1157,Rstar,3687.6892129044486,2.192945035757475,1352,0.9280415609416943,5.075209667822851,68,68,1.0,0.005,0.5723708411514266,-0.8199948903496925,-6.459520932158852e-08,True
BH-HF1R,SXS:BBH:0305,6,C,1157,Estar,3687.6892129044486,2.192945035757475,1352,0.9280415609416943,5.191524458221845,68,68,1.0,0.005,0.5926527447915657,-0.8054580833854852,-6.46362418526965e-08,True
BH-HF1R,SXS:BBH:0305,6,C,1157,Bstar,3687.6892129044486,2.192945035757475,1352,0.9280415609416943,1.083778744695631,68,62,0.9117647058823529,0.005,-0.6785441310212456,0.7345596383253146,-7.617217220925924e-08,True
BH-HF1R,SXS:BBH:0305,6,C,1158,Rstar,3687.690056054708,2.193788186016718,1352,0.928049182279407,5.075212100735285,68,68,1.0,0.005,0.5723589975302458,-0.8200031572781705,-6.458826085904844e-08,True
BH-HF1R,SXS:BBH:0305,6,C,1158,Estar,3687.690056054708,2.193788186016718,1352,0.928049182279407,5.193954539411654,68,68,1.0,0.005,0.592641126494528,-0.8054666319514997,-6.462912595033366e-08,True
BH-HF1R,SXS:BBH:0305,6,C,1158,Bstar,3687.690056054708,2.193788186016718,1352,0.928049182279407,1.0836696201161256,68,62,0.9117647058823529,0.005,-0.6785520833194775,0.7345522923678007,-7.616262178800196e-08,True
BH-HF1R,SXS:BBH:0305,6,C,1159,Rstar,3687.6906679174626,2.194400048771513,1352,0.9280547108864834,5.075851234957165,68,68,1.0,0.005,0.57235040394285,-0.820009155501603,-6.458322196076324e-08,True
BH-HF1R,SXS:BBH:0305,6,C,1159,Estar,3687.6906679174626,2.194400048771513,1352,0.9280547108864834,5.195719177241256,68,68,1.0,0.005,0.5926326963424347,-0.8054728345673065,-6.46239656007944e-08,True
BH-HF1R,SXS:BBH:0305,6,C,1159,Bstar,3687.6906679174626,2.194400048771513,1352,0.9280547108864834,1.0835859701893336,68,62,0.9117647058823529,0.005,-0.6785578533824332,0.7345469621562793,-7.615569542653438e-08,True
BH-HF1R,SXS:BBH:0305,6,C,1160,Rstar,3687.691217018093,2.194949149401964,1352,0.9280596710961987,5.07829089727263,68,68,1.0,0.005,0.5723426927253382,-0.8200145377271704,-6.4578698661108e-08,True
BH-HF1R,SXS:BBH:0305,6,C,1160,Estar,3687.691217018093,2.194949149401964,1352,0.9280596710961987,5.1968523389486485,68,68,1.0,0.005,0.5926251317384633,-0.8054784002268248,-6.461933310211049e-08,True
BH-HF1R,SXS:BBH:0305,6,C,1160,Bstar,3687.691217018093,2.194949149401964,1352,0.9280596710961987,1.083484581913708,68,62,0.9117647058823529,0.005,-0.6785630309666919,0.7345421791873429,-7.614947804989986e-08,True
BH-HF1R,SXS:BBH:0305,6,C,1161,Rstar,3687.6918074465,2.195539577809086,1352,0.9280650031638136,5.0809150149596665,68,68,1.0,0.005,0.5723344020097231,-0.8200203243067629,-6.457382747900734e-08,True
BH-HF1R,SXS:BBH:0305,6,C,1161,Estar,3687.6918074465,2.195539577809086,1352,0.9280650031638136,5.196612805045438,68,68,1.0,0.005,0.5926169986103592,-0.8054843840559823,-6.461434475108978e-08,True
BH-HF1R,SXS:BBH:0305,6,C,1161,Bstar,3687.6918074465,2.195539577809086,1352,0.9280650031638136,1.0833105020770626,68,62,0.9117647058823529,0.005,-0.6785685976310598,0.7345370367170133,-7.614278410830585e-08,True
BH-HF1R,SXS:BBH:0305,6,C,1162,Rstar,3687.6924421135227,2.1961742448315817,1352,0.9280707329178324,5.083736709441909,68,68,1.0,0.005,0.5723254910961071,-0.8200265436201414,-6.456859936094811e-08,True
BH-HF1R,SXS:BBH:0305,6,C,1162,Estar,3687.6924421135227,2.1961742448315817,1352,0.9280707329178324,5.19671198954625,68,68,1.0,0.005,0.5926082570217024,-0.805490815409894,-6.460899059328006e-08,True
BH-HF1R,SXS:BBH:0305,6,C,1162,Bstar,3687.6924421135227,2.1961742448315817,1352,0.9280707329178324,1.0831231477017909,68,62,0.9117647058823529,0.005,-0.6785745807001651,0.7345315094858691,-7.613559821476447e-08,True
BH-HF1R,SXS:BBH:0305,6,C,1163,Rstar,3687.6930104546777,2.1967425859866125,1352,0.9280758625583311,5.086264267389953,68,68,1.0,0.005,0.5723175123918193,-0.8200321121819776,-6.456391963024957e-08,True
BH-HF1R,SXS:BBH:0305,6,C,1163,Estar,3687.6930104546777,2.1967425859866125,1352,0.9280758625583311,5.19680214212723,68,68,1.0,0.005,0.5926004298856951,-0.8054965738594332,-6.460419821041638e-08,True
BH-HF1R,SXS:BBH:0305,6,C,1163,Bstar,3687.6930104546777,2.1967425859866125,1352,0.9280758625583311,1.0829551706946483,68,62,0.9117647058823529,0.005,-0.6785799378269064,0.7345265604311568,-7.612916581989344e-08,True
BH-HF1R,SXS:BBH:0305,6,C,1164,Rstar,3687.6936194569535,2.197351588262336,1352,0.9280813756526064,5.088973540888733,68,68,1.0,0.005,0.572308963791204,-0.8200380783623612,-6.455890497211062e-08,True
BH-HF1R,SXS:BBH:0305,6,C,1164,Estar,3687.6936194569535,2.197351588262336,1352,0.9280813756526064,5.197604876987007,68,68,1.0,0.005,0.5925920436324297,-0.8055027435232834,-6.45990626346847e-08,True
BH-HF1R,SXS:BBH:0305,6,C,1164,Bstar,3687.6936194569535,2.197351588262336,1352,0.9280813756526064,1.0828306651778115,68,62,0.9117647058823529,0.005,-0.6785856775822204,0.7345212578137361,-7.612227313614986e-08,True
BH-HF1R,SXS:BBH:0305,6,C,1165,Rstar,3687.694145431645,2.1978775629540905,1352,0.9280861020819459,5.091314162051081,68,68,1.0,0.005,0.572301581426614,-0.8200432305047047,-6.455457467073047e-08,True
BH-HF1R,SXS:BBH:0305,6,C,1165,Estar,3687.694145431645,2.1978775629540905,1352,0.9280861020819459,5.1991460263528175,68,68,1.0,0.005,0.5925848014282237,-0.8055080714159658,-6.459462803062619e-08,True
BH-HF1R,SXS:BBH:0305,6,C,1165,Bstar,3687.694145431645,2.1978775629540905,1352,0.9280861020819459,1.0828075153117451,68,62,0.9117647058823529,0.005,-0.6785906342806018,0.734516678548993,-7.611632105168946e-08,True
BH-HF1R,SXS:BBH:0305,6,C,1166,Rstar,3687.6946853897784,2.198417521087322,1352,0.9280910237747728,5.093265258918335,68,68,1.0,0.005,0.5722940325012704,-0.820048498787377,-6.430163993907356e-08,True
BH-HF1R,SXS:BBH:0305,6,C,1166,Estar,3687.6946853897784,2.198417521087322,1352,0.9280910237747728,5.200725165576724,68,68,1.0,0.005,0.5925773970775737,-0.8055135184916287,-6.434082247826696e-08,True
BH-HF1R,SXS:BBH:0305,6,C,1166,Bstar,3687.6946853897784,2.198417521087322,1352,0.9280910237747728,1.0827835623029805,68,62,0.9117647058823529,0.005,-0.6785956974891131,0.7345120008204484,-7.580291254557272e-08,True
BH-HF1R,SXS:BBH:0305,6,C,1167,Rstar,3687.6951369123008,2.1988690436096476,1352,0.9280950427497577,5.092491077373419,68,68,1.0,0.005,0.572287667455518,-0.8200529407778002,-6.454640522921418e-08,True
BH-HF1R,SXS:BBH:0305,6,C,1167,Estar,3687.6951369123008,2.1988690436096476,1352,0.9280950427497577,5.202053800907478,68,68,1.0,0.005,0.5925711515286292,-0.8055181130030723,-6.458626197552745e-08,True
BH-HF1R,SXS:BBH:0305,6,C,1167,Bstar,3687.6951369123008,2.1988690436096476,1352,0.9280950427497577,1.0827635908761524,68,62,0.9117647058823529,0.005,-0.6785999764152839,0.7345080476136188,-7.610509387188292e-08,True
BH-HF1R,SXS:BBH:0305,6,C,1168,Rstar,3687.69557714676,2.199309278068995,1352,0.9280990098157736,5.091733595123227,68,68,1.0,0.005,0.5722814900821992,-0.8200572517265448,-6.454279915589202e-08,True
BH-HF1R,SXS:BBH:0305,6,C,1168,Estar,3687.69557714676,2.199309278068995,1352,0.9280990098157736,5.203345980668563,68,68,1.0,0.005,0.5925650913525344,-0.8055225710744289,-6.45825685142591e-08,True
BH-HF1R,SXS:BBH:0305,6,C,1168,Bstar,3687.69557714676,2.199309278068995,1352,0.9280990098157736,1.082743970720221,68,62,0.9117647058823529,0.005,-0.6786041240217137,0.7345042156861435,-7.610013351388611e-08,True
BH-HF1R,SXS:BBH:0305,6,C,1169,Rstar,3687.6959754541285,2.199707585437409,1352,0.9281025999445958,5.091047823509729,68,68,1.0,0.005,0.572275901716301,-0.8200611515702901,-6.453951078927749e-08,True
BH-HF1R,SXS:BBH:0305,6,C,1169,Estar,3687.6959754541285,2.199707585437409,1352,0.9281025999445958,5.2045157316783826,68,68,1.0,0.005,0.5925596089908383,-0.8055266040253548,-6.457920132358611e-08,True
BH-HF1R,SXS:BBH:0305,6,C,1169,Bstar,3687.6959754541285,2.199707585437409,1352,0.9281025999445958,1.0827261529631595,68,62,0.9117647058823529,0.005,-0.6786078761335242,0.73450074911435,-7.609561579496099e-08,True
BH-HF1R,SXS:BBH:0305,6,C,1170,Rstar,3687.6968331845137,2.200565315822587,1352,0.928110328224108,5.08956952953515,68,68,1.0,0.005,0.5722638688194353,-0.8200695485407369,-6.453245073231477e-08,True
BH-HF1R,SXS:BBH:0305,6,C,1170,Estar,3687.6968331845137,2.200565315822587,1352,0.928110328224108,5.207036590632403,68,68,1.0,0.005,0.5925478042693479,-0.8055352876538497,-6.457197116406078e-08,True
BH-HF1R,SXS:BBH:0305,6,C,1170,Bstar,3687.6968331845137,2.200565315822587,1352,0.928110328224108,1.0826875786776613,68,62,0.9117647058823529,0.005,-0.6786159551899684,0.7344932847627683,-7.608591201325067e-08,True
BH-HF1R,SXS:BBH:0305,6,C,1171,Rstar,3687.697449914322,2.201182045630958,1352,0.9281158826144844,5.088505205459031,68,68,1.0,0.005,0.5722552180144511,-0.8200755852086006,-6.452737882233431e-08,True
BH-HF1R,SXS:BBH:0305,6,C,1171,Estar,3687.697449914322,2.201182045630958,1352,0.9281158826144844,5.208850755113844,68,68,1.0,0.005,0.592539317447794,-0.8055415304492365,-6.456677703693681e-08,True
BH-HF1R,SXS:BBH:0305,6,C,1171,Bstar,3687.697449914322,2.201182045630958,1352,0.9281158826144844,1.0826596715053884,68,62,0.9117647058823529,0.005,-0.6786217634345402,0.7344879183437868,-7.607894022179232e-08,True
BH-HF1R,SXS:BBH:0305,6,C,1172,Rstar,3687.6980025864204,2.201734717729323,1352,0.9281208587412243,5.0875504628582044,68,68,1.0,0.005,0.5722474666294891,-0.820080994131755,-6.452283192727964e-08,True
BH-HF1R,SXS:BBH:0305,6,C,1172,Estar,3687.6980025864204,2.201734717729323,1352,0.9281208587412243,5.210477639250333,68,68,1.0,0.005,0.5925317129559483,-0.805547124097334,-6.456212044655846e-08,True
BH-HF1R,SXS:BBH:0305,6,C,1172,Bstar,3687.6980025864204,2.201734717729323,1352,0.9281208587412243,1.0826345401973159,68,62,0.9117647058823529,0.005,-0.6786269677760562,0.7344831098174209,-7.607269033392487e-08,True
BH-HF1R,SXS:BBH:0305,6,C,1173,Rstar,3687.6985895969124,2.20232172822125,1352,0.9281261426270553,5.086535430736167,68,68,1.0,0.005,0.5722392345173517,-0.8200867383874654,-6.451800254448755e-08,True
BH-HF1R,SXS:BBH:0305,6,C,1173,Estar,3687.6985895969124,2.20232172822125,1352,0.9281261426270553,5.211340325685036,68,68,1.0,0.005,0.5925236368033205,-0.8055530645645652,-6.45571747577419e-08,True
BH-HF1R,SXS:BBH:0305,6,C,1173,Bstar,3687.6985895969124,2.20232172822125,1352,0.9281261426270553,1.0826077205263593,68,62,0.9117647058823529,0.005,-0.678632494865844,0.7344780030144908,-7.606605228240771e-08,True
BH-HF1R,SXS:BBH:0305,6,C,1174,Rstar,3687.6992161143794,2.202948245688276,1352,0.9281317803601972,5.085450972658778,68,68,1.0,0.005,0.5722304493428294,-0.8200928684270454,-6.451284803664889e-08,True
BH-HF1R,SXS:BBH:0305,6,C,1174,Estar,3687.6992161143794,2.202948245688276,1352,0.9281317803601972,5.207860076809653,68,68,1.0,0.005,0.5925150180164659,-0.8055594040323426,-6.455189619917297e-08,True
BH-HF1R,SXS:BBH:0305,6,C,1174,Bstar,3687.6992161143794,2.202948245688276,1352,0.9281317803601972,1.0825789519402178,68,62,0.9117647058823529,0.005,-0.6786383932675804,0.7344725530495958,-7.605896759498172e-08,True
BH-HF1R,SXS:BBH:0305,6,C,1175,Rstar,3687.699775046064,2.2035071773730124,1352,0.9281368086474825,5.08448250554353,68,68,1.0,0.005,0.5722226128168314,-0.8200983364091616,-6.450825100043868e-08,True
BH-HF1R,SXS:BBH:0305,6,C,1175,Estar,3687.699775046064,2.2035071773730124,1352,0.9281368086474825,5.204756963343185,68,68,1.0,0.005,0.5925073298697138,-0.8055650588566129,-6.454718860948406e-08,True
BH-HF1R,SXS:BBH:0305,6,C,1175,Bstar,3687.699775046064,2.2035071773730124,1352,0.9281368086474825,1.0825531605606056,68,62,0.9117647058823529,0.005,-0.6786436547156087,0.7344676915387333,-7.605264903392404e-08,True
BH-HF1R,SXS:BBH:0305,6,C,1176,Rstar,3687.700381394282,2.2041135255908557,1352,0.9281422619550797,5.083430853157181,68,68,1.0,0.005,0.5722141124032344,-0.820104267496868,-6.450326370016987e-08,True
BH-HF1R,SXS:BBH:0305,6,C,1176,Estar,3687.700381394282,2.2041135255908557,1352,0.9281422619550797,5.203009936069535,68,68,1.0,0.005,0.592498990359499,-0.8055711926471615,-6.454208101751687e-08,True
BH-HF1R,SXS:BBH:0305,6,C,1176,Bstar,3687.700381394282,2.2041135255908557,1352,0.9281422619550797,1.0825250473165269,68,62,0.9117647058823529,0.005,-0.6786493618815468,0.7344624181112083,-7.604579407697658e-08,True
BH-HF1R,SXS:BBH:0305,6,C,1177,Rstar,3687.700910781252,2.2046429125607574,1352,0.9281470216873852,5.082629252068001,68,68,1.0,0.005,0.5722066916917543,-0.8201094451249623,-6.449891132632207e-08,True
BH-HF1R,SXS:BBH:0305,6,C,1177,Estar,3687.700910781252,2.2046429125607574,1352,0.9281470216873852,5.201902654136959,68,68,1.0,0.005,0.5924917100748608,-0.8055765472582745,-6.453762386485566e-08,True
BH-HF1R,SXS:BBH:0305,6,C,1177,Bstar,3687.700910781252,2.2046429125607574,1352,0.9281470216873852,1.0825003885884064,68,62,0.9117647058823529,0.005,-0.6786543441208275,0.7344578144494914,-7.603981156003244e-08,True
BH-HF1R,SXS:BBH:0305,6,C,1178,Rstar,3687.701453305082,2.2051854363908205,1352,0.9281518983000261,5.083989357432171,68,68,1.0,0.005,0.5721990876163642,-0.8201147505873774,-6.449445008478527e-08,True
BH-HF1R,SXS:BBH:0305,6,C,1178,Estar,3687.701453305082,2.2051854363908205,1352,0.9281518983000261,5.204803234782129,68,68,1.0,0.005,0.5924842498588924,-0.8055820341027607,-6.453305527748206e-08,True
BH-HF1R,SXS:BBH:0305,6,C,1178,Bstar,3687.701453305082,2.2051854363908205,1352,0.9281518983000261,1.0824750076007525,68,62,0.9117647058823529,0.005,-0.6786594494522985,0.7344530969838015,-7.603367971299028e-08,True
BH-HF1R,SXS:BBH:0305,6,C,1179,Rstar,3687.7019029496364,2.205635080945285,1352,0.9281559390292289,5.0851168654086,68,68,1.0,0.005,0.5721927859300245,-0.8201191472765607,-6.449071823215353e-08,True
BH-HF1R,SXS:BBH:0305,6,C,1179,Estar,3687.7019029496364,2.205635080945285,1352,0.9281559390292289,5.207209026827075,68,68,1.0,0.005,0.5924780673635632,-0.8055865811277724,-6.452923446001421e-08,True
BH-HF1R,SXS:BBH:0305,6,C,1179,Bstar,3687.7019029496364,2.205635080945285,1352,0.9281559390292289,1.0824538873473335,68,62,0.9117647058823529,0.005,-0.6786636803552686,0.7344491874640722,-7.602855744009952e-08,True
BH-HF1R,SXS:BBH:0305,6,C,1180,Rstar,3687.702341353077,2.206073484385797,1352,0.9281598779245591,5.086230351216217,68,68,1.0,0.005,0.5721866423121229,-0.8201234336120231,-6.44871128045229e-08,True
BH-HF1R,SXS:BBH:0305,6,C,1180,Estar,3687.702341353077,2.206073484385797,1352,0.9281598779245591,5.209556236564706,68,68,1.0,0.005,0.5924720399219864,-0.8055910140453876,-6.452554227617816e-08,True
BH-HF1R,SXS:BBH:0305,6,C,1180,Bstar,3687.702341353077,2.206073484385797,1352,0.9281598779245591,1.0824332212342036,68,62,0.9117647058823529,0.005,-0.6786678051202949,0.7344453759764545,-7.602360196146071e-08,True
BH-HF1R,SXS:BBH:0305,6,C,1181,Rstar,3687.702738003809,2.2064701351177973,1352,0.9281634410873592,5.087211942329478,68,68,1.0,0.005,0.5721810842660595,-0.8201273113414235,-6.448386374055352e-08,True
BH-HF1R,SXS:BBH:0305,6,C,1181,Estar,3687.702738003809,2.2064701351177973,1352,0.9281634410873592,5.211681237455892,68,68,1.0,0.005,0.5924665869585969,-0.805595024399746,-6.452221453488881e-08,True
BH-HF1R,SXS:BBH:0305,6,C,1181,Bstar,3687.702738003809,2.2064701351177973,1352,0.9281634410873592,1.0824144607529846,68,62,0.9117647058823529,0.005,-0.6786715367237011,0.7344419277526878,-7.601913363744701e-08,True
BH-HF1R,SXS:BBH:0305,6,C,1182,Rstar,3687.7036033365903,2.2073354678991564,1352,0.9281712508536278,5.087763839305447,68,68,1.0,0.005,0.5721689453185201,-0.820135780229766,-7.369163476726797e-08,True
BH-HF1R,SXS:BBH:0305,6,C,1182,Estar,3687.7036033365903,2.2073354678991564,1352,0.9281712508536278,5.213305889502219,68,68,1.0,0.005,0.5924546766220324,-0.8056037835987847,-7.374132669856221e-08,True
BH-HF1R,SXS:BBH:0305,6,C,1182,Bstar,3687.7036033365903,2.2073354678991564,1352,0.9281712508536278,1.0823731857612215,68,62,0.9117647058823529,0.005,-0.6786796902413692,0.7344343932945077,-8.697645532631574e-08,True
BH-HF1R,SXS:BBH:0305,6,C,1183,Rstar,3687.7042271302507,2.2079592615596084,1352,0.928176812098193,5.086562288100053,68,68,1.0,0.005,0.5721602216726428,-0.820141866225294,-6.447219464643409e-08,True
BH-HF1R,SXS:BBH:0305,6,C,1183,Estar,3687.7042271302507,2.2079592615596084,1352,0.928176812098193,5.213671182201824,68,68,1.0,0.005,0.5924461186178765,-0.8056100772300511,-6.451025168812931e-08,True
BH-HF1R,SXS:BBH:0305,6,C,1183,Bstar,3687.7042271302507,2.2079592615596084,1352,0.928176812098193,1.0823434941537111,68,62,0.9117647058823529,0.005,-0.6786855435478459,0.7344289842994752,-7.600297462339474e-08,True
BH-HF1R,SXS:BBH:0305,6,C,1184,Rstar,3687.704786571264,2.2085187025727464,1352,0.9281818314692832,5.08548682959107,68,68,1.0,0.005,0.5721523852776739,-0.8201473331183026,-6.446531677641439e-08,True
BH-HF1R,SXS:BBH:0305,6,C,1184,Estar,3687.704786571264,2.2085187025727464,1352,0.9281818314692832,5.213999668489149,68,68,1.0,0.005,0.5924384302366317,-0.8056157312135555,-6.450326020770039e-08,True
BH-HF1R,SXS:BBH:0305,6,C,1184,Bstar,3687.704786571264,2.2085187025727464,1352,0.9281818314692832,1.0823166187644186,68,62,0.9117647058823529,0.005,-0.6786908047535176,0.7344241223863883,-7.599400161264828e-08,True
BH-HF1R,SXS:BBH:0305,6,C,1185,Rstar,3687.705370691509,2.20910282281784,1352,0.9281870729228118,5.084363597138866,68,68,1.0,0.005,0.5721442043892525,-0.8201530402210219,-6.446220199995514e-08,True
BH-HF1R,SXS:BBH:0305,6,C,1185,Estar,3687.705370691509,2.20910282281784,1352,0.9281870729228118,5.215662652799319,68,68,1.0,0.005,0.5924304038291788,-0.8056216336586253,-6.450003212016123e-08,True
BH-HF1R,SXS:BBH:0305,6,C,1185,Bstar,3687.705370691509,2.20910282281784,1352,0.9281870729228118,1.082288426706615,68,62,0.9117647058823529,0.005,-0.6786962972113232,0.7344190466972064,-7.598936533034513e-08,True
BH-HF1R,SXS:BBH:0305,6,C,1186,Rstar,3687.7059940620375,2.2097261933463415,1352,0.9281926644096239,5.083164357447263,68,68,1.0,0.005,0.5721354746570598,-0.8201591300710714,-6.44571344294503e-08,True
BH-HF1R,SXS:BBH:0305,6,C,1186,Estar,3687.7059940620375,2.2097261933463415,1352,0.9281926644096239,5.219103891168582,68,68,1.0,0.005,0.5924218388916672,-0.8056279319910721,-6.449484137545199e-08,True
BH-HF1R,SXS:BBH:0305,6,C,1186,Bstar,3687.7059940620375,2.2097261933463415,1352,0.9281926644096239,1.082258199067823,68,62,0.9117647058823529,0.005,-0.6787021581382454,0.7344136304144159,-7.598238855067186e-08,True
BH-HF1R,SXS:BBH:0305,6,C,1187,Rstar,3687.7065439804205,2.2102761117293994,1352,0.9281975955073342,5.082105940250154,68,68,1.0,0.005,0.5721277744335364,-0.8201645016225247,-6.445261835452894e-08,True
BH-HF1R,SXS:BBH:0305,6,C,1187,Estar,3687.7065439804205,2.2102761117293994,1352,0.9281975955073342,5.222142102554409,68,68,1.0,0.005,0.592414283987773,-0.8056334874663853,-6.44902165421479e-08,True
BH-HF1R,SXS:BBH:0305,6,C,1187,Bstar,3687.7065439804205,2.2102761117293994,1352,0.9281975955073342,1.0822314109485478,68,62,0.9117647058823529,0.005,-0.6787073278528816,0.734408852832532,-7.597618091644872e-08,True
BH-HF1R,SXS:BBH:0305,6,C,1188,Rstar,3687.70714556621,2.210877697518754,1352,0.9282029883520595,5.080947608836682,68,68,1.0,0.005,0.5721193516345228,-0.8201703771078841,-6.444767419959922e-08,True
BH-HF1R,SXS:BBH:0305,6,C,1188,Estar,3687.70714556621,2.210877697518754,1352,0.9282029883520595,5.225468407723064,68,68,1.0,0.005,0.5924060200998321,-0.8056395641659322,-6.448515356623911e-08,True
BH-HF1R,SXS:BBH:0305,6,C,1188,Bstar,3687.70714556621,2.210877697518754,1352,0.9282029883520595,1.082201974879377,68,62,0.9117647058823529,0.005,-0.6787129826676596,0.7344036268690152,-7.596938570787542e-08,True
BH-HF1R,SXS:BBH:0305,6,C,1189,Rstar,3687.7076776926697,2.2114098239785562,1352,0.9282077571631999,5.079922597230528,68,68,1.0,0.005,0.5721119021235525,-0.8201755735503017,-6.444330384535077e-08,True
BH-HF1R,SXS:BBH:0305,6,C,1189,Estar,3687.7076776926697,2.2114098239785562,1352,0.9282077571631999,5.228412956883052,68,68,1.0,0.005,0.5923987110982158,-0.8056449385983683,-6.448067806117587e-08,True
BH-HF1R,SXS:BBH:0305,6,C,1189,Bstar,3687.7076776926697,2.2114098239785562,1352,0.9282077571631999,1.0821758233494663,68,62,0.9117647058823529,0.005,-0.6787179840289843,0.7343990047349096,-7.596337873549992e-08,True
BH-HF1R,SXS:BBH:0305,6,C,1190,Rstar,3687.708221389208,2.2119535205169996,1352,0.928212628432596,5.078875830756865,68,68,1.0,0.005,0.5721042914241263,-0.8201808823266329,-6.443887209320721e-08,True
BH-HF1R,SXS:BBH:0305,6,C,1190,Estar,3687.708221389208,2.2119535205169996,1352,0.928212628432596,5.231423765028687,68,68,1.0,0.005,0.5923912439109726,-0.8056504292418681,-6.447613891860477e-08,True
BH-HF1R,SXS:BBH:0305,6,C,1190,Bstar,3687.708221389208,2.2119535205169996,1352,0.928212628432596,1.0821492236023604,68,62,0.9117647058823529,0.005,-0.678723093588866,0.7343942825411659,-7.595728048051665e-08,True
BH-HF1R,SXS:BBH:0305,6,C,1191,Rstar,3687.708829188215,2.2125613195239566,1352,0.9282180726163818,5.077704119288596,68,68,1.0,0.005,0.5720957843679312,-0.820186816224473,-6.443387818813874e-08,True
BH-HF1R,SXS:BBH:0305,6,C,1191,Estar,3687.708829188215,2.2125613195239566,1352,0.9282180726163818,5.234841482681173,68,68,1.0,0.005,0.5923828972245982,-0.8056565664573131,-6.447102489792155e-08,True
BH-HF1R,SXS:BBH:0305,6,C,1191,Bstar,3687.708829188215,2.2125613195239566,1352,0.9282180726163818,1.082119096132392,68,62,0.9117647058823529,0.005,-0.6787288049090651,0.734389004129764,-7.595041694721414e-08,True
BH-HF1R,SXS:BBH:0305,6,C,1192,Rstar,3687.70913378914,2.212865920449076,1352,0.9282208002529733,5.0771166973217925,68,68,1.0,0.005,0.5720915213567506,-0.820189789738762,-6.44313798236915e-08,True
BH-HF1R,SXS:BBH:0305,6,C,1192,Estar,3687.70913378914,2.212865920449076,1352,0.9282208002529733,5.236627092917317,68,68,1.0,0.005,0.5923787145593076,-0.8056596418693555,-6.446846636198897e-08,True
BH-HF1R,SXS:BBH:0305,6,C,1192,Bstar,3687.70913378914,2.212865920449076,1352,0.9282208002529733,1.082103945793164,68,62,0.9117647058823529,0.005,-0.6787316669275215,0.7343863590166843,-7.594698243215291e-08,True
BH-HF1R,SXS:BBH:0305,6,C,1193,Rstar,3687.7094093804535,2.2131415117623874,1352,0.9282232678262273,5.076585112479439,68,68,1.0,0.005,0.5720876645573372,-0.8201924798858664,-6.442910861729037e-08,True
BH-HF1R,SXS:BBH:0305,6,C,1193,Estar,3687.7094093804535,2.2131415117623874,1352,0.9282232678262273,5.238243417260665,68,68,1.0,0.005,0.5923749304395339,-0.8056624242117496,-6.446614079741697e-08,True
BH-HF1R,SXS:BBH:0305,6,C,1193,Bstar,3687.7094093804535,2.2131415117623874,1352,0.9282232678262273,1.0820902085343784,68,62,0.9117647058823529,0.005,-0.6787342562279363,0.7343839659351941,-7.59438623808006e-08,True
BH-HF1R,SXS:BBH:0305,6,C,1194,Rstar,3687.7100246912883,2.2137568225971336,1352,0.9282287761147254,5.075397925798924,68,68,1.0,0.005,0.5720790543384124,-0.8201984854821811,-6.442404317775254e-08,True
BH-HF1R,SXS:BBH:0305,6,C,1194,Estar,3687.7100246912883,2.2137568225971336,1352,0.9282287761147254,5.241854816187523,68,68,1.0,0.005,0.5923664824405119,-0.8056686356567759,-6.446095375301115e-08,True
BH-HF1R,SXS:BBH:0305,6,C,1194,Bstar,3687.7100246912883,2.2137568225971336,1352,0.9282287761147254,1.0820594296255357,68,62,0.9117647058823529,0.005,-0.6787400367650542,0.7343786233899834,-7.593690265588854e-08,True
BH-HF1R,SXS:BBH:0305,6,C,1195,Rstar,3687.7105751974864,2.2143073287952575,1352,0.9282337029312945,5.074335309831588,68,68,1.0,0.005,0.572071351789026,-0.8202038578684402,-6.441952331844482e-08,True
BH-HF1R,SXS:BBH:0305,6,C,1195,Estar,3687.7105751974864,2.2143073287952575,1352,0.9282337029312945,5.245088964235354,68,68,1.0,0.005,0.5923589249697003,-0.8056741922196198,-6.445632528522093e-08,True
BH-HF1R,SXS:BBH:0305,6,C,1195,Bstar,3687.7105751974864,2.2143073287952575,1352,0.9282337029312945,1.0820317718420793,68,62,0.9117647058823529,0.005,-0.6787452079098173,0.7343738439919093,-7.593069036056948e-08,True
BH-HF1R,SXS:BBH:0305,6,C,1196,Rstar,3687.711175859634,2.21490799094272,1352,0.9282390770904358,5.073379594754237,68,68,1.0,0.005,0.5720629483835002,-0.8202097189662974,-6.441459086675626e-08,True
BH-HF1R,SXS:BBH:0305,6,C,1196,Estar,3687.711175859634,2.21490799094272,1352,0.9282390770904358,5.2475095356443004,68,68,1.0,0.005,0.5923506797990364,-0.8056802542830594,-6.445127433553713e-08,True
BH-HF1R,SXS:BBH:0305,6,C,1196,Bstar,3687.711175859634,2.21490799094272,1352,0.9282390770904358,1.082001463304857,68,62,0.9117647058823529,0.005,-0.6787508495574381,0.7343686296575108,-7.592391118228788e-08,True
BH-HF1R,SXS:BBH:0305,6,C,1197,Rstar,3687.711831589192,2.2155637205009953,1352,0.9282449420259723,5.072442019018144,68,68,1.0,0.005,0.5720537756265688,-0.8202161165152653,-6.440920647156649e-08,True
BH-HF1R,SXS:BBH:0305,6,C,1197,Estar,3687.711831589192,2.2155637205009953,1352,0.9282449420259723,5.248629927472519,68,68,1.0,0.005,0.5923416797101612,-0.805686871233571,-6.444576047242106e-08,True
BH-HF1R,SXS:BBH:0305,6,C,1197,Bstar,3687.711831589192,2.2155637205009953,1352,0.9282449420259723,1.0819682204453696,68,62,0.9117647058823529,0.005,-0.6787570076908158,0.734362937865606,-7.591651089803463e-08,True
BH-HF1R,SXS:BBH:0305,6,C,1198,Rstar,3687.7124469394435,2.2161790707523323,1352,0.928250444175339,5.071561252150792,68,68,1.0,0.005,0.5720451687917036,-0.820222119222633,-6.440415640768196e-08,True
BH-HF1R,SXS:BBH:0305,6,C,1198,Estar,3687.7124469394435,2.2161790707523323,1352,0.928250444175339,5.249682154555034,68,68,1.0,0.005,0.5923332348410038,-0.8056930798404491,-6.444058892389277e-08,True
BH-HF1R,SXS:BBH:0305,6,C,1198,Bstar,3687.7124469394435,2.2161790707523323,1352,0.928250444175339,1.0819368762779304,68,62,0.9117647058823529,0.005,-0.678762785864145,0.7343575971731613,-7.590956964163089e-08,True
BH-HF1R,SXS:BBH:0305,6,C,1199,Rstar,3687.713018144519,2.2167502758279625,1352,0.9282555502754017,5.070742872231894,68,68,1.0,0.005,0.5720371803548989,-0.820227690517464,-6.439946873539867e-08,True
BH-HF1R,SXS:BBH:0305,6,C,1199,Estar,3687.713018144519,2.2167502758279625,1352,0.9282555502754017,5.250659616381037,68,68,1.0,0.005,0.5923253966901233,-0.805698842270413,-6.443578852943027e-08,True
BH-HF1R,SXS:BBH:0305,6,C,1199,Bstar,3687.713018144519,2.2167502758279625,1352,0.9282555502754017,1.0819076519984168,68,62,0.9117647058823529,0.005,-0.6787681488522421,0.7343526401557325,-7.590312656664575e-08,True
BH-HF1R,SXS:BBH:0305,6,C,1200,Rstar,3687.7136422248436,2.2173743561525043,1352,0.9282611272427147,5.069847881419948,68,68,1.0,0.005,0.5720284533687752,-0.8202337767591157,-6.439434528239682e-08,True
BH-HF1R,SXS:BBH:0305,6,C,1200,Estar,3687.7136422248436,2.2173743561525043,1352,0.9282611272427147,5.2517283370135335,68,68,1.0,0.005,0.592316833835017,-0.8057051373521561,-6.443054189586493e-08,True
BH-HF1R,SXS:BBH:0305,6,C,1200,Bstar,3687.7136422248436,2.2173743561525043,1352,0.9282611272427147,1.0818755818108152,68,62,0.9117647058823529,0.005,-0.6787740076469496,0.7343472247805483,-7.589608517458184e-08,True
BH-HF1R,SXS:BBH:0305,6,C,1201,Rstar,3687.71417885255,2.2179109838589284,1352,0.9282659214952024,5.0690775595441275,68,68,1.0,0.005,0.57202095018542,-0.8202390094045546,-6.438994290412011e-08,True
BH-HF1R,SXS:BBH:0305,6,C,1201,Estar,3687.71417885255,2.2179109838589284,1352,0.9282659214952024,5.2526479608087,68,68,1.0,0.005,0.5923094717276212,-0.8057105495782851,-6.442603367213535e-08,True
BH-HF1R,SXS:BBH:0305,6,C,1201,Bstar,3687.71417885255,2.2179109838589284,1352,0.9282659214952024,1.0818478872353126,68,62,0.9117647058823529,0.005,-0.6787790448242684,0.7343425687698134,-7.58900340248055e-08,True
BH-HF1R,SXS:BBH:0305,6,C,1202,Rstar,3687.714717267346,2.218449398654684,1352,0.9282707304208728,5.0701711499381314,68,68,1.0,0.005,0.5720134227584687,-0.8202442588547252,-6.43855247477108e-08,True
BH-HF1R,SXS:BBH:0305,6,C,1202,Estar,3687.714717267346,2.218449398654684,1352,0.9282707304208728,5.252368100031589,68,68,1.0,0.005,0.5923020857948184,-0.805715979215445,-6.442150925039636e-08,True
BH-HF1R,SXS:BBH:0305,6,C,1202,Bstar,3687.714717267346,2.218449398654684,1352,0.9282707304208728,1.0818199910535535,68,62,0.9117647058823529,0.005,-0.6787840982633757,0.7343378976634464,-7.588396154630009e-08,True
BH-HF1R,SXS:BBH:0305,6,C,1203,Rstar,3687.715147777005,2.2188799083137383,1352,0.9282745745845281,5.069727259143478,68,68,1.0,0.005,0.5720074044603347,-0.8202484558001598,-6.438196256603326e-08,True
BH-HF1R,SXS:BBH:0305,6,C,1203,Estar,3687.715147777005,2.2188799083137383,1352,0.9282745745845281,5.25197780906847,68,68,1.0,0.005,0.5922961805966342,-0.8057203202418536,-6.441786225914776e-08,True
BH-HF1R,SXS:BBH:0305,6,C,1203,Bstar,3687.715147777005,2.2188799083137383,1352,0.9282745745845281,1.0817976068904558,68,62,0.9117647058823529,0.005,-0.6787881385569153,0.7343341630037598,-7.587907180913123e-08,True
BH-HF1R,SXS:BBH:0305,6,C,1204,Rstar,3687.7155675239223,2.219299655231225,1352,0.9282783220266847,5.067610573920616,68,68,1.0,0.005,0.5720015371305711,-0.8202525474024812,-6.437851705885458e-08,True
BH-HF1R,SXS:BBH:0305,6,C,1204,Estar,3687.7155675239223,2.219299655231225,1352,0.9282783220266847,5.2515976847178765,68,68,1.0,0.005,0.5922904235079658,-0.8057245523258867,-6.441433400466512e-08,True
BH-HF1R,SXS:BBH:0305,6,C,1204,Bstar,3687.7155675239223,2.219299655231225,1352,0.9282783220266847,1.0817757149641236,68,62,0.9117647058823529,0.005,-0.6787920774831949,0.7343305220035748,-7.587433651994818e-08,True
BH-HF1R,SXS:BBH:0305,6,C,1205,Rstar,3687.715947294943,2.219679426251787,1352,0.9282817118650266,5.065843515284364,68,68,1.0,0.005,0.5719962289814182,-0.8202562490045612,-6.437540181915126e-08,True
BH-HF1R,SXS:BBH:0305,6,C,1205,Estar,3687.715947294943,2.219679426251787,1352,0.9282817118650266,5.251254098284078,68,68,1.0,0.005,0.5922852150731509,-0.8057283810352885,-6.441114387179288e-08,True
BH-HF1R,SXS:BBH:0305,6,C,1205,Bstar,3687.715947294943,2.219679426251787,1352,0.9282817118650266,1.0817484851701078,68,62,0.9117647058823529,0.005,-0.6787956410093323,0.734327227975869,-7.587005481178816e-08,True
BH-HF1R,SXS:BBH:0305,6,C,1206,Rstar,3687.7163559589344,2.22008809024328,1352,0.9282853589203732,5.067255904515428,68,68,1.0,0.005,0.5719905174260829,-0.8202602318622046,-6.437206263919829e-08,True
BH-HF1R,SXS:BBH:0305,6,C,1206,Estar,3687.7163559589344,2.22008809024328,1352,0.9282853589203732,5.250884737068271,68,68,1.0,0.005,0.5922796107899112,-0.8057325006741053,-6.440772412301372e-08,True
BH-HF1R,SXS:BBH:0305,6,C,1206,Bstar,3687.7163559589344,2.22008809024328,1352,0.9282853589203732,1.081683067900785,68,62,0.9117647058823529,0.005,-0.6787994753427474,0.7343236835853827,-7.58654625450213e-08,True
BH-HF1R,SXS:BBH:0305,6,C,1207,Rstar,3687.716589358843,2.220321490151946,1352,0.9282874415041638,5.067855469583461,68,68,1.0,0.005,0.5719872555574168,-0.8202625064452782,-6.437015476207561e-08,True
BH-HF1R,SXS:BBH:0305,6,C,1207,Estar,3687.716589358843,2.220321490151946,1352,0.9282874415041638,5.2506739345715,68,68,1.0,0.005,0.5922764101746021,-0.8057348533796228,-6.440577034572263e-08,True
BH-HF1R,SXS:BBH:0305,6,C,1207,Bstar,3687.716589358843,2.220321490151946,1352,0.9282874415041638,1.0816456816987818,68,62,0.9117647058823529,0.005,-0.6788016651280032,0.7343216593696827,-7.586283902155371e-08,True
BH-HF1R,SXS:BBH:0305,6,C,1208,Rstar,3687.7168459630525,2.2205780943613718,1352,0.9282897308384097,5.068030081611106,68,68,1.0,0.005,0.5719836695974044,-0.8202650070031533,-6.436804882141183e-08,True
BH-HF1R,SXS:BBH:0305,6,C,1208,Estar,3687.7168459630525,2.2205780943613718,1352,0.9282897308384097,5.250442330797849,68,68,1.0,0.005,0.592272891545902,-0.8057374398275483,-6.440361382971311e-08,True
BH-HF1R,SXS:BBH:0305,6,C,1208,Bstar,3687.7168459630525,2.2205780943613718,1352,0.9282897308384097,1.081603747717337,68,64,0.9411764705882353,0.005,-0.6970593384572502,0.7170134438555075,-7.686663008109511e-08,True
BH-HF1R,SXS:BBH:0305,6,C,1209,Rstar,3687.7171467122366,2.2208788435455062,1352,0.9282924137673504,5.068234579484128,68,68,1.0,0.005,0.5719794669543611,-0.8202679375561382,-6.436557858858203e-08,True
BH-HF1R,SXS:BBH:0305,6,C,1209,Estar,3687.7171467122366,2.2208788435455062,1352,0.9282924137673504,5.250170911165389,68,68,1.0,0.005,0.5922687678029264,-0.805740471048339,-6.440108426087373e-08,True
BH-HF1R,SXS:BBH:0305,6,C,1209,Bstar,3687.7171467122366,2.2208788435455062,1352,0.9282924137673504,1.081534699327675,68,64,0.9411764705882353,0.005,-0.6970620453763844,0.7170108122585638,-7.686314844220063e-08,True
BH-HF1R,SXS:BBH:0305,6,C,1210,Rstar,3687.7174808052396,2.2212129365484543,1352,0.928295393621065,5.068461555377269,68,68,1.0,0.005,0.5719747986633781,-0.8202711927734534,-6.436283585076629e-08,True
BH-HF1R,SXS:BBH:0305,6,C,1210,Estar,3687.7174808052396,2.2212129365484543,1352,0.928295393621065,5.249869819321109,68,68,1.0,0.005,0.5922641871397624,-0.8057438380972407,-6.439827572590023e-08,True
BH-HF1R,SXS:BBH:0305,6,C,1210,Bstar,3687.7174808052396,2.2212129365484543,1352,0.928295393621065,1.0814579513712967,68,64,0.9411764705882353,0.005,-0.6970650522257177,0.7170078890539154,-7.68592823316494e-08,True
BH-HF1R,SXS:BBH:0305,6,C,1211,Rstar,3687.717815252388,2.221547383696816,1352,0.928298376184081,5.068688562167073,68,68,1.0,0.005,0.5719701257071547,-0.8202744512043134,-6.436009096810663e-08,True
BH-HF1R,SXS:BBH:0305,6,C,1211,Estar,3687.717815252388,2.221547383696816,1352,0.928298376184081,5.249568657253297,68,68,1.0,0.005,0.59225960188517,-0.8057472084809328,-6.439546500888432e-08,True
BH-HF1R,SXS:BBH:0305,6,C,1211,Bstar,3687.717815252388,2.221547383696816,1352,0.928298376184081,1.0813810771713337,68,64,0.9411764705882353,0.005,-0.6970680620828551,0.7170049629005696,-7.685541305750749e-08,True
BH-HF1R,SXS:BBH:0305,6,C,1212,Rstar,3687.7180942463365,2.221826377645357,1352,0.928300863928421,5.068887621595447,68,68,1.0,0.005,0.5719662277725618,-0.8202771691858929,-6.435780224019547e-08,True
BH-HF1R,SXS:BBH:0305,6,C,1212,Estar,3687.7180942463365,2.221826377645357,1352,0.928300863928421,5.249317621336302,68,68,1.0,0.005,0.5922557770961716,-0.8057500198549211,-6.439312129068307e-08,True
BH-HF1R,SXS:BBH:0305,6,C,1212,Bstar,3687.7180942463365,2.221826377645357,1352,0.928300863928421,1.0813169148670516,68,64,0.9411764705882353,0.005,-0.6970705727500739,0.7170025220359256,-7.685218675880362e-08,True
BH-HF1R,SXS:BBH:0305,6,C,1213,Rstar,3687.718343802336,2.222075933645101,1352,0.9283030888144651,5.069339980167215,68,68,1.0,0.005,0.5719627413147969,-0.8202796002264463,-6.435575479704358e-08,True
BH-HF1R,SXS:BBH:0305,6,C,1213,Estar,3687.718343802336,2.222075933645101,1352,0.9283030888144651,5.249093221326081,68,68,1.0,0.005,0.5922523560535171,-0.8057525344353897,-6.43910246859347e-08,True
BH-HF1R,SXS:BBH:0305,6,C,1213,Bstar,3687.718343802336,2.222075933645101,1352,0.9283030888144651,1.0812654334706704,68,64,0.9411764705882353,0.005,-0.6970728183887107,0.7170003388169447,-7.684930043650795e-08,True
BH-HF1R,SXS:BBH:0305,6,C,1214,Rstar,3687.7186189472623,2.222351078571137,1352,0.9283055415430934,5.069838642247995,68,68,1.0,0.005,0.5719588975484561,-0.8202822803859355,-6.435349638210459e-08,True
BH-HF1R,SXS:BBH:0305,6,C,1214,Estar,3687.7186189472623,2.222351078571137,1352,0.9283055415430934,5.248845973801611,68,68,1.0,0.005,0.5922485843973943,-0.8057553067025239,-6.43887121002357e-08,True
BH-HF1R,SXS:BBH:0305,6,C,1214,Bstar,3687.7186189472623,2.222351078571137,1352,0.9283055415430934,1.0812504242476315,68,64,0.9411764705882353,0.005,-0.6970752941727819,0.716997931833784,-7.684611712833093e-08,True
BH-HF1R,SXS:BBH:0305,6,C,1215,Rstar,3687.7188768063947,2.222608937703626,1352,0.9283078398847987,5.070305904578004,68,68,1.0,0.005,0.5719552954528865,-0.8202847920103098,-6.435138032200542e-08,True
BH-HF1R,SXS:BBH:0305,6,C,1215,Estar,3687.7188768063947,2.222608937703626,1352,0.9283078398847987,5.24861441395698,68,68,1.0,0.005,0.5922450498693876,-0.8057579046495309,-6.438654513343111e-08,True
BH-HF1R,SXS:BBH:0305,6,C,1215,Bstar,3687.7188768063947,2.222608937703626,1352,0.9283078398847987,1.0812363179316697,68,64,0.9411764705882353,0.005,-0.6970776142986926,0.7169956761680206,-7.684313428074082e-08,True
BH-HF1R,SXS:BBH:0305,6,C,1216,Rstar,3687.7191570154823,2.2228891467912035,1352,0.9283103371381525,5.070813585776506,68,68,1.0,0.005,0.5719513813472438,-0.8202875211625346,-6.434908098536165e-08,True
BH-HF1R,SXS:BBH:0305,6,C,1216,Estar,3687.7191570154823,2.2228891467912035,1352,0.9283103371381525,5.248362953857133,68,68,1.0,0.005,0.5922412091744668,-0.8057607276081167,-6.438419058523325e-08,True
BH-HF1R,SXS:BBH:0305,6,C,1216,Bstar,3687.7191570154823,2.2228891467912035,1352,0.9283103371381525,1.0812209454196762,68,64,0.9411764705882353,0.005,-0.6970801353940572,0.7169932250997892,-7.683989311538859e-08,True
BH-HF1R,SXS:BBH:0305,6,C,1217,Rstar,3687.719437851193,2.223169982501986,1352,0.9283128396429915,5.071322318790409,68,68,1.0,0.005,0.571947458700962,-0.8202902562419642,-6.434677510222136e-08,True
BH-HF1R,SXS:BBH:0305,6,C,1217,Estar,3687.719437851193,2.223169982501986,1352,0.9283128396429915,5.2481111085748475,68,68,1.0,0.005,0.5922373600890158,-0.8057635567055569,-6.438182941495706e-08,True
BH-HF1R,SXS:BBH:0305,6,C,1217,Bstar,3687.719437851193,2.223169982501986,1352,0.9283128396429915,1.08120549276581,68,64,0.9411764705882353,0.005,-0.6970826619936692,0.7169907686628985,-7.683664317146116e-08,True
BH-HF1R,SXS:BBH:0305,6,C,1218,Rstar,3687.7197050771265,2.223437208435371,1352,0.9283152205319017,5.071806318843335,68,68,1.0,0.005,0.5719437263442243,-0.820292858615433,-6.434458338858716e-08,True
BH-HF1R,SXS:BBH:0305,6,C,1218,Estar,3687.7197050771265,2.223437208435371,1352,0.9283152205319017,5.247871631461485,68,68,1.0,0.005,0.5922336977151493,-0.8057662485427377,-6.437958506183777e-08,True
BH-HF1R,SXS:BBH:0305,6,C,1218,Bstar,3687.7197050771265,2.223437208435371,1352,0.9283152205319017,1.081190746379355,68,64,0.9411764705882353,0.005,-0.6970850660302917,0.7169884313693897,-7.683355356061844e-08,True
BH-HF1R,SXS:BBH:0305,6,C,1219,Rstar,3687.7200063662413,2.22373849755013,1352,0.928317904580609,5.071995850059782,68,68,1.0,0.005,0.5719395184609692,-0.8202957925179372,-6.434212197398276e-08,True
BH-HF1R,SXS:BBH:0305,6,C,1219,Estar,3687.7200063662413,2.22373849755013,1352,0.928317904580609,5.247600861812759,68,68,1.0,0.005,0.5922295687204745,-0.805769283314496,-6.437706444578598e-08,True
BH-HF1R,SXS:BBH:0305,6,C,1219,Bstar,3687.7200063662413,2.22373849755013,1352,0.928317904580609,1.081174070883995,68,64,0.9411764705882353,0.005,-0.6970877763583142,0.7169857962692253,-7.683008168015132e-08,True
BH-HF1R,SXS:BBH:0305,6,C,1220,Rstar,3687.7202641882245,2.2239963195333985,1352,0.928320201048699,5.0720064832798935,68,68,1.0,0.005,0.5719359178373171,-0.820298302989578,-6.434000852758628e-08,True
BH-HF1R,SXS:BBH:0305,6,C,1220,Estar,3687.7202641882245,2.2239963195333985,1352,0.928320201048699,5.247370138892459,68,68,1.0,0.005,0.5922260355909995,-0.805771880105135,-6.437490013750953e-08,True
BH-HF1R,SXS:BBH:0305,6,C,1220,Bstar,3687.7202641882245,2.2239963195333985,1352,0.928320201048699,1.0811597589739643,68,64,0.9411764705882353,0.005,-0.6970900955510083,0.7169835414322147,-7.682710212913879e-08,True
BH-HF1R,SXS:BBH:0305,6,C,1221,Rstar,3687.720534359391,2.224266490699847,1352,0.9283226072106882,5.0720174599298815,68,68,1.0,0.005,0.5719321449387917,-0.8203009335516501,-6.433779113332108e-08,True
BH-HF1R,SXS:BBH:0305,6,C,1221,Estar,3687.720534359391,2.224266490699847,1352,0.9283226072106882,5.2471285251512985,68,68,1.0,0.005,0.5922223334070686,-0.8057746011223502,-6.437262962748695e-08,True
BH-HF1R,SXS:BBH:0305,6,C,1221,Bstar,3687.720534359391,2.224266490699847,1352,0.9283226072106882,1.0811447204381892,68,64,0.9411764705882353,0.005,-0.6970925257092998,0.7169811786931534,-7.682397664303654e-08,True
BH-HF1R,SXS:BBH:0305,6,C,1222,Rstar,3687.72081285679,2.2245449880988417,1352,0.9283250872273158,5.072028606289186,68,68,1.0,0.005,0.5719282559752249,-0.820303645010269,-6.433550575727872e-08,True
BH-HF1R,SXS:BBH:0305,6,C,1222,Estar,3687.72081285679,2.2245449880988417,1352,0.9283250872273158,5.246879638325616,68,68,1.0,0.005,0.5922185173238437,-0.8057774058254205,-6.437028930316532e-08,True
BH-HF1R,SXS:BBH:0305,6,C,1222,Bstar,3687.72081285679,2.2245449880988417,1352,0.9283250872273158,1.0811291741817268,68,64,0.9411764705882353,0.005,-0.6970950306285191,0.7169787432504664,-7.682075533238771e-08,True
BH-HF1R,SXS:BBH:0305,6,C,1223,Rstar,3687.721079319466,2.224811450774723,1352,0.9283274597568739,5.072039114973787,68,68,1.0,0.005,0.5719245352582555,-0.8203062391385453,-6.433332001607984e-08,True
BH-HF1R,SXS:BBH:0305,6,C,1223,Estar,3687.721079319466,2.224811450774723,1352,0.9283274597568739,5.246641669630159,68,68,1.0,0.005,0.5922148663248468,-0.805780089170637,-6.43680510903231e-08,True
BH-HF1R,SXS:BBH:0305,6,C,1223,Bstar,3687.721079319466,2.224811450774723,1352,0.9283274597568739,1.0811142574645438,68,64,0.9411764705882353,0.005,-0.6970974271819264,0.7169764131520178,-7.681767424815992e-08,True
BH-HF1R,SXS:BBH:0305,6,C,1224,Rstar,3687.721381372254,2.2251135035630796,1352,0.9283301488402481,5.072050830344456,68,68,1.0,0.005,0.5719203178159887,-0.8203091795593014,-6.433084126260704e-08,True
BH-HF1R,SXS:BBH:0305,6,C,1224,Estar,3687.721381372254,2.2251135035630796,1352,0.9283301488402481,5.2463721111438355,68,68,1.0,0.005,0.5922107278974101,-0.8057831307263856,-6.436551302072088e-08,True
BH-HF1R,SXS:BBH:0305,6,C,1224,Bstar,3687.721381372254,2.2251135035630796,1352,0.9283301488402481,1.0810972988521916,68,64,0.9411764705882353,0.005,-0.69710014368337,0.7169737719586534,-7.681418059642587e-08,True
BH-HF1R,SXS:BBH:0305,6,C,1225,Rstar,3687.721640285502,2.225372416810842,1352,0.9283324535077422,5.072060724423376,68,68,1.0,0.005,0.5719167029033492,-0.8203116998678966,-6.43287180026092e-08,True
BH-HF1R,SXS:BBH:0305,6,C,1225,Estar,3687.721640285502,2.225372416810842,1352,0.9283324535077422,5.246141212722504,68,68,1.0,0.005,0.5922071807014329,-0.8057857377278752,-6.436333897209296e-08,True
BH-HF1R,SXS:BBH:0305,6,C,1225,Bstar,3687.721640285502,2.225372416810842,1352,0.9283324535077422,1.0810827197492232,68,64,0.9411764705882353,0.005,-0.6971024720934118,0.7169715080819099,-7.681118772898698e-08,True
BH-HF1R,SXS:BBH:0305,6,C,1226,Rstar,3687.721910970617,2.2256431019259253,1352,0.9283348626528988,5.072070902212969,68,68,1.0,0.005,0.5719129238221136,-0.8203143346091406,-6.432649757875403e-08,True
BH-HF1R,SXS:BBH:0305,6,C,1226,Estar,3687.721910970617,2.2256431019259253,1352,0.9283348626528988,5.2458999773811055,68,68,1.0,0.005,0.5922034724032009,-0.8057884631052912,-6.436106495042897e-08,True
BH-HF1R,SXS:BBH:0305,6,C,1226,Bstar,3687.721910970617,2.2256431019259253,1352,0.9283348626528988,1.0810674364434822,68,64,0.9411764705882353,0.005,-0.6971049062484485,0.7169691413752309,-7.680805772621381e-08,True
BH-HF1R,SXS:BBH:0305,6,C,1227,Rstar,3687.7221119542023,2.2258440855111985,1352,0.9283366511844695,5.072078365234965,68,68,1.0,0.005,0.5719101179773901,-0.8203162908019586,-6.432478010870027e-08,True
BH-HF1R,SXS:BBH:0305,6,C,1227,Estar,3687.7221119542023,2.2258440855111985,1352,0.9283366511844695,5.2457209647129135,68,68,1.0,0.005,0.5922007191061549,-0.8057904865969497,-6.435930804926422e-08,True
BH-HF1R,SXS:BBH:0305,6,C,1227,Bstar,3687.7221119542023,2.2258440855111985,1352,0.9283366511844695,1.081056060739309,68,64,0.9411764705882353,0.005,-0.6971067135328448,0.7169673841587427,-7.680565037477553e-08,True
BH-HF1R,SXS:BBH:0305,6,C,1228,Rstar,3687.722307913198,2.2260400445070445,1352,0.9283383949382682,5.072085525455507,68,68,1.0,0.005,0.5719073823642803,-0.820318198016619,-6.43231586603661e-08,True
BH-HF1R,SXS:BBH:0305,6,C,1228,Estar,3687.722307913198,2.2260400445070445,1352,0.9283383949382682,5.245546513778144,68,68,1.0,0.005,0.5921980347210284,-0.8057924594289448,-6.435764798967426e-08,True
BH-HF1R,SXS:BBH:0305,6,C,1228,Bstar,3687.722307913198,2.2260400445070445,1352,0.9283383949382682,1.0810449468426866,68,64,0.9411764705882353,0.005,-0.6971084755817408,0.7169656709160458,-7.680336815297213e-08,True
BH-HF1R,SXS:BBH:0305,6,C,1229,Rstar,3687.7224852094323,2.2262173407411865,1352,0.9283399724620288,5.072091948910984,68,68,1.0,0.005,0.5719049074104378,-0.8203199234931786,-6.432178505931025e-08,True
BH-HF1R,SXS:BBH:0305,6,C,1229,Estar,3687.7224852094323,2.2262173407411865,1352,0.9283399724620288,5.245388758234606,68,68,1.0,0.005,0.5921956061098858,-0.8057942442734007,-6.435623954466175e-08,True
BH-HF1R,SXS:BBH:0305,6,C,1229,Bstar,3687.7224852094323,2.2262173407411865,1352,0.9283399724620288,1.0810176707755428,68,64,0.9411764705882353,0.005,-0.6971100697332026,0.7169641209130089,-7.680141631208241e-08,True
BH-HF1R,SXS:BBH:0305,6,C,1230,Rstar,3687.722938153284,2.2266702845927284,1352,0.9283440020124164,5.072108093592075,68,68,1.0,0.005,0.571898584972184,-0.8203243312902583,-6.43180888523507e-08,True
BH-HF1R,SXS:BBH:0305,6,C,1230,Estar,3687.722938153284,2.2266702845927284,1352,0.9283440020124164,5.244986059608656,68,68,1.0,0.005,0.5921894020382629,-0.8057988037429445,-6.435245421687017e-08,True
BH-HF1R,SXS:BBH:0305,6,C,1230,Bstar,3687.722938153284,2.2266702845927284,1352,0.9283440020124164,1.0809371647825698,68,64,0.9411764705882353,0.005,-0.6971141421100647,0.7169601612852297,-7.679620177009011e-08,True
BH-HF1R,SXS:BBH:0305,6,C,1231,Rstar,3687.7232742772126,2.227006408521447,1352,0.9283469916854299,5.07211975254295,68,68,1.0,0.005,0.571893893481474,-0.8203276019972728,-6.431532973898629e-08,True
BH-HF1R,SXS:BBH:0305,6,C,1231,Estar,3687.7232742772126,2.227006408521447,1352,0.9283469916854299,5.244687511799862,68,68,1.0,0.005,0.5921847983631604,-0.8058021870084363,-6.43496289679008e-08,True
BH-HF1R,SXS:BBH:0305,6,C,1231,Bstar,3687.7232742772126,2.227006408521447,1352,0.9283469916854299,1.0808773845771855,68,64,0.9411764705882353,0.005,-0.6971171639774514,0.7169572230531116,-7.679231329855227e-08,True
BH-HF1R,SXS:BBH:0305,6,C,1232,Rstar,3687.723552146857,2.2272842781658255,1352,0.9283494628741158,5.072129168215184,68,68,1.0,0.005,0.5718900152954576,-0.8203303056728778,-6.431305181063608e-08,True
BH-HF1R,SXS:BBH:0305,6,C,1232,Estar,3687.723552146857,2.2272842781658255,1352,0.9283494628741158,5.244440895978466,68,68,1.0,0.005,0.5921809927587935,-0.8058049837368875,-6.434729644048296e-08,True
BH-HF1R,SXS:BBH:0305,6,C,1232,Bstar,3687.723552146857,2.2272842781658255,1352,0.9283494628741158,1.080827941255254,68,64,0.9411764705882353,0.005,-0.6971196619842458,0.7169547941641544,-7.678910231087966e-08,True
BH-HF1R,SXS:BBH:0305,6,C,1233,Rstar,3687.723819775844,2.2275519071527015,1352,0.9283518426275149,5.072138117964232,68,68,1.0,0.005,0.571886280251509,-0.8203329095313001,-6.431085766593455e-08,True
BH-HF1R,SXS:BBH:0305,6,C,1233,Estar,3687.723819775844,2.2275519071527015,1352,0.9283518426275149,5.2442035356687295,68,68,1.0,0.005,0.5921773276078488,-0.8058076772203293,-6.434504963047123e-08,True
BH-HF1R,SXS:BBH:0305,6,C,1233,Bstar,3687.723819775844,2.2275519071527015,1352,0.9283518426275149,1.0807802991842514,68,64,0.9411764705882353,0.005,-0.6971220677939793,0.7169524549052333,-7.678600950098173e-08,True
BH-HF1R,SXS:BBH:0305,6,C,1234,Rstar,3687.724114831338,2.2278469626467086,1352,0.9283544659435149,5.07214819510339,68,68,1.0,0.005,0.5718821626597921,-0.8203357800508002,-6.430843758985625e-08,True
BH-HF1R,SXS:BBH:0305,6,C,1234,Estar,3687.724114831338,2.2278469626467086,1352,0.9283544659435149,5.2439420390134845,68,68,1.0,0.005,0.5921732870573372,-0.8058106465514739,-6.434257145812659e-08,True
BH-HF1R,SXS:BBH:0305,6,C,1234,Bstar,3687.724114831338,2.2278469626467086,1352,0.9283544659435149,1.0807277514186708,68,64,0.9411764705882353,0.005,-0.6971247200119847,0.7169498760361188,-7.678259838821446e-08,True
BH-HF1R,SXS:BBH:0305,6,C,1235,Rstar,3687.72437818758,2.2281103188888665,1352,0.9283568070879636,5.072156676000638,68,68,1.0,0.005,0.5718784876394709,-0.8203383420121159,-6.430627807090624e-08,True
BH-HF1R,SXS:BBH:0305,6,C,1235,Estar,3687.72437818758,2.2281103188888665,1352,0.9283568070879636,5.243708801314469,68,68,1.0,0.005,0.592169680788034,-0.8058132967104686,-6.434036025168378e-08,True
BH-HF1R,SXS:BBH:0305,6,C,1235,Bstar,3687.72437818758,2.2281103188888665,1352,0.9283568070879636,1.080680828173058,68,64,0.9411764705882353,0.005,-0.697127087165091,0.7169475743321193,-7.677955450130413e-08,True
BH-HF1R,SXS:BBH:0305,6,C,1236,Rstar,3687.7246389258416,2.2283710571505253,1352,0.9283591246948163,5.0721683428665685,68,68,1.0,0.005,0.5718748493304766,-0.820340878356821,-6.43041399317219e-08,True
BH-HF1R,SXS:BBH:0305,6,C,1236,Estar,3687.7246389258416,2.2283710571505253,1352,0.9283591246948163,5.243478035814175,68,68,1.0,0.005,0.5921661105346089,-0.8058159203777927,-6.433817087403077e-08,True
BH-HF1R,SXS:BBH:0305,6,C,1236,Bstar,3687.7246389258416,2.2283710571505253,1352,0.9283591246948163,1.0806343521257866,68,64,0.9411764705882353,0.005,-0.6971294306742273,0.7169452956033827,-7.677654076874233e-08,True
BH-HF1R,SXS:BBH:0305,6,C,1237,Rstar,3687.7249155075147,2.2286476388235315,1352,0.9283615828001796,5.072176760264182,68,68,1.0,0.005,0.5718709901479515,-0.820343568651085,-6.430187190159549e-08,True
BH-HF1R,SXS:BBH:0305,6,C,1237,Estar,3687.7249155075147,2.2286476388235315,1352,0.9283615828001796,5.243882476627992,68,68,1.0,0.005,0.5921623235298922,-0.8058187033022224,-6.433584841155119e-08,True
BH-HF1R,SXS:BBH:0305,6,C,1237,Bstar,3687.7249155075147,2.2286476388235315,1352,0.9283615828001796,1.0805850310056577,68,64,0.9411764705882353,0.005,-0.6971319164542931,0.71694287852015,-7.67733438321022e-08,True
BH-HF1R,SXS:BBH:0305,6,C,1238,Rstar,3687.725184697987,2.2289168292959403,1352,0.9283639749052545,5.072184818561171,68,68,1.0,0.005,0.5718672342926905,-0.8203461868884531,-6.429965039524052e-08,True
BH-HF1R,SXS:BBH:0305,6,C,1238,Estar,3687.725184697987,2.2289168292959403,1352,0.9283639749052545,5.244574905507656,68,68,1.0,0.005,0.5921586379104898,-0.8058214116961583,-6.433357397617144e-08,True
BH-HF1R,SXS:BBH:0305,6,C,1238,Bstar,3687.725184697987,2.2289168292959403,1352,0.9283639749052545,1.080537007047133,68,64,0.9411764705882353,0.005,-0.6971343356823142,0.7169405261336345,-7.67702158285338e-08,True
BH-HF1R,SXS:BBH:0305,6,C,1239,Rstar,3687.725489868545,2.229221999853962,1352,0.9283666863985631,5.072193732842244,68,68,1.0,0.005,0.5718629766656264,-0.8203491548841414,-6.42971467208397e-08,True
BH-HF1R,SXS:BBH:0305,6,C,1239,Estar,3687.725489868545,2.229221999853962,1352,0.9283666863985631,5.245501783159382,68,68,1.0,0.005,0.5921544598916881,-0.8058244819006053,-6.433101023886082e-08,True
BH-HF1R,SXS:BBH:0305,6,C,1239,Bstar,3687.725489868545,2.229221999853962,1352,0.9283666863985631,1.0804825394284057,68,64,0.9411764705882353,0.005,-0.6971370781145872,0.7169378594535583,-7.676668723584828e-08,True
BH-HF1R,SXS:BBH:0305,6,C,1240,Rstar,3687.72575722132,2.2294893526286614,1352,0.9283690615015412,5.072201437679421,68,68,1.0,0.005,0.5718592468580636,-0.8203517549093949,-6.429495588183715e-08,True
BH-HF1R,SXS:BBH:0305,6,C,1240,Estar,3687.72575722132,2.2294893526286614,1352,0.9283690615015412,5.246314033417459,68,68,1.0,0.005,0.5921507998132342,-0.8058271714707459,-6.432876694733244e-08,True
BH-HF1R,SXS:BBH:0305,6,C,1240,Bstar,3687.72575722132,2.2294893526286614,1352,0.9283690615015412,1.0804347998306045,68,64,0.9411764705882353,0.005,-0.6971394805711969,0.7169355233414759,-7.676359894687695e-08,True
BH-HF1R,SXS:BBH:0305,6,C,1241,Rstar,3687.7260199108564,2.2297520421652735,1352,0.9283713948572334,5.072336224167148,68,68,1.0,0.005,0.5718555822875091,-0.8203543094338017,-6.429280259331155e-08,True
BH-HF1R,SXS:BBH:0305,6,C,1241,Estar,3687.7260199108564,2.2297520421652735,1352,0.9283713948572334,5.2471123459829245,68,68,1.0,0.005,0.5921472037433558,-0.805829813979925,-6.432656206522416e-08,True
BH-HF1R,SXS:BBH:0305,6,C,1241,Bstar,3687.7260199108564,2.2297520421652735,1352,0.9283713948572334,1.0803878733070251,68,64,0.9411764705882353,0.005,-0.6971418410096075,0.7169332280719938,-7.676056389186872e-08,True
BH-HF1R,SXS:BBH:0305,6,C,1242,Rstar,3687.7263076626327,2.2300397939416143,1352,0.928373950536942,5.073728134739805,68,68,1.0,0.005,0.5718515683123206,-0.8203571074957143,-6.42904427886364e-08,True
BH-HF1R,SXS:BBH:0305,6,C,1242,Estar,3687.7263076626327,2.2300397939416143,1352,0.928373950536942,5.247987078788286,68,68,1.0,0.005,0.5921432647903642,-0.8058327084224148,-6.432414553194079e-08,True
BH-HF1R,SXS:BBH:0305,6,C,1242,Bstar,3687.7263076626327,2.2300397939416143,1352,0.928373950536942,1.080336447288126,68,64,0.9411764705882353,0.005,-0.6971444265094853,0.7169307139373755,-7.675723775545954e-08,True
BH-HF1R,SXS:BBH:0305,6,C,1243,Rstar,3687.7265704754686,2.2303026067775136,1352,0.9283762844011189,5.0749999321342685,68,68,1.0,0.005,0.5718479024139899,-0.820359662894706,-6.428828113650299e-08,True
BH-HF1R,SXS:BBH:0305,6,C,1243,Estar,3687.7265704754686,2.2303026067775136,1352,0.9283762844011189,5.248786223735506,68,68,1.0,0.005,0.5921396673991736,-0.8058353518507313,-6.432193230465389e-08,True
BH-HF1R,SXS:BBH:0305,6,C,1243,Bstar,3687.7265704754686,2.2303026067775136,1352,0.9283762844011189,1.0802894576551492,68,64,0.9411764705882353,0.005,-0.6971467878082837,0.7169284177995638,-7.67541925782747e-08,True
BH-HF1R,SXS:BBH:0305,6,C,1244,Rstar,3687.72686556484,2.230597696148834,1352,0.9283789045679992,5.076428411627259,68,68,1.0,0.005,0.5718437865213133,-0.8203625319436295,-6.428586064712742e-08,True
BH-HF1R,SXS:BBH:0305,6,C,1244,Estar,3687.72686556484,2.230597696148834,1352,0.9283789045679992,5.249683787166651,68,68,1.0,0.005,0.5921356284127943,-0.805838319741734,-6.43194538387175e-08,True
BH-HF1R,SXS:BBH:0305,6,C,1244,Bstar,3687.72686556484,2.230597696148834,1352,0.9283789045679992,1.0802366739092895,68,64,0.9411764705882353,0.005,-0.6971494389616838,0.7169258397877731,-7.675078118965111e-08,True
BH-HF1R,SXS:BBH:0305,6,C,1245,Rstar,3687.727130974011,2.230863105319713,1352,0.9283812608517891,5.077713754221985,68,68,1.0,0.005,0.57184008480346,-0.8203651122591498,-6.428368569130905e-08,True
BH-HF1R,SXS:BBH:0305,6,C,1245,Estar,3687.727130974011,2.230863105319713,1352,0.9283812608517891,5.2504913010419445,68,68,1.0,0.005,0.5921319958525938,-0.805840988959745,-6.431722668250735e-08,True
BH-HF1R,SXS:BBH:0305,6,C,1245,Bstar,3687.727130974011,2.230863105319713,1352,0.9283812608517891,1.080189177984106,68,64,0.9411764705882353,0.005,-0.6971518233382716,0.716923521176504,-7.674771539174139e-08,True
BH-HF1R,SXS:BBH:0305,6,C,1246,Rstar,3687.7273925158975,2.231124647206343,1352,0.9283835824925977,5.0789808036853845,68,68,1.0,0.005,0.571836437203473,-0.8203676548270502,-6.428154207763994e-08,True
BH-HF1R,SXS:BBH:0305,6,C,1246,Estar,3687.7273925158975,2.231124647206343,1352,0.9283835824925977,5.251287275956572,68,68,1.0,0.005,0.5921284163904577,-0.8058436191364455,-6.431503164440997e-08,True
BH-HF1R,SXS:BBH:0305,6,C,1246,Bstar,3687.7273925158975,2.231124647206343,1352,0.9283835824925977,1.08014235466462,68,64,0.9411764705882353,0.005,-0.6971541728585859,0.716921236445019,-7.674469393794814e-08,True
BH-HF1R,SXS:BBH:0305,6,C,1247,Rstar,3687.7276943292886,2.231426460597504,1352,0.9283862613092133,5.080443471738417,68,68,1.0,0.005,0.5718322281914704,-0.8203705886985307,-6.42790680939048e-08,True
BH-HF1R,SXS:BBH:0305,6,C,1247,Estar,3687.7276943292886,2.231426460597504,1352,0.9283862613092133,5.252206091115037,68,68,1.0,0.005,0.59212428599315,-0.8058466541080245,-6.431249836419072e-08,True
BH-HF1R,SXS:BBH:0305,6,C,1247,Bstar,3687.7276943292886,2.231426460597504,1352,0.9283862613092133,1.08008829755416,68,64,0.9411764705882353,0.005,-0.6971568840012119,0.7169186000444644,-7.674120690854734e-08,True
BH-HF1R,SXS:BBH:0305,6,C,1248,Rstar,3687.7279548564748,2.2316869877836325,1352,0.9283885733344432,5.0817066003355,68,68,1.0,0.005,0.5718285951388798,-0.8203731210744846,-6.427693262080722e-08,True
BH-HF1R,SXS:BBH:0305,6,C,1248,Estar,3687.7279548564748,2.2316869877836325,1352,0.9283885733344432,5.252886789935158,68,68,1.0,0.005,0.608208208038697,-0.7937775353802556,-6.454869747248639e-08,True
BH-HF1R,SXS:BBH:0305,6,C,1248,Bstar,3687.7279548564748,2.2316869877836325,1352,0.9283885733344432,1.0800416141887321,68,64,0.9411764705882353,0.005,-0.6971592241567798,0.71691632438738,-7.673819708628278e-08,True
BH-HF1R,SXS:BBH:0305,6,C,1249,Rstar,3687.7282437915173,2.231975922826223,1352,0.9283911371390585,5.083107931279398,68,68,1.0,0.005,0.5718245661496959,-0.8203759294053599,-6.427456458648251e-08,True
BH-HF1R,SXS:BBH:0305,6,C,1249,Estar,3687.7282437915173,2.231975922826223,1352,0.9283911371390585,5.253585746491277,68,68,1.0,0.005,0.6082043540082126,-0.7937804884005709,-6.454621517109176e-08,True
BH-HF1R,SXS:BBH:0305,6,C,1249,Bstar,3687.7282437915173,2.231975922826223,1352,0.9283911371390585,1.0799898181148715,68,64,0.9411764705882353,0.005,-0.6971618193482831,0.7169138007061838,-7.673485931664084e-08,True
BH-HF1R,SXS:BBH:0305,6,C,1250,Rstar,3687.728507555809,2.232239687117726,1352,0.9283934772684241,5.084387700896151,68,68,1.0,0.005,0.5718208883431387,-0.8203784929253446,-6.427240296234953e-08,True
BH-HF1R,SXS:BBH:0305,6,C,1250,Estar,3687.728507555809,2.232239687117726,1352,0.9283934772684241,5.254223962611805,68,68,1.0,0.005,0.6082008358931792,-0.7937831840111215,-6.45439493638879e-08,True
BH-HF1R,SXS:BBH:0305,6,C,1250,Bstar,3687.728507555809,2.232239687117726,1352,0.9283934772684241,1.079942513517393,68,64,0.9411764705882353,0.005,-0.6971641883360954,0.7169114969796951,-7.67318125961452e-08,True
BH-HF1R,SXS:BBH:0305,6,C,1251,Rstar,3687.728767371251,2.2324995025596763,1352,0.9283957820658763,5.085648748647388,68,68,1.0,0.005,0.5718172657764039,-0.82038101791789,-6.427027389547797e-08,True
BH-HF1R,SXS:BBH:0305,6,C,1251,Estar,3687.728767371251,2.2324995025596763,1352,0.9283957820658763,5.254852779617291,68,68,1.0,0.005,0.608197370603808,-0.7937858391219952,-6.454171755374088e-08,True
BH-HF1R,SXS:BBH:0305,6,C,1251,Bstar,3687.728767371251,2.2324995025596763,1352,0.9283957820658763,1.0798958978785524,68,64,0.9411764705882353,0.005,-0.6971665217447072,0.7169092278373748,-7.672881156467551e-08,True
BH-HF1R,SXS:BBH:0305,6,C,1252,Rstar,3687.7290231239213,2.2327552552301313,1352,0.9283980505489992,5.086890511293682,68,68,1.0,0.005,0.5718137000340525,-0.8203835032796323,-6.426817814505618e-08,True
BH-HF1R,SXS:BBH:0305,6,C,1252,Estar,3687.7290231239213,2.2327552552301313,1352,0.9283980505489992,5.255471908596508,68,68,1.0,0.005,0.6081939596566562,-0.7937884525723171,-6.453952070286539e-08,True
BH-HF1R,SXS:BBH:0305,6,C,1252,Bstar,3687.7290231239213,2.2327552552301313,1352,0.9283980505489992,1.0798499924703315,68,64,0.9411764705882353,0.005,-0.6971688185530581,0.7169069942728467,-7.672585759438845e-08,True
BH-HF1R,SXS:BBH:0305,6,C,1253,Rstar,3687.7293363656495,2.233068496958367,1352,0.9284008285363275,5.088412008482069,68,68,1.0,0.005,0.5718093330186517,-0.8203865471061556,-6.426561994148495e-08,True
BH-HF1R,SXS:BBH:0305,6,C,1253,Estar,3687.7293363656495,2.233068496958367,1352,0.9284008285363275,5.2562304126958,68,68,1.0,0.005,0.6081897822001068,-0.7937916532865426,-6.453683881310303e-08,True
BH-HF1R,SXS:BBH:0305,6,C,1253,Bstar,3687.7293363656495,2.233068496958367,1352,0.9284008285363275,1.0797937427771869,68,64,0.9411764705882353,0.005,-0.6971716314908236,0.7169042587712933,-7.672224988944375e-08,True
BH-HF1R,SXS:BBH:0305,6,C,1254,Rstar,3687.729671221236,2.233403352544883,1352,0.9284037978186663,5.090039179305392,68,68,1.0,0.005,0.5718046649623558,-0.8203898007211473,-6.426286804538144e-08,True
BH-HF1R,SXS:BBH:0305,6,C,1254,Estar,3687.729671221236,2.233403352544883,1352,0.9284037978186663,5.256908142484602,68,68,1.0,0.005,0.608185316745898,-0.7937950746223407,-6.45339546373964e-08,True
BH-HF1R,SXS:BBH:0305,6,C,1254,Bstar,3687.729671221236,2.233403352544883,1352,0.9284037978186663,1.079733581157883,68,64,0.9411764705882353,0.005,-0.6971746383409084,0.7169013346718065,-7.671837297916712e-08,True
BH-HF1R,SXS:BBH:0305,6,C,1255,Rstar,3687.729930984511,2.233663115820036,1352,0.9284061009520033,5.090907606141792,68,68,1.0,0.005,0.5718010439234836,-0.8203923245423558,-6.42607393031775e-08,True
BH-HF1R,SXS:BBH:0305,6,C,1255,Estar,3687.729930984511,2.233663115820036,1352,0.9284061009520033,5.257415210282916,68,68,1.0,0.005,0.6081818528492992,-0.7937977285585979,-6.453172318865756e-08,True
BH-HF1R,SXS:BBH:0305,6,C,1255,Bstar,3687.729930984511,2.233663115820036,1352,0.9284061009520033,1.079686889202306,68,64,0.9411764705882353,0.005,-0.6971769707751477,0.7168990664108742,-7.671537265523833e-08,True
BH-HF1R,SXS:BBH:0305,6,C,1256,Rstar,3687.730175484964,2.2339076162729725,1352,0.9284082684210453,5.0911913078223145,68,68,1.0,0.005,0.5717976358214923,-0.8203946999273873,-6.42587365258629e-08,True
BH-HF1R,SXS:BBH:0305,6,C,1256,Estar,3687.730175484964,2.2339076162729725,1352,0.9284082684210453,5.2578925835937085,68,68,1.0,0.005,0.6081785926337673,-0.793800226418465,-6.452962391547607e-08,True
BH-HF1R,SXS:BBH:0305,6,C,1256,Bstar,3687.730175484964,2.2339076162729725,1352,0.9284082684210453,1.079642922983581,68,64,0.9411764705882353,0.005,-0.6971791660528593,0.7168969315193319,-7.67125496549334e-08,True
BH-HF1R,SXS:BBH:0305,6,C,1257,Rstar,3687.730464971149,2.2341971024579834,1352,0.9284108343956242,5.09152497818121,68,68,1.0,0.005,0.5717936008643103,-0.8203975121918774,-6.425636455783046e-08,True
BH-HF1R,SXS:BBH:0305,6,C,1257,Estar,3687.730464971149,2.2341971024579834,1352,0.9284108343956242,5.258457897512697,68,68,1.0,0.005,0.6081747327468173,-0.7938031836975291,-6.452713770289584e-08,True
BH-HF1R,SXS:BBH:0305,6,C,1257,Bstar,3687.730464971149,2.2341971024579834,1352,0.9284108343956242,1.0795908456552614,68,64,0.9411764705882353,0.005,-0.6971817651111323,0.7168944039372326,-7.670920659871537e-08,True
BH-HF1R,SXS:BBH:0305,6,C,1258,Rstar,3687.730724230028,2.2344563613369246,1352,0.9284131321166612,5.091825558011463,68,68,1.0,0.005,0.5717899874184967,-0.8204000306484338,-6.425424091437504e-08,True
BH-HF1R,SXS:BBH:0305,6,C,1258,Estar,3687.730724230028,2.2344563613369246,1352,0.9284131321166612,5.258964258951708,68,68,1.0,0.005,0.6081712760657758,-0.7938058320323186,-6.452491155085276e-08,True
BH-HF1R,SXS:BBH:0305,6,C,1258,Bstar,3687.730724230028,2.2344563613369246,1352,0.9284131321166612,1.0795441857160366,68,64,0.9411764705882353,0.005,-0.6971840926626047,0.7168921403797189,-7.670621318123933e-08,True
BH-HF1R,SXS:BBH:0305,6,C,1259,Rstar,3687.731015316365,2.234747447673726,1352,0.928415711594995,5.092162873967566,68,68,1.0,0.005,0.5717859305875238,-0.820402858102137,-6.425185569797467e-08,True
BH-HF1R,SXS:BBH:0305,6,C,1259,Estar,3687.731015316365,2.234747447673726,1352,0.928415711594995,5.259532904321708,68,68,1.0,0.005,0.6081673952172438,-0.793808805314396,-6.452241136745659e-08,True
BH-HF1R,SXS:BBH:0305,6,C,1259,Bstar,3687.731015316365,2.234747447673726,1352,0.928415711594995,1.0794917750106825,68,64,0.9411764705882353,0.005,-0.6971867058164265,0.7168895990547176,-7.670285140395736e-08,True
BH-HF1R,SXS:BBH:0305,6,C,1260,Rstar,3687.731276096154,2.235008227462913,1352,0.9284180234512498,5.092464969279166,68,68,1.0,0.005,0.5717822963256106,-0.8204053910162995,-6.424971984932312e-08,True
BH-HF1R,SXS:BBH:0305,6,C,1260,Estar,3687.731276096154,2.235008227462913,1352,0.9284180234512498,5.260042425657721,68,68,1.0,0.005,0.6081639185900826,-0.7938114688798287,-6.452017270596857e-08,True
BH-HF1R,SXS:BBH:0305,6,C,1260,Bstar,3687.731276096154,2.235008227462913,1352,0.9284180234512498,1.0794448005185644,68,64,0.9411764705882353,0.005,-0.697189046781638,0.7168873224208288,-7.669984097830845e-08,True
BH-HF1R,SXS:BBH:0305,6,C,1261,Rstar,3687.7315428426955,2.235274974004369,1352,0.9284203853221784,5.09277384284356,68,68,1.0,0.005,0.5717785790957716,-0.8204079817305634,-6.424753440743658e-08,True
BH-HF1R,SXS:BBH:0305,6,C,1261,Estar,3687.7315428426955,2.235274974004369,1352,0.9284203853221784,5.260563708548278,68,68,1.0,0.005,0.608160362577677,-0.7938141932400707,-6.45178818393687e-08,True
BH-HF1R,SXS:BBH:0305,6,C,1261,Bstar,3687.7315428426955,2.235274974004369,1352,0.9284203853221784,1.0793967313271975,68,64,0.9411764705882353,0.005,-0.6971914411917552,0.716884993795349,-7.669676072151512e-08,True
BH-HF1R,SXS:BBH:0305,6,C,1262,Rstar,3687.731834662684,2.2355667939928026,1352,0.9284229702909903,5.093111599487589,68,68,1.0,0.005,0.5717745126806396,-0.8204108157800049,-6.424514355388631e-08,True
BH-HF1R,SXS:BBH:0305,6,C,1262,Estar,3687.731834662684,2.2355667939928026,1352,0.9284229702909903,5.261134100309541,68,68,1.0,0.005,0.6081564725059202,-0.7938171735035415,-6.451537573841365e-08,True
BH-HF1R,SXS:BBH:0305,6,C,1262,Bstar,3687.731834662684,2.2355667939928026,1352,0.9284229702909903,1.0793441205958636,68,64,0.9411764705882353,0.005,-0.697194060527226,0.7168824464063497,-7.669339099241905e-08,True
BH-HF1R,SXS:BBH:0305,6,C,1263,Rstar,3687.732097526009,2.235829657317936,1352,0.9284252984222433,5.093105013507166,68,68,1.0,0.005,0.5717708499589771,-0.8204133684534796,-6.424299109330095e-08,True
BH-HF1R,SXS:BBH:0305,6,C,1263,Estar,3687.732097526009,2.235829657317936,1352,0.9284252984222433,5.261647977532567,68,68,1.0,0.005,0.6081529686039038,-0.7938198578885861,-6.45131194705432e-08,True
BH-HF1R,SXS:BBH:0305,6,C,1263,Bstar,3687.732097526009,2.235829657317936,1352,0.9284252984222433,1.0792967094877193,68,64,0.9411764705882353,0.005,-0.6971964198320341,0.7168801518896923,-7.669035695239383e-08,True
BH-HF1R,SXS:BBH:0305,6,C,1264,Rstar,3687.7323916293317,2.2361237606405666,1352,0.9284279029142894,5.092168470316369,68,68,1.0,0.005,0.5717667521607273,-0.8204162243176139,-6.42405819651541e-08,True
BH-HF1R,SXS:BBH:0305,6,C,1264,Estar,3687.7323916293317,2.2361237606405666,1352,0.9284279029142894,5.262223051056565,68,68,1.0,0.005,0.6081490484723753,-0.7938228611233997,-6.451059426570362e-08,True
BH-HF1R,SXS:BBH:0305,6,C,1264,Bstar,3687.7323916293317,2.2361237606405666,1352,0.9284279029142894,1.079243640643057,68,64,0.9411764705882353,0.005,-0.6971990593885363,0.7168775847993397,-7.668696149964332e-08,True
BH-HF1R,SXS:BBH:0305,6,C,1265,Rstar,3687.732653124137,2.236385255445839,1352,0.9284302182971994,5.091196748375586,68,68,1.0,0.005,0.571763108895844,-0.82041876337987,-6.423844040130473e-08,True
BH-HF1R,SXS:BBH:0305,6,C,1265,Estar,3687.732653124137,2.236385255445839,1352,0.9284302182971994,5.2627344444641055,68,68,1.0,0.005,0.6081455631500601,-0.7938255312226309,-6.450834947044613e-08,True
BH-HF1R,SXS:BBH:0305,6,C,1265,Bstar,3687.732653124137,2.236385255445839,1352,0.9284302182971994,1.0791964350151846,68,64,0.9411764705882353,0.005,-0.6972014061655554,0.7168753024346469,-7.668394303445134e-08,True
BH-HF1R,SXS:BBH:0305,6,C,1266,Rstar,3687.732917456576,2.23664958788504,1352,0.9284325585064963,5.0901485520421605,68,68,1.0,0.005,0.5717594262786266,-0.8204213298431066,-6.423627544777437e-08,True
BH-HF1R,SXS:BBH:0305,6,C,1266,Estar,3687.732917456576,2.23664958788504,1352,0.9284325585064963,5.263251490583754,68,68,1.0,0.005,0.608142040165576,-0.7938282301501042,-6.450608021951208e-08,True
BH-HF1R,SXS:BBH:0305,6,C,1266,Bstar,3687.732917456576,2.23664958788504,1352,0.9284325585064963,1.0791486974603441,68,64,0.9411764705882353,0.005,-0.6972037782931664,0.7168729953999714,-7.668089162018294e-08,True
BH-HF1R,SXS:BBH:0305,6,C,1267,Rstar,3687.733211655446,2.2369437867550914,1352,0.9284351628319918,5.088982403916289,68,68,1.0,0.005,0.5717553277963389,-0.8204241860991769,-6.42338657835442e-08,True
BH-HF1R,SXS:BBH:0305,6,C,1267,Estar,3687.733211655446,2.2369437867550914,1352,0.9284351628319918,5.263827069767518,68,68,1.0,0.005,0.6081381193244068,-0.7938312338429179,-6.450355439375104e-08,True
BH-HF1R,SXS:BBH:0305,6,C,1267,Bstar,3687.733211655446,2.2369437867550914,1352,0.9284351628319918,1.0790955427659745,68,64,0.9411764705882353,0.005,-0.6972064182982991,0.716870427820573,-7.667749536043669e-08,True
BH-HF1R,SXS:BBH:0305,6,C,1268,Rstar,3687.733473283601,2.2372054149100222,1352,0.9284374784956723,5.08794580095621,68,68,1.0,0.005,0.5717516832480564,-0.8204267259804559,-6.423172301106498e-08,True
BH-HF1R,SXS:BBH:0305,6,C,1268,Estar,3687.733473283601,2.2372054149100222,1352,0.9284374784956723,5.2643390081065355,68,68,1.0,0.005,0.6081346327250862,-0.793833904844282,-6.450130844960073e-08,True
BH-HF1R,SXS:BBH:0305,6,C,1268,Bstar,3687.733473283601,2.2372054149100222,1352,0.9284374784956723,1.0790482520180298,68,64,0.9411764705882353,0.005,-0.6972087659094384,0.7168681445977582,-7.667447533847908e-08,True
BH-HF1R,SXS:BBH:0305,6,C,1269,Rstar,3687.733765877994,2.237498009302726,1352,0.9284400679164421,5.086786975218353,68,68,1.0,0.005,0.5717476075488891,-0.8204295663017743,-6.422932720464079e-08,True
BH-HF1R,SXS:BBH:0305,6,C,1269,Estar,3687.733765877994,2.237498009302726,1352,0.9284400679164421,5.26491166536102,68,68,1.0,0.005,0.6081307336421559,-0.793836891810811,-6.449879725950467e-08,True
BH-HF1R,SXS:BBH:0305,6,C,1269,Bstar,3687.733765877994,2.237498009302726,1352,0.9284400679164421,1.0789953410128132,68,64,0.9411764705882353,0.005,-0.6972113912449929,0.7168655912500025,-7.66710985731589e-08,True
BH-HF1R,SXS:BBH:0305,6,C,1270,Rstar,3687.7340278022125,2.2377599335213745,1352,0.9284423855756762,5.085750056256429,68,68,1.0,0.005,0.5717439592634378,-0.820432108736466,-6.422718238897867e-08,True
BH-HF1R,SXS:BBH:0305,6,C,1270,Estar,3687.7340278022125,2.2377599335213745,1352,0.9284423855756762,5.265424376554436,68,68,1.0,0.005,0.6081272434343306,-0.7938395655250235,-6.449654894797713e-08,True
BH-HF1R,SXS:BBH:0305,6,C,1270,Bstar,3687.7340278022125,2.2377599335213745,1352,0.9284423855756762,1.0789479554569228,68,64,0.9411764705882353,0.005,-0.6972137412683438,0.7168633056494057,-7.666807543801507e-08,True
BH-HF1R,SXS:BBH:0305,6,C,1271,Rstar,3687.7342917326414,2.238023863950275,1352,0.9284447206881081,5.0846314349488795,68,68,1.0,0.005,0.5920340554486019,-0.8059129464086537,-6.425715633032583e-08,True
BH-HF1R,SXS:BBH:0305,6,C,1271,Estar,3687.7342917326414,2.238023863950275,1352,0.9284447206881081,5.265941118067858,68,68,1.0,0.005,0.6081237266522311,-0.7938422595721385,-6.449428336154387e-08,True
BH-HF1R,SXS:BBH:0305,6,C,1271,Bstar,3687.7342917326414,2.238023863950275,1352,0.9284447206881081,1.0789001872865331,68,64,0.9411764705882353,0.005,-0.6972161091761461,0.716861002639473,-7.66650291173505e-08,True
BH-HF1R,SXS:BBH:0305,6,C,1272,Rstar,3687.7345878036463,2.2383199349551433,1352,0.9284473398607744,5.083310851963696,68,68,1.0,0.005,0.5920300087324339,-0.8059159191629547,-6.425467397746132e-08,True
BH-HF1R,SXS:BBH:0305,6,C,1272,Estar,3687.7345878036463,2.2383199349551433,1352,0.9284473398607744,5.266520902208389,68,68,1.0,0.005,0.6081197818086782,-0.7938452815082808,-6.449174218021694e-08,True
BH-HF1R,SXS:BBH:0305,6,C,1272,Bstar,3687.7345878036463,2.2383199349551433,1352,0.9284473398607744,1.0788465784788455,68,64,0.9411764705882353,0.005,-0.697218765293745,0.7168584193006731,-7.666161214635535e-08,True
BH-HF1R,SXS:BBH:0305,6,C,1273,Rstar,3687.7348486568258,2.238580788134641,1352,0.9284496471422011,5.08214782045356,68,68,1.0,0.005,0.5920264435537557,-0.8059185381495375,-6.425248715207806e-08,True
BH-HF1R,SXS:BBH:0305,6,C,1273,Estar,3687.7348486568258,2.238580788134641,1352,0.9284496471422011,5.267031800516887,68,68,1.0,0.005,0.6081163063723601,-0.7938479438305762,-6.44895036966903e-08,True
BH-HF1R,SXS:BBH:0305,6,C,1273,Bstar,3687.7348486568258,2.238580788134641,1352,0.9284496471422011,1.0787993256718014,68,64,0.9411764705882353,0.005,-0.6972211053454563,0.7168561433515473,-7.665860213582532e-08,True
BH-HF1R,SXS:BBH:0305,6,C,1274,Rstar,3687.7350979903804,2.2388301216892614,1352,0.9284518522343044,5.0810365478370505,68,68,1.0,0.005,0.5920230359714178,-0.8059210413428732,-6.425039645492147e-08,True
BH-HF1R,SXS:BBH:0305,6,C,1274,Estar,3687.7350979903804,2.2388301216892614,1352,0.9284518522343044,5.2675202310438305,68,68,1.0,0.005,0.6081129845586304,-0.7938504884492991,-6.44873634722187e-08,True
BH-HF1R,SXS:BBH:0305,6,C,1274,Bstar,3687.7350979903804,2.2388301216892614,1352,0.9284518522343044,1.0787541416037498,68,64,0.9411764705882353,0.005,-0.6972233419537482,0.7168539679982533,-7.665572437540979e-08,True
BH-HF1R,SXS:BBH:0305,6,C,1275,Rstar,3687.735341090596,2.2390732219050733,1352,0.928454001950894,5.079953432179148,68,68,1.0,0.005,0.5920197137298289,-0.8059234818239555,-6.424835847916229e-08,True
BH-HF1R,SXS:BBH:0305,6,C,1275,Estar,3687.735341090596,2.2390732219050733,1352,0.928454001950894,5.267996532222505,68,68,1.0,0.005,0.6081097459313495,-0.7938529693232277,-6.448527733477624e-08,True
BH-HF1R,SXS:BBH:0305,6,C,1275,Bstar,3687.735341090596,2.2390732219050733,1352,0.928454001950894,1.078710070127404,68,64,0.9411764705882353,0.005,-0.6972255225442893,0.716851847115453,-7.665291911704002e-08,True
BH-HF1R,SXS:BBH:0305,6,C,1276,Rstar,3687.7355610384107,2.239293169719531,1352,0.928455946711019,5.078973792233843,68,68,1.0,0.005,0.5920167080190246,-0.8059256897669368,-6.424651554424565e-08,True
BH-HF1R,SXS:BBH:0305,6,C,1276,Estar,3687.7355610384107,2.239293169719531,1352,0.928455946711019,5.268427535678098,68,68,1.0,0.005,0.6081068158629367,-0.7938552138148595,-6.44833907071436e-08,True
BH-HF1R,SXS:BBH:0305,6,C,1276,Bstar,3687.7355610384107,2.239293169719531,1352,0.928455946711019,1.078670181418473,68,64,0.9411764705882353,0.005,-0.6972274953741254,0.7168499282934456,-7.665038221483314e-08,True
BH-HF1R,SXS:BBH:0305,6,C,1277,Rstar,3687.73594764802,2.2396797793289807,1352,0.9284593646660593,5.077252612002792,68,68,1.0,0.005,0.5920114251012032,-0.805929570464838,-6.424268145180574e-08,True
BH-HF1R,SXS:BBH:0305,6,C,1277,Estar,3687.73594764802,2.2396797793289807,1352,0.9284593646660593,5.269185327753638,68,68,1.0,0.005,0.6081016658840713,-0.793859158761183,-6.447947600292435e-08,True
BH-HF1R,SXS:BBH:0305,6,C,1277,Bstar,3687.73594764802,2.2396797793289807,1352,0.9284593646660593,1.0786000340648574,68,64,0.9411764705882353,0.005,-0.6972309628643341,0.7168465557030095,-7.664520002559762e-08,True
BH-HF1R,SXS:BBH:0305,6,C,1278,Rstar,3687.73630352737,2.240035658679062,1352,0.9284625104004562,5.075602734164431,68,68,1.0,0.005,0.5920065624213113,-0.8059331424194551,-6.424025782968243e-08,True
BH-HF1R,SXS:BBH:0305,6,C,1278,Estar,3687.73630352737,2.240035658679062,1352,0.9284625104004562,5.26988299931886,68,68,1.0,0.005,0.6080969255543045,-0.7938627898644693,-6.447698549704406e-08,True
BH-HF1R,SXS:BBH:0305,6,C,1278,Bstar,3687.73630352737,2.240035658679062,1352,0.9284625104004562,1.0785354248129144,68,64,0.9411764705882353,0.005,-0.6972341545219091,0.7168434513672511,-7.664177496100934e-08,True
BH-HF1R,SXS:BBH:0305,6,C,1279,Rstar,3687.7365928735476,2.2403250048564587,1352,0.928465067538675,5.073998507377943,68,68,1.0,0.005,0.5920026090544489,-0.8059360463912265,-6.423787185445508e-08,True
BH-HF1R,SXS:BBH:0305,6,C,1279,Estar,3687.7365928735476,2.2403250048564587,1352,0.928465067538675,5.270450362862911,68,68,1.0,0.005,0.6080930716480951,-0.7938657419322114,-6.447454233768336e-08,True
BH-HF1R,SXS:BBH:0305,6,C,1279,Bstar,3687.7365928735476,2.2403250048564587,1352,0.928465067538675,1.0784828680330174,68,64,0.9411764705882353,0.005,-0.6972367493424102,0.7168409275190858,-7.663848303776987e-08,True
BH-HF1R,SXS:BBH:0305,6,C,1280,Rstar,3687.73686981676,2.24060194806907,1352,0.9284675148252709,5.072463494812475,68,68,1.0,0.005,0.5919988253489806,-0.8059388257091372,-6.42355443223891e-08,True
BH-HF1R,SXS:BBH:0305,6,C,1280,Estar,3687.73686981676,2.24060194806907,1352,0.9284675148252709,5.2709935327872,68,68,1.0,0.005,0.6080893831271613,-0.7938685672880771,-6.447215983301452e-08,True
BH-HF1R,SXS:BBH:0305,6,C,1280,Bstar,3687.73686981676,2.24060194806907,1352,0.9284675148252709,1.078432542103184,68,64,0.9411764705882353,0.005,-0.6972392327977671,0.7168385119729376,-7.663528053821301e-08,True
BH-HF1R,SXS:BBH:0305,6,C,1281,Rstar,3687.7371568686817,2.2408889999906023,1352,0.9284700510938877,5.070872997550626,68,68,1.0,0.005,0.5919949037574213,-0.8059417062823077,-6.423313549800291e-08,True
BH-HF1R,SXS:BBH:0305,6,C,1281,Estar,3687.7371568686817,2.2408889999906023,1352,0.9284700510938877,5.271556804323943,68,68,1.0,0.005,0.6080855601800201,-0.7938714955838552,-6.446969408677479e-08,True
BH-HF1R,SXS:BBH:0305,6,C,1281,Bstar,3687.7371568686817,2.2408889999906023,1352,0.9284700510938877,1.0783803557888523,68,64,0.9411764705882353,0.005,-0.6972418067518201,0.716836008385078,-7.663196551625898e-08,True
BH-HF1R,SXS:BBH:0305,6,C,1282,Rstar,3687.737406131602,2.241138262910681,1352,0.9284722531349043,5.069492286470446,68,68,1.0,0.005,0.5919914985774125,-0.8059442075057461,-6.423104733392886e-08,True
BH-HF1R,SXS:BBH:0305,6,C,1282,Estar,3687.737406131602,2.241138262910681,1352,0.9284722531349043,5.272045860049306,68,68,1.0,0.005,0.6080822406471668,-0.7938740382513572,-6.446755650927599e-08,True
BH-HF1R,SXS:BBH:0305,6,C,1282,Bstar,3687.737406131602,2.241138262910681,1352,0.9284722531349043,1.078335020519426,68,64,0.9411764705882353,0.005,-0.6972440417552547,0.7168338344670896,-7.66290910779143e-08,True
BH-HF1R,SXS:BBH:0305,6,C,1283,Rstar,3687.7376832882187,2.241415419527584,1352,0.9284747013043376,5.067957456292625,68,68,1.0,0.005,0.5919877125281067,-0.8059469884649584,-6.422872469888619e-08,True
BH-HF1R,SXS:BBH:0305,6,C,1283,Estar,3687.7376832882187,2.241415419527584,1352,0.9284747013043376,5.272589760035732,68,68,1.0,0.005,0.6080785498172129,-0.7938768652959924,-6.446517888755393e-08,True
BH-HF1R,SXS:BBH:0305,6,C,1283,Bstar,3687.7376832882187,2.241415419527584,1352,0.9284747013043376,1.078284591353933,68,64,0.9411764705882353,0.005,-0.6972465267385217,0.7168314173856095,-7.662589404857797e-08,True
BH-HF1R,SXS:BBH:0305,6,C,1284,Rstar,3687.737948372671,2.241680503979751,1352,0.9284770425413745,5.066489976525362,68,68,1.0,0.005,0.5919840915705934,-0.8059496481340104,-6.422650356741041e-08,True
BH-HF1R,SXS:BBH:0305,6,C,1284,Estar,3687.737948372671,2.241680503979751,1352,0.9284770425413745,5.273110053316237,68,68,1.0,0.005,0.6080750199193,-0.7938795690469297,-6.446290528470961e-08,True
BH-HF1R,SXS:BBH:0305,6,C,1284,Bstar,3687.737948372671,2.241680503979751,1352,0.9284770425413745,1.078236338157554,68,64,0.9411764705882353,0.005,-0.6972489033601534,0.7168291056891158,-7.66228367761663e-08,True
BH-HF1R,SXS:BBH:0305,6,C,1285,Rstar,3687.7382152926602,2.2419474239691226,1352,0.9284793996902412,5.065012771814637,68,68,1.0,0.005,0.5919804457163681,-0.8059523260649145,-6.422426739788426e-08,True
BH-HF1R,SXS:BBH:0305,6,C,1285,Estar,3687.7382152926602,2.2419474239691226,1352,0.9284793996902412,5.273086169696567,68,68,1.0,0.005,0.6080714657432645,-0.7938822913687101,-6.446061610945755e-08,True
BH-HF1R,SXS:BBH:0305,6,C,1285,Bstar,3687.7382152926602,2.2419474239691226,1352,0.9284793996902412,1.0781877306087158,68,64,0.9411764705882353,0.005,-0.697251296319255,0.7168267780859702,-7.661975860972153e-08,True
BH-HF1R,SXS:BBH:0305,6,C,1286,Rstar,3687.738519221213,2.2422513525220893,1352,0.928482083333244,5.0633312825498535,68,68,1.0,0.005,0.5919762945852975,-0.8059553750978133,-6.422172177693509e-08,True
BH-HF1R,SXS:BBH:0305,6,C,1286,Estar,3687.738519221213,2.2422513525220893,1352,0.928482083333244,5.2738160712393665,68,68,1.0,0.005,0.6080674189870419,-0.7938853909516368,-6.445801027808526e-08,True
BH-HF1R,SXS:BBH:0305,6,C,1286,Bstar,3687.738519221213,2.2422513525220893,1352,0.928482083333244,1.0781323588810765,68,64,0.9411764705882353,0.005,-0.6972540209116963,0.7168241278880517,-7.661625442036011e-08,True
BH-HF1R,SXS:BBH:0305,6,C,1287,Rstar,3687.738784024462,2.2425161557707725,1352,0.9284844211423248,5.061866717734257,68,68,1.0,0.005,0.5919726780208578,-0.805958031461198,-6.421950308714267e-08,True
BH-HF1R,SXS:BBH:0305,6,C,1287,Estar,3687.738784024462,2.2425161557707725,1352,0.9284844211423248,5.274452675093644,68,68,1.0,0.005,0.6080638933481993,-0.7938880913618906,-6.445573910014325e-08,True
BH-HF1R,SXS:BBH:0305,6,C,1287,Bstar,3687.738784024462,2.2425161557707725,1352,0.9284844211423248,1.0780840936629639,68,64,0.9411764705882353,0.005,-0.6972563946394441,0.7168218189580992,-7.661320056421826e-08,True
BH-HF1R,SXS:BBH:0305,6,C,1288,Rstar,3687.7390729170756,2.2428050483845254,1352,0.9284869712929723,5.060269409453355,68,68,1.0,0.005,0.5919687326524302,-0.8059609293023277,-6.42170829314922e-08,True
BH-HF1R,SXS:BBH:0305,6,C,1288,Estar,3687.7390729170756,2.2428050483845254,1352,0.9284869712929723,5.275147432415775,68,68,1.0,0.005,0.608060047163687,-0.7938910372609648,-6.445326164923249e-08,True
BH-HF1R,SXS:BBH:0305,6,C,1288,Bstar,3687.7390729170756,2.2428050483845254,1352,0.9284869712929723,1.0780314150466253,68,64,0.9411764705882353,0.005,-0.6972589841724014,0.7168193000965202,-7.660986922895385e-08,True
BH-HF1R,SXS:BBH:0305,6,C,1289,Rstar,3687.739334723342,2.243066854650806,1352,0.9284892820201656,5.058822303978758,68,68,1.0,0.005,0.5919651573788267,-0.8059635552861288,-6.421488989156019e-08,True
BH-HF1R,SXS:BBH:0305,6,C,1289,Estar,3687.739334723342,2.243066854650806,1352,0.9284892820201656,5.275777233716769,68,68,1.0,0.005,0.6080565617623104,-0.7938937068007237,-6.445101668614066e-08,True
BH-HF1R,SXS:BBH:0305,6,C,1289,Bstar,3687.739334723342,2.243066854650806,1352,0.9284892820201656,1.0779836548921833,68,64,0.9411764705882353,0.005,-0.6972613307915415,0.7168170175036324,-7.660685045876996e-08,True
BH-HF1R,SXS:BBH:0305,6,C,1290,Rstar,3687.7395914873136,2.243323618622526,1352,0.9284915479574041,5.057403477075961,68,68,1.0,0.005,0.5919616511275622,-0.805966130550364,-6.421273912308797e-08,True
BH-HF1R,SXS:BBH:0305,6,C,1290,Estar,3687.7395914873136,2.243323618622526,1352,0.9284915479574041,5.276336395946532,68,68,1.0,0.005,0.6080531436412171,-0.7938963247855663,-6.444881514565269e-08,True
BH-HF1R,SXS:BBH:0305,6,C,1290,Bstar,3687.7395914873136,2.243323618622526,1352,0.9284915479574041,1.0779367956417076,68,64,0.9411764705882353,0.005,-0.6972636321047345,0.7168147789660223,-7.660389005780834e-08,True
BH-HF1R,SXS:BBH:0305,6,C,1291,Rstar,3687.739897012509,2.243629143817998,1352,0.9284942439185737,5.05571572993974,68,68,1.0,0.005,0.5919574792395976,-0.8059691946794847,-6.421017932160813e-08,True
BH-HF1R,SXS:BBH:0305,6,C,1291,Estar,3687.739897012509,2.243629143817998,1352,0.9284942439185737,5.276936878363823,68,68,1.0,0.005,0.608049076605551,-0.7938994397523738,-6.44461947902018e-08,True
BH-HF1R,SXS:BBH:0305,6,C,1291,Bstar,3687.739897012509,2.243629143817998,1352,0.9284942439185737,1.0778810130119612,68,64,0.9411764705882353,0.005,-0.6972663702996161,0.7168121154453186,-7.660036668444463e-08,True
BH-HF1R,SXS:BBH:0305,6,C,1292,Rstar,3687.7401617637993,2.243893895108158,1352,0.9284965797385203,5.054253682227754,68,68,1.0,0.005,0.5919538642978217,-0.8059718497211128,-6.420796209971585e-08,True
BH-HF1R,SXS:BBH:0305,6,C,1292,Estar,3687.7401617637993,2.243893895108158,1352,0.9284965797385203,5.277457300290786,68,68,1.0,0.005,0.6080455525100308,-0.7939021388513622,-6.444392510864493e-08,True
BH-HF1R,SXS:BBH:0305,6,C,1292,Bstar,3687.7401617637993,2.243893895108158,1352,0.9284965797385203,1.0778326531454614,68,64,0.9411764705882353,0.005,-0.6972687429438189,0.7168098074897836,-7.659731458714427e-08,True
BH-HF1R,SXS:BBH:0305,6,C,1293,Rstar,3687.7404501231163,2.244182254425141,1352,0.928499123512357,5.052661750389517,68,68,1.0,0.005,0.5919499272096164,-0.8059747413390358,-6.420554815363508e-08,True
BH-HF1R,SXS:BBH:0305,6,C,1293,Estar,3687.7404501231163,2.244182254425141,1352,0.928499123512357,5.278024259198028,68,68,1.0,0.005,0.608041714355671,-0.7939050784592654,-6.444145404837549e-08,True
BH-HF1R,SXS:BBH:0305,6,C,1293,Bstar,3687.7404501231163,2.244182254425141,1352,0.928499123512357,1.0777799583655359,68,64,0.9411764705882353,0.005,-0.697271327021559,0.7168072938479271,-7.659399160458107e-08,True
BH-HF1R,SXS:BBH:0305,6,C,1294,Rstar,3687.7407119703794,2.2444441016882593,1352,0.9285014330793868,5.051216620589188,68,68,1.0,0.005,0.5919463522767462,-0.8059773669441657,-6.420335123673765e-08,True
BH-HF1R,SXS:BBH:0305,6,C,1294,Estar,3687.7407119703794,2.2444441016882593,1352,0.9285014330793868,5.278539174494588,68,68,1.0,0.005,0.6080382292483295,-0.7939077476461305,-6.443920518095615e-08,True
BH-HF1R,SXS:BBH:0305,6,C,1294,Bstar,3687.7407119703794,2.2444441016882593,1352,0.9285014330793868,1.0777320877794483,68,64,0.9411764705882353,0.005,-0.6972736733989112,0.7168050114115989,-7.659096830734775e-08,True
BH-HF1R,SXS:BBH:0305,6,C,1295,Rstar,3687.740967930992,2.2447000623010354,1352,0.9285036904354329,5.049804383916821,68,68,1.0,0.005,0.591942857875449,-0.8059799333793874,-6.420120669099784e-08,True
BH-HF1R,SXS:BBH:0305,6,C,1295,Estar,3687.740967930992,2.2447000623010354,1352,0.9285036904354329,5.279042612055116,68,68,1.0,0.005,0.6080348226420969,-0.7939103566868173,-6.443700993001026e-08,True
BH-HF1R,SXS:BBH:0305,6,C,1295,Bstar,3687.740967930992,2.2447000623010354,1352,0.9285036904354329,1.0776852745167596,68,64,0.9411764705882353,0.005,-0.6972759669166431,0.7168027803799693,-7.658801655620105e-08,True
BH-HF1R,SXS:BBH:0305,6,C,1296,Rstar,3687.7412761982528,2.2450083295616423,1352,0.9285064087996632,5.04810408135781,68,68,1.0,0.005,0.5919386496062333,-0.8059830240782647,-6.419862384470472e-08,True
BH-HF1R,SXS:BBH:0305,6,C,1296,Estar,3687.7412761982528,2.2450083295616423,1352,0.9285064087996632,5.27964906204604,68,68,1.0,0.005,0.6080307200946653,-0.7939134987019422,-6.443436597618078e-08,True
BH-HF1R,SXS:BBH:0305,6,C,1296,Bstar,3687.7412761982528,2.2450083295616423,1352,0.9285064087996632,1.0776288699535754,68,64,0.9411764705882353,0.005,-0.6972787289686007,0.7168000935602107,-7.658446156678189e-08,True
BH-HF1R,SXS:BBH:0305,6,C,1297,Rstar,3687.741540539695,2.2452726710039315,1352,0.9285087394619608,5.046646518811431,68,68,1.0,0.005,0.5919350411705558,-0.8059856742116502,-6.419640973892981e-08,True
BH-HF1R,SXS:BBH:0305,6,C,1297,Estar,3687.741540539695,2.2452726710039315,1352,0.9285087394619608,5.2801691726549915,68,68,1.0,0.005,0.6080272023032018,-0.7939161928436382,-6.443209953826321e-08,True
BH-HF1R,SXS:BBH:0305,6,C,1297,Bstar,3687.741540539695,2.2452726710039315,1352,0.9285087394619608,1.0775804808292717,68,64,0.9411764705882353,0.005,-0.6972810973241844,0.7167977896969099,-7.658141402076493e-08,True
BH-HF1R,SXS:BBH:0305,6,C,1298,Rstar,3687.7418273844105,2.2455595157193784,1352,0.9285112681980764,5.045065357976371,68,68,1.0,0.005,0.5919311257443607,-0.8059885497790956,-6.41940077980479e-08,True
BH-HF1R,SXS:BBH:0305,6,C,1298,Estar,3687.7418273844105,2.2455595157193784,1352,0.9285112681980764,5.280733691555772,68,68,1.0,0.005,0.6080233852246546,-0.7939191161698698,-6.442964072748337e-08,True
BH-HF1R,SXS:BBH:0305,6,C,1298,Bstar,3687.7418273844105,2.2455595157193784,1352,0.9285112681980764,1.0775279499283772,68,64,0.9411764705882353,0.005,-0.6972836671647026,0.7167952898180474,-7.657810768619381e-08,True
BH-HF1R,SXS:BBH:0305,6,C,1299,Rstar,3687.7419699578677,2.245702089176575,1352,0.9285125249203875,5.044279611671263,68,68,1.0,0.005,0.5919291796753018,-0.80598997900031,-6.419281386826774e-08,True
BH-HF1R,SXS:BBH:0305,6,C,1299,Estar,3687.7419699578677,2.245702089176575,1352,0.9285125249203875,5.280749113143068,68,68,1.0,0.005,0.6080214880333454,-0.7939205691312654,-6.442841865595282e-08,True
BH-HF1R,SXS:BBH:0305,6,C,1299,Bstar,3687.7419699578677,2.245702089176575,1352,0.9285125249203875,1.0775797471905337,68,64,0.9411764705882353,0.005,-0.6972849444445245,0.7167940473043778,-7.65764644311815e-08,True
BH-HF1R,SXS:BBH:0305,6,C,1300,Rstar,3687.7420989529,2.2458310842089304,1352,0.9285136618198688,5.043568833671777,68,68,1.0,0.005,0.5919274190021754,-0.8059912720578425,-6.419173420075176e-08,True
BH-HF1R,SXS:BBH:0305,6,C,1300,Estar,3687.7420989529,2.2458310842089304,1352,0.9285136618198688,5.280664703863425,68,68,1.0,0.005,0.6080197715798478,-0.7939218836686551,-6.44273134343155e-08,True
BH-HF1R,SXS:BBH:0305,6,C,1300,Bstar,3687.7420989529,2.2458310842089304,1352,0.9285136618198688,1.077644631820288,68,64,0.9411764705882353,0.005,-0.6972861000380414,0.7167929231610289,-7.657497826633181e-08,True
BH-HF1R,SXS:BBH:0305,6,C,1301,Rstar,3687.7424071336454,2.2461392649543086,1352,0.9285163779040145,5.04187115775563,68,68,1.0,0.005,0.5919232127889497,-0.805994361122709,-6.418915281578244e-08,True
BH-HF1R,SXS:BBH:0305,6,C,1301,Estar,3687.7424071336454,2.2461392649543086,1352,0.9285163779040145,5.280462875447117,68,68,1.0,0.005,0.6080156709999927,-0.7939250240535466,-6.442467102987162e-08,True
BH-HF1R,SXS:BBH:0305,6,C,1301,Bstar,3687.7424071336454,2.2461392649543086,1352,0.9285163779040145,1.0777996035982318,68,64,0.9411764705882353,0.005,-0.6972888607217447,0.7167902375963038,-7.657142509799513e-08,True
BH-HF1R,SXS:BBH:0305,6,C,1302,Rstar,3687.7426335133523,2.246365644661182,1352,0.928518372840446,5.04062443567088,68,68,1.0,0.005,0.591920123191487,-0.8059966301176269,-6.418725625168495e-08,True
BH-HF1R,SXS:BBH:0305,6,C,1302,Estar,3687.7426335133523,2.246365644661182,1352,0.928518372840446,5.280314355930145,68,68,1.0,0.005,0.6080126589869714,-0.7939273307498543,-6.442272960419972e-08,True
BH-HF1R,SXS:BBH:0305,6,C,1302,Bstar,3687.7426335133523,2.246365644661182,1352,0.928518372840446,1.0779133995447503,68,64,0.9411764705882353,0.005,-0.6972908885304805,0.7167882649516293,-7.656881476540355e-08,True
BH-HF1R,SXS:BBH:0305,6,C,1303,Rstar,3687.742917280681,2.2466494119898925,1352,0.9285208731985919,5.039062126477694,68,68,1.0,0.005,0.5919162505538142,-0.8059994741501448,-6.418488006613642e-08,True
BH-HF1R,SXS:BBH:0305,6,C,1303,Estar,3687.742917280681,2.2466494119898925,1352,0.9285208731985919,5.280128042471403,68,68,1.0,0.005,0.6080088835896321,-0.7939302220447871,-6.442029720934985e-08,True
BH-HF1R,SXS:BBH:0305,6,C,1303,Bstar,3687.742917280681,2.2466494119898925,1352,0.9285208731985919,1.0780559939943584,68,64,0.9411764705882353,0.005,-0.6972934302705648,0.7167857923407126,-7.656554402706605e-08,True
BH-HF1R,SXS:BBH:0305,6,C,1304,Rstar,3687.743229388776,2.246961520084824,1352,0.9285236227688386,5.037344382216914,68,68,1.0,0.005,0.5919119913760279,-0.8060026020213961,-6.418226554691117e-08,True
BH-HF1R,SXS:BBH:0305,6,C,1304,Estar,3687.743229388776,2.246961520084824,1352,0.9285236227688386,5.2798811725855375,68,68,1.0,0.005,0.6080047313477064,-0.7939334019039628,-6.441762089243674e-08,True
BH-HF1R,SXS:BBH:0305,6,C,1304,Bstar,3687.743229388776,2.246961520084824,1352,0.9285236227688386,1.078212840570483,68,64,0.9411764705882353,0.005,-0.6972962257069738,0.7167830729131396,-7.656194550698327e-08,True
BH-HF1R,SXS:BBH:0305,6,C,1305,Rstar,3687.7435338088785,2.24726594018739,1352,0.9285263042371923,5.035669475240695,68,68,1.0,0.005,0.5919078373344152,-0.8060056526489696,-6.417971644433162e-08,True
BH-HF1R,SXS:BBH:0305,6,C,1305,Estar,3687.7435338088785,2.24726594018739,1352,0.9285263042371923,5.279468131482798,68,68,1.0,0.005,0.6080006815926849,-0.7939365032436955,-6.441501153839205e-08,True
BH-HF1R,SXS:BBH:0305,6,C,1305,Bstar,3687.7435338088785,2.24726594018739,1352,0.9285263042371923,1.0783656866527336,68,64,0.9411764705882353,0.005,-0.6972989521333992,0.7167804205987057,-7.65584368943222e-08,True
BH-HF1R,SXS:BBH:0305,6,C,1306,Rstar,3687.743827026251,2.247559157559863,1352,0.928528886669697,5.034579626170962,68,68,1.0,0.005,0.5919038363834529,-0.8060085908193202,-6.417726074813843e-08,True
BH-HF1R,SXS:BBH:0305,6,C,1306,Estar,3687.743827026251,2.247559157559863,1352,0.928528886669697,5.27907000605803,68,68,1.0,0.005,0.6079967810757043,-0.793939490264578,-6.44124978160387e-08,True
BH-HF1R,SXS:BBH:0305,6,C,1306,Bstar,3687.743827026251,2.247559157559863,1352,0.928528886669697,1.0785128481626334,68,64,0.9411764705882353,0.005,-0.6973015780774442,0.7167778660161739,-7.655505683234729e-08,True
BH-HF1R,SXS:BBH:0305,6,C,1307,Rstar,3687.744129468587,2.247861599895714,1352,0.9285315499855928,5.033820674391354,68,68,1.0,0.005,0.5918997097862587,-0.8060116212282169,-6.417472731332002e-08,True
BH-HF1R,SXS:BBH:0305,6,C,1307,Estar,3687.744129468587,2.247861599895714,1352,0.9285315499855928,5.278659068313117,68,68,1.0,0.005,0.6079927580570957,-0.7939425710655159,-6.440990443771385e-08,True
BH-HF1R,SXS:BBH:0305,6,C,1307,Bstar,3687.744129468587,2.247861599895714,1352,0.9285315499855928,1.078664578047154,68,64,0.9411764705882353,0.005,-0.6973042864817584,0.7167752311946612,-7.655157000698212e-08,True
BH-HF1R,SXS:BBH:0305,6,C,1308,Rstar,3687.7444327315684,2.2481648628772746,1352,0.9285342201444461,5.033060038473175,68,68,1.0,0.005,0.5918955722218844,-0.806014659658324,-6.417218762207885e-08,True
BH-HF1R,SXS:BBH:0305,6,C,1308,Estar,3687.7444327315684,2.2481648628772746,1352,0.9285342201444461,5.278246711110608,68,68,1.0,0.005,0.6079887243368928,-0.7939456600291948,-6.440730472991332e-08,True
BH-HF1R,SXS:BBH:0305,6,C,1308,Bstar,3687.7444327315684,2.2481648628772746,1352,0.9285342201444461,1.0788166569334208,68,64,0.9411764705882353,0.005,-0.6973070020794208,0.7167725893552325,-7.654807433202729e-08,True
BH-HF1R,SXS:BBH:0305,6,C,1309,Rstar,3687.7446991043557,2.2484312356646114,1352,0.9285365652386722,5.032392235885494,68,68,1.0,0.005,0.5918919381512441,-0.8060173283196582,-6.416995713312117e-08,True
BH-HF1R,SXS:BBH:0305,6,C,1309,Estar,3687.7446991043557,2.2484312356646114,1352,0.9285365652386722,5.277884255860898,68,68,1.0,0.005,0.6079851814661297,-0.7939483730807648,-6.440502158356667e-08,True
BH-HF1R,SXS:BBH:0305,6,C,1309,Bstar,3687.7446991043557,2.2484312356646114,1352,0.9285365652386722,1.0789501858732953,68,64,0.9411764705882353,0.005,-0.6973093872152757,0.7167702689854336,-7.654500436279401e-08,True
BH-HF1R,SXS:BBH:0305,6,C,1310,Rstar,3687.74494131837,2.2486734496787903,1352,0.9285386973125113,5.031785255114482,68,68,1.0,0.005,0.5918886338367806,-0.8060197548043257,-6.416792882469394e-08,True
BH-HF1R,SXS:BBH:0305,6,C,1310,Estar,3687.74494131837,2.2486734496787903,1352,0.9285386973125113,5.277554480243903,68,68,1.0,0.005,0.6079819600691276,-0.7939508399331141,-6.440294523797393e-08,True
BH-HF1R,SXS:BBH:0305,6,C,1310,Bstar,3687.74494131837,2.2486734496787903,1352,0.9285386973125113,1.0790715607730115,68,64,0.9411764705882353,0.005,-0.6973115559217545,0.7167681591546711,-7.654221254491019e-08,True
BH-HF1R,SXS:BBH:0305,6,C,1311,Rstar,3687.7452203488406,2.2489524801494554,1352,0.9285411531747033,5.0317728296249244,68,68,1.0,0.005,0.5918848274430556,-0.806022549959181,-6.416559253455254e-08,True
BH-HF1R,SXS:BBH:0305,6,C,1311,Estar,3687.7452203488406,2.2489524801494554,1352,0.9285411531747033,5.2771743566407245,68,68,1.0,0.005,0.6079782491844321,-0.7939536815952355,-6.440055377881955e-08,True
BH-HF1R,SXS:BBH:0305,6,C,1311,Bstar,3687.7452203488406,2.2489524801494554,1352,0.9285411531747033,1.0792113355517194,68,64,0.9411764705882353,0.005,-0.697314054151078,0.7167657287310698,-7.653899687940282e-08,True
BH-HF1R,SXS:BBH:0305,6,C,1312,Rstar,3687.7454878364906,2.2492199677994904,1352,0.928543507132632,5.03210736733799,68,68,1.0,0.005,0.5918811786982782,-0.8060252293214729,-6.416335234297442e-08,True
BH-HF1R,SXS:BBH:0305,6,C,1312,Estar,3687.7454878364906,2.2492199677994904,1352,0.928543507132632,5.2768097005285615,68,68,1.0,0.005,0.6079746919852306,-0.7939564055446998,-6.439826068026057e-08,True
BH-HF1R,SXS:BBH:0305,6,C,1312,Bstar,3687.7454878364906,2.2492199677994904,1352,0.928543507132632,1.0793452780769388,68,64,0.9411764705882353,0.005,-0.6973164489079163,0.7167633989556438,-7.65359136996257e-08,True
BH-HF1R,SXS:BBH:0305,6,C,1313,Rstar,3687.745784133455,2.24951626476377,1352,0.9285461142892555,5.032477434413798,68,68,1.0,0.005,0.5918771371801881,-0.8060281970771125,-6.41608737882992e-08,True
BH-HF1R,SXS:BBH:0305,6,C,1313,Estar,3687.745784133455,2.24951626476377,1352,0.9285461142892555,5.276405508273296,68,68,1.0,0.005,0.6079707518585301,-0.7939594226939872,-6.439572353313441e-08,True
BH-HF1R,SXS:BBH:0305,6,C,1313,Bstar,3687.745784133455,2.24951626476377,1352,0.9285461142892555,1.079493589893903,68,64,0.9411764705882353,0.005,-0.6973191014463104,0.716760818375352,-7.653250181190673e-08,True
BH-HF1R,SXS:BBH:0305,6,C,1314,Rstar,3687.7460479154192,2.2497800467281195,1352,0.9285484349922757,5.032806896542627,68,68,1.0,0.005,0.591873539351049,-0.8060308389981479,-6.41586648414736e-08,True
BH-HF1R,SXS:BBH:0305,6,C,1314,Estar,3687.7460479154192,2.2497800467281195,1352,0.9285484349922757,5.276045410210272,68,68,1.0,0.005,0.6079672442817595,-0.793962108592368,-6.439346233234633e-08,True
BH-HF1R,SXS:BBH:0305,6,C,1314,Bstar,3687.7460479154192,2.2497800467281195,1352,0.9285484349922757,1.0796255755427688,68,64,0.9411764705882353,0.005,-0.6973214627790041,0.7167585210848518,-7.652946142729725e-08,True
BH-HF1R,SXS:BBH:0305,6,C,1315,Rstar,3687.7463057441664,2.2500378754753,1352,0.9285507030180076,5.033128708678759,68,68,1.0,0.005,0.5918700228838929,-0.8060334211503988,-6.41565064057587e-08,True
BH-HF1R,SXS:BBH:0305,6,C,1315,Estar,3687.7463057441664,2.2500378754753,1352,0.9285507030180076,5.276134490850985,68,68,1.0,0.005,0.6079638160189029,-0.7939647337330099,-6.439125290098941e-08,True
BH-HF1R,SXS:BBH:0305,6,C,1315,Bstar,3687.7463057441664,2.2500378754753,1352,0.9285507030180076,1.0797545366182635,68,64,0.9411764705882353,0.005,-0.6973237707086033,0.7167562757344573,-7.652649058205777e-08,True
BH-HF1R,SXS:BBH:0305,6,C,1316,Rstar,3687.7466168663695,2.2503489976784294,1352,0.9285534394424309,5.0335167776276055,68,68,1.0,0.005,0.5918657797906909,-0.8060365368348716,-6.415390166863974e-08,True
BH-HF1R,SXS:BBH:0305,6,C,1316,Estar,3687.7466168663695,2.2503489976784294,1352,0.9285534394424309,5.276560780903782,68,68,1.0,0.005,0.6079596793465992,-0.7939679012962527,-6.438858659461623e-08,True
BH-HF1R,SXS:BBH:0305,6,C,1316,Bstar,3687.7466168663695,2.2503489976784294,1352,0.9285534394424309,1.0799100926461707,68,64,0.9411764705882353,0.005,-0.6973265555334293,0.7167535664005289,-7.652290548917916e-08,True
BH-HF1R,SXS:BBH:0305,6,C,1317,Rstar,3687.7468808324397,2.2506129637486083,1352,0.9285557609072378,5.033845768970931,68,68,1.0,0.005,0.5918621799912633,-0.8060391801246298,-6.415169113641562e-08,True
BH-HF1R,SXS:BBH:0305,6,C,1317,Estar,3687.7468808324397,2.2506129637486083,1352,0.9285557609072378,5.276922349326731,68,68,1.0,0.005,0.6079561698262465,-0.7939705886052681,-6.438632381870954e-08,True
BH-HF1R,SXS:BBH:0305,6,C,1317,Bstar,3687.7468808324397,2.2506129637486083,1352,0.9285557609072378,1.0800420220125373,68,64,0.9411764705882353,0.005,-0.6973289181461833,0.7167512678168542,-7.651986315104856e-08,True
BH-HF1R,SXS:BBH:0305,6,C,1318,Rstar,3687.7471644625152,2.250896593824109,1352,0.9285582549622671,5.0341990471796585,68,68,1.0,0.005,0.5918583122404721,-0.8060420201402998,-6.414931677281147e-08,True
BH-HF1R,SXS:BBH:0305,6,C,1318,Estar,3687.7471644625152,2.250896593824109,1352,0.9285582549622671,5.277235450108724,68,68,1.0,0.005,0.6079523990659138,-0.7939734759234692,-6.438389335111011e-08,True
BH-HF1R,SXS:BBH:0305,6,C,1318,Bstar,3687.7471644625152,2.250896593824109,1352,0.9285582549622671,1.0801837250189896,68,64,0.9411764705882353,0.005,-0.6973314566169142,0.716748798124229,-7.651659508066109e-08,True
BH-HF1R,SXS:BBH:0305,6,C,1319,Rstar,3687.7474212850293,2.251153416338184,1352,0.928560512950084,5.034518735839007,68,68,1.0,0.005,0.5918548102141946,-0.8060445915867903,-6.414716631385655e-08,True
BH-HF1R,SXS:BBH:0305,6,C,1319,Estar,3687.7474212850293,2.251153416338184,1352,0.928560512950084,5.276678351652991,68,68,1.0,0.005,0.6079489848514756,-0.7939760902055276,-6.438169207174353e-08,True
BH-HF1R,SXS:BBH:0305,6,C,1319,Bstar,3687.7474212850293,2.251153416338184,1352,0.928560512950084,1.0803119873668159,68,64,0.9411764705882353,0.005,-0.6973337550538792,0.7167465619467251,-7.651363541495532e-08,True
BH-HF1R,SXS:BBH:0305,6,C,1320,Rstar,3687.747676707789,2.251408839098076,1352,0.9285627583387523,5.034836472554114,68,68,1.0,0.005,0.5918513274390269,-0.8060471488744673,-6.414502808240629e-08,True
BH-HF1R,SXS:BBH:0305,6,C,1320,Estar,3687.747676707789,2.251408839098076,1352,0.9285627583387523,5.276124157601854,68,68,1.0,0.005,0.6079455893986156,-0.7939786900986484,-6.437950343929103e-08,True
BH-HF1R,SXS:BBH:0305,6,C,1320,Bstar,3687.747676707789,2.251408839098076,1352,0.9285627583387523,1.0804395060494572,68,64,0.9411764705882353,0.005,-0.6973360408521009,0.7167443380513803,-7.651069244291993e-08,True
BH-HF1R,SXS:BBH:0305,6,C,1321,Rstar,3687.747992961461,2.2517250927699024,1352,0.928565538079049,5.036106416363936,68,68,1.0,0.005,0.5918470154497183,-0.8060503149948252,-6.414238040566528e-08,True
BH-HF1R,SXS:BBH:0305,6,C,1321,Estar,3687.747992961461,2.2517250927699024,1352,0.928565538079049,5.2754379720807645,68,68,1.0,0.005,0.6079413855124504,-0.7939819089760157,-6.43767931924683e-08,True
BH-HF1R,SXS:BBH:0305,6,C,1321,Bstar,3687.747992961461,2.2517250927699024,1352,0.928565538079049,1.0805973316073454,68,64,0.9411764705882353,0.005,-0.697338870871809,0.716741584653231,-7.65070483307553e-08,True
BH-HF1R,SXS:BBH:0305,6,C,1322,Rstar,3687.748218328536,2.2519504598449203,1352,0.9285675187682936,5.037214751568502,68,68,1.0,0.005,0.5918439427972058,-0.8060525710983458,-6.414049372602903e-08,True
BH-HF1R,SXS:BBH:0305,6,C,1322,Estar,3687.748218328536,2.2519504598449203,1352,0.9285675187682936,5.274948982717913,68,68,1.0,0.005,0.6079383898863941,-0.7939842026780726,-6.43748619306624e-08,True
BH-HF1R,SXS:BBH:0305,6,C,1322,Bstar,3687.748218328536,2.2519504598449203,1352,0.9285675187682936,1.0807097608015905,68,64,0.9411764705882353,0.005,-0.6973408874933881,0.7167396226175361,-7.6504451750973e-08,True
BH-HF1R,SXS:BBH:0305,6,C,1323,Rstar,3687.7484380614337,2.2521701927425966,1352,0.928569449698308,5.038295588892639,68,68,1.0,0.005,0.591840947099272,-0.8060547706804002,-6.413865443991636e-08,True
BH-HF1R,SXS:BBH:0305,6,C,1323,Estar,3687.7484380614337,2.2521701927425966,1352,0.928569449698308,5.274472213574989,68,68,1.0,0.005,0.6079354692803991,-0.7939864389212304,-6.437297920531936e-08,True
BH-HF1R,SXS:BBH:0305,6,C,1323,Bstar,3687.7484380614337,2.2521701927425966,1352,0.928569449698308,1.0808193445769887,68,64,0.9411764705882353,0.005,-0.6973428536064075,0.7167377097126025,-7.650192018511571e-08,True
BH-HF1R,SXS:BBH:0305,6,C,1324,Rstar,3687.748636867389,2.252368998697875,1352,0.9285711966422469,5.039273631417677,68,68,1.0,0.005,0.5918382367848098,-0.8060567607057478,-6.41369910326235e-08,True
BH-HF1R,SXS:BBH:0305,6,C,1324,Estar,3687.748636867389,2.252368998697875,1352,0.9285711966422469,5.274219316527667,68,68,1.0,0.005,0.6079328269000254,-0.7939884621185245,-6.437127634424206e-08,True
BH-HF1R,SXS:BBH:0305,6,C,1324,Bstar,3687.748636867389,2.252368998697875,1352,0.9285711966422469,1.080918466295233,68,64,0.9411764705882353,0.005,-0.6973446324185352,0.7167359790306693,-7.649963051178916e-08,True
BH-HF1R,SXS:BBH:0305,6,C,1325,Rstar,3687.74902870342,2.252760834729088,1352,0.9285746391415587,5.041201793279768,68,68,1.0,0.005,0.5918328952814684,-0.8060606826180956,-6.413371127839577e-08,True
BH-HF1R,SXS:BBH:0305,6,C,1325,Estar,3687.74902870342,2.252760834729088,1352,0.9285746391415587,5.273829294990686,68,68,1.0,0.005,0.6079276192693636,-0.793992449415912,-6.436791919714486e-08,True
BH-HF1R,SXS:BBH:0305,6,C,1325,Bstar,3687.74902870342,2.252760834729088,1352,0.9285746391415587,1.081113742525866,68,64,0.9411764705882353,0.005,-0.6973481380973292,0.7167325681815934,-7.649511652634751e-08,True
BH-HF1R,SXS:BBH:0305,6,C,1326,Rstar,3687.749321867346,2.253053998655105,1352,0.928577214301612,5.04264485328918,68,68,1.0,0.005,0.5918288990771814,-0.8060636167307685,-6.413125594514551e-08,True
BH-HF1R,SXS:BBH:0305,6,C,1326,Estar,3687.749321867346,2.253053998655105,1352,0.928577214301612,5.273537325196298,68,68,1.0,0.005,0.6079237232101222,-0.79399543245433,-6.43654059252804e-08,True
BH-HF1R,SXS:BBH:0305,6,C,1326,Bstar,3687.749321867346,2.253053998655105,1352,0.928577214301612,1.0812597785640574,68,64,0.9411764705882353,0.005,-0.6973507608423858,0.7167300163607911,-7.649173740314486e-08,True
BH-HF1R,SXS:BBH:0305,6,C,1327,Rstar,3687.7495788990245,2.253311030333407,1352,0.9285794718315769,5.043910291090507,68,68,1.0,0.005,0.5918253955779244,-0.806066189062058,-6.412910440201263e-08,True
BH-HF1R,SXS:BBH:0305,6,C,1327,Estar,3687.7495788990245,2.253311030333407,1352,0.9285794718315769,5.273281233247875,68,68,1.0,0.005,0.6079203075016251,-0.7939980476847065,-6.436320355200873e-08,True
BH-HF1R,SXS:BBH:0305,6,C,1327,Bstar,3687.7495788990245,2.253311030333407,1352,0.9285794718315769,1.08138776884209,68,64,0.9411764705882353,0.005,-0.6973530602155185,0.7167277791519217,-7.648877614276023e-08,True
BH-HF1R,SXS:BBH:0305,6,C,1328,Rstar,3687.7498583364195,2.2535904677283725,1352,0.928581925838969,5.045286357377049,68,68,1.0,0.005,0.5918215868823554,-0.8060689854473043,-6.412676613865434e-08,True
BH-HF1R,SXS:BBH:0305,6,C,1328,Estar,3687.7498583364195,2.2535904677283725,1352,0.928581925838969,5.2730026994436745,68,68,1.0,0.005,0.6079165942363806,-0.7940008907123691,-6.436081005802181e-08,True
BH-HF1R,SXS:BBH:0305,6,C,1328,Bstar,3687.7498583364195,2.2535904677283725,1352,0.928581925838969,1.0815268637406592,68,64,0.9411764705882353,0.005,-0.697355559887135,0.7167253470434087,-7.64855579116652e-08,True
BH-HF1R,SXS:BBH:0305,6,C,1329,Rstar,3687.750162291591,2.2538944228999753,1352,0.9285845946915727,5.0467835578014455,68,68,1.0,0.005,0.5918174442283035,-0.806072026997014,-6.412422145662271e-08,True
BH-HF1R,SXS:BBH:0305,6,C,1329,Estar,3687.750162291591,2.2538944228999753,1352,0.9285845946915727,5.27269958261907,68,68,1.0,0.005,0.6079125553704344,-0.7940039830019648,-6.435820531397174e-08,True
BH-HF1R,SXS:BBH:0305,6,C,1329,Bstar,3687.750162291591,2.2538944228999753,1352,0.9285845946915727,1.0816781010858456,68,64,0.9411764705882353,0.005,-0.6973582787354681,0.7167227016629929,-7.648205571680115e-08,True
BH-HF1R,SXS:BBH:0305,6,C,1330,Rstar,3687.7504479794006,2.2541801107095125,1352,0.9285871029228103,5.048191049931553,68,68,1.0,0.005,0.5918135507434267,-0.8060748855760571,-6.412183045248871e-08,True
BH-HF1R,SXS:BBH:0305,6,C,1330,Estar,3687.7504479794006,2.2541801107095125,1352,0.9285871029228103,5.272414560999046,68,68,1.0,0.005,0.6079087594230688,-0.7940068892753396,-6.435575775295563e-08,True
BH-HF1R,SXS:BBH:0305,6,C,1330,Bstar,3687.7504479794006,2.2541801107095125,1352,0.9285871029228103,1.0818201946206536,68,64,0.9411764705882353,0.005,-0.6973608340450447,0.7167202153839348,-7.647876489626842e-08,True
BH-HF1R,SXS:BBH:0305,6,C,1331,Rstar,3687.7507468325484,2.2544789638573093,1352,0.9285897263612848,5.049663793300083,68,68,1.0,0.005,0.5918094780756272,-0.8060778756794218,-6.411932812848629e-08,True
BH-HF1R,SXS:BBH:0305,6,C,1331,Estar,3687.7507468325484,2.2544789638573093,1352,0.9285897263612848,5.272115134628451,68,68,1.0,0.005,0.6079047887720115,-0.7940099292754795,-6.435319637529563e-08,True
BH-HF1R,SXS:BBH:0305,6,C,1331,Bstar,3687.7507468325484,2.2544789638573093,1352,0.9285897263612848,1.0819687752018008,68,64,0.9411764705882353,0.005,-0.6973635069493119,0.7167176146679746,-7.647532102024753e-08,True
BH-HF1R,SXS:BBH:0305,6,C,1332,Rstar,3687.7509962225763,2.2547283538851843,1352,0.9285919152282333,5.050893086314525,68,68,1.0,0.005,0.5918060796271329,-0.8060803707549015,-6.411724083356968e-08,True
BH-HF1R,SXS:BBH:0305,6,C,1332,Estar,3687.7509962225763,2.2547283538851843,1352,0.9285919152282333,5.271866098221257,68,68,1.0,0.005,0.6079014754441426,-0.7940124659933434,-6.43510598507239e-08,True
BH-HF1R,SXS:BBH:0305,6,C,1332,Bstar,3687.7509962225763,2.2547283538851843,1352,0.9285919152282333,1.0820927174123363,68,64,0.9411764705882353,0.005,-0.6973657373598049,0.7167154444803109,-7.647244837391161e-08,True
BH-HF1R,SXS:BBH:0305,6,C,1333,Rstar,3687.7512518155672,2.2549839468761093,1352,0.9285941582586331,5.052153187644076,68,68,1.0,0.005,0.5918025968126448,-0.8060829277473913,-6.411510162333817e-08,True
BH-HF1R,SXS:BBH:0305,6,C,1333,Estar,3687.7512518155672,2.2549839468761093,1352,0.9285941582586331,5.271610768049761,68,68,1.0,0.005,0.6078980798567909,-0.7940150656671588,-6.43488700891265e-08,True
BH-HF1R,SXS:BBH:0305,6,C,1333,Bstar,3687.7512518155672,2.2549839468761093,1352,0.9285941582586331,1.082219698636917,68,64,0.9411764705882353,0.005,-0.6973680231353644,0.7167132204084615,-7.646950412811032e-08,True
BH-HF1R,SXS:BBH:0305,6,C,1334,Rstar,3687.7515387262615,2.2552708575703946,1352,0.9285966758661813,5.053567986733069,68,68,1.0,0.005,0.5917986874546773,-0.8060857978695054,-6.411270041987068e-08,True
BH-HF1R,SXS:BBH:0305,6,C,1334,Estar,3687.7515387262615,2.2552708575703946,1352,0.9285966758661813,5.271451034852876,68,68,1.0,0.005,0.6078942684007782,-0.7940179837040711,-6.43464122958635e-08,True
BH-HF1R,SXS:BBH:0305,6,C,1334,Bstar,3687.7515387262615,2.2552708575703946,1352,0.9285966758661813,1.0823621861508446,68,64,0.9411764705882353,0.005,-0.6973705888465543,0.7167107239408409,-7.64661994151335e-08,True
BH-HF1R,SXS:BBH:0305,6,C,1335,Rstar,3687.7518199719525,2.2555521032613797,1352,0.9285991434403987,5.054955192144519,68,68,1.0,0.005,0.5917948554887532,-0.8060886111446072,-6.411034658032273e-08,True
BH-HF1R,SXS:BBH:0305,6,C,1335,Estar,3687.7518199719525,2.2555521032613797,1352,0.9285991434403987,5.2714320115175495,68,68,1.0,0.005,0.6078905323901892,-0.7940208439520767,-6.434400280355742e-08,True
BH-HF1R,SXS:BBH:0305,6,C,1335,Bstar,3687.7518199719525,2.2555521032613797,1352,0.9285991434403987,1.0825018057535967,68,64,0.9411764705882353,0.005,-0.6973731037615263,0.7167082768811935,-7.646295983189836e-08,True
BH-HF1R,SXS:BBH:0305,6,C,1336,Rstar,3687.7521193028915,2.2558514342003946,1352,0.9286017692092754,5.0564319863633465,68,68,1.0,0.005,0.5917907773248751,-0.8060916051375402,-6.410784181183035e-08,True
BH-HF1R,SXS:BBH:0305,6,C,1336,Estar,3687.7521193028915,2.2558514342003946,1352,0.9286017692092754,5.271411569437774,68,68,1.0,0.005,0.6078865563369846,-0.794023887943403,-6.434143891027132e-08,True
BH-HF1R,SXS:BBH:0305,6,C,1336,Bstar,3687.7521193028915,2.2558514342003946,1352,0.9286017692092754,1.0826503428819623,68,64,0.9411764705882353,0.005,-0.6973757802533774,0.716705672585328,-7.645951252918522e-08,True
BH-HF1R,SXS:BBH:0305,6,C,1337,Rstar,3687.752372778621,2.2561049099299453,1352,0.9286039925268839,5.0576827755416955,68,68,1.0,0.005,0.5917873240657185,-0.8060941403304779,-6.410572021622754e-08,True
BH-HF1R,SXS:BBH:0305,6,C,1337,Estar,3687.752372778621,2.2561049099299453,1352,0.9286039925268839,5.2713941156982695,68,68,1.0,0.005,0.6078831895351999,-0.7940264654786439,-6.43392672056457e-08,True
BH-HF1R,SXS:BBH:0305,6,C,1337,Bstar,3687.752372778621,2.2561049099299453,1352,0.9286039925268839,1.0827760800422268,68,64,0.9411764705882353,0.005,-0.6973780466153524,0.7167034673412356,-7.645659266730874e-08,True
BH-HF1R,SXS:BBH:0305,6,C,1338,Rstar,3687.7526350626144,2.2563671939233245,1352,0.9286062928200945,5.0589773253178425,68,68,1.0,0.005,0.5917837509976983,-0.8060967634565284,-6.410352520132785e-08,True
BH-HF1R,SXS:BBH:0305,6,C,1338,Estar,3687.7526350626144,2.2563671939233245,1352,0.9286062928200945,5.271375906409775,68,68,1.0,0.005,0.6078797059167915,-0.7940291324217965,-6.433702042919454e-08,True
BH-HF1R,SXS:BBH:0305,6,C,1338,Bstar,3687.7526350626144,2.2563671939233245,1352,0.9286062928200945,1.0829061391360684,68,64,0.9411764705882353,0.005,-0.6973803916040322,0.7167011855761094,-7.645357175637327e-08,True
BH-HF1R,SXS:BBH:0305,6,C,1339,Rstar,3687.7529193511737,2.256651482482539,1352,0.9286088868107504,5.0604240741221,68,68,1.0,0.005,0.5917798890195112,-0.8060995986551858,-5.7576621917076724e-08,True
BH-HF1R,SXS:BBH:0305,6,C,1339,Estar,3687.7529193511737,2.256651482482539,1352,0.9286088868107504,5.271357301289819,68,68,1.0,0.005,0.6078759425444648,-0.7940320135080672,-5.779503926288617e-08,True
BH-HF1R,SXS:BBH:0305,6,C,1339,Bstar,3687.7529193511737,2.256651482482539,1352,0.9286088868107504,1.0830487324908602,68,64,0.9411764705882353,0.005,-0.6973829204807116,0.7166987248640735,-6.831359008827954e-08,True
BH-HF1R,SXS:BBH:0305,6,C,1340,Rstar,3687.753195971957,2.256928103266091,1352,0.9286112115306998,5.061746786948642,68,68,1.0,0.005,0.5917761103963364,-0.8061023726327687,-6.409880484605523e-08,True
BH-HF1R,SXS:BBH:0305,6,C,1340,Estar,3687.753195971957,2.256928103266091,1352,0.9286112115306998,5.271336472548629,68,68,1.0,0.005,0.6078722565685069,-0.7940348353153702,-6.43321891433351e-08,True
BH-HF1R,SXS:BBH:0305,6,C,1340,Bstar,3687.753195971957,2.256928103266091,1352,0.9286112115306998,1.0831841210411246,68,64,0.9411764705882353,0.005,-0.6973854060874105,0.7166963062387663,-7.644708097382458e-08,True
BH-HF1R,SXS:BBH:0305,6,C,1341,Rstar,3687.7534962207947,2.257228352103539,1352,0.9286138424990442,5.063229702260631,68,68,1.0,0.005,0.5917720205914917,-0.8061053750255354,-6.409636378683957e-08,True
BH-HF1R,SXS:BBH:0305,6,C,1341,Estar,3687.7534962207947,2.257228352103539,1352,0.9286138424990442,5.271315039878117,68,68,1.0,0.005,0.6078682691217218,-0.7940378878837949,-6.432968906999795e-08,True
BH-HF1R,SXS:BBH:0305,6,C,1341,Bstar,3687.7534962207947,2.257228352103539,1352,0.9286138424990442,1.0833328323250204,68,64,0.9411764705882353,0.005,-0.6973880902018851,0.7166936944361667,-7.644370727404273e-08,True
BH-HF1R,SXS:BBH:0305,6,C,1342,Rstar,3687.7537474318938,2.2574795632026508,1352,0.9286160447536277,5.0644707000636915,68,68,1.0,0.005,0.5917685990979487,-0.8061078867754906,-6.409422815355756e-08,True
BH-HF1R,SXS:BBH:0305,6,C,1342,Estar,3687.7537474318938,2.2574795632026508,1352,0.9286160447536277,5.271297006607094,68,68,1.0,0.005,0.607864933254615,-0.7940404416145052,-6.432750364885847e-08,True
BH-HF1R,SXS:BBH:0305,6,C,1342,Bstar,3687.7537474318938,2.2574795632026508,1352,0.9286160447536277,1.0834572108860565,68,64,0.9411764705882353,0.005,-0.6973903356929023,0.7166915094251746,-7.64407747446336e-08,True
BH-HF1R,SXS:BBH:0305,6,C,1343,Rstar,3687.7540091917353,2.257741323044229,1352,0.9286183393669162,5.065764125945723,68,68,1.0,0.005,0.5917650341268645,-0.8061105038298576,-6.409202990093204e-08,True
BH-HF1R,SXS:BBH:0305,6,C,1343,Estar,3687.7540091917353,2.257741323044229,1352,0.9286183393669162,5.2712780700276936,68,68,1.0,0.005,0.6078614574929613,-0.7940431024160645,-6.432525365136188e-08,True
BH-HF1R,SXS:BBH:0305,6,C,1343,Bstar,3687.7540091917353,2.257741323044229,1352,0.9286183393669162,1.0835867660307874,68,64,0.9411764705882353,0.005,-0.6973926753461982,0.7166892327734987,-7.643775104612566e-08,True
BH-HF1R,SXS:BBH:0305,6,C,1344,Rstar,3687.754291191422,2.258023322730878,1352,0.9286208108208408,5.067081094890383,68,68,1.0,0.005,0.6048070059558162,-0.7963720773273992,-6.447524930647439e-08,True
BH-HF1R,SXS:BBH:0305,6,C,1344,Estar,3687.754291191422,2.258023322730878,1352,0.9286208108208408,5.271257495859073,68,68,1.0,0.005,0.6078577131131054,-0.7940459688260507,-6.432284037345486e-08,True
BH-HF1R,SXS:BBH:0305,6,C,1344,Bstar,3687.754291191422,2.258023322730878,1352,0.9286208108208408,1.083726286434655,68,64,0.9411764705882353,0.005,-0.6973951958069178,0.7166867801664999,-7.643450599786119e-08,True
BH-HF1R,SXS:BBH:0305,6,C,1345,Rstar,3687.7545654698606,2.258297601169488,1352,0.9286232140579975,5.068357199050577,68,68,1.0,0.005,0.6048033706884103,-0.7963748381283359,-6.447290676392418e-08,True
BH-HF1R,SXS:BBH:0305,6,C,1345,Estar,3687.7545654698606,2.258297601169488,1352,0.9286232140579975,5.271237311776581,68,68,1.0,0.005,0.6078540714070606,-0.7940487566099804,-6.432049264037174e-08,True
BH-HF1R,SXS:BBH:0305,6,C,1345,Bstar,3687.7545654698606,2.258297601169488,1352,0.9286232140579975,1.0838619343689098,68,64,0.9411764705882353,0.005,-0.6973976471464575,0.7166843948033048,-7.643134934166798e-08,True
BH-HF1R,SXS:BBH:0305,6,C,1346,Rstar,3687.754778729067,2.2585108603757362,1352,0.9286250823057738,5.069349596856472,68,68,1.0,0.005,0.604800544270425,-0.7963769846311443,-6.447108425013474e-08,True
BH-HF1R,SXS:BBH:0305,6,C,1346,Estar,3687.754778729067,2.2585108603757362,1352,0.9286250823057738,5.271613211016096,68,68,1.0,0.005,0.6078512399821699,-0.7940509240924881,-6.43186661642211e-08,True
BH-HF1R,SXS:BBH:0305,6,C,1346,Bstar,3687.754778729067,2.2585108603757362,1352,0.9286250823057738,1.0839673686320435,68,64,0.9411764705882353,0.005,-0.6973995530571808,0.7166825401777543,-7.642889350667048e-08,True
BH-HF1R,SXS:BBH:0305,6,C,1347,Rstar,3687.754986656793,2.25871878810176,1352,0.9286269037009625,5.070317292669614,68,68,1.0,0.005,0.6047977886193789,-0.7963790773752816,-6.446930817657016e-08,True
BH-HF1R,SXS:BBH:0305,6,C,1347,Estar,3687.754986656793,2.25871878810176,1352,0.9286269037009625,5.272144922271245,68,68,1.0,0.005,0.6078484794489558,-0.7940530372913313,-6.431688608413126e-08,True
BH-HF1R,SXS:BBH:0305,6,C,1347,Bstar,3687.754986656793,2.25871878810176,1352,0.9286269037009625,1.0840701375757225,68,64,0.9411764705882353,0.005,-0.6974014112423602,0.7166807319840254,-7.642650010099604e-08,True
BH-HF1R,SXS:BBH:0305,6,C,1348,Rstar,3687.7551747818784,2.2589069131872748,1352,0.9286285516016213,5.071192920412157,68,68,1.0,0.005,0.6047952954916918,-0.7963809707364392,-6.446770164351735e-08,True
BH-HF1R,SXS:BBH:0305,6,C,1348,Estar,3687.7551747818784,2.2589069131872748,1352,0.9286285516016213,5.272625047381974,68,68,1.0,0.005,0.6078459819037408,-0.7940549491587299,-6.431527603232975e-08,True
BH-HF1R,SXS:BBH:0305,6,C,1348,Bstar,3687.7551747818784,2.2589069131872748,1352,0.9286285516016213,1.084163096127035,68,64,0.9411764705882353,0.005,-0.6974030923999335,0.7166790960471806,-7.642433523863842e-08,True
BH-HF1R,SXS:BBH:0305,6,C,1349,Rstar,3687.755553351272,2.259285482580708,1352,0.9286318672057663,5.072955322560272,68,68,1.0,0.005,0.6047902788391062,-0.7963847805060768,-6.446446965136624e-08,True
BH-HF1R,SXS:BBH:0305,6,C,1349,Estar,3687.755553351272,2.259285482580708,1352,0.9286318672057663,5.273591254570576,68,68,1.0,0.005,0.6078409563604061,-0.7940587961674266,-6.43120367411917e-08,True
BH-HF1R,SXS:BBH:0305,6,C,1349,Bstar,3687.755553351272,2.259285482580708,1352,0.9286318672057663,1.0843500787636164,68,64,0.9411764705882353,0.005,-0.6974064751930814,0.7166758042230504,-7.641997964547937e-08,True
BH-HF1R,SXS:BBH:0305,6,C,1350,Rstar,3687.755835251463,2.25956738277182,1352,0.9286343357362273,5.0742680323546505,68,68,1.0,0.005,0.6047865433836411,-0.796387617270675,-6.446206018737452e-08,True
BH-HF1R,SXS:BBH:0305,6,C,1350,Estar,3687.755835251463,2.25956738277182,1352,0.9286343357362273,5.274310402870843,68,68,1.0,0.005,0.6078372142834078,-0.7940616606613006,-6.430962195391576e-08,True
BH-HF1R,SXS:BBH:0305,6,C,1350,Bstar,3687.755835251463,2.25956738277182,1352,0.9286343357362273,1.0844892536901207,68,64,0.9411764705882353,0.005,-0.6974089940512637,0.7166733530810244,-7.64167329962668e-08,True
BH-HF1R,SXS:BBH:0305,6,C,1351,Rstar,3687.7560926379483,2.259824769257193,1352,0.9286365893632896,5.075466745752297,68,68,1.0,0.005,0.6047831329207563,-0.7963902072065872,-6.44598617670937e-08,True
BH-HF1R,SXS:BBH:0305,6,C,1351,Estar,3687.7560926379483,2.259824769257193,1352,0.9286365893632896,5.274967078930656,68,68,1.0,0.005,0.6078337977741143,-0.7940642759144206,-6.430741876588694e-08,True
BH-HF1R,SXS:BBH:0305,6,C,1351,Bstar,3687.7560926379483,2.259824769257193,1352,0.9286365893632896,1.084616280222776,68,64,0.9411764705882353,0.005,-0.6974112937541015,0.7166711151875904,-7.641377078866658e-08,True
BH-HF1R,SXS:BBH:0305,6,C,1352,Rstar,3687.7563790851927,2.2601112165016275,1352,0.9286390971156806,5.076801059813753,68,68,1.0,0.005,0.6047793375936501,-0.7963930893847471,-6.445741525301428e-08,True
BH-HF1R,SXS:BBH:0305,6,C,1352,Estar,3687.7563790851927,2.2601112165016275,1352,0.9286390971156806,5.27569780913154,68,68,1.0,0.005,0.6078299957170249,-0.7940671862674074,-6.430496678890416e-08,True
BH-HF1R,SXS:BBH:0305,6,C,1352,Bstar,3687.7563790851927,2.2601112165016275,1352,0.9286390971156806,1.0847575947429478,68,64,0.9411764705882353,0.005,-0.6974138529647798,0.7166686247442501,-7.641047383814956e-08,True
BH-HF1R,SXS:BBH:0305,6,C,1353,Rstar,3687.756693362748,2.260425494057017,1352,0.9286418480100989,5.078265354104613,68,68,1.0,0.005,0.6047751737393297,-0.7963962513903236,-6.44547329035517e-08,True
BH-HF1R,SXS:BBH:0305,6,C,1353,Estar,3687.756693362748,2.260425494057017,1352,0.9286418480100989,5.27649937279326,68,68,1.0,0.005,0.6078258244776649,-0.7940703791843913,-6.430227841131173e-08,True
BH-HF1R,SXS:BBH:0305,6,C,1353,Bstar,3687.756693362748,2.260425494057017,1352,0.9286418480100989,1.084912573347962,68,64,0.9411764705882353,0.005,-0.6974166606667975,0.7166658924661946,-7.640685895493985e-08,True
BH-HF1R,SXS:BBH:0305,6,C,1354,Rstar,3687.756978127274,2.2607102585830035,1352,0.9286443402330566,5.0795923847000255,68,68,1.0,0.005,0.6047714010916663,-0.796399116286312,-6.445230052655577e-08,True
BH-HF1R,SXS:BBH:0305,6,C,1354,Estar,3687.756978127274,2.2607102585830035,1352,0.9286443402330566,5.277225515256817,68,68,1.0,0.005,0.6078220451375966,-0.7940732720881274,-6.429984071227271e-08,True
BH-HF1R,SXS:BBH:0305,6,C,1354,Bstar,3687.756978127274,2.2607102585830035,1352,0.9286443402330566,1.0850529415502332,68,64,0.9411764705882353,0.005,-0.6974192045661451,0.716663416885723,-7.640358133845134e-08,True
BH-HF1R,SXS:BBH:0305,6,C,1355,Rstar,3687.7572706443143,2.261002775623183,1352,0.9286469000829846,5.080955746609007,68,68,1.0,0.005,0.604767525940757,-0.7964020589924988,-6.44498022728777e-08,True
BH-HF1R,SXS:BBH:0305,6,C,1355,Estar,3687.7572706443143,2.261002775623183,1352,0.9286469000829846,5.277971368916616,68,68,1.0,0.005,0.6078181631113023,-0.79407624356355,-6.429733684698984e-08,True
BH-HF1R,SXS:BBH:0305,6,C,1355,Bstar,3687.7572706443143,2.261002775623183,1352,0.9286469000829846,1.0851970754184608,68,64,0.9411764705882353,0.005,-0.6974218175716703,0.7166608740366827,-7.640021489657514e-08,True
BH-HF1R,SXS:BBH:0305,6,C,1356,Rstar,3687.7575163605666,2.261248491875449,1352,0.9286490500251748,5.082101252807145,68,68,1.0,0.005,0.6047642709460156,-0.7964045307424676,-6.444770326160604e-08,True
BH-HF1R,SXS:BBH:0305,6,C,1356,Estar,3687.7575163605666,2.261248491875449,1352,0.9286490500251748,5.278597748191045,68,68,1.0,0.005,0.6078149023403107,-0.7940787394793003,-6.429523321032387e-08,True
BH-HF1R,SXS:BBH:0305,6,C,1356,Bstar,3687.7575163605666,2.261248491875449,1352,0.9286490500251748,1.0853181023161724,68,64,0.9411764705882353,0.005,-0.6974240124020086,0.7166587381209253,-7.63973866307788e-08,True
BH-HF1R,SXS:BBH:0305,6,C,1357,Rstar,3687.7577696684493,2.261501799758207,1352,0.9286512661031361,5.083282314751928,68,68,1.0,0.005,0.6047609155250918,-0.7964070787312533,-6.444554031624723e-08,True
BH-HF1R,SXS:BBH:0305,6,C,1357,Estar,3687.7577696684493,2.261501799758207,1352,0.9286512661031361,5.279243451377914,68,68,1.0,0.005,0.6078115409640001,-0.794081312379887,-6.42930655191747e-08,True
BH-HF1R,SXS:BBH:0305,6,C,1357,Bstar,3687.7577696684493,2.261501799758207,1352,0.9286512661031361,1.0854428258812183,68,64,0.9411764705882353,0.005,-0.6974262749415101,0.7166565362997838,-7.639447204467885e-08,True
BH-HF1R,SXS:BBH:0305,6,C,1358,Rstar,3687.7580546493923,2.261786780701186,1352,0.9286537589980924,5.08461127483488,68,68,1.0,0.005,0.6047571407403681,-0.7964099451435364,-6.444310773718794e-08,True
BH-HF1R,SXS:BBH:0305,6,C,1358,Estar,3687.7580546493923,2.261786780701186,1352,0.9286537589980924,5.2799697898265645,68,68,1.0,0.005,0.607807759478457,-0.794084206818001,-6.429062741862641e-08,True
BH-HF1R,SXS:BBH:0305,6,C,1358,Bstar,3687.7580546493923,2.261786780701186,1352,0.9286537589980924,1.085583092754784,68,64,0.9411764705882353,0.005,-0.6974288202452147,0.7166540592861819,-7.639119382934818e-08,True
BH-HF1R,SXS:BBH:0305,6,C,1359,Rstar,3687.7583387299687,2.262070861277607,1352,0.9286562436891012,5.085936305927964,68,68,1.0,0.005,0.6047533780725367,-0.79641280232669,-6.444067930938073e-08,True
BH-HF1R,SXS:BBH:0305,6,C,1359,Estar,3687.7583387299687,2.262070861277607,1352,0.9286562436891012,5.2806936940756355,68,68,1.0,0.005,0.6078039901300661,-0.7940870919376327,-6.428819363131483e-08,True
BH-HF1R,SXS:BBH:0305,6,C,1359,Bstar,3687.7583387299687,2.262070861277607,1352,0.9286562436891012,1.0857228614721073,68,64,0.9411764705882353,0.005,-0.6974313573697208,0.7166515902148148,-7.638792197060423e-08,True
BH-HF1R,SXS:BBH:0305,6,C,1360,Rstar,3687.7586432032704,2.2623753345792466,1352,0.9286589062546688,5.0873567722366815,68,68,1.0,0.005,0.6047493455082005,-0.7964158644247359,-6.443808089662393e-08,True
BH-HF1R,SXS:BBH:0305,6,C,1360,Estar,3687.7586432032704,2.2623753345792466,1352,0.9286589062546688,5.281469476812185,68,68,1.0,0.005,0.6077999504044799,-0.7940901839767996,-6.428558950860681e-08,True
BH-HF1R,SXS:BBH:0305,6,C,1360,Bstar,3687.7586432032704,2.2623753345792466,1352,0.9286589062546688,1.0858726011698143,68,64,0.9411764705882353,0.005,-0.6974340764738733,0.7166489440256154,-7.638442041841857e-08,True
BH-HF1R,SXS:BBH:0305,6,C,1361,Rstar,3687.758891780724,2.2626239120327227,1352,0.9286610798202863,5.0879598151684995,68,68,1.0,0.005,0.6047460533968417,-0.7964183642413956,-6.44359582223344e-08,True
BH-HF1R,SXS:BBH:0305,6,C,1361,Estar,3687.758891780724,2.2626239120327227,1352,0.9286610798202863,5.282102696649609,68,68,1.0,0.005,0.6077966524459402,-0.7940927082372089,-6.428346213344275e-08,True
BH-HF1R,SXS:BBH:0305,6,C,1361,Bstar,3687.758891780724,2.2626239120327227,1352,0.9286610798202863,1.0859948070973775,68,64,0.9411764705882353,0.005,-0.6974362962909202,0.7166467837198448,-7.638156013887251e-08,True
BH-HF1R,SXS:BBH:0305,6,C,1362,Rstar,3687.7591528454323,2.262884976741134,1352,0.9286633622915472,5.087980160026651,68,68,1.0,0.005,0.6047425960854266,-0.7964209894772076,-6.443372981985183e-08,True
BH-HF1R,SXS:BBH:0305,6,C,1362,Estar,3687.7591528454323,2.262884976741134,1352,0.9286633622915472,5.282767722912402,68,68,1.0,0.005,0.6077931889928367,-0.7940953591439214,-6.428122868433888e-08,True
BH-HF1R,SXS:BBH:0305,6,C,1362,Bstar,3687.7591528454323,2.262884976741134,1352,0.9286633622915472,1.0861231054998068,68,64,0.9411764705882353,0.005,-0.6974386274918684,0.7166445150018612,-7.637855731110183e-08,True
BH-HF1R,SXS:BBH:0305,6,C,1363,Rstar,3687.759430614343,2.263162745651698,1352,0.9286657905089354,5.088001700886628,68,68,1.0,0.005,0.6047389177265875,-0.7964237825346953,-6.443135868376455e-08,True
BH-HF1R,SXS:BBH:0305,6,C,1363,Estar,3687.759430614343,2.263162745651698,1352,0.9286657905089354,5.283475181385891,68,68,1.0,0.005,0.6077895040985135,-0.7940981795141449,-6.427885227796687e-08,True
BH-HF1R,SXS:BBH:0305,6,C,1363,Bstar,3687.759430614343,2.263162745651698,1352,0.9286657905089354,1.08625956259054,68,64,0.9411764705882353,0.005,-0.6974411077325,0.7166421012226797,-7.63753621029086e-08,True
BH-HF1R,SXS:BBH:0305,6,C,1364,Rstar,3687.7597084385907,2.263440569899558,1352,0.9286682188752449,5.088023141195813,68,68,1.0,0.005,0.6047352388184493,-0.7964265759824876,-6.442898661280195e-08,True
BH-HF1R,SXS:BBH:0305,6,C,1364,Estar,3687.7597084385907,2.263440569899558,1352,0.9286682188752449,5.2841826618082255,68,68,1.0,0.005,0.6077858186527336,-0.7941010002793236,-6.427647496028778e-08,True
BH-HF1R,SXS:BBH:0305,6,C,1364,Bstar,3687.7597084385907,2.263440569899558,1352,0.9286682188752449,1.0863959943566965,68,64,0.9411764705882353,0.005,-0.6974435883345003,0.7166396870750951,-7.637216573702114e-08,True
BH-HF1R,SXS:BBH:0305,6,C,1365,Rstar,3687.7600127711944,2.2637449025032765,1352,0.9286708784693672,5.0880465157027865,68,68,1.0,0.005,0.6047312090956078,-0.7964296357781773,-6.442638935077453e-08,True
BH-HF1R,SXS:BBH:0305,6,C,1365,Estar,3687.7600127711944,2.2637449025032765,1352,0.9286708784693672,5.2849575588296025,68,68,1.0,0.005,0.607781781767363,-0.7941040899980842,-6.427387192208337e-08,True
BH-HF1R,SXS:BBH:0305,6,C,1365,Bstar,3687.7600127711944,2.2637449025032765,1352,0.9286708784693672,1.08654538212527,68,64,0.9411764705882353,0.005,-0.6974463054741102,0.7166370427074701,-7.63686657945466e-08,True
BH-HF1R,SXS:BBH:0305,6,C,1366,Rstar,3687.7602620391685,2.2639941704774174,1352,0.9286730566507646,5.088065546369568,68,68,1.0,0.005,0.6047279086412749,-0.7964321418114326,-6.44242670096899e-08,True
BH-HF1R,SXS:BBH:0305,6,C,1366,Estar,3687.7602620391685,2.2639941704774174,1352,0.9286730566507646,5.285592093072651,68,68,1.0,0.005,0.6077784754458464,-0.7941066205395334,-6.427174488072757e-08,True
BH-HF1R,SXS:BBH:0305,6,C,1366,Bstar,3687.7602620391685,2.2639941704774174,1352,0.9286730566507646,1.0866676958874235,68,64,0.9411764705882353,0.005,-0.6974485308769247,0.7166348768917218,-7.636580499576722e-08,True
BH-HF1R,SXS:BBH:0305,6,C,1367,Rstar,3687.76052686614,2.2642589974489056,1352,0.9286753705035566,5.088085684885151,68,68,1.0,0.005,0.6047244023593508,-0.7964348041058489,-6.442200725498104e-08,True
BH-HF1R,SXS:BBH:0305,6,C,1367,Estar,3687.76052686614,2.2642589974489056,1352,0.9286753705035566,5.286266241150497,68,68,1.0,0.005,0.6077749629297277,-0.7941093088711175,-6.42694801688488e-08,True
BH-HF1R,SXS:BBH:0305,6,C,1367,Bstar,3687.76052686614,2.2642589974489056,1352,0.9286753705035566,1.0867975967875028,68,64,0.9411764705882353,0.005,-0.6974508950554058,0.7166325760014035,-7.636275977646346e-08,True
BH-HF1R,SXS:BBH:0305,6,C,1368,Rstar,3687.7608018289934,2.2645339603022876,1352,0.9286777726118476,5.088106489723035,68,68,1.0,0.005,0.604720762045341,-0.7964375681441063,-6.441966075001271e-08,True
BH-HF1R,SXS:BBH:0305,6,C,1368,Estar,3687.7608018289934,2.2645339603022876,1352,0.9286777726118476,5.286966062543017,68,68,1.0,0.005,0.6077713161420949,-0.7941120999423833,-6.426712838285085e-08,True
BH-HF1R,SXS:BBH:0305,6,C,1368,Bstar,3687.7608018289934,2.2645339603022876,1352,0.9286777726118476,1.0869324193669208,68,64,0.9411764705882353,0.005,-0.6974533495993716,0.7166301871485815,-7.635959787818999e-08,True
BH-HF1R,SXS:BBH:0305,6,C,1369,Rstar,3687.7610777160317,2.26480984734053,1352,0.9286801824626736,5.088127260915529,68,68,1.0,0.005,0.6047171096760362,-0.7964403413094144,-6.44173063538496e-08,True
BH-HF1R,SXS:BBH:0305,6,C,1369,Estar,3687.7610777160317,2.26480984734053,1352,0.9286801824626736,5.2876681270880574,68,68,1.0,0.005,0.60776765727657,-0.7941149002307826,-6.426476874659765e-08,True
BH-HF1R,SXS:BBH:0305,6,C,1369,Bstar,3687.7610777160317,2.26480984734053,1352,0.9286801824626736,1.0870676434583104,68,64,0.9411764705882353,0.005,-0.6974558122628639,0.7166277903770847,-7.635642511294702e-08,True
BH-HF1R,SXS:BBH:0305,6,C,1370,Rstar,3687.7612999591493,2.265032090458135,1352,0.9286821234433972,5.088143919416996,68,68,1.0,0.005,0.6047141675999351,-0.7964425751451975,-6.441540900769491e-08,True
BH-HF1R,SXS:BBH:0305,6,C,1370,Estar,3687.7612999591493,2.265032090458135,1352,0.9286821234433972,5.288233558927017,68,68,1.0,0.005,0.6077647099666968,-0.7941171559153551,-6.426286724949067e-08,True
BH-HF1R,SXS:BBH:0305,6,C,1370,Bstar,3687.7612999591493,2.265032090458135,1352,0.9286821234433972,1.087176536428195,68,64,0.9411764705882353,0.005,-0.697457795995787,0.7166258597097185,-7.635386858326663e-08,True
BH-HF1R,SXS:BBH:0305,6,C,1371,Rstar,3687.761516646189,2.2652487774980727,1352,0.928684015700713,5.088160093482429,68,68,1.0,0.005,0.604711299186067,-0.7964447530348197,-6.441355989584309e-08,True
BH-HF1R,SXS:BBH:0305,6,C,1371,Estar,3687.761516646189,2.2652487774980727,1352,0.928684015700713,5.288784861485604,68,68,1.0,0.005,0.6077618364494052,-0.7941193551070533,-6.426101402158229e-08,True
BH-HF1R,SXS:BBH:0305,6,C,1371,Bstar,3687.761516646189,2.2652487774980727,1352,0.928684015700713,1.0872826750658697,68,64,0.9411764705882353,0.005,-0.6974597300548516,0.7166239773771232,-7.635137700570548e-08,True
BH-HF1R,SXS:BBH:0305,6,C,1372,Rstar,3687.761712696368,2.2654448276766743,1352,0.9286857276793543,5.088174660721545,68,68,1.0,0.005,0.6047087040371574,-0.7964467234295697,-6.441188708718332e-08,True
BH-HF1R,SXS:BBH:0305,6,C,1372,Estar,3687.761712696368,2.2654448276766743,1352,0.9286857276793543,5.289283571469043,68,68,1.0,0.005,0.6077592366827436,-0.7941213447747169,-6.425933747391817e-08,True
BH-HF1R,SXS:BBH:0305,6,C,1372,Bstar,3687.761712696368,2.2654448276766743,1352,0.9286857276793543,1.0873786804180439,68,64,0.9411764705882353,0.005,-0.6974614798585567,0.7166222743632145,-7.634912265500404e-08,True
BH-HF1R,SXS:BBH:0305,6,C,1373,Rstar,3687.762095643149,2.265827774458103,1352,0.9286890711315806,5.0882030056806355,68,68,1.0,0.005,0.6047036352533773,-0.796450571919781,-6.440861851551135e-08,True
BH-HF1R,SXS:BBH:0305,6,C,1373,Estar,3687.762095643149,2.265827774458103,1352,0.9286890711315806,5.29025780991711,68,68,1.0,0.005,0.6077541588777724,-0.7941252309093115,-6.425606166451995e-08,True
BH-HF1R,SXS:BBH:0305,6,C,1373,Bstar,3687.762095643149,2.265827774458103,1352,0.9286890711315806,1.0875661254304843,68,64,0.9411764705882353,0.005,-0.6974648975138977,0.7166189480720716,-7.634471830636144e-08,True
BH-HF1R,SXS:BBH:0305,6,C,1374,Rstar,3687.762383727225,2.2661158585337944,1352,0.9286915859233497,5.088219953728142,68,68,1.0,0.005,0.6046998222782354,-0.7964534668997723,-6.440616147376315e-08,True
BH-HF1R,SXS:BBH:0305,6,C,1374,Estar,3687.762383727225,2.2661158585337944,1352,0.9286915859233497,5.290990246036732,68,68,1.0,0.005,0.6077503391150479,-0.7941281542078333,-6.425359909903626e-08,True
BH-HF1R,SXS:BBH:0305,6,C,1374,Bstar,3687.762383727225,2.2661158585337944,1352,0.9286915859233497,1.0877070739275403,68,64,0.9411764705882353,0.005,-0.6974674684256171,0.7166164458676307,-7.634140715522791e-08,True
BH-HF1R,SXS:BBH:0305,6,C,1375,Rstar,3687.762640934573,2.2663730658819077,1352,0.9286938309406316,5.088238752267554,68,68,1.0,0.005,0.604696418140273,-0.7964560514481136,-6.440396705044851e-08,True
BH-HF1R,SXS:BBH:0305,6,C,1375,Estar,3687.762640934573,2.2663730658819077,1352,0.9286938309406316,5.291644279088425,68,68,1.0,0.005,0.6077469289163167,-0.7941307640387579,-6.425139984388327e-08,True
BH-HF1R,SXS:BBH:0305,6,C,1375,Bstar,3687.762640934573,2.2663730658819077,1352,0.9286938309406316,1.0878328694123085,68,64,0.9411764705882353,0.005,-0.6974697636679699,0.7166142119501542,-7.633845017164486e-08,True
BH-HF1R,SXS:BBH:0305,6,C,1376,Rstar,3687.7629241212676,2.2666562525764675,1352,0.9286963023992358,5.08825935684801,68,68,1.0,0.005,0.6046926703644558,-0.7964588968725878,-6.440155099629155e-08,True
BH-HF1R,SXS:BBH:0305,6,C,1376,Estar,3687.7629241212676,2.2666562525764675,1352,0.9286963023992358,5.292364314365857,68,68,1.0,0.005,0.6077431744666889,-0.7941336372986271,-6.42489784288889e-08,True
BH-HF1R,SXS:BBH:0305,6,C,1376,Bstar,3687.7629241212676,2.2666562525764675,1352,0.9286963023992358,1.0879713177734134,68,64,0.9411764705882353,0.005,-0.6974722905991699,0.7166117525175968,-7.633519432623873e-08,True
BH-HF1R,SXS:BBH:0305,6,C,1377,Rstar,3687.7632353659787,2.2669674972876237,1352,0.9286990182424503,5.088281885987061,68,68,1.0,0.005,0.6046885514713014,-0.7964620240284752,-6.439889514198654e-08,True
BH-HF1R,SXS:BBH:0305,6,C,1377,Estar,3687.7632353659787,2.2669674972876237,1352,0.9286990182424503,5.293155522236236,68,68,1.0,0.005,0.6077390482373288,-0.7941367950470383,-6.424631671658447e-08,True
BH-HF1R,SXS:BBH:0305,6,C,1377,Bstar,3687.7632353659787,2.2669674972876237,1352,0.9286990182424503,1.0881234194488756,68,64,0.9411764705882353,0.005,-0.6974750677468843,0.7166090495322212,-7.633161566238835e-08,True
BH-HF1R,SXS:BBH:0305,6,C,1378,Rstar,3687.7635230621745,2.267255193483379,2738,0.9287015278623243,4.932980650114171,137,137,1.0,0.005,0.6174462492954341,-0.7866130746631227,-1.7095233518665047e-07,True
BH-HF1R,SXS:BBH:0305,6,C,1378,Estar,3687.7635230621745,2.267255193483379,2738,0.9287015278623243,5.034160426920077,137,137,1.0,0.005,0.6174462492954341,-0.7866130746631227,-1.7095233518665047e-07,True
BH-HF1R,SXS:BBH:0305,6,C,1378,Bstar,3687.7635230621745,2.267255193483379,2738,0.9287015278623243,1.1212036099197307,137,129,0.9416058394160584,0.005,-0.6917277048224261,0.7221584191720537,1.3827364452655543e-07,True
BH-HF1R,SXS:BBH:0305,6,C,1379,Rstar,3687.7935230621747,2.297255193483579,2738,0.9289613878967417,4.955929801800143,137,137,1.0,0.005,0.6214408280295857,-0.783461101304891,-1.7418943418164072e-07,True
BH-HF1R,SXS:BBH:0305,6,C,1379,Estar,3687.7935230621747,2.297255193483579,2738,0.9289613878967417,5.016960471594047,137,137,1.0,0.005,0.6249922547104965,-0.7806309509312711,-1.7148951409259123e-07,True
BH-HF1R,SXS:BBH:0305,6,C,1379,Bstar,3687.7935230621747,2.297255193483579,2738,0.9289613878967417,1.1214276736918978,137,129,0.9416058394160584,0.005,-0.6986498554541428,0.7154637513346752,1.386591784458479e-07,True
BH-HF1R,SXS:BBH:0305,6,C,1380,Rstar,3687.8232227692056,2.3269549005144654,2738,0.9292150199428597,4.965221227980537,137,137,1.0,0.005,0.6288956412305101,-0.7774897249747001,-1.747226751148068e-07,True
BH-HF1R,SXS:BBH:0305,6,C,1380,Estar,3687.8232227692056,2.3269549005144654,2738,0.9292150199428597,5.005141094239223,137,137,1.0,0.005,0.6358371267963543,-0.7718156176342545,0.0034351947850270034,True
BH-HF1R,SXS:BBH:0305,6,C,1380,Bstar,3687.8232227692056,2.3269549005144654,2738,0.9292150199428597,1.1203544118298252,137,129,0.9416058394160584,0.005,-0.7054548453721672,0.7087548667493666,1.3903122255347293e-07,True
BH-HF1R,SXS:BBH:0305,6,C,1381,Rstar,3687.852625387614,2.3563575189227777,2738,0.9294626231448406,4.967327748431411,137,137,1.0,0.005,0.6393010097444841,-0.7689457660235629,0.004077726587076647,True
BH-HF1R,SXS:BBH:0305,6,C,1381,Estar,3687.852625387614,2.3563575189227777,2738,0.9294626231448406,4.9991400642001755,137,137,1.0,0.005,0.6431199555861286,-0.7657577437975055,0.00343519155943364,True
BH-HF1R,SXS:BBH:0305,6,C,1381,Bstar,3687.852625387614,2.3563575189227777,2738,0.9294626231448406,1.120873174575616,137,127,0.927007299270073,0.005,-0.7099591684804537,0.7042428409934478,1.4132502570600184e-07,True
BH-HF1R,SXS:BBH:0305,6,C,1382,Rstar,3687.881734121745,2.3854662530538917,2738,0.9297043888108993,4.998000975002892,137,137,1.0,0.005,0.6310728981345152,-0.775723531446655,-1.8505197701958465e-07,True
BH-HF1R,SXS:BBH:0305,6,C,1382,Estar,3687.881734121745,2.3854662530538917,2738,0.9297043888108993,5.008394014148408,137,137,1.0,0.005,0.6502873170847384,-0.759680593899444,0.0034351843212677936,True
BH-HF1R,SXS:BBH:0305,6,C,1382,Bstar,3687.881734121745,2.3854662530538917,2738,0.9297043888108993,1.1238130151706622,137,126,0.9197080291970803,0.005,-0.7159312941777292,0.6981646379037308,-0.002918972037238603,True
BH-HF1R,SXS:BBH:0305,6,C,1383,Rstar,3687.91055171818,2.4142838494890384,2738,0.9299404970717403,4.994481779182389,137,137,1.0,0.005,0.6382777418224155,-0.7698061602079083,-1.8552526048045303e-07,True
BH-HF1R,SXS:BBH:0305,6,C,1383,Estar,3687.91055171818,2.4142838494890384,2738,0.9299404970717403,5.000141058975772,137,137,1.0,0.005,0.6573416427898957,-0.7535848752709753,0.00343517351961515,True
BH-HF1R,SXS:BBH:0305,6,C,1383,Bstar,3687.91055171818,2.4142838494890384,2738,0.9299404970717403,1.1219059449755235,137,126,0.9197080291970803,0.005,-0.7224175902014143,0.6914508694678688,-0.0029189860756077424,True
BH-HF1R,SXS:BBH:0305,6,C,1384,Rstar,3687.9393693146158,2.44310144592464,2738,0.9301734367448006,4.983695007389272,137,137,1.0,0.005,0.6454434366783638,-0.7638080714739722,-1.8599739085684633e-07,True
BH-HF1R,SXS:BBH:0305,6,C,1384,Estar,3687.9393693146158,2.44310144592464,2738,0.9301734367448006,4.998210585159602,137,137,1.0,0.005,0.6643548168808193,-0.7474094439856558,0.0034351605938990146,True
BH-HF1R,SXS:BBH:0305,6,C,1384,Bstar,3687.9393693146158,2.44310144592464,2738,0.9301734367448006,1.1214867844228997,137,125,0.9124087591240876,0.005,-0.728237405173704,0.6853249460700009,1.4362721573667623e-07,True
BH-HF1R,SXS:BBH:0305,6,C,1385,Rstar,3687.9681869110514,2.4719190423602413,2738,0.9304032608337092,4.990451941492671,137,137,1.0,0.005,0.6525693872638901,-0.7577289718665876,-1.8647368967625325e-07,True
BH-HF1R,SXS:BBH:0305,6,C,1385,Estar,3687.9681869110514,2.4719190423602413,2738,0.9304032608337092,4.9762101570362445,137,137,1.0,0.005,0.6654873021861635,-0.7464091710509397,-1.7635357980379835e-07,True
BH-HF1R,SXS:BBH:0305,6,C,1385,Bstar,3687.9681869110514,2.4719190423602413,2738,0.9304032608337092,1.1218149161784718,137,125,0.9124087591240876,0.005,-0.7346277802330016,0.678470356397324,1.439945614201501e-07,True
BH-HF1R,SXS:BBH:0305,6,C,1386,Rstar,3687.997004507487,2.5007366387958427,2738,0.9306300211032871,4.978273743773717,137,137,1.0,0.005,0.6596545166752145,-0.7515689713059969,-1.869547507627765e-07,True
BH-HF1R,SXS:BBH:0305,6,C,1386,Estar,3687.997004507487,2.5007366387958427,2738,0.9306300211032871,4.9713262713160535,137,137,1.0,0.005,0.672465549699468,-0.7401284243071341,-1.7681686710437607e-07,True
BH-HF1R,SXS:BBH:0305,6,C,1386,Bstar,3687.997004507487,2.5007366387958427,2738,0.9306300211032871,1.120617201640125,137,125,0.9124087591240876,0.005,-0.7409657281160477,0.6715428428309206,1.4434177693857968e-07,True
BH-HF1R,SXS:BBH:0305,6,C,1387,Rstar,3688.0258221039226,2.529554235231444,2738,0.9308537681189147,5.021208822079715,137,137,1.0,0.005,0.6666974628925993,-0.7453284463728297,-1.8743762546101857e-07,True
BH-HF1R,SXS:BBH:0305,6,C,1387,Estar,3688.0258221039226,2.529554235231444,2738,0.9308537681189147,4.950645423253403,137,137,1.0,0.005,0.6794002612094311,-0.7337678686536536,-1.772818908226282e-07,True
BH-HF1R,SXS:BBH:0305,6,C,1387,Bstar,3688.0258221039226,2.529554235231444,2738,0.9308537681189147,1.1176283736722306,137,125,0.9124087591240876,0.005,-0.7472506479584902,0.6645423004787547,1.4467233389593155e-07,True
BH-HF1R,SXS:BBH:0305,6,C,1388,Rstar,3688.054639700358,2.5583718316670456,2738,0.9310745513139931,5.019262123602665,137,137,1.0,0.005,0.6663607477250243,-0.7456295017576149,-1.9363833685419353e-07,True
BH-HF1R,SXS:BBH:0305,6,C,1388,Estar,3688.054639700358,2.5583718316670456,2738,0.9310745513139931,4.939964682552811,137,137,1.0,0.005,0.686290003550564,-0.7273280078661449,-1.777440927417636e-07,True
BH-HF1R,SXS:BBH:0305,6,C,1388,Bstar,3688.054639700358,2.5583718316670456,2738,0.9310745513139931,1.116770038114745,137,125,0.9124087591240876,0.005,-0.7534820081705922,0.6574685265190956,1.4499161276553588e-07,True
BH-HF1R,SXS:BBH:0305,6,C,1389,Rstar,3688.0834572967938,2.587189428102647,2738,0.9312924190416145,4.99927264901792,137,137,1.0,0.005,0.673377946824641,-0.7392984111508647,-1.9412209481618268e-07,True
BH-HF1R,SXS:BBH:0305,6,C,1389,Estar,3688.0834572967938,2.587189428102647,2738,0.9312924190416145,4.936285407572989,137,137,1.0,0.005,0.6931334118245489,-0.720809318344615,-1.781992100223378e-07,True
BH-HF1R,SXS:BBH:0305,6,C,1389,Bstar,3688.0834572967938,2.587189428102647,2738,0.9312924190416145,1.117754579553403,137,125,0.9124087591240876,0.005,-0.7596592270795494,0.650321350343721,1.4530460586831355e-07,True
BH-HF1R,SXS:BBH:0305,6,C,1390,Rstar,3688.1122748932294,2.6160070245382485,2738,0.9315074186004689,4.972399913374638,137,137,1.0,0.005,0.6778288042260133,-0.7352197713347312,-1.9666579181127577e-07,True
BH-HF1R,SXS:BBH:0305,6,C,1390,Estar,3688.1122748932294,2.6160070245382485,2738,0.9315074186004689,4.965456408719889,137,137,1.0,0.005,0.6908790297729034,-0.7229703771386605,-1.8609255839629515e-07,True
BH-HF1R,SXS:BBH:0305,6,C,1390,Bstar,3688.1122748932294,2.6160070245382485,2738,0.9315074186004689,1.1177408055194968,137,125,0.9124087591240876,0.005,-0.7574198498297369,0.6529277220015329,-0.0007489497900607273,True
BH-HF1R,SXS:BBH:0305,6,C,1391,Rstar,3688.1410924896645,2.644824620973395,2738,0.9317195962599577,4.936348174904485,137,137,1.0,0.005,0.6847762866077611,-0.7287533446233001,-1.971328190220222e-07,True
BH-HF1R,SXS:BBH:0305,6,C,1391,Estar,3688.1410924896645,2.644824620973395,2738,0.9317195962599577,4.974519296365601,137,137,1.0,0.005,0.6977097235251216,-0.7163805843952386,-1.865405738925308e-07,True
BH-HF1R,SXS:BBH:0305,6,C,1391,Bstar,3688.1410924896645,2.644824620973395,2738,0.9317195962599577,1.1148339249807984,137,124,0.9051094890510949,0.005,-0.7594055407432955,0.6506175717642109,1.5775999550949126e-07,True
BH-HF1R,SXS:BBH:0305,6,C,1392,Rstar,3688.169622152751,2.6733542840597693,2738,0.9319269186326804,4.916922495246225,137,137,1.0,0.005,0.6890812929004724,-0.7246840496206423,-1.996926835434194e-07,True
BH-HF1R,SXS:BBH:0305,6,C,1392,Estar,3688.169622152751,2.6733542840597693,2738,0.9319269186326804,4.937718314068849,137,137,1.0,0.005,0.6995322494139183,-0.7146010299669788,-1.9103230590724765e-07,True
BH-HF1R,SXS:BBH:0305,6,C,1392,Bstar,3688.169622152751,2.6733542840597693,2738,0.9319269186326804,1.1171285026918165,137,123,0.8978102189781022,0.005,-0.7612685035676391,0.6484367860291866,1.6206535052238e-07,True
BH-HF1R,SXS:BBH:0305,6,C,1393,Rstar,3688.1978661713056,2.7015983026144568,2738,0.9321295267851479,4.912935245275459,137,137,1.0,0.005,0.6994229462297659,-0.7147080119092237,-1.9717408068913557e-07,True
BH-HF1R,SXS:BBH:0305,6,C,1393,Estar,3688.1978661713056,2.7015983026144568,2738,0.9321295267851479,4.950099569395296,137,135,0.9854014598540146,0.005,0.7010546595973791,-0.7131075404570929,-1.9574305046427655e-07,True
BH-HF1R,SXS:BBH:0305,6,C,1393,Bstar,3688.1978661713056,2.7015983026144568,2738,0.9321295267851479,1.1203113470960173,137,123,0.8978102189781022,0.005,-0.7672906756668887,0.641299476870692,1.623871634572034e-07,True
BH-HF1R,SXS:BBH:0305,6,C,1394,Rstar,3688.2258277496744,2.729559880983288,2738,0.9323275631414691,4.923127864658122,137,137,1.0,0.005,0.7006408867742021,-0.7135140837994852,-2.0211838728120375e-07,True
BH-HF1R,SXS:BBH:0305,6,C,1394,Estar,3688.2258277496744,2.729559880983288,2738,0.9323275631414691,4.960253856829937,137,133,0.9708029197080292,0.005,0.7068966235268341,-0.7073168764042908,-1.9680082741893564e-07,True
BH-HF1R,SXS:BBH:0305,6,C,1394,Bstar,3688.2258277496744,2.729559880983288,2738,0.9323275631414691,1.124269651871755,137,122,0.8905109489051095,0.005,-0.7773328671538621,0.6290895116295703,1.5865337619232868e-07,True
BH-HF1R,SXS:BBH:0305,6,C,1395,Rstar,3688.25350963444,2.7572417657488586,2738,0.9325211617652027,4.95153961170659,137,137,1.0,0.005,0.7071706934380096,-0.7070428631577886,-2.0254259762040485e-07,True
BH-HF1R,SXS:BBH:0305,6,C,1395,Estar,3688.25350963444,2.7572417657488586,2738,0.9325211617652027,4.946460933889661,137,131,0.9562043795620438,0.005,0.7089257984595262,-0.7052830724457257,-2.009719219006665e-07,True
BH-HF1R,SXS:BBH:0305,6,C,1395,Bstar,3688.25350963444,2.7572417657488586,2738,0.9325211617652027,1.128192827518008,137,122,0.8905109489051095,0.005,-0.7830820133595164,0.6219184515294436,1.5894725638971872e-07,True
BH-HF1R,SXS:BBH:0305,6,C,1396,Rstar,3688.2811915192055,2.784923650514429,2738,0.9327123529368664,4.9395969409090705,137,137,1.0,0.005,0.7039069302379116,-0.7102922170226811,-2.1109301839979445e-07,True
BH-HF1R,SXS:BBH:0305,6,C,1396,Estar,3688.2811915192055,2.784923650514429,2738,0.9327123529368664,4.946012510175329,137,131,0.9562043795620438,0.005,0.7088964224897223,-0.7053125989100367,-2.0690475497846572e-07,True
BH-HF1R,SXS:BBH:0305,6,C,1396,Bstar,3688.2811915192055,2.784923650514429,2738,0.9327123529368664,1.1259302666051485,137,121,0.8832116788321168,0.005,-0.778070141963159,0.6281774066180672,1.6984980161546943e-07,True
BH-HF1R,SXS:BBH:0305,6,C,1397,Rstar,3688.3088734039716,2.812605535280454,2738,0.9329011728277241,4.944011477709969,137,137,1.0,0.005,0.7104335205757836,-0.7037643162609574,-2.115216469168116e-07,True
BH-HF1R,SXS:BBH:0305,6,C,1397,Estar,3688.3088734039716,2.812605535280454,2738,0.9329011728277241,4.956233343729209,137,131,0.9562043795620438,0.005,0.7153768380280225,-0.6987388493657595,-2.0732613314500798e-07,True
BH-HF1R,SXS:BBH:0305,6,C,1397,Bstar,3688.3088734039716,2.812605535280454,2738,0.9329011728277241,1.124163824524843,137,121,0.8832116788321168,0.005,-0.7838346249599798,0.6209696294617144,1.7014478340722782e-07,True
BH-HF1R,SXS:BBH:0305,6,C,1398,Rstar,3688.336555288737,2.8402874200460246,2738,0.9330876569153871,4.937061380926567,137,133,0.9708029197080292,0.005,0.7122331521636958,-0.7019429727256475,-2.1591344713484954e-07,True
BH-HF1R,SXS:BBH:0305,6,C,1398,Estar,3688.336555288737,2.8402874200460246,2738,0.9330876569153871,4.937500071187417,137,131,0.9562043795620438,0.005,0.7218093650187241,-0.6920919307225184,-2.0774202045670275e-07,True
BH-HF1R,SXS:BBH:0305,6,C,1398,Bstar,3688.336555288737,2.8402874200460246,2738,0.9330876569153871,1.1227038448627809,137,121,0.8832116788321168,0.005,-0.7895440972679829,0.6136938312132988,1.7043128072562105e-07,True
BH-HF1R,SXS:BBH:0305,6,C,1399,Rstar,3688.3642371735027,2.867969304811595,2738,0.9332718399984463,4.93711314743607,137,131,0.9562043795620438,0.005,0.7139832003649781,-0.7001628307733389,-2.2034939635485277e-07,True
BH-HF1R,SXS:BBH:0305,6,C,1399,Estar,3688.3642371735027,2.867969304811595,2738,0.9332718399984463,4.930919464495511,137,129,0.9416058394160584,0.005,0.728271802780334,-0.6852883927771134,-2.0810861513728274e-07,True
BH-HF1R,SXS:BBH:0305,6,C,1399,Bstar,3688.3642371735027,2.867969304811595,2738,0.9332718399984463,1.1233698431081862,137,121,0.8832116788321168,0.005,-0.7951976685495395,0.6063502848464305,1.7070985376778046e-07,True
BH-HF1R,SXS:BBH:0305,6,C,1400,Rstar,3688.3919190582683,2.8956511895771655,2738,0.9334537562007955,4.935941365436821,137,131,0.9562043795620438,0.005,0.7204551598484987,-0.6935015231761393,-2.2077401100196462e-07,True
BH-HF1R,SXS:BBH:0305,6,C,1400,Estar,3688.3919190582683,2.8956511895771655,2738,0.9334537562007955,4.920384968850348,137,129,0.9416058394160584,0.005,0.7346049964872988,-0.6784950251371429,-2.0851134055567116e-07,True
BH-HF1R,SXS:BBH:0305,6,C,1400,Bstar,3688.3919190582683,2.8956511895771655,2738,0.9334537562007955,1.1254888403062862,137,121,0.8832116788321168,0.005,-0.8007944364886392,0.5989392878153956,1.7098106854693558e-07,True
BH-HF1R,SXS:BBH:0305,6,C,1401,Rstar,3688.419600943034,2.923333074342736,2738,0.9336334389808851,4.915614233252944,137,129,0.9416058394160584,0.005,0.7247390496486341,-0.689023446563573,-2.2304212629331478e-07,True
BH-HF1R,SXS:BBH:0305,6,C,1401,Estar,3688.419600943034,2.923333074342736,2738,0.9336334389808851,4.9198049254351215,137,127,0.927007299270073,0.005,0.7359491389763082,-0.6770368267974683,-2.1326846433365725e-07,True
BH-HF1R,SXS:BBH:0305,6,C,1401,Bstar,3688.419600943034,2.923333074342736,2738,0.9336334389808851,1.1258868697428701,137,119,0.8686131386861314,0.005,-0.7989520639968194,0.6013947118450494,1.788688263627014e-07,True
BH-HF1R,SXS:BBH:0305,6,C,1402,Rstar,3688.4472828277994,2.9510149591083064,2738,0.9338109211510442,4.913165160915805,137,129,0.9416058394160584,0.005,0.7311329265492046,-0.6822350355380068,-2.2345535800796866e-07,True
BH-HF1R,SXS:BBH:0305,6,C,1402,Estar,3688.4472828277994,2.9510149591083064,2738,0.9338109211510442,4.915694621120926,137,127,0.927007299270073,0.005,0.7396117106625426,-0.6730338159786481,-2.160193626404535e-07,True
BH-HF1R,SXS:BBH:0305,6,C,1402,Bstar,3688.4472828277994,2.9510149591083064,2738,0.9338109211510442,1.127847866365372,137,119,0.8686131386861314,0.005,-0.8045254220237413,0.5939182143338331,1.79139937327808e-07,True
BH-HF1R,SXS:BBH:0305,6,C,1403,Rstar,3688.474964712565,2.978696843873877,2738,0.9339862349064244,4.9169203729260325,137,129,0.9416058394160584,0.005,0.7374760468022584,-0.6753732896649549,-2.2386102702836866e-07,True
BH-HF1R,SXS:BBH:0305,6,C,1403,Estar,3688.474964712565,2.978696843873877,2738,0.9339862349064244,4.894933625892556,137,127,0.927007299270073,0.005,0.7458684772397131,-0.666093247721417,-2.1641172464062968e-07,True
BH-HF1R,SXS:BBH:0305,6,C,1403,Bstar,3688.474964712565,2.978696843873877,2738,0.9339862349064244,1.1308470423513652,137,119,0.8686131386861314,0.005,-0.8100400354408945,0.5863745739566835,1.7940422625122482e-07,True
BH-HF1R,SXS:BBH:0305,6,C,1404,Rstar,3688.5026465973306,3.006378728639447,2738,0.9341594118519988,4.947613310789468,137,129,0.9416058394160584,0.005,0.7437674906412313,-0.6684384189027407,-2.2425917021561375e-07,True
BH-HF1R,SXS:BBH:0305,6,C,1404,Estar,3688.5026465973306,3.006378728639447,2738,0.9341594118519988,4.881219413424773,137,127,0.927007299270073,0.005,0.7451628202967694,-0.6668825768059282,-2.2293004949596192e-07,True
BH-HF1R,SXS:BBH:0305,6,C,1404,Bstar,3688.5026465973306,3.006378728639447,2738,0.9341594118519988,1.1341740297651826,137,119,0.8686131386861314,0.005,-0.815494968690082,0.5787641627132162,1.7966142892768576e-07,True
BH-HF1R,SXS:BBH:0305,6,C,1405,Rstar,3688.5303284820966,3.0340606134054724,2738,0.9343304830201622,4.9888586710090435,137,129,0.9416058394160584,0.005,0.7500063298580338,-0.6614306503125114,-2.2464988425798918e-07,True
BH-HF1R,SXS:BBH:0305,6,C,1405,Estar,3688.5303284820966,3.0340606134054724,2738,0.9343304830201622,4.907903125622574,137,127,0.927007299270073,0.005,0.751386999587196,-0.6598617861729084,-2.2331875164576406e-07,True
BH-HF1R,SXS:BBH:0305,6,C,1405,Bstar,3688.5303284820966,3.0340606134054724,2738,0.9343304830201622,1.135325364057149,137,119,0.8686131386861314,0.005,-0.8208892875497436,0.5710873642325156,1.7991120879129065e-07,True
BH-HF1R,SXS:BBH:0305,6,C,1406,Rstar,3688.558010366862,3.061742498171043,2738,0.9344994788789787,4.979020081304931,137,129,0.9416058394160584,0.005,0.7561427694861452,-0.6544066871248883,-2.250262022278715e-07,True
BH-HF1R,SXS:BBH:0305,6,C,1406,Estar,3688.558010366862,3.061742498171043,2738,0.9344994788789787,4.934557527940455,137,127,0.927007299270073,0.005,0.7575574831674629,-0.6527684579519212,-2.2370009208175897e-07,True
BH-HF1R,SXS:BBH:0305,6,C,1406,Bstar,3688.558010366862,3.061742498171043,2738,0.9344994788789787,1.13667126926411,137,119,0.8686131386861314,0.005,-0.8262220611099079,0.5633445710533322,1.8015324795830045e-07,True
BH-HF1R,SXS:BBH:0305,6,C,1407,Rstar,3688.5856922516277,3.0894243829366133,2738,0.9346664293386682,4.95864068683484,137,129,0.9416058394160584,0.005,0.7622741024804898,-0.6472543492998042,-2.2540250054635405e-07,True
BH-HF1R,SXS:BBH:0305,6,C,1407,Estar,3688.5856922516277,3.0894243829366133,2738,0.9346664293386682,4.944269861107698,137,127,0.927007299270073,0.005,0.7636733199607719,-0.6456028658393969,-2.240740967769489e-07,True
BH-HF1R,SXS:BBH:0305,6,C,1407,Bstar,3688.5856922516277,3.0894243829366133,2738,0.9346664293386682,1.139565388075748,137,118,0.8613138686131386,0.005,-0.8351280468877972,0.5500555838288912,1.76250848448678e-07,True
BH-HF1R,SXS:BBH:0305,6,C,1408,Rstar,3688.6133741363933,3.1171062677021837,2738,0.9348313637619999,4.940555558932223,137,129,0.9416058394160584,0.005,0.768349982293855,-0.640029924854285,-2.2577144635757257e-07,True
BH-HF1R,SXS:BBH:0305,6,C,1408,Estar,3688.6133741363933,3.1171062677021837,2738,0.9348313637619999,4.935431505291393,137,125,0.9124087591240876,0.005,0.7660787360596734,-0.6427467387370872,-2.2783171209610066e-07,True
BH-HF1R,SXS:BBH:0305,6,C,1408,Bstar,3688.6133741363933,3.1171062677021837,2738,0.9348313637619999,1.142113775365386,137,118,0.8613138686131386,0.005,-0.840283056434061,0.542147936517148,1.7646918352477671e-07,True
BH-HF1R,SXS:BBH:0305,6,C,1409,Rstar,3688.6413329681804,3.1450650994893294,2738,0.9349959312632014,4.940692532151555,137,129,0.9416058394160584,0.005,0.7744293708030838,-0.6326603746383113,-2.2613655208105652e-07,True
BH-HF1R,SXS:BBH:0305,6,C,1409,Estar,3688.6413329681804,3.1450650994893294,2738,0.9349959312632014,4.927271101061857,137,125,0.9124087591240876,0.005,0.7721841821558751,-0.6353987636344678,-2.2820097773458468e-07,True
BH-HF1R,SXS:BBH:0305,6,C,1409,Bstar,3688.6413329681804,3.1450650994893294,2738,0.9349959312632014,1.1443399443803863,137,115,0.8394160583941606,0.005,-0.8348892522961963,0.5504179651866958,1.887843342862386e-07,True
BH-HF1R,SXS:BBH:0305,6,C,1410,Rstar,3688.669571493571,3.173303624879736,2738,0.9351601170821706,4.949755357999723,137,127,0.927007299270073,0.005,0.7769647707021898,-0.6295440771603215,-2.2986696796722604e-07,True
BH-HF1R,SXS:BBH:0305,6,C,1410,Estar,3688.669571493571,3.173303624879736,2738,0.9351601170821706,4.917251933219318,137,125,0.9124087591240876,0.005,0.7782915140981571,-0.6279031128149835,-2.2856617743729044e-07,True
BH-HF1R,SXS:BBH:0305,6,C,1410,Bstar,3688.669571493571,3.173303624879736,2738,0.9351601170821706,1.146693692721902,137,115,0.8394160583941606,0.005,-0.8401718405107134,0.5423202729133445,1.8901229692135457e-07,True
BH-HF1R,SXS:BBH:0305,6,C,1411,Rstar,3688.698092459147,3.201824590455999,2738,0.9353239062951402,4.94025492372633,137,127,0.927007299270073,0.005,0.783087866632591,-0.6219110813715771,-2.3023012405198185e-07,True
BH-HF1R,SXS:BBH:0305,6,C,1411,Estar,3688.698092459147,3.201824590455999,2738,0.9353239062951402,4.943715491549263,137,125,0.9124087591240876,0.005,0.7843984888027573,-0.6202572133912657,-2.28926989046466e-07,True
BH-HF1R,SXS:BBH:0305,6,C,1411,Bstar,3688.698092459147,3.201824590455999,2738,0.9353239062951402,1.1460631729990554,137,113,0.8248175182481752,0.005,-0.8397571415228624,0.5429621932154325,1.958253043144244e-07,True
BH-HF1R,SXS:BBH:0305,6,C,1412,Rstar,3688.726898611491,3.2306307427998036,2738,0.9354872838292032,4.915556564197298,137,127,0.927007299270073,0.005,0.7817723216629159,-0.6235639799424899,-2.3780554688551286e-07,True
BH-HF1R,SXS:BBH:0305,6,C,1412,Estar,3688.726898611491,3.2306307427998036,2738,0.9354872838292032,4.95403248527542,137,127,0.927007299270073,0.005,0.7873171515800742,-0.6165482161419207,-2.323999359492067e-07,True
BH-HF1R,SXS:BBH:0305,6,C,1412,Bstar,3688.726898611491,3.2306307427998036,2738,0.9354872838292032,1.149878024814581,137,113,0.8248175182481752,0.005,-0.8450930234557845,0.5346192866950484,1.9605227221515592e-07,True
BH-HF1R,SXS:BBH:0305,6,C,1413,Rstar,3688.7559926971844,3.2597248284932903,2738,0.9356502344732631,4.922424860493478,137,127,0.927007299270073,0.005,0.7879831701753237,-0.615696778877712,-2.3817314796221458e-07,True
BH-HF1R,SXS:BBH:0305,6,C,1413,Estar,3688.7559926971844,3.2597248284932903,2738,0.9356502344732631,4.9484929885767475,137,125,0.9124087591240876,0.005,0.7891736012875519,-0.6141701938638671,-2.3697595442651111e-07,True
BH-HF1R,SXS:BBH:0305,6,C,1413,Bstar,3688.7559926971844,3.2597248284932903,2738,0.9356502344732631,1.1549804305166556,137,113,0.8248175182481752,0.005,-0.8504090165319452,0.5261221384822456,1.9627219804174515e-07,True
BH-HF1R,SXS:BBH:0305,6,C,1414,Rstar,3688.785377920573,3.289110051881835,2738,0.9358127454062546,4.930408926588206,137,127,0.927007299270073,0.005,0.7941886053503805,-0.607671341377525,-2.3853546132895627e-07,True
BH-HF1R,SXS:BBH:0305,6,C,1414,Estar,3688.785377920573,3.289110051881835,2738,0.9358127454062546,4.9348845109207815,137,125,0.9124087591240876,0.005,0.7953634883181484,-0.6061327589318452,-2.37336031917701e-07,True
BH-HF1R,SXS:BBH:0305,6,C,1414,Bstar,3688.785377920573,3.289110051881835,2738,0.9358127454062546,1.1591882286965416,137,113,0.8248175182481752,0.005,-0.8557024017334173,0.5174682595750419,1.9648478786312903e-07,True
BH-HF1R,SXS:BBH:0305,6,C,1415,Rstar,3688.815057028239,3.3187891595480323,2738,0.9359748010841556,4.919547503684716,137,127,0.927007299270073,0.005,0.8003859724220441,-0.5994850249588907,-2.388920781834789e-07,True
BH-HF1R,SXS:BBH:0305,6,C,1415,Estar,3688.815057028239,3.3187891595480323,2738,0.9359748010841556,4.938120836790515,137,125,0.9124087591240876,0.005,0.8015449958346913,-0.5979344610007926,-2.376903782025303e-07,True
BH-HF1R,SXS:BBH:0305,6,C,1415,Bstar,3688.815057028239,3.3187891595480323,2738,0.9359748010841556,1.1562162250560166,137,112,0.8175182481751825,0.005,-0.857825886061254,0.5139378180968396,-0.0016335033162655091,True
BH-HF1R,SXS:BBH:0305,6,C,1416,Rstar,3688.8450327667642,3.3487648980731137,2738,0.936136385868637,4.90096818452642,137,125,0.9124087591240876,0.005,0.8036281002142885,-0.5951318144293033,-2.422504890055823e-07,True
BH-HF1R,SXS:BBH:0305,6,C,1416,Estar,3688.8450327667642,3.3487648980731137,2738,0.936136385868637,4.944440632676567,137,125,0.9124087591240876,0.005,0.8077153451246162,-0.5895726598564128,-2.380385923271215e-07,True
BH-HF1R,SXS:BBH:0305,6,C,1416,Bstar,3688.8450327667642,3.3487648980731137,2738,0.936136385868637,1.1519766584204019,137,112,0.8175182481751825,0.005,-0.8631202253679255,0.5049958497132123,-0.0016335033676518839,True
BH-HF1R,SXS:BBH:0305,6,C,1417,Rstar,3688.875308340495,3.379040471803819,2738,0.936297486461849,4.882093047254131,137,125,0.9124087591240876,0.005,0.80461411671637,-0.5937980491553289,-2.4792265688173103e-07,True
BH-HF1R,SXS:BBH:0305,6,C,1417,Estar,3688.875308340495,3.379040471803819,2738,0.936297486461849,4.933814943367025,137,123,0.8978102189781022,0.005,0.8109543356393977,-0.5851094474605625,-2.414200421693481e-07,True
BH-HF1R,SXS:BBH:0305,6,C,1417,Bstar,3688.875308340495,3.379040471803819,2738,0.936297486461849,1.1483763386519183,137,112,0.8175182481751825,0.005,-0.8619386492974436,0.5070125884504791,2.0905249308700667e-07,True
BH-HF1R,SXS:BBH:0305,6,C,1418,Rstar,3688.9058864960125,3.409618627321379,2738,0.9364580869847441,4.880888680035806,137,125,0.9124087591240876,0.005,0.8108897933005317,-0.5851988919341521,-2.4827728786243635e-07,True
BH-HF1R,SXS:BBH:0305,6,C,1418,Estar,3688.9058864960125,3.409618627321379,2738,0.9364580869847441,4.907716723080544,137,123,0.8978102189781022,0.005,0.8171371576217616,-0.576443289174026,-2.41761176754203e-07,True
BH-HF1R,SXS:BBH:0305,6,C,1418,Bstar,3688.9058864960125,3.409618627321379,2738,0.9364580869847441,1.1452018299012614,137,112,0.8175182481751825,0.005,-0.8672871466900264,0.4978082012042679,2.0925677455316424e-07,True
BH-HF1R,SXS:BBH:0305,6,C,1419,Rstar,3688.9367704376627,3.440502568971624,2738,0.9366181738611045,4.8860693444685745,137,125,0.9124087591240876,0.005,0.8107569688220108,-0.5853828982012372,-2.5527572821890043e-07,True
BH-HF1R,SXS:BBH:0305,6,C,1419,Estar,3688.9367704376627,3.440502568971624,2738,0.9366181738611045,4.897224445041625,137,121,0.8832116788321168,0.005,0.822050184827025,-0.5694150451347371,-2.4343804859162454e-07,True
BH-HF1R,SXS:BBH:0305,6,C,1419,Bstar,3688.9367704376627,3.440502568971624,2738,0.9366181738611045,1.145743146806133,137,112,0.8175182481751825,0.005,-0.8726005259597398,0.48843456275609903,2.0945206902459958e-07,True
BH-HF1R,SXS:BBH:0305,6,C,1420,Rstar,3688.9679633697915,3.4716955011003847,2738,0.9367777333476064,4.884253908341804,137,124,0.9051094890510949,0.005,0.8172277532245953,-0.5763148439519972,-2.555041670904125e-07,True
BH-HF1R,SXS:BBH:0305,6,C,1420,Estar,3688.9679633697915,3.4716955011003847,2738,0.9367777333476064,4.9051533381545545,137,120,0.8759124087591241,0.005,0.8284516385313787,-0.560060606197771,-2.435216224040406e-07,True
BH-HF1R,SXS:BBH:0305,6,C,1420,Bstar,3688.9679633697915,3.4716955011003847,2738,0.9367777333476064,1.1470008945036336,137,112,0.8175182481751825,0.005,-0.8778753397283945,0.4788892229907791,2.0963789114192936e-07,True
BH-HF1R,SXS:BBH:0305,6,C,1421,Rstar,3688.999468038981,3.5032001702898015,2738,0.936936749253979,4.873979609834652,137,124,0.9051094890510949,0.005,0.8235394824803026,-0.5672589539143563,-2.558508397440985e-07,True
BH-HF1R,SXS:BBH:0305,6,C,1421,Estar,3688.999468038981,3.5032001702898015,2738,0.936936749253979,4.86855038142617,137,118,0.8613138686131386,0.005,0.8309299048689593,-0.5563771141900077,-2.478661198927495e-07,True
BH-HF1R,SXS:BBH:0305,6,C,1421,Bstar,3688.999468038981,3.5032001702898015,2738,0.936936749253979,1.1493470742470533,137,112,0.8175182481751825,0.005,-0.8831079243901395,0.4691698987353043,2.0981374373619334e-07,True
BH-HF1R,SXS:BBH:0305,6,C,1422,Rstar,3689.0312881073405,3.5350202386493947,2738,0.9370952099064841,4.883380138057586,137,124,0.9051094890510949,0.005,0.8298258567056411,-0.5580224435833053,-2.561895291969088e-07,True
BH-HF1R,SXS:BBH:0305,6,C,1422,Estar,3689.0312881073405,3.5350202386493947,2738,0.9370952099064841,4.880371248375874,137,118,0.8613138686131386,0.005,0.837094237812442,-0.5470587144184297,-2.481872728406132e-07,True
BH-HF1R,SXS:BBH:0305,6,C,1422,Bstar,3689.0312881073405,3.5350202386493947,2738,0.9370952099064841,1.152308717659482,137,112,0.8175182481751825,0.005,-0.8882946259326185,0.45927405493799167,2.0997913476247292e-07,True
BH-HF1R,SXS:BBH:0305,6,C,1423,Rstar,3689.063426321452,3.56715845276085,2738,0.9372530989219053,4.866340835871353,137,122,0.8905109489051095,0.005,0.8320528713570645,-0.5546963306768813,-2.6094383521418143e-07,True
BH-HF1R,SXS:BBH:0305,6,C,1423,Estar,3689.063426321452,3.56715845276085,2738,0.9372530989219053,4.867814559265239,137,120,0.8759124087591241,0.005,0.8406034763404667,-0.5416509905504272,-2.5147240022484107e-07,True
BH-HF1R,SXS:BBH:0305,6,C,1423,Bstar,3689.063426321452,3.56715845276085,2738,0.9372530989219053,1.1538602201855996,137,112,0.8175182481751825,0.005,-0.8934314927853964,0.44919947428643997,2.1013357091350862e-07,True
BH-HF1R,SXS:BBH:0305,6,C,1424,Rstar,3689.0958858856607,3.5996180169695435,2738,0.9374104021402957,4.867712539921432,137,120,0.8759124087591241,0.005,0.8344771795123681,-0.5510425000605783,-2.655381687299964e-07,True
BH-HF1R,SXS:BBH:0305,6,C,1424,Estar,3689.0958858856607,3.5996180169695435,2738,0.9374104021402957,4.845044862090218,137,120,0.8759124087591241,0.005,0.8394276015306388,-0.5434715280384534,-2.600269602163925e-07,True
BH-HF1R,SXS:BBH:0305,6,C,1424,Bstar,3689.0958858856607,3.5996180169695435,2738,0.9374104021402957,1.1551783264044468,137,112,0.8175182481751825,0.005,-0.8985145001306191,0.43894383815583937,2.1027656099837035e-07,True
BH-HF1R,SXS:BBH:0305,6,C,1425,Rstar,3689.1286700043133,3.6324021356222147,2738,0.9375671053153144,4.861468376645035,137,120,0.8759124087591241,0.005,0.8408052088112237,-0.5413377881100155,-2.658703717213103e-07,True
BH-HF1R,SXS:BBH:0305,6,C,1425,Estar,3689.1286700043133,3.6324021356222147,2738,0.9375671053153144,4.841730876725662,137,120,0.8759124087591241,0.005,0.8456675853729365,-0.5337099727843199,-2.6034648234876864e-07,True
BH-HF1R,SXS:BBH:0305,6,C,1425,Bstar,3689.1286700043133,3.6324021356222147,2738,0.9375671053153144,1.1575132629764755,137,112,0.8175182481751825,0.005,-0.903539470046506,0.42850487286381556,2.104076042076553e-07,True
BH-HF1R,SXS:BBH:0305,6,C,1426,Rstar,3689.1617818817545,3.66551401306333,2738,0.9377231941315642,4.865187042247407,137,120,0.8759124087591241,0.005,0.8470952961707869,-0.531441021379848,-2.66192893724377e-07,True
BH-HF1R,SXS:BBH:0305,6,C,1426,Estar,3689.1617818817545,3.66551401306333,2738,0.9377231941315642,4.810597446273331,137,118,0.8613138686131386,0.005,0.8478680444465395,-0.5302072983337087,-2.65273031465011e-07,True
BH-HF1R,SXS:BBH:0305,6,C,1426,Bstar,3689.1617818817545,3.66551401306333,2738,0.9377231941315642,1.1550010776360875,137,112,0.8175182481751825,0.005,-0.8987084935049702,0.4385465125867225,2.2517595453569833e-07,True
BH-HF1R,SXS:BBH:0305,6,C,1427,Rstar,3689.1952247223307,3.698956853639629,2738,0.9378786542213551,4.8353759477357,137,119,0.8686131386861314,0.005,0.8533983595781031,-0.5212586591238321,0.0008063236493741344,True
BH-HF1R,SXS:BBH:0305,6,C,1427,Estar,3689.1952247223307,3.698956853639629,2738,0.9378786542213551,4.816781044677461,137,116,0.8467153284671532,0.005,0.8542294866722071,-0.519896128182993,-2.6546154391412106e-07,True
BH-HF1R,SXS:BBH:0305,6,C,1427,Bstar,3689.1952247223307,3.698956853639629,2738,0.9378786542213551,1.150855462994314,137,112,0.8175182481751825,0.005,-0.9038501978879518,0.4278490619106921,2.253150727325595e-07,True
BH-HF1R,SXS:BBH:0305,6,C,1428,Rstar,3689.229002188151,3.7327343194597233,2738,0.9380334732654529,4.800722485939969,137,118,0.8613138686131386,0.005,0.8596544517171614,-0.510875937623603,-2.667042867125067e-07,True
BH-HF1R,SXS:BBH:0305,6,C,1428,Estar,3689.229002188151,3.7327343194597233,2738,0.9380334732654529,4.808262379609036,137,116,0.8467153284671532,0.005,0.8604135465578487,-0.5095964372909939,-2.6576052378616893e-07,True
BH-HF1R,SXS:BBH:0305,6,C,1428,Bstar,3689.229002188151,3.7327343194597233,2738,0.9380334732654529,1.1494332273454855,137,110,0.8029197080291971,0.005,-0.9033163363669409,0.42897505341517606,2.3385796159793744e-07,True
BH-HF1R,SXS:BBH:0305,6,C,1429,Rstar,3689.263117483561,3.7668496148698978,2738,0.9381876367527334,4.777083532762737,137,117,0.8540145985401459,0.005,0.8630116284686319,-0.5051840547046659,-2.703788198979282e-07,True
BH-HF1R,SXS:BBH:0305,6,C,1429,Estar,3689.263117483561,3.7668496148698978,2738,0.9381876367527334,4.800603520804151,137,114,0.8321167883211679,0.005,0.865843246185179,-0.5003153735749485,-2.6692604871746547e-07,True
BH-HF1R,SXS:BBH:0305,6,C,1429,Bstar,3689.263117483561,3.7668496148698978,2738,0.9381876367527334,1.1482429343626206,137,109,0.7956204379562044,0.005,-0.905602363604499,0.42412776263042273,2.3830056660535245e-07,True
BH-HF1R,SXS:BBH:0305,6,C,1430,Rstar,3689.297573812907,3.801305944215983,2738,0.9383411301691208,4.78340274582301,137,115,0.8394160583941606,0.005,0.8692196008474528,-0.49442621846188683,-2.706206252723468e-07,True
BH-HF1R,SXS:BBH:0305,6,C,1430,Estar,3689.297573812907,3.801305944215983,2738,0.9383411301691208,4.784942158470233,137,113,0.8248175182481752,0.005,0.8716532047786638,-0.490082203259782,-0.00633440187565356,True
BH-HF1R,SXS:BBH:0305,6,C,1430,Bstar,3689.297573812907,3.801305944215983,2738,0.9383411301691208,1.1454759028516146,137,109,0.7956204379562044,0.005,-0.910753528473732,0.41295037277206825,2.3842892604534206e-07,True
BH-HF1R,SXS:BBH:0305,6,C,1431,Rstar,3689.3323748382977,3.8361069696065897,2738,0.9384939410078557,4.779267401639694,137,113,0.8248175182481752,0.005,0.873003436691144,-0.48771405508287025,-2.738172167523316e-07,True
BH-HF1R,SXS:BBH:0305,6,C,1431,Estar,3689.3323748382977,3.8361069696065897,2738,0.9384939410078557,4.788103463295614,137,112,0.8175182481751825,0.005,0.8744387546708835,-0.48513592356118124,-2.719954299975296e-07,True
BH-HF1R,SXS:BBH:0305,6,C,1431,Bstar,3689.3323748382977,3.8361069696065897,2738,0.9384939410078557,1.142681199129999,137,109,0.7956204379562044,0.005,-0.9158268093187107,0.40157347438924906,2.385427914619542e-07,True
BH-HF1R,SXS:BBH:0305,6,C,1432,Rstar,3689.3675237640787,3.8712558953875487,2738,0.9386460547075484,4.775321980799057,137,111,0.8102189781021898,0.005,0.8761092806001238,-0.4821125682309643,-2.7785744181595405e-07,True
BH-HF1R,SXS:BBH:0305,6,C,1432,Estar,3689.3675237640787,3.8712558953875487,2738,0.9386460547075484,4.769436479790075,137,113,0.8248175182481752,0.005,0.8784760266284518,-0.47778642785141145,-2.7482528910194903e-07,True
BH-HF1R,SXS:BBH:0305,6,C,1432,Bstar,3689.3675237640787,3.8712558953875487,2738,0.9386460547075484,1.1397966669067663,137,109,0.7956204379562044,0.005,-0.9208169488163459,0.38999505993345346,2.386415311333189e-07,True
BH-HF1R,SXS:BBH:0305,6,C,1433,Rstar,3689.40302425236,3.906756383668835,2738,0.9387974586893846,4.759332508567673,137,111,0.8102189781021898,0.005,0.8821901237827319,-0.4708933908010715,-2.7812130930231844e-07,True
BH-HF1R,SXS:BBH:0305,6,C,1433,Estar,3689.40302425236,3.906756383668835,2738,0.9387974586893846,4.754684681197174,137,113,0.8248175182481752,0.005,0.8845014714734619,-0.46653740146016703,-2.7508148035329715e-07,True
BH-HF1R,SXS:BBH:0305,6,C,1433,Bstar,3689.40302425236,3.906756383668835,2738,0.9387974586893846,1.135861918523922,137,109,0.7956204379562044,0.005,-0.9257185741942594,0.378213063486298,2.3872449334612445e-07,True
BH-HF1R,SXS:BBH:0305,6,C,1434,Rstar,3689.4388799652506,3.9426120965595146,2738,0.9389481403208144,4.748415836228014,137,111,0.8102189781021898,0.005,0.8834810849058072,-0.4684668319247127,-2.845686545503311e-07,True
BH-HF1R,SXS:BBH:0305,6,C,1434,Estar,3689.4388799652506,3.9426120965595146,2738,0.9389481403208144,4.7387091585586925,137,111,0.8102189781021898,0.005,0.888198402364014,-0.45946011582936735,-2.7837112150718545e-07,True
BH-HF1R,SXS:BBH:0305,6,C,1434,Bstar,3689.4388799652506,3.9426120965595146,2738,0.9389481403208144,1.1316731050802302,137,109,0.7956204379562044,0.005,-0.9305261256637575,0.36622551721192226,2.3879100568486015e-07,True
BH-HF1R,SXS:BBH:0305,6,C,1435,Rstar,3689.4750941070965,3.978826238405418,2738,0.939098085051396,4.755410074446119,137,111,0.8102189781021898,0.005,0.8830759820371381,-0.46923001816705856,-2.933268186454755e-07,True
BH-HF1R,SXS:BBH:0305,6,C,1435,Estar,3689.4750941070965,3.978826238405418,2738,0.939098085051396,4.72901917280695,137,109,0.7956204379562044,0.005,0.8933240892505803,-0.44941303003422484,-2.797201022466466e-07,True
BH-HF1R,SXS:BBH:0305,6,C,1435,Bstar,3689.4750941070965,3.978826238405418,2738,0.939098085051396,1.1274009089343617,137,109,0.7956204379562044,0.005,-0.9352337958256031,0.3540307149748129,2.388403791862639e-07,True
BH-HF1R,SXS:BBH:0305,6,C,1436,Rstar,3689.5116703400067,4.0154024713156105,2738,0.9392472802761622,4.741565210354369,137,113,0.8248175182481752,0.005,0.8899789931245817,-0.45600152609050565,-2.925964982660028e-07,True
BH-HF1R,SXS:BBH:0305,6,C,1436,Estar,3689.5116703400067,4.0154024713156105,2738,0.9392472802761622,4.7180446357948815,137,109,0.7956204379562044,0.005,0.8991915805607891,-0.4375551410376886,-2.799426170798073e-07,True
BH-HF1R,SXS:BBH:0305,6,C,1436,Bstar,3689.5116703400067,4.0154024713156105,2738,0.9392472802761622,1.1289923510718312,137,109,0.7956204379562044,0.005,-0.939835650842803,0.3416269155157829,2.388719175495216e-07,True
BH-HF1R,SXS:BBH:0305,6,C,1437,Rstar,3689.5486123260907,4.052344457399613,2738,0.9393957133862763,4.7392189585291815,137,113,0.8248175182481752,0.005,0.8960048754057834,-0.4440442131691175,-2.9283697109368184e-07,True
BH-HF1R,SXS:BBH:0305,6,C,1437,Estar,3689.5486123260907,4.052344457399613,2738,0.9393957133862763,4.683577957696287,137,107,0.781021897810219,0.005,0.901592462453183,-0.4325864441328745,-2.850182498285783e-07,True
BH-HF1R,SXS:BBH:0305,6,C,1437,Bstar,3689.5486123260907,4.052344457399613,2738,0.9393957133862763,1.1320125696323464,137,109,0.7956204379562044,0.005,-0.9443255649015225,0.3290125035213147,2.3888491141118654e-07,True
BH-HF1R,SXS:BBH:0305,6,C,1438,Rstar,3689.5859237274576,4.089655858766491,2738,0.9395433717868452,4.732742328991098,137,113,0.8248175182481752,0.005,0.901939825358647,-0.4318617272136156,-2.93061088383729e-07,True
BH-HF1R,SXS:BBH:0305,6,C,1438,Estar,3689.5859237274576,4.089655858766491,2738,0.9395433717868452,4.695126714740985,137,107,0.781021897810219,0.005,0.9042677440943713,-0.42696586162173766,-2.8965886579824546e-07,True
BH-HF1R,SXS:BBH:0305,6,C,1438,Bstar,3689.5859237274576,4.089655858766491,2738,0.9395433717868452,1.1352220304427898,137,109,0.7956204379562044,0.005,-0.948697219121135,0.3161859997402918,2.388786366457663e-07,True
BH-HF1R,SXS:BBH:0305,6,C,1439,Rstar,3689.6236082062173,4.1273403375262205,2738,0.9396902429148544,4.7110676034762395,137,113,0.8248175182481752,0.005,0.9077775467831967,-0.41945193473888637,-2.9326809325561585e-07,True
BH-HF1R,SXS:BBH:0305,6,C,1439,Estar,3689.6236082062173,4.1273403375262205,2738,0.9396902429148544,4.714589171389576,137,107,0.781021897810219,0.005,0.910038104259699,-0.41452460577790673,-2.898569057835064e-07,True
BH-HF1R,SXS:BBH:0305,6,C,1439,Bstar,3689.6236082062173,4.1273403375262205,2738,0.9396902429148544,1.1358356420814766,137,107,0.781021897810219,0.005,-0.9491034130406937,0.3149646192105474,2.4691364402559566e-07,True
BH-HF1R,SXS:BBH:0305,6,C,1440,Rstar,3689.661669424479,4.1654015557878665,2738,0.9398363142571922,4.6885813827120275,137,113,0.8248175182481752,0.005,0.9135115312870142,-0.40681283436682325,-2.934572130596585e-07,True
BH-HF1R,SXS:BBH:0305,6,C,1440,Estar,3689.661669424479,4.1654015557878665,2738,0.9398363142571922,4.702441355317262,137,107,0.781021897810219,0.005,0.9157034859556465,-0.40185460779813537,-2.900369348491165e-07,True
BH-HF1R,SXS:BBH:0305,6,C,1440,Bstar,3689.661669424479,4.1654015557878665,2738,0.9398363142571922,1.1372592906965193,137,107,0.781021897810219,0.005,-0.9533832075111098,0.30176225681116453,2.468879256919338e-07,True
BH-HF1R,SXS:BBH:0305,6,C,1441,Rstar,3689.7001115021158,4.20384363342464,2738,0.9399815750847271,4.676694898285875,137,111,0.8102189781021898,0.005,0.9164360238349972,-0.40018122671786044,-2.9784376470921573e-07,True
BH-HF1R,SXS:BBH:0305,6,C,1441,Estar,3689.7001115021158,4.20384363342464,2738,0.9399815750847271,4.704193993201377,137,107,0.781021897810219,0.005,0.9212572224756637,-0.38895389191566265,-2.901981660817224e-07,True
BH-HF1R,SXS:BBH:0305,6,C,1441,Bstar,3689.7001115021158,4.20384363342464,2738,0.9399815750847271,1.14162875301073,137,107,0.781021897810219,0.005,-0.9575273603452766,0.2883424252345563,2.468408983114972e-07,True
BH-HF1R,SXS:BBH:0305,6,C,1442,Rstar,3689.738938101237,4.242670232546061,2738,0.9401260129553703,4.680910858217834,137,111,0.8102189781021898,0.005,0.9177392342341805,-0.3971834562858417,-3.0477831917692697e-07,True
BH-HF1R,SXS:BBH:0305,6,C,1442,Estar,3689.738938101237,4.242670232546061,2738,0.9401260129553703,4.6799398173533024,137,107,0.781021897810219,0.005,0.9216405780906195,-0.3880446428140706,-2.9854874772091476e-07,True
BH-HF1R,SXS:BBH:0305,6,C,1442,Bstar,3689.738938101237,4.242670232546061,2738,0.9401260129553703,1.1447702398241102,137,107,0.781021897810219,0.005,-0.961528781829973,0.27470420767164644,2.4677175428042915e-07,True
BH-HF1R,SXS:BBH:0305,6,C,1443,Rstar,3689.778152883952,4.281885015260741,2738,0.9402696155296918,4.6788413168647836,137,109,0.7956204379562044,0.005,0.9230702280709485,-0.38463145223571316,-3.0536566371836566e-07,True
BH-HF1R,SXS:BBH:0305,6,C,1443,Estar,3689.778152883952,4.281885015260741,2738,0.9402696155296918,4.67145447998448,137,105,0.7664233576642335,0.005,0.9269002801047774,-0.3753077014152463,-2.9902912361285e-07,True
BH-HF1R,SXS:BBH:0305,6,C,1443,Bstar,3689.778152883952,4.281885015260741,2738,0.9402696155296918,1.1457323018115453,137,107,0.781021897810219,0.005,-0.9653801874825381,0.2608468777197054,2.466796701872458e-07,True
BH-HF1R,SXS:BBH:0305,6,C,1444,Rstar,3689.81775951237,4.321491643678655,2738,0.9404123705876084,4.668278095918886,137,107,0.781021897810219,0.005,0.9208224275544251,-0.3899821238373299,-3.179774692499949e-07,True
BH-HF1R,SXS:BBH:0305,6,C,1444,Estar,3689.81775951237,4.321491643678655,2738,0.9404123705876084,4.6509983842705465,137,105,0.7664233576642335,0.005,0.9280478539986692,-0.37246097874592304,-3.062951072910236e-07,True
BH-HF1R,SXS:BBH:0305,6,C,1444,Bstar,3689.81775951237,4.321491643678655,2738,0.9404123705876084,1.1465256349660369,137,105,0.7664233576642335,0.005,-0.9666107983507668,0.2562490283135321,2.529980175553758e-07,True
BH-HF1R,SXS:BBH:0305,6,C,1445,Rstar,3689.857762564128,4.361494695436704,2738,0.940554269266987,4.651437699924424,137,107,0.781021897810219,0.005,0.9274350281965401,-0.3739131357119223,-0.007296260423009524,True
BH-HF1R,SXS:BBH:0305,6,C,1445,Estar,3689.857762564128,4.361494695436704,2738,0.940554269266987,4.627550628486079,137,105,0.7664233576642335,0.005,0.9306326430239615,-0.3658794457522752,0.007423941961234851,True
BH-HF1R,SXS:BBH:0305,6,C,1445,Bstar,3689.857762564128,4.361494695436704,2738,0.940554269266987,1.1499915799787361,137,105,0.7664233576642335,0.005,-0.970279482121995,0.24198703802685262,2.5287537631438176e-07,True
BH-HF1R,SXS:BBH:0305,6,C,1446,Rstar,3689.898165243571,4.401897374879809,2738,0.9406952978967522,4.654055133235022,137,107,0.781021897810219,0.005,0.9287551892780266,-0.37062250300022426,-0.007263515607867243,True
BH-HF1R,SXS:BBH:0305,6,C,1446,Estar,3689.898165243571,4.401897374879809,2738,0.9406952978967522,4.614069112918406,137,102,0.7445255474452555,0.005,0.9320755107962466,-0.36226405034700143,-3.180594963653683e-07,True
BH-HF1R,SXS:BBH:0305,6,C,1446,Bstar,3689.898165243571,4.401897374879809,2738,0.9406952978967522,1.149603163361058,137,104,0.7591240875912408,0.005,-0.9658289640464285,0.25918026971381897,2.741237059887463e-07,True
BH-HF1R,SXS:BBH:0305,6,C,1447,Rstar,3689.9389721283364,4.442704259645325,2738,0.9408354477559979,4.669269532763664,137,107,0.781021897810219,0.005,0.9335695128306628,-0.358335889506561,-0.006584451735753262,True
BH-HF1R,SXS:BBH:0305,6,C,1447,Estar,3689.9389721283364,4.442704259645325,2738,0.9408354477559979,4.588799311260948,137,101,0.7372262773722628,0.005,0.935576909077334,-0.3530399920632664,-0.00765579553480053,True
BH-HF1R,SXS:BBH:0305,6,C,1447,Bstar,3689.9389721283364,4.442704259645325,2738,0.9408354477559979,1.1456286991542586,137,104,0.7591240875912408,0.005,-0.9696264652352395,0.2445905106813012,2.7401072994671274e-07,True
BH-HF1R,SXS:BBH:0305,6,C,1448,Rstar,3689.9801873382976,4.483919469606462,2738,0.9409747085702188,4.6744346982868015,137,107,0.781021897810219,0.005,0.9391688038528191,-0.34339277906080967,-0.006584615293179805,True
BH-HF1R,SXS:BBH:0305,6,C,1448,Estar,3689.9801873382976,4.483919469606462,2738,0.9409747085702188,4.586010841575183,137,101,0.7372262773722628,0.005,0.9406396128646114,-0.3393360087369289,-0.006942037482241335,True
BH-HF1R,SXS:BBH:0305,6,C,1448,Bstar,3689.9801873382976,4.483919469606462,2738,0.9409747085702188,1.1416297055810218,137,104,0.7591240875912408,0.005,-0.9732442946690113,0.2297728071250897,2.7387133972675627e-07,True
BH-HF1R,SXS:BBH:0305,6,C,1449,Rstar,3690.021814535563,4.525546666871833,2738,0.9411130686561715,4.668289831654644,137,108,0.7883211678832117,0.005,0.9460293656751237,-0.3240809147114647,-3.215552339818373e-07,True
BH-HF1R,SXS:BBH:0305,6,C,1449,Estar,3690.021814535563,4.525546666871833,2738,0.9411130686561715,4.60974685053796,137,103,0.7518248175182481,0.005,0.9447683397461782,-0.327733791644603,-0.0018292149960302982,True
BH-HF1R,SXS:BBH:0305,6,C,1449,Bstar,3690.021814535563,4.525546666871833,2738,0.9411130686561715,1.137607262032095,137,104,0.7591240875912408,0.005,-0.9766740028974715,0.21472748325297064,2.737046183978401e-07,True
BH-HF1R,SXS:BBH:0305,6,C,1450,Rstar,3690.0638578400067,4.567589971315556,2592,0.9412505180315588,4.58314071721206,130,100,0.7692307692307693,0.005,0.9486057760813734,-0.3164602369729078,-3.2632213294104236e-07,True
BH-HF1R,SXS:BBH:0305,6,C,1450,Estar,3690.0638578400067,4.567589971315556,2592,0.9412505180315588,4.61524191939754,130,102,0.7846153846153846,0.005,0.9555937409826694,-0.29468729561121176,-3.1208079178844705e-07,True
BH-HF1R,SXS:BBH:0305,6,C,1450,Bstar,3690.0638578400067,4.567589971315556,2592,0.9412505180315588,1.1525169761646537,130,92,0.7076923076923077,0.005,-0.9787139090109264,0.20522934563184395,2.7751468991942363e-07,True
BH-HF1R,SXS:BBH:0305,6,C,1451,Rstar,3690.1063218292643,4.610053960573168,2592,0.941387048307218,4.565436143281637,130,100,0.7692307692307693,0.005,0.951896359597394,-0.30642017000373845,-3.296467875186631e-07,True
BH-HF1R,SXS:BBH:0305,6,C,1451,Estar,3690.1063218292643,4.610053960573168,2592,0.941387048307218,4.593343786600422,130,100,0.7692307692307693,0.005,0.9534791086142856,-0.3014591007682479,-3.2633380757672714e-07,True
BH-HF1R,SXS:BBH:0305,6,C,1451,Bstar,3690.1063218292643,4.610053960573168,2592,0.941387048307218,1.1522883177449537,130,92,0.7076923076923077,0.005,-0.9818327610283495,0.18974833166953328,2.7730215734902534e-07,True
BH-HF1R,SXS:BBH:0305,6,C,1452,Rstar,3690.1492101654458,4.652942296754645,2592,0.9415226482762732,4.536109938085179,130,98,0.7538461538461538,0.005,0.9567395639947054,-0.29094571089313664,-3.2954625008209066e-07,True
BH-HF1R,SXS:BBH:0305,6,C,1452,Estar,3690.1492101654458,4.652942296754645,2592,0.9415226482762732,4.56092909411302,130,98,0.7538461538461538,0.005,0.9582754534845795,-0.2858463840051456,-3.261470046704333e-07,True
BH-HF1R,SXS:BBH:0305,6,C,1452,Bstar,3690.1492101654458,4.652942296754645,2592,0.9415226482762732,1.1516651812528769,130,92,0.7076923076923077,0.005,-0.9847384725216191,0.17404062955445607,2.770595643370823e-07,True
BH-HF1R,SXS:BBH:0305,6,C,1453,Rstar,3690.192527426188,4.696259557496887,2592,0.9416573098166447,4.526456210953068,130,96,0.7384615384615385,0.005,0.9592772732533841,-0.28246612720721154,-3.3406529122757355e-07,True
BH-HF1R,SXS:BBH:0305,6,C,1453,Estar,3690.192527426188,4.696259557496887,2592,0.9416573098166447,4.549487761878869,130,98,0.7538461538461538,0.005,0.9627688982354403,-0.2703258193188547,-3.261277578078442e-07,True
BH-HF1R,SXS:BBH:0305,6,C,1453,Bstar,3690.192527426188,4.696259557496887,2592,0.9416573098166447,1.1487845736755993,130,92,0.7076923076923077,0.005,-0.987421925712204,0.15810737055155338,2.7678593361735827e-07,True
BH-HF1R,SXS:BBH:0305,6,C,1454,Rstar,3690.2362781891275,4.74001032043634,2592,0.9417910248907329,4.5193697188098785,130,96,0.7384615384615385,0.005,0.9637652542431456,-0.26675182232467226,-3.34042215173179e-07,True
BH-HF1R,SXS:BBH:0305,6,C,1454,Estar,3690.2362781891275,4.74001032043634,2592,0.9417910248907329,4.494750315739247,130,94,0.7230769230769231,0.005,0.9642307022853529,-0.26506443135619717,-3.3291086146159106e-07,True
BH-HF1R,SXS:BBH:0305,6,C,1454,Bstar,3690.2362781891275,4.74001032043634,2592,0.9417910248907329,1.144830905507743,130,92,0.7076923076923077,0.005,-0.9898738262246118,0.14195001992028866,2.764802774572928e-07,True
BH-HF1R,SXS:BBH:0305,6,C,1455,Rstar,3690.2804661163736,4.784198247682525,2592,0.9419237828356277,4.507884783738003,130,98,0.7538461538461538,0.005,0.966665605431748,-0.2560421982313819,-3.373907203706512e-07,True
BH-HF1R,SXS:BBH:0305,6,C,1455,Estar,3690.2804661163736,4.784198247682525,2592,0.9419237828356277,4.47814672917338,130,94,0.7230769230769231,0.005,0.9684798644447482,-0.2490918548748055,-3.3285403066072755e-07,True
BH-HF1R,SXS:BBH:0305,6,C,1455,Bstar,3690.2804661163736,4.784198247682525,2592,0.9419237828356277,1.1410441823238449,130,92,0.7076923076923077,0.005,-0.9920846692182134,0.12557073346171058,2.761416056288994e-07,True
BH-HF1R,SXS:BBH:0305,6,C,1456,Rstar,3690.3250962433267,4.828828374635577,2592,0.9420555773155612,4.511459306322486,130,98,0.7538461538461538,0.005,0.9708101247919699,-0.23984933104198158,-3.3731735328281455e-07,True
BH-HF1R,SXS:BBH:0305,6,C,1456,Estar,3690.3250962433267,4.828828374635577,2592,0.9420555773155612,4.466009033603006,130,94,0.7230769230769231,0.005,0.9725079603259198,-0.23286963542421893,-3.3276583671678847e-07,True
BH-HF1R,SXS:BBH:0305,6,C,1456,Bstar,3690.3250962433267,4.828828374635577,2592,0.9420555773155612,1.1365050975559294,130,92,0.7076923076923077,0.005,-0.994044871366093,0.10897152706414501,2.7576891116637136e-07,True
BH-HF1R,SXS:BBH:0305,6,C,1457,Rstar,3690.37017268986,4.873904821168708,2592,0.9421863994042297,4.511637358047021,130,98,0.7538461538461538,0.005,0.9725048507703876,-0.23288262113766317,-3.432885919699402e-07,True
BH-HF1R,SXS:BBH:0305,6,C,1457,Estar,3690.37017268986,4.873904821168708,2592,0.9421863994042297,4.44512604690078,130,94,0.7230769230769231,0.005,0.9763049514869709,-0.21639926455954678,-3.326452001744699e-07,True
BH-HF1R,SXS:BBH:0305,6,C,1457,Bstar,3690.37017268986,4.873904821168708,2592,0.9421863994042297,1.1362658959172107,130,90,0.6923076923076923,0.005,-0.9942949704168534,0.10666541990573698,2.8509431160288596e-07,True
BH-HF1R,SXS:BBH:0305,6,C,1458,Rstar,3690.4156995758462,4.919431707155127,2592,0.9423162404206878,4.4957187914993675,130,98,0.7538461538461538,0.005,0.9763427838949134,-0.2162285095361214,-3.431702674526193e-07,True
BH-HF1R,SXS:BBH:0305,6,C,1458,Estar,3690.4156995758462,4.919431707155127,2592,0.9423162404206878,4.432586515380711,130,94,0.7230769230769231,0.005,0.9783137198721954,-0.20712862069186372,-3.373134322596272e-07,True
BH-HF1R,SXS:BBH:0305,6,C,1458,Bstar,3690.4156995758462,4.919431707155127,2592,0.9423162404206878,1.1324434138986175,130,88,0.676923076923077,0.005,-0.9946995511532463,0.10282413595768365,2.935011417636932e-07,True
BH-HF1R,SXS:BBH:0305,6,C,1459,Rstar,3690.461681936686,4.9654140679949705,2592,0.9424450944859593,4.454144489826867,130,96,0.7384615384615385,0.005,0.9798780339998545,-0.19959719057256822,-3.432130388201708e-07,True
BH-HF1R,SXS:BBH:0305,6,C,1459,Estar,3690.461681936686,4.9654140679949705,2592,0.9424450944859593,4.410470370076355,130,94,0.7230769230769231,0.005,0.9817466713112201,-0.1901932526911134,-3.37140856920677e-07,True
BH-HF1R,SXS:BBH:0305,6,C,1459,Bstar,3690.461681936686,4.9654140679949705,2592,0.9424450944859593,1.1318037575813122,130,88,0.676923076923077,0.005,-0.9963277356887468,0.08562151071575923,2.9307881156362896e-07,True
BH-HF1R,SXS:BBH:0305,6,C,1460,Rstar,3690.5081238922526,5.0118560235614495,2592,0.9425729533149608,4.424580911364796,130,94,0.7230769230769231,0.005,0.9799811989276371,-0.19909005436793165,-3.536444202687947e-07,True
BH-HF1R,SXS:BBH:0305,6,C,1460,Estar,3690.5081238922526,5.0118560235614495,2592,0.9425729533149608,4.417844868365759,130,94,0.7230769230769231,0.005,0.9849193209729324,-0.17301425136128035,-3.369327099769178e-07,True
BH-HF1R,SXS:BBH:0305,6,C,1460,Bstar,3690.5081238922526,5.0118560235614495,2592,0.9425729533149608,1.1311583700283863,130,88,0.676923076923077,0.005,-0.9976713920323509,0.06820405794485958,2.9261887348769677e-07,True
BH-HF1R,SXS:BBH:0305,6,C,1461,Rstar,3690.555030477946,5.0587626092547,2592,0.942699811363033,4.427394917875848,130,92,0.7076923076923077,0.005,0.9823774802250487,-0.18690769472270716,-3.5670540672055074e-07,True
BH-HF1R,SXS:BBH:0305,6,C,1461,Estar,3690.555030477946,5.0587626092547,2592,0.942699811363033,4.396612580897424,130,94,0.7230769230769231,0.005,0.9857623764777831,-0.16814439366435813,-3.4468525930464864e-07,True
BH-HF1R,SXS:BBH:0305,6,C,1461,Bstar,3690.555030477946,5.0587626092547,2592,0.942699811363033,1.1278913718461574,130,88,0.676923076923077,0.005,-0.9987202359832038,0.05057558934474759,2.921202926561004e-07,True
BH-HF1R,SXS:BBH:0305,6,C,1462,Rstar,3690.602406271403,5.106138402712077,2592,0.9428256620040383,4.389062105321088,130,90,0.6923076923076923,0.005,0.9854138920620854,-0.1701747964033605,-3.5704457503875843e-07,True
BH-HF1R,SXS:BBH:0305,6,C,1462,Estar,3690.602406271403,5.106138402712077,2592,0.9428256620040383,4.363437981431128,130,92,0.7076923076923077,0.005,0.985557289032851,-0.16934234566135653,-3.564937277366175e-07,True
BH-HF1R,SXS:BBH:0305,6,C,1462,Bstar,3690.602406271403,5.106138402712077,2592,0.9428256620040383,1.1265730673979577,130,88,0.676923076923077,0.005,-0.9994638844811717,0.03274055005222057,2.915820383232986e-07,True
BH-HF1R,SXS:BBH:0305,6,C,1463,Rstar,3690.6502558502602,5.1539879815691165,2592,0.94295049883985,4.3732829199825485,130,90,0.6923076923076923,0.005,0.988323689314515,-0.15236891132911137,-3.5679634150375446e-07,True
BH-HF1R,SXS:BBH:0305,6,C,1463,Estar,3690.6502558502602,5.1539879815691165,2592,0.94295049883985,4.3405324765265245,130,90,0.6923076923076923,0.005,0.988323689314515,-0.15236891132911137,-3.5679634150375446e-07,True
BH-HF1R,SXS:BBH:0305,6,C,1463,Bstar,3690.6502558502602,5.1539879815691165,2592,0.94295049883985,1.1273460197989864,130,86,0.6615384615384615,0.005,-0.999534067461991,0.030522909147016025,3.0163461821916734e-07,True
BH-HF1R,SXS:BBH:0305,6,C,1464,Rstar,3690.6985837921547,5.20231592346363,2592,0.9430743157152569,4.331352869378587,130,90,0.6923076923076923,0.005,0.9909375049354534,-0.13432371835298113,-3.565086933306843e-07,True
BH-HF1R,SXS:BBH:0305,6,C,1464,Estar,3690.6985837921547,5.20231592346363,2592,0.9430743157152569,4.3109126678101255,130,90,0.6923076923076923,0.005,0.9909375049354534,-0.13432371835298113,-3.565086933306843e-07,True
BH-HF1R,SXS:BBH:0305,6,C,1464,Bstar,3690.6985837921547,5.20231592346363,2592,0.9430743157152569,1.1253806469181415,130,86,0.6615384615384615,0.005,-0.9999244273152519,0.012293887024641875,3.0104857744486e-07,True
BH-HF1R,SXS:BBH:0305,6,C,1465,Rstar,3690.747395132487,5.251127263795752,2592,0.9431971078723388,4.327847329606245,130,90,0.6923076923076923,0.005,0.9932441361421227,-0.11604346607699122,-3.561804910146104e-07,True
BH-HF1R,SXS:BBH:0305,6,C,1465,Estar,3690.747395132487,5.251127263795752,2592,0.9431971078723388,4.288865083512801,130,90,0.6923076923076923,0.005,0.9932441361421227,-0.11604346607699122,-3.561804910146104e-07,True
BH-HF1R,SXS:BBH:0305,6,C,1465,Bstar,3690.747395132487,5.251127263795752,2592,0.9431971078723388,1.1263040167609384,130,86,0.6615384615384615,0.005,-0.9999812057507675,-0.006130917154138437,3.0042001685017384e-07,True
BH-HF1R,SXS:BBH:0305,6,C,1466,Rstar,3690.796694448893,5.300426580201929,2592,0.9433188696141452,4.318144724757359,130,90,0.6923076923076923,0.005,0.9952322825516495,-0.09753309062521866,-3.5581060134070864e-07,True
BH-HF1R,SXS:BBH:0305,6,C,1466,Estar,3690.796694448893,5.300426580201929,2592,0.9433188696141452,4.277116444084317,130,90,0.6923076923076923,0.005,0.9952322825516495,-0.09753309062521866,-3.5581060134070864e-07,True
BH-HF1R,SXS:BBH:0305,6,C,1466,Bstar,3690.796694448893,5.300426580201929,2592,0.9433188696141452,1.130986931082144,130,86,0.6615384615384615,0.005,-0.9996937900467019,-0.024745224629631288,2.9974793010969916e-07,True
BH-HF1R,SXS:BBH:0305,6,C,1467,Rstar,3690.8464867767743,5.350218908083207,2592,0.9434395966200836,4.3069158452240055,130,92,0.7076923076923077,0.005,0.9962926156579991,-0.08602920425769793,-3.6000125153389967e-07,True
BH-HF1R,SXS:BBH:0305,6,C,1467,Estar,3690.8464867767743,5.350218908083207,2592,0.9434395966200836,4.265369482830044,130,90,0.6923076923076923,0.005,0.9956558858534401,-0.09310938172530635,-3.6448389036043043e-07,True
BH-HF1R,SXS:BBH:0305,6,C,1467,Bstar,3690.8464867767743,5.350218908083207,2592,0.9434395966200836,1.1350379305775797,130,86,0.6615384615384615,0.005,-0.9990515802000657,-0.04354239428031551,2.9903132126678306e-07,True
BH-HF1R,SXS:BBH:0305,6,C,1468,Rstar,3690.89677715153,5.4005092828388115,2592,0.9435592847675096,4.264578472730556,130,92,0.7076923076923077,0.005,0.9958662244228115,-0.09083205961396146,-3.7461362588893107e-07,True
BH-HF1R,SXS:BBH:0305,6,C,1468,Estar,3690.89677715153,5.4005092828388115,2592,0.9435592847675096,4.237872338118457,130,90,0.6923076923076923,0.005,0.9972451602665207,-0.07417607649956319,-3.640610074668698e-07,True
BH-HF1R,SXS:BBH:0305,6,C,1468,Bstar,3690.89677715153,5.4005092828388115,2592,0.9435592847675096,1.1333910469868984,130,86,0.6615384615384615,0.005,-0.9980440096189069,-0.06251523705246867,2.982692091665401e-07,True
BH-HF1R,SXS:BBH:0305,6,C,1469,Rstar,3690.9475701507977,5.451302282106553,2450,0.9436779291033002,4.256964246820649,123,83,0.6747967479674797,0.005,0.9970559865371827,-0.0766769829233186,-3.7738565153249766e-07,True
BH-HF1R,SXS:BBH:0305,6,C,1469,Estar,3690.9475701507977,5.451302282106553,2450,0.9436779291033002,4.251123676627404,123,81,0.6585365853658537,0.005,0.9976316746979754,-0.06878256784370795,-3.7241643827161694e-07,True
BH-HF1R,SXS:BBH:0305,6,C,1469,Bstar,3690.9475701507977,5.451302282106553,2450,0.9436779291033002,1.1446971077174202,123,85,0.6910569105691057,0.005,-0.9987030153055617,-0.050914508928967074,3.183129902892322e-07,True
BH-HF1R,SXS:BBH:0305,6,C,1470,Rstar,3690.998871267741,5.502603399049804,2450,0.9437955270595909,4.249998807983364,123,85,0.6910569105691057,0.005,0.9986673102098942,-0.05161011061793997,-3.7329078087330643e-07,True
BH-HF1R,SXS:BBH:0305,6,C,1470,Estar,3690.998871267741,5.502603399049804,2450,0.9437955270595909,4.217460228089431,123,83,0.6747967479674797,0.005,0.9990425350805846,-0.043749435420624344,-3.6831430042159924e-07,True
BH-HF1R,SXS:BBH:0305,6,C,1470,Bstar,3690.998871267741,5.502603399049804,2450,0.9437955270595909,1.1434320207380122,123,85,0.6910569105691057,0.005,-0.9984518626689335,-0.05557831794693369,-0.002220024127446611,True
BH-HF1R,SXS:BBH:0305,6,C,1471,Rstar,3691.0506850799966,5.554417211305463,2450,0.9439120741828058,4.255784015171256,123,85,0.6910569105691057,0.005,0.9994860762673682,-0.03205594090838179,-3.72768051866963e-07,True
BH-HF1R,SXS:BBH:0305,6,C,1471,Estar,3691.0506850799966,5.554417211305463,2450,0.9439120741828058,4.198932443074626,123,83,0.6747967479674797,0.005,0.9997073929939619,-0.02418942729956479,-3.677727314836051e-07,True
BH-HF1R,SXS:BBH:0305,6,C,1471,Bstar,3691.0506850799966,5.554417211305463,2450,0.9439120741828058,1.1474012011947654,123,85,0.6910569105691057,0.005,-0.9971729766696017,-0.07510743032276751,-0.002220024818893637,True
BH-HF1R,SXS:BBH:0305,6,C,1472,Rstar,3691.1030170807294,5.606749212038267,2450,0.9440275683687557,4.249759645533365,123,83,0.6747967479674797,0.005,0.9997268627609559,-0.021626685778788464,-0.008859251456088168,True
BH-HF1R,SXS:BBH:0305,6,C,1472,Estar,3691.1030170807294,5.606749212038267,2450,0.9440275683687557,4.157292857891113,123,81,0.6585365853658537,0.005,0.9998023628104615,-0.01988052611165478,-3.7703807515422066e-07,True
BH-HF1R,SXS:BBH:0305,6,C,1472,Bstar,3691.1030170807294,5.606749212038267,2450,0.9440275683687557,1.1501369432184743,123,85,0.6910569105691057,0.005,-0.9954942320734799,-0.09479612542181974,-0.002220025550158351,True
BH-HF1R,SXS:BBH:0305,6,C,1473,Rstar,3691.1558727631023,5.659604894411132,2450,0.9441420076786171,4.244072204328681,123,84,0.6829268292682927,0.005,0.9999239959624,-0.012328921219574884,-3.842858595864815e-07,True
BH-HF1R,SXS:BBH:0305,6,C,1473,Estar,3691.1558727631023,5.659604894411132,2450,0.9441420076786171,4.110300104315216,123,81,0.6585365853658537,0.005,0.999999997730438,6.737196925613506e-05,-3.7643688964014594e-07,True
BH-HF1R,SXS:BBH:0305,6,C,1473,Bstar,3691.1558727631023,5.659604894411132,2450,0.9441420076786171,1.1458832930175582,123,85,0.6910569105691057,0.005,-0.994880307578168,-0.10103585964416854,-0.002220058362701612,True
BH-HF1R,SXS:BBH:0305,6,C,1474,Rstar,3691.2092567047525,5.712988836061413,2450,0.9442553884510966,4.218410633251846,123,85,0.6910569105691057,0.005,0.9998996411226152,0.011221780427881719,-0.008647504084631483,True
BH-HF1R,SXS:BBH:0305,6,C,1474,Estar,3691.2092567047525,5.712988836061413,2450,0.9442553884510966,4.116041678347088,123,83,0.6747967479674797,0.005,0.999918524643481,0.012764954941542523,-3.805305666611379e-07,True
BH-HF1R,SXS:BBH:0305,6,C,1474,Bstar,3691.2092567047525,5.712988836061413,2450,0.9442553884510966,1.1390835089799882,123,85,0.6910569105691057,0.005,-0.9926443072007402,-0.12104689470597088,-0.002220059459637031,True
BH-HF1R,SXS:BBH:0305,6,C,1475,Rstar,3691.2631743988445,5.766906530153392,2450,0.9443677092660239,4.202841254629753,123,85,0.6910569105691057,0.005,0.9994651456471033,0.03153817521485079,0.008646741625119293,True
BH-HF1R,SXS:BBH:0305,6,C,1475,Estar,3691.2631743988445,5.766906530153392,2450,0.9443677092660239,4.090713263512331,123,84,0.6829268292682927,0.005,0.99960440028917,0.028125485282608713,-3.8299347249862554e-07,True
BH-HF1R,SXS:BBH:0305,6,C,1475,Bstar,3691.2631743988445,5.766906530153392,2450,0.9443677092660239,1.1327825749577878,123,85,0.6910569105691057,0.005,-0.9899796159710885,-0.14119288683463221,-0.0022200605934863922,True
BH-HF1R,SXS:BBH:0305,6,C,1476,Rstar,3691.3176313385416,5.821363469850439,2450,0.9444789688996941,4.155056886371576,123,83,0.6747967479674797,0.005,0.9988824637377844,0.04674963678909226,0.006949467405612476,True
BH-HF1R,SXS:BBH:0305,6,C,1476,Estar,3691.3176313385416,5.821363469850439,2450,0.9444789688996941,4.076765934159905,123,83,0.6747967479674797,0.005,0.9987453861167768,0.04985375004000772,0.004717766144994636,True
BH-HF1R,SXS:BBH:0305,6,C,1476,Bstar,3691.3176313385416,5.821363469850439,2450,0.9444789688996941,1.1270020766084836,123,85,0.6910569105691057,0.005,-0.988680739437767,-0.14999823656728475,-0.0033052218526863435,True
BH-HF1R,SXS:BBH:0305,6,C,1477,Rstar,3691.3726330170084,5.876365148317291,2450,0.9445891663674605,4.104914966193402,123,82,0.6666666666666666,0.005,0.998053777095482,0.06235910539201642,-3.8606000551988677e-07,True
BH-HF1R,SXS:BBH:0305,6,C,1477,Estar,3691.3726330170084,5.876365148317291,2450,0.9445891663674605,4.04522971410274,123,81,0.6585365853658537,0.005,0.9974695029604538,0.07093018164040858,0.004847679474116754,True
BH-HF1R,SXS:BBH:0305,6,C,1477,Bstar,3691.3726330170084,5.876365148317291,2450,0.9445891663674605,1.1289429724993774,123,84,0.6829268292682927,0.005,-0.984572884716255,-0.1749749544403425,3.3502457007476876e-07,True
BH-HF1R,SXS:BBH:0305,6,C,1478,Rstar,3691.428184469645,5.931916600954082,2450,0.9446983000321828,4.106971688726707,123,82,0.6666666666666666,0.005,0.9965350268372561,0.08317415636073922,-3.85247145332392e-07,True
BH-HF1R,SXS:BBH:0305,6,C,1478,Estar,3691.428184469645,5.931916600954082,2450,0.9446983000321828,4.02694681758497,123,79,0.6422764227642277,0.005,0.9966145831164073,0.08168507786234659,0.009323131144210082,True
BH-HF1R,SXS:BBH:0305,6,C,1478,Bstar,3691.428184469645,5.931916600954082,2450,0.9446983000321828,1.1338952725043707,123,83,0.6747967479674797,0.005,-0.9814768973491268,-0.19155067316005006,-0.0033822450921212337,True
BH-HF1R,SXS:BBH:0305,6,C,1479,Rstar,3691.4842916473795,5.98802377868833,2450,0.9448063703186859,4.069182388525782,123,82,0.6666666666666666,0.005,0.9964006006524544,0.08476935188657818,-3.9681108609417486e-07,True
BH-HF1R,SXS:BBH:0305,6,C,1479,Estar,3691.4842916473795,5.98802377868833,2450,0.9448063703186859,4.018430000750652,123,80,0.6504065040650406,0.005,0.9943278095995912,0.10635885979424721,-3.8289364084223755e-07,True
BH-HF1R,SXS:BBH:0305,6,C,1479,Bstar,3691.4842916473795,5.98802377868833,2450,0.9448063703186859,1.1290266075691462,123,83,0.6747967479674797,0.005,-0.9772276623969257,-0.21216657667093192,-0.0033822462916733857,True
BH-HF1R,SXS:BBH:0305,6,C,1480,Rstar,3691.540960043376,6.044692174684769,2450,0.9449133769800894,4.036721205727588,123,82,0.6666666666666666,0.005,0.9955869570543019,0.0938435450267777,-4.036354088364713e-07,True
BH-HF1R,SXS:BBH:0305,6,C,1480,Estar,3691.540960043376,6.044692174684769,2450,0.9449133769800894,4.016592746798071,123,79,0.6422764227642277,0.005,0.9924326128170816,0.12250785158296527,0.008326783147591294,True
BH-HF1R,SXS:BBH:0305,6,C,1480,Bstar,3691.540960043376,6.044692174684769,2450,0.9449133769800894,1.1258970117023153,123,83,0.6747967479674797,0.005,-0.974502677439266,-0.22435036852788326,-0.0033828693597364916,True
BH-HF1R,SXS:BBH:0305,6,C,1481,Rstar,3691.5981951507974,6.101927282106317,2450,0.9450193200245492,3.987600918827193,123,80,0.6504065040650406,0.005,0.9936927513276286,0.11213704097560288,-4.0466102012599945e-07,True
BH-HF1R,SXS:BBH:0305,6,C,1481,Estar,3691.5981951507974,6.101927282106317,2450,0.9450193200245492,3.9835905142132195,123,78,0.6341463414634146,0.005,0.9929708290365069,0.11835933711537727,-4.00658486647107e-07,True
BH-HF1R,SXS:BBH:0305,6,C,1481,Bstar,3691.5981951507974,6.101927282106317,2450,0.9450193200245492,1.1244823445310506,123,83,0.6747967479674797,0.005,-0.969478387612753,-0.24515344611109627,-0.003382870324263175,True
BH-HF1R,SXS:BBH:0305,6,C,1482,Rstar,3691.6560024628093,6.159734594118163,2450,0.9451241997143655,3.9714135311679395,123,80,0.6504065040650406,0.005,0.9910424191057194,0.13354745798000175,-4.037127812848057e-07,True
BH-HF1R,SXS:BBH:0305,6,C,1482,Estar,3691.6560024628093,6.159734594118163,2450,0.9451241997143655,3.961367233946718,123,79,0.6422764227642277,0.005,0.9909112911358001,0.13426170207767252,-0.008283022080611475,True
BH-HF1R,SXS:BBH:0305,6,C,1482,Bstar,3691.6560024628093,6.159734594118163,2450,0.9451241997143655,1.127190971249225,123,83,0.6747967479674797,0.005,-0.9648130772610092,-0.26293673373271087,3.4001487490039304e-07,True
BH-HF1R,SXS:BBH:0305,6,C,1483,Rstar,3691.7143879303385,6.218120061647369,2450,0.9452280173737555,3.9297426829936115,123,80,0.6504065040650406,0.005,0.987904537226622,0.15506329458286347,-4.0270718212775923e-07,True
BH-HF1R,SXS:BBH:0305,6,C,1483,Estar,3691.7143879303385,6.218120061647369,2450,0.9452280173737555,3.936004214646173,123,80,0.6504065040650406,0.005,0.987904537226622,0.15506329458286347,-4.0270718212775923e-07,True
BH-HF1R,SXS:BBH:0305,6,C,1483,Bstar,3691.7143879303385,6.218120061647369,2450,0.9452280173737555,1.1292100181446756,123,83,0.6747967479674797,0.005,-0.9588682701495762,-0.28385144089865855,3.3866343618903013e-07,True
BH-HF1R,SXS:BBH:0305,6,C,1484,Rstar,3691.7733570465493,6.277089177858215,2450,0.9453307737309932,3.914942771672511,123,80,0.6504065040650406,0.005,0.9842701711470324,0.17666983384276486,-4.016435920534383e-07,True
BH-HF1R,SXS:BBH:0305,6,C,1484,Estar,3691.7733570465493,6.277089177858215,2450,0.9453307737309932,3.9015533550017327,123,80,0.6504065040650406,0.005,0.9842701711470324,0.17666983384276486,-4.016435920534383e-07,True
BH-HF1R,SXS:BBH:0305,6,C,1484,Bstar,3691.7733570465493,6.277089177858215,2450,0.9453307737309932,1.127945107723433,123,83,0.6747967479674797,0.005,-0.9611995921661612,-0.27585384539548685,3.5815570586933e-07,True
BH-HF1R,SXS:BBH:0305,6,C,1485,Rstar,3691.83291576237,6.336647893678673,2450,0.9454324705535716,3.8864314348862194,123,81,0.6585365853658537,0.005,0.9816986987249035,0.19044071235338933,-4.0570347594098536e-07,True
BH-HF1R,SXS:BBH:0305,6,C,1485,Estar,3691.83291576237,6.336647893678673,2450,0.9454324705535716,3.869467175353838,123,79,0.6422764227642277,0.005,0.9799532881349868,0.1992273903690636,-3.999598101691255e-07,True
BH-HF1R,SXS:BBH:0305,6,C,1485,Bstar,3691.83291576237,6.336647893678673,2450,0.9454324705535716,1.1213411280859142,123,83,0.6747967479674797,0.005,-0.9548767683977664,-0.2970022847961128,3.567612635586912e-07,True
BH-HF1R,SXS:BBH:0305,6,C,1486,Rstar,3691.893070486491,6.396802617799949,2312,0.945533110574919,3.8728819815497832,116,76,0.6551724137931034,0.005,0.9771730362960074,0.21244495083639534,-4.0442248964073256e-07,True
BH-HF1R,SXS:BBH:0305,6,C,1486,Estar,3691.893070486491,6.396802617799949,2312,0.945533110574919,3.867664765227251,116,74,0.6379310344827587,0.005,0.9777409538632914,0.20981569802647232,-4.0610997609317224e-07,True
BH-HF1R,SXS:BBH:0305,6,C,1486,Bstar,3691.893070486491,6.396802617799949,2312,0.945533110574919,1.1410787034365173,116,72,0.6206896551724138,0.005,-0.9506486443980929,-0.31026948754903055,3.610157902385697e-07,True
BH-HF1R,SXS:BBH:0305,6,C,1487,Rstar,3691.953826712077,6.457558843385868,2312,0.9456326951981723,3.8324759968171334,116,76,0.6551724137931034,0.005,0.9759525265978164,0.21798317785362883,-4.1391115796879827e-07,True
BH-HF1R,SXS:BBH:0305,6,C,1487,Estar,3691.953826712077,6.457558843385868,2312,0.9456326951981723,3.831420400944595,116,76,0.6551724137931034,0.005,0.9721715296796106,0.23427017923808294,-4.0320147203061823e-07,True
BH-HF1R,SXS:BBH:0305,6,C,1487,Bstar,3691.953826712077,6.457558843385868,2312,0.9456326951981723,1.1378500419759894,116,72,0.6206896551724138,0.005,-0.9434636188896025,-0.3314760923982386,3.5952490644700553e-07,True
BH-HF1R,SXS:BBH:0305,6,C,1488,Rstar,3692.0151903900555,6.518922521364402,2312,0.9457312268322227,3.825023160283353,116,76,0.6551724137931034,0.005,0.9707905963227461,0.23992836033107154,-4.1267251180799956e-07,True
BH-HF1R,SXS:BBH:0305,6,C,1488,Estar,3692.0151903900555,6.518922521364402,2312,0.9457312268322227,3.7936777665609096,116,76,0.6551724137931034,0.005,0.9666434068839906,0.2561259922919777,-4.019206033179093e-07,True
BH-HF1R,SXS:BBH:0305,6,C,1488,Bstar,3692.0151903900555,6.518922521364402,2312,0.9457312268322227,1.1318891646712856,116,72,0.6206896551724138,0.005,-0.9357515943395044,-0.3526598271577687,3.5797582159338905e-07,True
BH-HF1R,SXS:BBH:0305,6,C,1489,Rstar,3692.077167471354,6.580899602663067,2312,0.945828708112844,3.7885333588459016,116,76,0.6551724137931034,0.005,0.9650962057831759,0.26189561581429444,-4.113735777665171e-07,True
BH-HF1R,SXS:BBH:0305,6,C,1489,Estar,3692.077167471354,6.580899602663067,2312,0.945828708112844,3.7690975362309134,116,74,0.6379310344827587,0.005,0.962489403014208,0.2713192751818221,-4.0507321046600244e-07,True
BH-HF1R,SXS:BBH:0305,6,C,1489,Bstar,3692.077167471354,6.580899602663067,2312,0.945828708112844,1.128026741348069,116,72,0.6206896551724138,0.005,-0.9275082259268095,-0.3738027432189009,3.5636851816664683e-07,True
BH-HF1R,SXS:BBH:0305,6,C,1490,Rstar,3692.1397643646646,6.6434964959735225,2312,0.9459251425880972,3.777487834183264,116,76,0.6551724137931034,0.005,0.958863584551889,0.2838672686664212,-4.100141482638357e-07,True
BH-HF1R,SXS:BBH:0305,6,C,1490,Estar,3692.1397643646646,6.6434964959735225,2312,0.9459251425880972,3.7399674269449616,116,74,0.6379310344827587,0.005,0.9583985497098902,0.2854333896267427,-4.0898404991826834e-07,True
BH-HF1R,SXS:BBH:0305,6,C,1490,Bstar,3692.1397643646646,6.6434964959735225,2312,0.9459251425880972,1.126338892763872,116,72,0.6206896551724138,0.005,-0.9187298658387291,-0.39488660855469,3.5470306630704857e-07,True
BH-HF1R,SXS:BBH:0305,6,C,1491,Rstar,3692.2029874786786,6.706719609987431,2312,0.9460205339706322,3.7378806898744417,116,76,0.6551724137931034,0.005,0.9534710674839972,0.30148453272225606,-4.116071631268797e-07,True
BH-HF1R,SXS:BBH:0305,6,C,1491,Estar,3692.2029874786786,6.706719609987431,2312,0.9460205339706322,3.707819501650378,116,74,0.6379310344827587,0.005,0.9515867970421112,0.307380168024825,-4.0755976397906814e-07,True
BH-HF1R,SXS:BBH:0305,6,C,1491,Bstar,3692.2029874786786,6.706719609987431,2312,0.9460205339706322,1.1260757066267864,116,72,0.6206896551724138,0.005,-0.9094136532207041,-0.4158927834618534,3.529796328049644e-07,True
BH-HF1R,SXS:BBH:0305,6,C,1492,Rstar,3692.266842764323,6.770574895631853,2312,0.9461148854587825,3.7197479787152403,116,76,0.6551724137931034,0.005,0.9462476633997996,0.3234429772158474,-4.1013749579650877e-07,True
BH-HF1R,SXS:BBH:0305,6,C,1492,Estar,3692.266842764323,6.770574895631853,2312,0.9461148854587825,3.690881066537904,116,76,0.6551724137931034,0.005,0.9462476633997996,0.3234429772158474,-4.1013749579650877e-07,True
BH-HF1R,SXS:BBH:0305,6,C,1492,Bstar,3692.266842764323,6.770574895631853,2312,0.9461148854587825,1.1251477818909972,116,72,0.6206896551724138,0.005,-0.8995576220903576,-0.43680211141776504,3.511984968102632e-07,True
BH-HF1R,SXS:BBH:0305,6,C,1493,Rstar,3692.330749319499,6.834481450807743,2312,0.9462073601749174,3.668705454168512,116,76,0.6551724137931034,0.005,0.9368390887750385,0.3497606635157693,-4.05415691165576e-07,True
BH-HF1R,SXS:BBH:0305,6,C,1493,Estar,3692.330749319499,6.834481450807743,2312,0.9462073601749174,3.6548773804423527,116,76,0.6551724137931034,0.005,0.9385460456299655,0.3451540528983948,-4.086213630867099e-07,True
BH-HF1R,SXS:BBH:0305,6,C,1493,Bstar,3692.330749319499,6.834481450807743,2312,0.9462073601749174,1.1241072773022964,116,72,0.6206896551724138,0.005,-0.9040061142105199,-0.42751952641938773,3.7266008348032304e-07,True
BH-HF1R,SXS:BBH:0305,6,C,1494,Rstar,3692.3946558746743,6.898388005983179,2312,0.9462979336698074,3.6322613081477875,116,76,0.6551724137931034,0.005,0.9314541739843977,0.36385865630334574,-4.089946320455667e-07,True
BH-HF1R,SXS:BBH:0305,6,C,1494,Estar,3692.3946558746743,6.898388005983179,2312,0.9462979336698074,3.6217321319453624,116,74,0.6379310344827587,0.005,0.927961034220233,0.3726772316210819,-4.0278961209084385e-07,True
BH-HF1R,SXS:BBH:0305,6,C,1494,Bstar,3692.3946558746743,6.898388005983179,2312,0.9462979336698074,1.1213602604150597,116,72,0.6206896551724138,0.005,-0.893964096382872,-0.4481385883610312,3.708742809539621e-07,True
BH-HF1R,SXS:BBH:0305,6,C,1495,Rstar,3692.45856242985,6.962294561159069,2312,0.9463866564718889,3.6028065048318774,116,78,0.6724137931034483,0.005,0.924184805818324,0.3819456043658297,-4.096285713023123e-07,True
BH-HF1R,SXS:BBH:0305,6,C,1495,Estar,3692.45856242985,6.962294561159069,2312,0.9463866564718889,3.590114061590015,116,74,0.6379310344827587,0.005,0.919212051567992,0.39376287820464007,-4.011722156560339e-07,True
BH-HF1R,SXS:BBH:0305,6,C,1495,Bstar,3692.45856242985,6.962294561159069,2312,0.9463866564718889,1.1207596502987611,116,72,0.6206896551724138,0.005,-0.8835014793489046,-0.4684283680437822,3.690513650062042e-07,True
BH-HF1R,SXS:BBH:0305,6,C,1496,Rstar,3692.522468985026,7.02620111633496,2312,0.9464735775608547,3.5937367087118863,116,80,0.6896551724137931,0.005,0.9186476795001866,0.3950777656977821,-4.1354669188010424e-07,True
BH-HF1R,SXS:BBH:0305,6,C,1496,Estar,3692.522468985026,7.02620111633496,2312,0.9464735775608547,3.575694661449938,116,76,0.6551724137931034,0.005,0.9139205626127573,0.4058930958188581,-4.0576391651423563e-07,True
BH-HF1R,SXS:BBH:0305,6,C,1496,Bstar,3692.522468985026,7.02620111633496,2312,0.9464735775608547,1.1233021342082699,116,72,0.6206896551724138,0.005,-0.8726320131496152,-0.4883783058514321,3.671931165162999e-07,True
BH-HF1R,SXS:BBH:0305,6,C,1497,Rstar,3692.586375540202,7.09010767151085,2312,0.9465587444363935,3.5938164145547384,116,80,0.6896551724137931,0.005,0.9094825619061743,0.4157420709868222,-4.118990715638067e-07,True
BH-HF1R,SXS:BBH:0305,6,C,1497,Estar,3692.586375540202,7.09010767151085,2312,0.9465587444363935,3.5632991014322797,116,76,0.6551724137931034,0.005,0.9045121804425829,0.42644778746153794,-4.040896619682503e-07,True
BH-HF1R,SXS:BBH:0305,6,C,1497,Bstar,3692.586375540202,7.09010767151085,2312,0.9465587444363935,1.1219169327066745,116,72,0.6206896551724138,0.005,-0.8613697427508411,-0.5079785096568716,3.653013338029085e-07,True
BH-HF1R,SXS:BBH:0305,6,C,1498,Rstar,3692.6502820953774,7.154014226686286,2312,0.9466422031444395,3.5823030114092336,116,80,0.6896551724137931,0.005,0.899903698985441,0.43608867510192517,-4.102139417268214e-07,True
BH-HF1R,SXS:BBH:0305,6,C,1498,Estar,3692.6502820953774,7.154014226686286,2312,0.9466422031444395,3.5616443642536,116,78,0.6724137931034483,0.005,0.8985710246686721,0.4388281139873855,-4.0816587664235506e-07,True
BH-HF1R,SXS:BBH:0305,6,C,1498,Bstar,3692.6502820953774,7.154014226686286,2312,0.9466422031444395,1.120315664605455,116,70,0.603448275862069,0.005,-0.8559850999416372,-0.5170004919511846,3.71769367632648e-07,True
BH-HF1R,SXS:BBH:0305,6,C,1499,Rstar,3692.7141886505533,7.217920781862176,2312,0.9467239983394484,3.568202647786578,116,80,0.6896551724137931,0.005,0.8907818785678617,0.45443112219008885,-4.0974938556969945e-07,True
BH-HF1R,SXS:BBH:0305,6,C,1499,Estar,3692.7141886505533,7.217920781862176,2312,0.9467239983394484,3.545421862845647,116,78,0.6724137931034483,0.005,0.8885310332855829,0.45881652421015634,-4.0643844636066716e-07,True
BH-HF1R,SXS:BBH:0305,6,C,1499,Bstar,3692.7141886505533,7.217920781862176,2312,0.9467239983394484,1.118708764416036,116,68,0.5862068965517241,0.005,-0.85368415760578,-0.5207910896441716,3.8229022699346175e-07,True
BH-HF1R,SXS:BBH:0305,6,C,1500,Rstar,3692.778095205729,7.281827337038067,2312,0.9468041733102308,3.5488413146554616,116,80,0.6896551724137931,0.005,0.8804535230065896,0.4741324644285797,-4.079985037165947e-07,True
BH-HF1R,SXS:BBH:0305,6,C,1500,Estar,3692.778095205729,7.281827337038067,2312,0.9468041733102308,3.518110332201676,116,78,0.6724137931034483,0.005,0.8781056891935024,0.47846671629888754,-4.0467715963743143e-07,True
BH-HF1R,SXS:BBH:0305,6,C,1500,Bstar,3692.778095205729,7.281827337038067,2312,0.9468041733102308,1.1172393965142324,116,68,0.5862068965517241,0.005,-0.8418889786146779,-0.5396507645570325,3.803667395278888e-07,True
BH-HF1R,SXS:BBH:0305,6,C,1501,Rstar,3692.842001760905,7.345733892213957,2312,0.9468827700378526,3.5397907487799487,116,78,0.6724137931034483,0.005,0.8749234280656885,0.48426128796509593,-4.132446637811722e-07,True
BH-HF1R,SXS:BBH:0305,6,C,1501,Estar,3692.842001760905,7.345733892213957,2312,0.9468827700378526,3.4993889605546653,116,78,0.6724137931034483,0.005,0.8673090414294531,0.4977700539953772,-4.028837860421395e-07,True
BH-HF1R,SXS:BBH:0305,6,C,1501,Bstar,3692.842001760905,7.345733892213957,2312,0.9468827700378526,1.1152195819202955,116,68,0.5862068965517241,0.005,-0.8297480783229949,-0.5581380891133967,3.784154199743672e-07,True
BH-HF1R,SXS:BBH:0305,6,C,1502,Rstar,3692.905908316081,7.409640447389847,2312,0.9469598292218228,3.516492143019079,116,78,0.6724137931034483,0.005,0.8640648694738574,0.5033804737382613,-4.1145256620706434e-07,True
BH-HF1R,SXS:BBH:0305,6,C,1502,Estar,3692.905908316081,7.409640447389847,2312,0.9469598292218228,3.480310619029622,116,78,0.6724137931034483,0.005,0.8561553155979712,0.516718565152422,-4.010600978744875e-07,True
BH-HF1R,SXS:BBH:0305,6,C,1502,Bstar,3692.905908316081,7.409640447389847,2312,0.9469598292218228,1.114605689422248,116,68,0.5862068965517241,0.005,-0.8172762129859245,-0.5762461207567859,3.7643807108906746e-07,True
BH-HF1R,SXS:BBH:0305,6,C,1503,Rstar,3692.9698148712564,7.473547002565283,2312,0.9470353903320713,3.4657266075382136,116,76,0.6551724137931034,0.005,0.8538947557256493,0.5204457187296909,-4.10962329787836e-07,True
BH-HF1R,SXS:BBH:0305,6,C,1503,Estar,3692.9698148712564,7.473547002565283,2312,0.9470353903320713,3.449987577716336,116,78,0.6724137931034483,0.005,0.8456905453685052,0.53367359075952,-4.0051397830196524e-07,True
BH-HF1R,SXS:BBH:0305,6,C,1503,Bstar,3692.9698148712564,7.473547002565283,2312,0.9470353903320713,1.1150103895649108,116,68,0.5862068965517241,0.005,-0.8044882322838391,-0.5939685884932667,3.7443648975571277e-07,True
BH-HF1R,SXS:BBH:0305,6,C,1504,Rstar,3693.0337214264323,7.537453557741173,2178,0.9471094916404751,3.4674489016636914,109,69,0.6330275229357798,0.005,0.8422655593096742,0.5390628234265414,-4.089171526937712e-07,True
BH-HF1R,SXS:BBH:0305,6,C,1504,Estar,3693.0337214264323,7.537453557741173,2178,0.9471094916404751,3.4773091177049635,109,67,0.6146788990825688,0.005,0.836671626622485,0.5477048376678111,-4.020637652357231e-07,True
BH-HF1R,SXS:BBH:0305,6,C,1504,Bstar,3693.0337214264323,7.537453557741173,2178,0.9471094916404751,1.0762641283097942,109,66,0.6055045871559633,0.005,-0.7806951817135245,-0.6249120204069987,3.6044684129638837e-07,True
BH-HF1R,SXS:BBH:0305,6,C,1505,Rstar,3693.097627981608,7.601360112917064,2178,0.9471821702548266,3.467103779955575,109,69,0.6330275229357798,0.005,0.842006423293133,0.5394674996076484,-4.2100124578477045e-07,True
BH-HF1R,SXS:BBH:0305,6,C,1505,Estar,3693.097627981608,7.601360112917064,2178,0.9471821702548266,3.4548059301894556,109,67,0.6146788990825688,0.005,0.824657901513148,0.5656318108732666,-4.001728200671422e-07,True
BH-HF1R,SXS:BBH:0305,6,C,1505,Bstar,3693.097627981608,7.601360112917064,2178,0.9471821702548266,1.0754699777636794,109,66,0.6055045871559633,0.005,-0.7670284790441708,-0.6416130549911352,3.583730767107786e-07,True
BH-HF1R,SXS:BBH:0305,6,C,1506,Rstar,3693.161534536784,7.665266668092954,2178,0.9472534621691819,3.4511451005146503,109,67,0.6146788990825688,0.005,0.8299538155035571,0.5578321110611257,-4.188189476634788e-07,True
BH-HF1R,SXS:BBH:0305,6,C,1506,Estar,3693.161534536784,7.665266668092954,2178,0.9472534621691819,3.429337441181877,109,69,0.6330275229357798,0.005,0.8183028471752767,0.5747873087540047,-4.0515015281689156e-07,True
BH-HF1R,SXS:BBH:0305,6,C,1506,Bstar,3693.161534536784,7.665266668092954,2178,0.9472534621691819,1.074608990066173,109,66,0.6055045871559633,0.005,-0.7530974025487831,-0.6579090379939687,3.5628129034900603e-07,True
BH-HF1R,SXS:BBH:0305,6,C,1507,Rstar,3693.2254410919595,7.72917322326839,2178,0.9473234022827697,3.439025490047224,109,69,0.6330275229357798,0.005,0.8167112239651593,0.5770465983342756,-4.1563436212390056e-07,True
BH-HF1R,SXS:BBH:0305,6,C,1507,Estar,3693.2254410919595,7.72917322326839,2178,0.9473234022827697,3.3981971759879865,109,67,0.6146788990825688,0.005,0.8051467376412103,0.5930756535768048,-4.0242752001189667e-07,True
BH-HF1R,SXS:BBH:0305,6,C,1507,Bstar,3693.2254410919595,7.72917322326839,2178,0.9473234022827697,1.0734287783006176,109,64,0.5871559633027523,0.005,-0.7518413054788626,-0.6593441069545586,3.6790454879027744e-07,True
BH-HF1R,SXS:BBH:0305,6,C,1508,Rstar,3693.2893476471354,7.79307977844428,2178,0.9473920244412244,3.4167528864632324,109,69,0.6330275229357798,0.005,0.8043248551741945,0.5941898075100582,-4.137284002918136e-07,True
BH-HF1R,SXS:BBH:0305,6,C,1508,Estar,3693.2893476471354,7.79307977844428,2178,0.9473920244412244,3.39550793592128,109,69,0.6330275229357798,0.005,0.7986452683585051,0.6018020732171047,-4.073476387162325e-07,True
BH-HF1R,SXS:BBH:0305,6,C,1508,Bstar,3693.2893476471354,7.79307977844428,2178,0.9473920244412244,1.0716842400717361,109,64,0.5871559633027523,0.005,-0.7377289998738616,-0.675096972845367,3.658115992576243e-07,True
BH-HF1R,SXS:BBH:0305,6,C,1509,Rstar,3693.3532542023113,7.856986333620171,2178,0.9474593614739197,3.3954035909189413,109,71,0.6513761467889908,0.005,0.7847771912957351,0.6197779925278195,-4.0431027860684924e-07,True
BH-HF1R,SXS:BBH:0305,6,C,1509,Estar,3693.3532542023113,7.856986333620171,2178,0.9474593614739197,3.3936504333918913,109,69,0.6330275229357798,0.005,0.7916691573513,0.6109500350261986,-4.1180249266715106e-07,True
BH-HF1R,SXS:BBH:0305,6,C,1509,Bstar,3693.3532542023113,7.856986333620171,2178,0.9474593614739197,1.0719171903527926,109,63,0.5779816513761468,0.005,-0.7303500381312334,-0.6830730720805559,3.7085871078268905e-07,True
BH-HF1R,SXS:BBH:0305,6,C,1510,Rstar,3693.417160757487,7.920892888796061,2178,0.9475254452158643,3.381677810585376,109,69,0.6330275229357798,0.005,0.7787584458013415,0.627323906042892,-4.098583122603163e-07,True
BH-HF1R,SXS:BBH:0305,6,C,1510,Estar,3693.417160757487,7.920892888796061,2178,0.9475254452158643,3.3696487576039513,109,69,0.6330275229357798,0.005,0.7787584458013415,0.627323906042892,-4.098583122603163e-07,True
BH-HF1R,SXS:BBH:0305,6,C,1510,Bstar,3693.417160757487,7.920892888796061,2178,0.9475254452158643,1.072097883525125,109,63,0.5779816513761468,0.005,-0.7159488814316692,-0.6981527047692401,3.687543457371244e-07,True
BH-HF1R,SXS:BBH:0305,6,C,1511,Rstar,3693.4810673126626,7.984799443971497,2178,0.9475903065451944,3.3567241672195562,109,69,0.6330275229357798,0.005,0.7656069471466131,0.6433086370325496,-4.078975078252295e-07,True
BH-HF1R,SXS:BBH:0305,6,C,1511,Estar,3693.4810673126626,7.984799443971497,2178,0.9475903065451944,3.3353723896272,109,69,0.6330275229357798,0.005,0.7656069471466131,0.6433086370325496,-4.078975078252295e-07,True
BH-HF1R,SXS:BBH:0305,6,C,1511,Bstar,3693.4810673126626,7.984799443971497,2178,0.9475903065451944,1.0717745373468748,109,63,0.5779816513761468,0.005,-0.7013448131830251,-0.7128221748943653,3.666388022435572e-07,True
BH-HF1R,SXS:BBH:0305,6,C,1512,Rstar,3693.5449738678385,8.048705999147387,2178,0.9476539754171536,3.3304484300158537,109,69,0.6330275229357798,0.005,0.7522287732154372,0.6589020205968664,-4.059217006773448e-07,True
BH-HF1R,SXS:BBH:0305,6,C,1512,Estar,3693.5449738678385,8.048705999147387,2178,0.9476539754171536,3.303766707898498,109,69,0.6330275229357798,0.005,0.7522287732154372,0.6589020205968664,-4.059217006773448e-07,True
BH-HF1R,SXS:BBH:0305,6,C,1512,Bstar,3693.5449738678385,8.048705999147387,2178,0.9476539754171536,1.0719920377764567,109,63,0.5779816513761468,0.005,-0.686552090702199,-0.7270806191560236,3.645136732260884e-07,True
BH-HF1R,SXS:BBH:0305,6,C,1513,Rstar,3693.6088804230144,8.112612554323277,2178,0.9477164808843035,3.295505882396913,109,69,0.6330275229357798,0.005,0.7356037901635525,0.6773854040302651,0.006006521769774015,True
BH-HF1R,SXS:BBH:0305,6,C,1513,Estar,3693.6088804230144,8.112612554323277,2178,0.9477164808843035,3.274046171706038,109,70,0.6422018348623854,0.005,0.7339182051430733,0.679237858308421,-3.9923246400566787e-07,True
BH-HF1R,SXS:BBH:0305,6,C,1513,Bstar,3693.6088804230144,8.112612554323277,2178,0.9477164808843035,1.0711704446371089,109,61,0.5596330275229358,0.005,-0.6848668752265465,-0.7286682120260806,3.7516880045853925e-07,True
BH-HF1R,SXS:BBH:0305,6,C,1514,Rstar,3693.6727869781903,8.176519109499168,2178,0.9477778511296279,3.2658472414646096,109,69,0.6330275229357798,0.005,0.7217482184097811,0.6921296344477293,0.006006524915422524,True
BH-HF1R,SXS:BBH:0305,6,C,1514,Estar,3693.6727869781903,8.176519109499168,2178,0.9477778511296279,3.273966718446498,109,71,0.6513761467889908,0.005,0.7164256200913767,0.697639077119345,0.005835148049087984,True
BH-HF1R,SXS:BBH:0305,6,C,1514,Bstar,3693.6727869781903,8.176519109499168,2178,0.9477778511296279,1.0710152837632865,109,61,0.5596330275229358,0.01,-0.6699841434505328,-0.7423754087553794,3.7305231293531024e-07,True
BH-HF1R,SXS:BBH:0305,6,C,1515,Rstar,3693.7366935333657,8.240425664674603,2178,0.9478381134987973,3.2533165470381182,109,69,0.6330275229357798,0.005,0.7077091483749954,0.7064783669204502,0.00600652809470084,True
BH-HF1R,SXS:BBH:0305,6,C,1515,Estar,3693.7366935333657,8.240425664674603,2178,0.9478381134987973,3.260033117724498,109,71,0.6513761467889908,0.005,0.702277026337342,0.7118798559374482,0.005835151176989316,True
BH-HF1R,SXS:BBH:0305,6,C,1515,Bstar,3693.7366935333657,8.240425664674603,2178,0.9478381134987973,1.070716789054123,109,61,0.5596330275229358,0.005,-0.6549469002064477,-0.7556749022627572,3.709298869266766e-07,True
BH-HF1R,SXS:BBH:0305,6,C,1516,Rstar,3693.8006000885416,8.304332219850494,2178,0.9478972945183819,3.2598551548352837,109,69,0.6330275229357798,0.005,0.6902825031991763,0.7235383226291453,0.0015367055937725255,True
BH-HF1R,SXS:BBH:0305,6,C,1516,Estar,3693.8006000885416,8.304332219850494,2178,0.9478972945183819,3.247866577409918,109,70,0.6422018348623854,0.005,0.6812468887098285,0.7320537388901387,-3.833387325722882e-07,True
BH-HF1R,SXS:BBH:0305,6,C,1516,Bstar,3693.8006000885416,8.304332219850494,2178,0.9478972945183819,1.0695060283243016,109,61,0.5596330275229358,0.005,-0.6397685327667202,-0.7685676447010907,3.688029730149286e-07,True
BH-HF1R,SXS:BBH:0305,6,C,1517,Rstar,3693.8645066437175,8.368238775026384,2178,0.947955419925031,3.2475934430499924,109,69,0.6330275229357798,0.005,0.6704466297606526,0.7419332985914608,0.006024706115389189,True
BH-HF1R,SXS:BBH:0305,6,C,1517,Estar,3693.8645066437175,8.368238775026384,2178,0.947955419925031,3.246025026458605,109,70,0.6422018348623854,0.005,0.6666536748580211,0.7453676125229419,-3.8128302189295154e-07,True
BH-HF1R,SXS:BBH:0305,6,C,1517,Bstar,3693.8645066437175,8.368238775026384,2178,0.947955419925031,1.0685964467601972,109,61,0.5596330275229358,0.01,-0.6244621687469152,-0.7810550555522733,3.6667298068370207e-07,True
BH-HF1R,SXS:BBH:0305,6,C,1518,Rstar,3693.9284131988934,8.432145330202275,2178,0.9480125146957019,3.2416399296144505,109,69,0.6330275229357798,0.005,0.6557827155629055,0.7549256472300598,0.006024709388566743,True
BH-HF1R,SXS:BBH:0305,6,C,1518,Estar,3693.9284131988934,8.432145330202275,2178,0.9480125146957019,3.2427928720010804,109,70,0.6422018348623854,0.005,0.6519232060999282,0.7582849948062053,-3.7922240681561615e-07,True
BH-HF1R,SXS:BBH:0305,6,C,1518,Bstar,3693.9284131988934,8.432145330202275,2178,0.9480125146957019,1.0678260656915037,109,61,0.5596330275229358,0.01,-0.6090406605766115,-0.7931390002794415,3.6454127918519903e-07,True
BH-HF1R,SXS:BBH:0305,6,C,1519,Rstar,3693.992319754069,8.49605188537771,2178,0.9480686030661681,3.238156716280105,109,69,0.6330275229357798,0.005,0.6409922004545093,0.7675237467293505,0.006024712692397126,True
BH-HF1R,SXS:BBH:0305,6,C,1519,Estar,3693.992319754069,8.49605188537771,2178,0.9480686030661681,3.237874463184475,109,70,0.6422018348623854,0.005,0.6370681530541011,0.7708074781448959,-3.7715825507629956e-07,True
BH-HF1R,SXS:BBH:0305,6,C,1519,Bstar,3693.992319754069,8.49605188537771,2178,0.9480686030661681,1.0674230428317792,109,61,0.5596330275229358,0.01,-0.5935165715049042,-0.8048217686848018,3.624091939001443e-07,True
BH-HF1R,SXS:BBH:0305,6,C,1520,Rstar,3694.0562263092447,8.5599584405536,2178,0.9481237085548939,3.2333852259494362,109,70,0.6422018348623854,0.005,0.6221009073627404,0.7829370734984482,-3.750918919270769e-07,True
BH-HF1R,SXS:BBH:0305,6,C,1520,Estar,3694.0562263092447,8.5599584405536,2178,0.9481237085548939,3.2340893170228897,109,70,0.6422018348623854,0.005,0.6221009073627404,0.7829370734984482,-3.750918919270769e-07,True
BH-HF1R,SXS:BBH:0305,6,C,1520,Bstar,3694.0562263092447,8.5599584405536,2178,0.9481237085548939,1.0668155485520927,109,61,0.5596330275229358,0.005,-0.5779021631114918,-0.8161060530782314,3.602780080883686e-07,True
BH-HF1R,SXS:BBH:0305,6,C,1521,Rstar,3694.1201328644206,8.623864995729491,2178,0.948177853991737,3.2202831199445887,109,70,0.6422018348623854,0.005,0.6070335694791416,0.7946761891017454,-3.73024601802555e-07,True
BH-HF1R,SXS:BBH:0305,6,C,1521,Estar,3694.1201328644206,8.623864995729491,2178,0.948177853991737,3.220244985607258,109,70,0.6422018348623854,0.005,0.6070335694791416,0.7946761891017454,-3.73024601802555e-07,True
BH-HF1R,SXS:BBH:0305,6,C,1521,Bstar,3694.1201328644206,8.623864995729491,2178,0.948177853991737,1.0667708159865632,109,61,0.5596330275229358,0.01,-0.56220938429116,-0.8269949263537393,3.5814895904787287e-07,True
BH-HF1R,SXS:BBH:0305,6,C,1522,Rstar,3694.1840394195965,8.687771550905381,2178,0.948231061536749,3.2135791754010703,109,70,0.6422018348623854,0.005,0.5918779378849234,0.8060276091083687,-3.70957624224094e-07,True
BH-HF1R,SXS:BBH:0305,6,C,1522,Estar,3694.1840394195965,8.687771550905381,2178,0.948231061536749,3.2109551907094356,109,70,0.6422018348623854,0.005,0.5918779378849234,0.8060276091083687,-3.70957624224094e-07,True
BH-HF1R,SXS:BBH:0305,6,C,1522,Bstar,3694.1840394195965,8.687771550905381,2178,0.948231061536749,1.0663729964542792,109,61,0.5596330275229358,0.005,-0.5464498616696104,-0.8374918200681944,3.5602324195002547e-07,True
BH-HF1R,SXS:BBH:0305,6,C,1523,Rstar,3694.247945974772,8.751678106080817,2178,0.9482833526993624,3.1962085215995444,109,70,0.6422018348623854,0.005,0.5766454996991522,0.816994472243588,-3.6889215787348087e-07,True
BH-HF1R,SXS:BBH:0305,6,C,1523,Estar,3694.247945974772,8.751678106080817,2178,0.9482833526993624,3.197325182349645,109,69,0.6330275229357798,0.005,0.57233561697464,0.8200194763187791,-3.6525293140029195e-07,True
BH-HF1R,SXS:BBH:0305,6,C,1523,Bstar,3694.247945974772,8.751678106080817,2178,0.9482833526993624,1.0648952759789942,109,61,0.5596330275229358,0.01,-0.5306348914078569,-0.8476005026074764,3.5390200403984546e-07,True
BH-HF1R,SXS:BBH:0305,6,C,1524,Rstar,3694.3124915680337,8.816223699342572,2048,0.9483352578430759,3.1187555332156376,103,63,0.6116504854368932,0.005,0.5362464690636373,0.8440609927465405,-0.0008746087732526312,True
BH-HF1R,SXS:BBH:0305,6,C,1524,Estar,3694.3124915680337,8.816223699342572,2048,0.9483352578430759,3.1076697573893886,103,63,0.6116504854368932,0.005,0.5362464690636373,0.8440609927465405,-0.0008746087732526312,True
BH-HF1R,SXS:BBH:0305,6,C,1524,Bstar,3694.3124915680337,8.816223699342572,2048,0.9483352578430759,1.102633271404995,103,56,0.5436893203883495,0.04,-0.5093898548735837,-0.8605358654650884,3.472173038046449e-07,False
BH-HF1R,SXS:BBH:0305,6,C,1525,Rstar,3694.377682608073,8.881414739381853,2048,0.9483867760529616,3.1035667649051257,103,63,0.6116504854368932,0.005,0.5161123022997136,0.8564361552340595,0.012050038290020215,True
BH-HF1R,SXS:BBH:0305,6,C,1525,Estar,3694.377682608073,8.881414739381853,2048,0.9483867760529616,3.086715102940055,103,63,0.6116504854368932,0.005,0.5138714921018104,0.8577824505365944,0.012056415574036644,True
BH-HF1R,SXS:BBH:0305,6,C,1525,Bstar,3694.377682608073,8.881414739381853,2048,0.9483867760529616,1.1036333372595526,103,56,0.5436893203883495,0.015,-0.4931188528952341,-0.869961951420388,3.450612423614899e-07,False
BH-HF1R,SXS:BBH:0305,6,C,1526,Rstar,3694.4435255035805,8.94725763488941,2048,0.9484379064141192,3.095643250203292,103,63,0.6116504854368932,0.005,0.4999068419499325,0.8659953497751073,0.012050043134145214,True
BH-HF1R,SXS:BBH:0305,6,C,1526,Estar,3694.4435255035805,8.94725763488941,2048,0.9484379064141192,3.0761055836091464,103,63,0.6116504854368932,0.005,0.49764109702007175,0.8672992455230778,0.01205642035429781,True
BH-HF1R,SXS:BBH:0305,6,C,1526,Bstar,3694.4435255035805,8.94725763488941,2048,0.9484379064141192,1.1041008486742672,103,55,0.5339805825242718,0.045,-0.48570235356654756,-0.8741237699206929,-0.0009266064709699222,False
BH-HF1R,SXS:BBH:0305,6,C,1527,Rstar,3694.510026663249,9.013758794557816,2048,0.9484886480124762,3.0837954717579334,103,63,0.6116504854368932,0.005,0.4812271985154229,0.8765129924986776,0.012056425258381938,True
BH-HF1R,SXS:BBH:0305,6,C,1527,Estar,3694.510026663249,9.013758794557816,2048,0.9484886480124762,3.074532498979639,103,63,0.6116504854368932,0.005,0.4812271985154229,0.8765129924986776,0.012056425258381938,True
BH-HF1R,SXS:BBH:0305,6,C,1527,Bstar,3694.510026663249,9.013758794557816,2048,0.9484886480124762,1.102584137087699,103,55,0.5339805825242718,0.065,-0.4691621238210613,-0.8831115688113808,-0.0009266084465102024,False
BH-HF1R,SXS:BBH:0305,6,C,1528,Rstar,3694.5771929535317,9.080925084840601,2048,0.9485390002769019,3.0683867272843885,103,63,0.6116504854368932,0.005,0.4646384749091516,0.8854183926949064,0.012056430303620002,True
BH-HF1R,SXS:BBH:0305,6,C,1528,Estar,3694.5771929535317,9.080925084840601,2048,0.9485390002769019,3.071768964222531,103,64,0.6213592233009708,0.005,0.4611785514482297,0.8873073558153365,-3.293240141813146e-07,True
BH-HF1R,SXS:BBH:0305,6,C,1528,Bstar,3694.5771929535317,9.080925084840601,2048,0.9485390002769019,1.1015660292495077,103,55,0.5339805825242718,0.085,-0.4524513134520965,-0.8917886242538612,-0.0009266104240984347,False
BH-HF1R,SXS:BBH:0305,6,C,1529,Rstar,3694.645030783122,9.14876291443079,2048,0.9485889622823095,3.0537781935851442,103,63,0.6116504854368932,0.005,0.447883936810479,0.8940104146540876,0.012056435508603407,True
BH-HF1R,SXS:BBH:0305,6,C,1529,Estar,3694.645030783122,9.14876291443079,2048,0.9485889622823095,3.059652547575601,103,65,0.6310679611650486,0.005,0.4429303789712165,0.8965368697524327,0.005858375109546173,True
BH-HF1R,SXS:BBH:0305,6,C,1529,Bstar,3694.645030783122,9.14876291443079,2048,0.9485889622823095,1.1003214217436208,103,55,0.5339805825242718,0.06,-0.4178382479724979,-0.9085172036317104,-0.002772947257089373,False
BH-HF1R,SXS:BBH:0305,6,C,1530,Rstar,3694.7135470184735,9.217279149782371,2048,0.9486385334381554,3.0262767905837626,103,64,0.6213592233009708,0.005,0.42744409252869725,0.9040417843010427,-3.249392342282751e-07,True
BH-HF1R,SXS:BBH:0305,6,C,1530,Estar,3694.7135470184735,9.217279149782371,2048,0.9486385334381554,3.0617450488646663,103,67,0.6504854368932039,0.005,0.42036747899493854,0.9073362065228068,0.005673705688726852,True
BH-HF1R,SXS:BBH:0305,6,C,1530,Bstar,3694.7135470184735,9.217279149782371,2048,0.9486385334381554,1.0963960717518013,103,54,0.5242718446601942,0.095,-0.3918328994225116,-0.9200364008722944,3.203054740688128e-07,False
BH-HF1R,SXS:BBH:0305,6,C,1531,Rstar,3694.782748526042,9.286480657350694,2048,0.9486877131382644,3.0204696945270784,103,67,0.6504854368932039,0.005,0.4032155934502789,0.915087424356852,0.005673709763650089,True
BH-HF1R,SXS:BBH:0305,6,C,1531,Estar,3694.782748526042,9.286480657350694,2048,0.9486877131382644,3.0504500453912775,103,69,0.6699029126213593,0.005,0.3920317220600109,0.9198861276287765,0.010983674011758884,True
BH-HF1R,SXS:BBH:0305,6,C,1531,Bstar,3694.782748526042,9.286480657350694,2048,0.9486877131382644,1.094698519564917,103,53,0.5145631067961165,0.2,-0.37372864373914927,-0.9275258725778055,-0.004759889460546827,False
BH-HF1R,SXS:BBH:0305,6,C,1532,Rstar,3694.852642172282,9.356374303590655,2048,0.948736500763093,3.019513209667073,103,68,0.6601941747572816,0.005,0.38179935547575383,0.924245233776297,-3.1164956767534867e-07,True
BH-HF1R,SXS:BBH:0305,6,C,1532,Estar,3694.852642172282,9.356374303590655,2048,0.948736500763093,3.0400749618987457,103,70,0.6796116504854369,0.005,0.371606010507566,0.9283905282555173,-3.036781679964117e-07,True
BH-HF1R,SXS:BBH:0305,6,C,1532,Bstar,3694.852642172282,9.356374303590655,2048,0.948736500763093,1.0922176787779245,103,53,0.5145631067961165,0.125,-0.35621386603259375,-0.9343923293196086,-0.004759890207743339,False
BH-HF1R,SXS:BBH:0305,6,C,1533,Rstar,3694.9232343658855,9.426966497194371,2048,0.9487848953708204,3.0075213744562412,103,70,0.6796116504854369,0.005,0.35408760744926815,0.9352122573249144,-3.0144654606246355e-07,True
BH-HF1R,SXS:BBH:0305,6,C,1533,Estar,3694.9232343658855,9.426966497194371,2048,0.9487848953708204,3.0316196138278704,103,69,0.6699029126213593,0.005,0.35114739832778125,0.9362823823394836,-0.00841458069849545,True
BH-HF1R,SXS:BBH:0305,6,C,1533,Bstar,3694.9232343658855,9.426966497194371,2048,0.9487848953708204,1.0894203796372497,103,53,0.5145631067961165,0.125,-0.3385853754468316,-0.9409236350376213,-0.004759890872416159,False
BH-HF1R,SXS:BBH:0305,6,C,1534,Rstar,3694.994532888835,9.498265020143663,2048,0.9488328969487241,2.9854386412811396,103,70,0.6796116504854369,0.005,0.33645957060124354,0.9416979119392467,-2.9921065086096676e-07,True
BH-HF1R,SXS:BBH:0305,6,C,1534,Estar,3694.994532888835,9.498265020143663,2048,0.9488328969487241,3.0030210393527383,103,69,0.6699029126213593,0.005,0.33349977956050997,0.9427126242130653,-0.008414581534873141,True
BH-HF1R,SXS:BBH:0305,6,C,1534,Bstar,3694.994532888835,9.498265020143663,2048,0.9488328969487241,1.0874053085368365,103,53,0.5145631067961165,0.16,-0.3208528137691152,-0.947117107505624,-0.004759891450649643,False
BH-HF1R,SXS:BBH:0305,6,C,1535,Rstar,3695.066544149821,9.570276281129736,2048,0.9488805045330704,2.97793007709272,103,70,0.6796116504854369,0.005,0.31873194326697146,0.9478448967743466,-2.9697167104259164e-07,True
BH-HF1R,SXS:BBH:0305,6,C,1535,Estar,3695.066544149821,9.570276281129736,2048,0.9488805045330704,2.975144385147084,103,69,0.6699029126213593,0.005,0.31575363382311217,0.9488038983522011,-0.008414582530697566,True
BH-HF1R,SXS:BBH:0305,6,C,1535,Bstar,3695.066544149821,9.570276281129736,2048,0.9488805045330704,1.0847473637405718,103,53,0.5145631067961165,0.12,-0.3030262640310112,-0.9529703178673118,-0.004759891940208769,False
BH-HF1R,SXS:BBH:0305,6,C,1536,Rstar,3695.139275473063,9.643007604372087,2048,0.9489277177653654,2.974030417175921,103,70,0.6796116504854369,0.005,0.30091462847610095,0.9536510820887287,-2.947307651852794e-07,True
BH-HF1R,SXS:BBH:0305,6,C,1536,Estar,3695.139275473063,9.643007604372087,2048,0.9489277177653654,2.9639328637385955,103,68,0.6601941747572816,0.005,0.2948566936262914,0.9555414853493737,-2.900989892071813e-07,True
BH-HF1R,SXS:BBH:0305,6,C,1536,Bstar,3695.139275473063,9.643007604372087,2048,0.9489277177653654,1.0816689210192176,103,53,0.5145631067961165,0.14,-0.28511566131169336,-0.9584813003390846,-0.004759892340511566,False
BH-HF1R,SXS:BBH:0305,6,C,1537,Rstar,3695.21273418278,9.716466314088848,2048,0.9489745362624664,2.9562369654523075,103,68,0.6601941747572816,0.005,0.2769253487638638,0.9608914357053712,-2.878553631471982e-07,True
BH-HF1R,SXS:BBH:0305,6,C,1537,Estar,3695.21273418278,9.716466314088848,2048,0.9489745362624664,2.945094315618606,103,34,0.3300970873786408,0.95,0.25031225658445805,0.868546677018471,0.42775044598897655,False
BH-HF1R,SXS:BBH:0305,6,C,1537,Bstar,3695.21273418278,9.716466314088848,2048,0.9489745362624664,1.0795212428057355,103,53,0.5145631067961165,0.16,-0.2635173056610268,-0.9646429376877786,-0.004757350759118654,False
BH-HF1R,SXS:BBH:0305,6,C,1538,Rstar,3695.28692760319,9.790659734499059,2048,0.9490209596190013,2.93157350933374,103,34,0.3300970873786408,0.955,0.23404312983406453,0.8730711498834833,0.4277506056320757,False
BH-HF1R,SXS:BBH:0305,6,C,1538,Estar,3695.28692760319,9.790659734499059,2048,0.9490209596190013,2.9239200120950173,103,33,0.32038834951456313,0.92,0.22313573288759456,0.8708875482598166,0.43791017685676326,False
BH-HF1R,SXS:BBH:0305,6,C,1538,Bstar,3695.28692760319,9.790659734499059,2048,0.9490209596190013,1.0776052371404194,103,53,0.5145631067961165,0.175,-0.24545068759963215,-0.9693974043537052,-0.004757351066146798,False
BH-HF1R,SXS:BBH:0305,6,C,1539,Rstar,3695.3618630585124,9.865595189821306,2048,0.949066987410099,2.907645729598798,103,33,0.32038834951456313,0.965,0.20685728788070115,0.874896903352513,0.43791034579560245,False
BH-HF1R,SXS:BBH:0305,6,C,1539,Estar,3695.3618630585124,9.865595189821306,2048,0.949066987410099,2.91046196424584,103,33,0.32038834951456313,0.955,0.20685728788070115,0.874896903352513,0.43791034579560245,False
BH-HF1R,SXS:BBH:0305,6,C,1539,Bstar,3695.3618630585124,9.865595189821306,2048,0.949066987410099,1.0750325968127419,103,53,0.5145631067961165,0.085,-0.22733141824089423,-0.97380582966483,-0.004757351298336696,False
BH-HF1R,SXS:BBH:0305,6,C,1540,Rstar,3695.4375478729653,9.941280004274176,2048,0.9491126191942824,2.9038410133346693,103,33,0.32038834951456313,0.97,0.19053969745665753,0.8785949006113635,0.43791052089763016,False
BH-HF1R,SXS:BBH:0305,6,C,1540,Estar,3695.4375478729653,9.941280004274176,2048,0.9491126191942824,2.9013381479118645,103,33,0.32038834951456313,0.97,0.19053969745665753,0.8785949006113635,0.43791052089763016,False
BH-HF1R,SXS:BBH:0305,6,C,1540,Bstar,3695.4375478729653,9.941280004274176,2048,0.9491126191942824,1.0727341702027657,103,54,0.5242718446601942,0.065,-0.1850373271679485,-0.982731493112165,2.764883064489362e-07,False
BH-HF1R,SXS:BBH:0305,6,C,1541,Rstar,3695.5139893707683,10.017721502077165,2048,0.9491578545160774,2.896246208198055,103,33,0.32038834951456313,0.96,0.17419200680942112,0.8819814975828365,0.4379107017249561,False
BH-HF1R,SXS:BBH:0305,6,C,1541,Estar,3695.5139893707683,10.017721502077165,2048,0.9491578545160774,2.8873514485721445,103,33,0.32038834951456313,0.97,0.1741913304817004,0.8819813892056595,-0.4379111890325138,False
BH-HF1R,SXS:BBH:0305,6,C,1541,Bstar,3695.5139893707683,10.017721502077165,2048,0.9491578545160774,1.0722610070925376,103,53,0.5145631067961165,0.145,-0.15633164425495297,-0.9877041515959895,0.000962249754069873,False
BH-HF1R,SXS:BBH:0305,6,C,1542,Rstar,3695.591195333903,10.094927465212095,2048,0.9492026931723128,2.869718971226708,103,33,0.32038834951456313,0.955,0.15782246205273331,0.8850568916862305,-0.43791137111328987,False
BH-HF1R,SXS:BBH:0305,6,C,1542,Estar,3695.591195333903,10.094927465212095,2048,0.9492026931723128,2.867419761384795,103,33,0.32038834951456313,0.97,0.11463485987788499,0.883437459918663,0.4543094796647307,False
BH-HF1R,SXS:BBH:0305,6,C,1542,Bstar,3695.591195333903,10.094927465212095,2048,0.9492026931723128,1.0650131210235212,103,53,0.5145631067961165,0.105,-0.13800725114002832,-0.9904307510943052,0.0009622471323368245,False
BH-HF1R,SXS:BBH:0305,6,C,1543,Rstar,3695.6691730865887,10.17290521789755,2048,0.949247134674139,2.846599982190399,103,34,0.3300970873786408,0.96,0.10123200866115509,0.8881903440240864,-0.4481852219839504,False
BH-HF1R,SXS:BBH:0305,6,C,1543,Estar,3695.6691730865887,10.17290521789755,2048,0.949247134674139,2.858955379081006,103,34,0.3300970873786408,0.955,0.10123269616578481,0.8881904765608125,0.44818480404146066,False
BH-HF1R,SXS:BBH:0305,6,C,1543,Bstar,3695.6691730865887,10.17290521789755,2048,0.949247134674139,1.0610126407189437,103,52,0.5048543689320388,0.185,-0.10883044765396924,-0.9940603269738574,2.5375527828866654e-07,False
BH-HF1R,SXS:BBH:0305,6,C,1544,Rstar,3695.747930868571,10.251662999879954,2048,0.9492911790324055,2.8463531019181887,103,34,0.3300970873786408,0.955,0.08484815993776738,0.8899050468104188,0.4481850035604952,False
BH-HF1R,SXS:BBH:0305,6,C,1544,Estar,3695.747930868571,10.251662999879954,2048,0.9492911790324055,2.8385661752206155,103,34,0.3300970873786408,0.945,0.08001043628496739,0.8932169341896984,0.44244981473862677,False
BH-HF1R,SXS:BBH:0305,6,C,1544,Bstar,3695.747930868571,10.251662999879954,2048,0.9492911790324055,1.069058127121224,103,52,0.5048543689320388,0.2,-0.09049362075654889,-0.9958970351408356,2.515473730747405e-07,False
BH-HF1R,SXS:BBH:0305,6,C,1545,Rstar,3695.827476004069,10.331208135377892,2048,0.9493348257251051,2.8320665915675853,103,34,0.3300970873786408,0.97,0.06358481839339696,0.8945361670077432,0.4424500161430368,False
BH-HF1R,SXS:BBH:0305,6,C,1545,Estar,3695.827476004069,10.331208135377892,2048,0.9493348257251051,2.830076864542987,103,35,0.33980582524271846,0.935,0.05679542359208325,0.8913285920385156,0.44978619462321606,False
BH-HF1R,SXS:BBH:0305,6,C,1545,Bstar,3695.827476004069,10.331208135377892,2048,0.9493348257251051,1.0681312374180256,103,52,0.5048543689320388,0.26,0.08335973097750997,0.9965195207577737,-2.3280228187735687e-07,False
BH-HF1R,SXS:BBH:0305,6,C,1546,Rstar,3695.907816732829,10.411548864137785,2048,0.9493780747127366,2.8190428872204776,103,35,0.33980582524271846,0.955,0.040458920904504134,0.8922192936189044,0.44978640243278395,False
BH-HF1R,SXS:BBH:0305,6,C,1546,Estar,3695.907816732829,10.411548864137785,2048,0.9493780747127366,2.8182676021901956,103,34,0.3300970873786408,0.92,0.029066324402624962,0.8900772526730562,0.4548819990499799,False
BH-HF1R,SXS:BBH:0305,6,C,1546,Bstar,3695.907816732829,10.411548864137785,2048,0.9493780747127366,1.0653581750979118,103,52,0.5048543689320388,0.195,0.06509193494450845,0.9978792712573634,-2.3060866683428518e-07,False
BH-HF1R,SXS:BBH:0305,6,C,1547,Rstar,3695.9889608368326,10.492692968141455,2048,0.94942092569606,2.808963248142185,103,34,0.3300970873786408,0.96,0.012810531082519233,0.8904594677034378,0.45488221186444977,False
BH-HF1R,SXS:BBH:0305,6,C,1547,Estar,3695.9889608368326,10.492692968141455,2048,0.94942092569606,2.7982217623082737,103,34,0.3300970873786408,0.985,0.012810531082519233,0.8904594677034378,0.45488221186444977,False
BH-HF1R,SXS:BBH:0305,6,C,1547,Bstar,3695.9889608368326,10.492692968141455,2048,0.94942092569606,1.0608681719421453,103,52,0.5048543689320388,0.21,-0.03565703154542366,-0.9993640858572558,2.4499349835976794e-07,False
BH-HF1R,SXS:BBH:0305,6,C,1548,Rstar,3696.070916555827,10.574648687135777,2048,0.9494633785929307,2.7949185201734643,103,34,0.3300970873786408,0.98,-0.0033937768348827756,0.8905450349477545,0.45488242767631476,False
BH-HF1R,SXS:BBH:0305,6,C,1548,Estar,3696.070916555827,10.574648687135777,2048,0.9494633785929307,2.7971806969466777,103,36,0.34951456310679613,0.925,-0.020509006497980597,0.891969284565877,0.4516305747438976,False
BH-HF1R,SXS:BBH:0305,6,C,1548,Bstar,3696.070916555827,10.574648687135777,2048,0.9494633785929307,1.0569779352299211,103,53,0.5145631067961165,0.16,-0.006288774522838791,-0.9999797627996461,-0.0009619283571775197,False
BH-HF1R,SXS:BBH:0305,6,C,1549,Rstar,3696.1536916717937,10.657423803102574,1922,0.9495054330642105,2.8014173302456826,97,30,0.30927835051546393,0.985,-0.02828897896632665,0.8904976831145079,0.4541074873163138,False
BH-HF1R,SXS:BBH:0305,6,C,1549,Estar,3696.1536916717937,10.657423803102574,1922,0.9495054330642105,2.8046580019186504,97,30,0.30927835051546393,0.975,-0.02828897896632665,0.8904976831145079,0.4541074873163138,False
BH-HF1R,SXS:BBH:0305,6,C,1549,Bstar,3696.1536916717937,10.657423803102574,1922,0.9495054330642105,1.0504964287992493,97,54,0.5567010309278351,0.01,0.02932370586671735,-0.9995699676731961,2.193811167567634e-07,True
BH-HF1R,SXS:BBH:0305,6,C,1550,Rstar,3696.2372944244794,10.741026555788267,1922,0.9495470890071218,2.7955147332312076,97,30,0.30927835051546393,0.98,-0.04436792256414642,0.8898413772080976,0.45410770843021153,False
BH-HF1R,SXS:BBH:0305,6,C,1550,Estar,3696.2372944244794,10.741026555788267,1922,0.9495470890071218,2.7845266415589545,97,30,0.30927835051546393,0.98,-0.04436792256414642,0.8898413772080976,0.45410770843021153,False
BH-HF1R,SXS:BBH:0305,6,C,1550,Bstar,3696.2372944244794,10.741026555788267,1922,0.9495470890071218,1.0518360903611828,97,54,0.5567010309278351,0.035,0.04737263405938992,-0.9988772865283444,2.1726404399932063e-07,False
BH-HF1R,SXS:BBH:0305,6,C,1551,Rstar,3696.321733511393,10.825465642702056,1922,0.9495883465122592,2.7728170167510977,97,31,0.31958762886597936,0.965,-0.07143367120688812,0.8887605541089796,0.45277136402140716,False
BH-HF1R,SXS:BBH:0305,6,C,1551,Estar,3696.321733511393,10.825465642702056,1922,0.9495883465122592,2.7802911342360654,97,32,0.32989690721649484,0.96,-0.0797346968167987,0.8844018764780642,0.4598648703756487,False
BH-HF1R,SXS:BBH:0305,6,C,1551,Bstar,3696.321733511393,10.825465642702056,1922,0.9495883465122592,1.0536613472180134,97,54,0.5567010309278351,0.005,0.06533516028230853,-0.9978633758340062,2.1516452607619054e-07,True
BH-HF1R,SXS:BBH:0305,6,C,1552,Rstar,3696.4070167145182,10.91074884582713,1922,0.949629205219749,2.77598973254427,97,32,0.32989690721649484,0.92,-0.09556707366288641,0.8828312553931611,0.4598650986239852,False
BH-HF1R,SXS:BBH:0305,6,C,1552,Estar,3696.4070167145182,10.91074884582713,1922,0.949629205219749,2.777945232123762,97,32,0.32989690721649484,0.98,-0.10774802677651407,0.8818636291394388,0.4590282151750434,False
BH-HF1R,SXS:BBH:0305,6,C,1552,Bstar,3696.4070167145182,10.91074884582713,1922,0.949629205219749,1.054283618105585,97,51,0.5257731958762887,0.085,0.11495283866933749,-0.9933709502908898,1.8895680037626123e-07,False
BH-HF1R,SXS:BBH:0305,6,C,1553,Rstar,3696.493152731364,10.996884862672687,1922,0.9496696651976867,2.7697411792700186,97,32,0.32989690721649484,0.945,-0.14144007553125099,0.8788647970348799,0.4556219634374022,False
BH-HF1R,SXS:BBH:0305,6,C,1553,Estar,3696.493152731364,10.996884862672687,1922,0.9496696651976867,2.784972362603707,97,32,0.32989690721649484,0.965,-0.14144007553125099,0.8788647970348799,0.4556219634374022,False
BH-HF1R,SXS:BBH:0305,6,C,1553,Bstar,3696.493152731364,10.996884862672687,1922,0.9496696651976867,1.0483791485029492,97,51,0.5257731958762887,0.14,0.1326562199239045,-0.9911621095035189,1.869118707099716e-07,False
BH-HF1R,SXS:BBH:0305,6,C,1554,Rstar,3696.58015025944,11.08388239074884,1922,0.949709726501062,2.7783471546512093,97,32,0.32989690721649484,0.98,-0.15702698579113072,0.876213982300474,0.45562219321988323,False
BH-HF1R,SXS:BBH:0305,6,C,1554,Estar,3696.58015025944,11.08388239074884,1922,0.949709726501062,2.7726603131873357,97,31,0.31958762886597936,0.96,-0.165461437594257,0.875325783243231,0.4543426964955703,False
BH-HF1R,SXS:BBH:0305,6,C,1554,Bstar,3696.58015025944,11.08388239074884,1922,0.949709726501062,1.042945049076827,97,51,0.5257731958762887,0.13,0.15023921084629968,-0.9886496748212923,1.8488785406995503e-07,False
BH-HF1R,SXS:BBH:0305,6,C,1555,Rstar,3696.6680179962564,11.171750127565247,1922,0.9497493891724552,2.7615424162514906,97,31,0.31958762886597936,0.99,-0.20274639997027608,0.8614245172181508,0.4656626444482835,False
BH-HF1R,SXS:BBH:0305,6,C,1555,Estar,3696.6680179962564,11.171750127565247,1922,0.9497493891724552,2.761040192390926,97,31,0.31958762886597936,0.98,-0.20274639997027608,0.8614245172181508,0.4656626444482835,False
BH-HF1R,SXS:BBH:0305,6,C,1555,Bstar,3696.6680179962564,11.171750127565247,1922,0.9497493891724552,1.0406931544504037,97,51,0.5257731958762887,0.14,0.20284535584662133,-0.9792107850771627,1.557728784883305e-07,False
BH-HF1R,SXS:BBH:0305,6,C,1556,Rstar,3696.7567641815594,11.260496312868327,1922,0.9497886530451632,2.753945698731799,97,31,0.31958762886597936,0.98,-0.22224615515846768,0.8594918471062878,0.4603046939529294,False
BH-HF1R,SXS:BBH:0305,6,C,1556,Estar,3696.7567641815594,11.260496312868327,1922,0.9497886530451632,2.7550870042633533,97,31,0.31958762886597936,0.975,-0.23460325712300203,0.854621990814575,0.46323057386512306,False
BH-HF1R,SXS:BBH:0305,6,C,1556,Bstar,3696.7567641815594,11.260496312868327,1922,0.9497886530451632,1.0435391962829572,97,49,0.5051546391752577,0.23,0.20378740890712135,-0.979015164321214,1.6641559460143223e-07,False
BH-HF1R,SXS:BBH:0305,6,C,1557,Rstar,3696.8463979706216,11.350130101930517,1922,0.9498275183598446,2.7460852124605166,97,31,0.31958762886597936,0.965,-0.24953125592549766,0.8503829806150524,-0.4632309775873191,False
BH-HF1R,SXS:BBH:0305,6,C,1557,Estar,3696.8463979706216,11.350130101930517,1922,0.9498275183598446,2.722569187878345,97,31,0.31958762886597936,0.995,-0.24953125592549766,0.8503829806150524,-0.4632309775873191,False
BH-HF1R,SXS:BBH:0305,6,C,1557,Bstar,3696.8463979706216,11.350130101930517,1922,0.9498275183598446,1.0424293946365735,97,51,0.5257731958762887,0.15,0.2370894977571963,-0.9714878126117781,1.518858002406747e-07,False
BH-HF1R,SXS:BBH:0305,6,C,1558,Rstar,3696.936928060954,11.44066019226284,1922,0.9498659851509771,2.7174814418698223,97,31,0.31958762886597936,0.955,-0.2643070755893987,0.8459069768476982,-0.46323121258586164,False
BH-HF1R,SXS:BBH:0305,6,C,1558,Estar,3696.936928060954,11.44066019226284,1922,0.9498659851509771,2.6998431127931775,97,31,0.31958762886597936,0.98,-0.2643070755893987,0.8459069768476982,-0.46323121258586164,False
BH-HF1R,SXS:BBH:0305,6,C,1558,Bstar,3696.936928060954,11.44066019226284,1922,0.9498659851509771,1.032212304156183,97,51,0.5257731958762887,0.125,0.2539771237665345,-0.9672102256506886,1.4997867248955005e-07,False
BH-HF1R,SXS:BBH:0305,6,C,1559,Rstar,3697.028363607829,11.53209573913773,1922,0.9499040536496071,2.681726461871438,97,31,0.31958762886597936,0.96,-0.28217186548713685,0.841889731137384,-0.4600007814481758,False
BH-HF1R,SXS:BBH:0305,6,C,1559,Estar,3697.028363607829,11.53209573913773,1922,0.9499040536496071,2.69560550532419,97,31,0.31958762886597936,0.98,-0.27471696086748937,0.850218801248306,-0.4490641172657019,False
BH-HF1R,SXS:BBH:0305,6,C,1559,Bstar,3697.028363607829,11.53209573913773,1922,0.9499040536496071,1.0366207625372852,97,51,0.5257731958762887,0.14,0.2707002422973435,-0.9626636893641194,1.4809652621989794e-07,False
BH-HF1R,SXS:BBH:0305,6,C,1560,Rstar,3697.1207133087564,11.624445440065301,1922,0.9499417238995184,2.681534261951379,97,31,0.31958762886597936,0.965,-0.3092069681226075,0.8367293344387229,0.45196799859520664,False
BH-HF1R,SXS:BBH:0305,6,C,1560,Estar,3697.1207133087564,11.624445440065301,1922,0.9499417238995184,2.687210608161494,97,31,0.31958762886597936,0.96,-0.3092075913229744,0.836729031487164,-0.45196813309656786,False
BH-HF1R,SXS:BBH:0305,6,C,1560,Bstar,3697.1207133087564,11.624445440065301,1922,0.9499417238995184,1.044723451968699,97,51,0.5257731958762887,0.1,0.2872529728820353,-0.9578547539008256,1.462398548955518e-07,False
BH-HF1R,SXS:BBH:0305,6,C,1561,Rstar,3697.2139863190105,11.717718450319353,1922,0.9499789961435872,2.6583057459882093,97,30,0.30927835051546393,0.985,-0.33377998947623627,0.8265420970696676,0.4532318175028312,False
BH-HF1R,SXS:BBH:0305,6,C,1561,Estar,3697.2139863190105,11.717718450319353,1922,0.9499789961435872,2.670075389915634,97,30,0.30927835051546393,0.99,-0.33377998947623627,0.8265420970696676,0.4532318175028312,False
BH-HF1R,SXS:BBH:0305,6,C,1561,Bstar,3697.2139863190105,11.717718450319353,1922,0.9499789961435872,1.0456285397489802,97,51,0.5257731958762887,0.16,0.30362979541045054,-0.9527900856636717,1.444091107782818e-07,False
BH-HF1R,SXS:BBH:0305,6,C,1562,Rstar,3697.3081922516276,11.811924382936468,1922,0.9500158708098909,2.6598340233965745,97,31,0.31958762886597936,0.99,-0.35534780173709246,0.8200986775744582,0.4485154387992023,False
BH-HF1R,SXS:BBH:0305,6,C,1562,Estar,3697.3081922516276,11.811924382936468,1922,0.9500158708098909,2.647230907206979,97,31,0.31958762886597936,0.975,-0.35534780173709246,0.8200986775744582,0.4485154387992023,False
BH-HF1R,SXS:BBH:0305,6,C,1562,Bstar,3697.3081922516276,11.811924382936468,1922,0.9500158708098909,1.0399517229176436,97,51,0.5257731958762887,0.12,0.37760034457897057,-0.9259686710541744,9.591157390941208e-08,False
BH-HF1R,SXS:BBH:0305,6,C,1563,Rstar,3697.4033402618816,11.907072393190447,1922,0.9500523481516031,2.6370905136860308,97,31,0.31958762886597936,0.99,-0.36919359655909856,0.8139593222872722,0.4485156741089459,False
BH-HF1R,SXS:BBH:0305,6,C,1563,Estar,3697.4033402618816,11.907072393190447,1922,0.9500523481516031,2.6401868699721622,97,32,0.32989690721649484,0.975,-0.39746436763255044,0.7931183282397714,0.461503406133267,False
BH-HF1R,SXS:BBH:0305,6,C,1563,Bstar,3697.4033402618816,11.907072393190447,1922,0.9500523481516031,1.030395674064008,97,49,0.5051546391752577,0.275,0.4143227730744731,-0.9101300125322056,7.658566535708974e-08,False
